job_id,title,company,location,geo_city,geo_country,geo_lat,geo_lon,salary_raw,salary_min,salary_max,currency,contract_type,description,skills,date_posted,url,source,scraped_at
reed_56870309,Data Analyst,Greencore,S802RS,Bassetlaw,United Kingdom,53.2984628,-1.0754996,,,,GBP,Full-time,"Why Greencore? Following the combination with Bakkavor in January 2026, we're one of the UK's leading creators of convenience food, driven by a simple purpose: to make everyday taste better. As a vibrant and fast-moving business, we're proud to employ over 28,000 talented colleagues across 36 manufacturing sites and 21 distribution depots in the UK and the US. Together, we bring delicious food to life. Our products cover every meal occasion from... ",r,2026-05-07,https://www.reed.co.uk/jobs/data-analyst/56870309,Reed,2026-05-30T19:24:17.248121
reed_56932291,Data Analyst,FDM Group,Glasgow,Glasgow,United Kingdom,55.861155,-4.2501687,,,,GBP,Full-time,"About The Role FDM is a global business and technology consultancy seeking a Data Analyst to work for our client within the Financial Services sector. This is initially a 6 month contract with the potential to extend and will be a hybrid role that will be based in Glasgow . You will take end-to-end ownership of developing and optimising Power BI dashboards, transforming data into clear, decision-ready insights. Working within a collaborative, sm... ","go, power bi, r",2026-05-21,https://www.reed.co.uk/jobs/data-analyst/56932291,Reed,2026-05-30T19:24:20.592222
reed_56941124,Data Science Analyst,Vermelo RPO,PE38BG,City of Peterborough,United Kingdom,52.5895192,-0.2863083,,,,GBP,Full-time,"Job Title: Data Science Analyst Location: Peterborough (hybrid working – 1 day in office) &nbsp; We have an exciting opportunity at Markerstudy Group for a Data Science Analyst. You will be responsible for providing data science and analytics solutions to support our strategic roadmaps and customer propositions. Working with a variety of teams and stakeholders, you will have strong communication skills allowing the business to adopt and embed yo... ","communication, r",2026-05-26,https://www.reed.co.uk/jobs/data-science-analyst/56941124,Reed,2026-05-30T19:24:22.658792
reed_56957462,Junior Data Analyst,AMS Contingent,Newcastle Upon Tyne,Newcastle upon Tyne,United Kingdom,54.9738474,-1.6131572,,,,GBP,Full-time,"We are AMS. We are a global total workforce solutions firm; we enable organisations to thrive in an age of constant change by building, re-shaping, and optimising workforces. Our Contingent Workforce Solution (CWS) is one of our service offerings; we act as an extension of our clients' recruitment team and provide professional interim and temporary resources. AMS are looking for multiple Junior Data Analysts for a 6 month contract based in Cardi... ","r, ui",2026-05-29,https://www.reed.co.uk/jobs/junior-data-analyst/56957462,Reed,2026-05-30T19:24:24.823741
reed_56838493,Junior Data Analyst,Anglian Home Improvements,NR66JB,Norwich,United Kingdom,52.6725858,1.2921751,,25000.0,30000.0,GBP,Full-time,"Junior Data Analyst - Office based role - Norwich, Norfolk We are seeking a motivated and detail-oriented&nbsp; Junior Data Analyst &nbsp;to join our team. This is an excellent opportunity for someone looking to begin or grow their career in data analytics within a supportive and forward-thinking environment. About the Role As a Junior Data Analyst, you will play a key role in transforming raw data into meaningful insights that support strategic... ","excel, r",2026-04-29,https://www.reed.co.uk/jobs/junior-data-analyst/56838493,Reed,2026-05-30T19:24:27.165597
reed_56888644,Senior Data Analyst,Marshall Wolfe,London,Greater London,United Kingdom,51.5074456,-0.1277653,,65000.0,75000.0,GBP,Full-time,"Data Strategy Analyst AVP Marshall Wolfe are hiring on behalf of our client within the finance industry, for a Data Strategy Analyst to join a high-performing analytics team focused on delivering strategic insight, driving transformation, and supporting senior stakeholders with data-driven recommendations. This role can be based in London, Northampton or Glasgow. Key Responsibilities Analyse complex data sets to identify trends, risks, and busin... ","go, r",2026-05-11,https://www.reed.co.uk/jobs/senior-data-analyst/56888644,Reed,2026-05-30T19:24:29.213159
reed_56957445,Junior Data Analyst,AMS Contingent,Cardiff,Cardiff,United Kingdom,51.4816546,-3.1791934,,,,GBP,Full-time,"We are AMS. We are a global total workforce solutions firm; we enable organisations to thrive in an age of constant change by building, re-shaping, and optimising workforces. Our Contingent Workforce Solution (CWS) is one of our service offerings; we act as an extension of our clients' recruitment team and provide professional interim and temporary resources. AMS are looking for multiple Junior Data Analysts for a 6 month contract based in Cardi... ","r, ui",2026-05-29,https://www.reed.co.uk/jobs/junior-data-analyst/56957445,Reed,2026-05-30T19:24:31.257320
reed_56212211,Senior Data Analyst,FDM Group,SE12QG,Greater London,United Kingdom,51.506132,-0.0849124,,,,GBP,Full-time,"Have you had a career break of 12+ months? Do you have 5+ years of commercial experience, including hands-on experience in Data, Analytics, or related technology roles? Are you ready to re-join the workforce with structured training, support and career coaching included? Then you’ll want to hear about the UK’s leading Returners Programme and the opportunities to join our Data &amp; Analytics Practice . Our Returners Programme is specifically des... ",r,2025-12-16,https://www.reed.co.uk/jobs/senior-data-analyst/56212211,Reed,2026-05-30T19:24:33.427740
reed_56950510,Liquidity Data Analyst (SQL),AMS Contingent,London,Greater London,United Kingdom,51.5074456,-0.1277653,,,,GBP,Full-time,"AMS is a global workforce solutions partner committed to creating inclusive, dynamic, and future-ready workplaces. We help organisations adapt, grow, and thrive in an ever-evolving world by building, shaping, and optimising diverse talent strategies. Our Contingent Workforce Solutions (CWS) is one of our service offerings. Acting as an extension of their recruitment teams, we connect them with skilled interim and temporary professionals, fosteri... ","r, ui",2026-05-28,https://www.reed.co.uk/jobs/liquidity-data-analyst-sql/56950510,Reed,2026-05-30T19:24:35.559201
reed_56952998,Contract Business Data Analyst,Connells Group HQ,MK78JT,City of Milton Keynes,United Kingdom,52.0027654,-0.7023586,,,,GBP,Full-time,"Job Description We are seeking an experienced Technical Business Analyst to support a large-scale CRM data migration programme as part of Project Prometheus on a 6-month contract. The primary focus of the role is to analyse, document, and map legacy (“heritage”) CRM system and associated reporting, in order to support the replication and recreation of the target-state operational and analytical reporting suite. This role sits at the intersection... ","crm, r, ui",2026-05-28,https://www.reed.co.uk/jobs/contract-business-data-analyst/56952998,Reed,2026-05-30T19:24:35.559602
reed_56904306,Data Engineer,FDM Group,London,Greater London,United Kingdom,51.5074456,-0.1277653,,55000.0,75000.0,GBP,Full-time,"About The Role FDM is a global business and technology consultancy seeking a Data Engineer to work for our client within the Finance sector. This is initially a 6 month contract with very good prospects to extend and will be a hybrid role that be based in London . The Senior Data Analyst will take ownership of the client-relationship data layer that underpins all future sales tooling within a FICC department of a Bank. In FICC, each asset class ... ","go, r",2026-05-14,https://www.reed.co.uk/jobs/data-engineer/56904306,Reed,2026-05-30T19:24:37.813480
reed_56908114,Data Journalist,William Reed,EC4A2EA,City of London,United Kingdom,51.5143056,-0.1089984,,,,GBP,Full-time,"As Data Journalist for Retail Week, you will be responsible for outputting news stories, analysis, charts and newsletter copy, through a mix of data projects and stories that come out of connections with industry sources, analysts and data providers.&nbsp; This role contributes to Retail Week’s Intelligence and Insights output by delivering timely, data-led journalism and analysis that informs, engages and supports the retail sector. Your impact... ",r,2026-05-15,https://www.reed.co.uk/jobs/data-journalist/56908114,Reed,2026-05-30T19:24:37.813877
reed_56864044,Pensions Data Manager,Brightwell,Chesterfield,Chesterfield County,United States,37.3859982,-77.578509,,,,GBP,Full-time,"Join Our Team as a Member Data Reporting Manager Location: Chesterfield, Derbyshire Are you an experienced Data Reporting Manager or Lead, who is looking to move into a role where you can really have ownership over building and developing data the right way? Within this role you will lead and develop a team of data analysts in delivering high-quality, automated reporting solutions and data-driven insights across defined benefit (DB) pension sche... ","r, ui",2026-05-06,https://www.reed.co.uk/jobs/pensions-data-manager/56864044,Reed,2026-05-30T19:24:39.658881
reed_56950360,Business Analyst (Data & BI),Whitworths Ltd,NN95DB,Irthlingborough,United Kingdom,52.3227156,-0.6233635,,36000.0,48000.0,GBP,Full-time,"About The Role We’re looking for a Business Analyst (Data &amp; BI) to join our IT team at an exciting time of business growth.&nbsp;This role will play a key part in developing reporting, dashboards, and business insights across the organisation, primarily using Qlik Sense and data from our ERP and operational systems. You’ll work closely with departments across the business to understand reporting requirements, improve visibility of key inform... ","r, ui",2026-05-28,https://www.reed.co.uk/jobs/business-analyst-data-bi/56950360,Reed,2026-05-30T19:24:41.758638
reed_56931492,Business Analyst,e.surv Chartered Surveyors,NE47JU,Newcastle upon Tyne,United Kingdom,54.9697943,-1.6297862,,,,GBP,Full-time,LSL Estate Agency Franchising is looking for a proactive and detail-oriented Business Analyst to support our team in delivering transformational projects to our Estate Agency Franchisees across our LSL brands. The role is offered on a permanent full time position on a Hybrid basis from our Newcastle based office. Business / Systems Analyst Change &amp; Transformation Team – LSL Property Services Role Purpose To support the Change &amp; Transform... ,r,2026-05-21,https://www.reed.co.uk/jobs/business-analyst/56931492,Reed,2026-05-30T19:24:44.571343
reed_56921558,Finance Analyst,Benjamin Edwards,Newark,Newark,United States,40.735657,-74.1723667,,,,GBP,Full-time,"Finance Analyst Location: Newark Salary: Up to 30,000 per annum Vacancy Type: Permanent Benjamin Edwards are recruiting for an organised and detail-focused Finance Analyst to join a well-established business within a busy yet friendly finance team. Supporting the wider finance function, you will assist with reporting, reconciliations, revenue reporting, data analysis and general finance administration to help ensure smooth day-to-day operations.... ","data analysis, r, ui",2026-05-19,https://www.reed.co.uk/jobs/finance-analyst/56921558,Reed,2026-05-30T19:24:46.623978
reed_56694555,Risk Analyst,H&T Pawnbrokers,L304AB,Sefton,United Kingdom,53.47846,-2.9737,,40000.0,40000.0,GBP,Full-time,"Risk Analyst Job Title: Risk Analyst Job Type: Permanent - Hybrid Department: Risk &amp; Compliance Location: Liverpool Reports to: Head of Risk &amp; Compliance Direct reports: None We’re looking for a Risk Analyst to support our risk management framework by collecting and validating risk data, analysing trends, maintaining risk registers, and helping produce clear, accurate risk reports. You’ll work closely with the Risk &amp; Compliance team ... ","r, risk management",2026-03-24,https://www.reed.co.uk/jobs/risk-analyst/56694555,Reed,2026-05-30T19:24:48.433477
reed_56929333,Actuarial Analyst,Foresters Financial,BR29BF,Greater London,United Kingdom,51.3982284,0.018542,,10000.0,35000.0,GBP,Full-time,"Actuarial Analyst upto 35,000 per annum Bromley Permanent Full-Time As our Actuarial Analyst you will support the production of quarterly solvency reports, contribute to data analysis and modelling, and gain hands-on experience within a life insurance environment. This is a permanent position offering excellent development opportunities, including support with IFoA exams. The role sits within the Actuarial Reporting team and will primarily suppo... ","data analysis, excel, r",2026-05-21,https://www.reed.co.uk/jobs/actuarial-analyst/56929333,Reed,2026-05-30T19:24:50.342516
reed_56932431,Finance Analyst,Specsavers,Nottingham,City of Nottingham,United Kingdom,52.9534193,-1.1496461,,28000.0,28000.0,GBP,Full-time,"Ready to keep high-volume transactions accurate, timely and running smoothly while turning data into valuable insight? As a Finance Analyst, you'll support our financial operations by ensuring transactions are processed accurately, efficiently and on time. From revenue and cash to intercompany activity, your work is central to maintaining the integrity and performance of our financial data. Working collaboratively with the wider team, you'll ana... ",r,2026-05-21,https://www.reed.co.uk/jobs/finance-analyst/56932431,Reed,2026-05-30T19:24:52.559174
reed_56742414,Business Analyst,Specsavers,Whiteley,Winchester,United Kingdom,50.8861222,-1.2364583,,56000.0,56000.0,GBP,Full-time,"Are you someone who loves turning business needs into smart, tech-driven solutions?&nbsp;At Specsavers, we're on a mission to change lives through better sight and hearing—and we're just getting started. As we embark on a major transformation to create seamless, connected customer and colleague experiences across online and in-store journeys, with full enterprise support, we're looking for a Business Analyst who's ready to make a real impact. Th... ",r,2026-04-03,https://www.reed.co.uk/jobs/business-analyst/56742414,Reed,2026-05-30T19:24:55.630562
reed_56810170,Business Analyst,FDM Group,Edinburgh,City of Edinburgh,United Kingdom,55.9533456,-3.1883749,,40000.0,50000.0,GBP,Full-time,About The Role FDM is a global business and technology consultancy seeking a Business Analyst to work for our client within the financial services sector. This is initially a 5 month contract with the potential to extend and will be a hybrid role that will be based in Edinburgh. Our client is seeking someone with 3-5 years’ experience in a BA role with a focus on data analysis to support two key deliverables (50/50 split): enhancements to monthl... ,"data analysis, r",2026-04-21,https://www.reed.co.uk/jobs/business-analyst/56810170,Reed,2026-05-30T19:24:57.883796
reed_56956039,Intelligence Analyst,Keoghs LLP,Lostock,Bolton,United Kingdom,53.5727921,-2.494764,,,,GBP,Full-time,To support the Intelligence Data Manager in fraud identification across various workstreams within Davies Group. Key Responsibilities Utilising the available claims data to proactively identify potential fraud instructions from within Keoghs and from within the wider Davies Group claims departments; Undertaking intelligence screening on cases referred into Counter Fraud Services; Liaising with internal clients and potentially external clients to... ,r,2026-05-29,https://www.reed.co.uk/jobs/intelligence-analyst/56956039,Reed,2026-05-30T19:25:00.133181
reed_55622726,Business Analyst,Sagacity,London,Greater London,United Kingdom,51.5074456,-0.1277653,,,,GBP,Full-time,"As a Business Analyst, you’ll play a key role in understanding what our clients need for each project or change initiative. You’ll work closely with the wider project team to make sure your deliverables are completed on time and aligned with what the client expects. This includes: Mapping the ‘As Is’ processes by interviewing SMEs, running workshops, and securing the necessary approvals Shaping the ‘To Be’ processes, again working with SMEs and ... ","interviewing, r",2025-08-20,https://www.reed.co.uk/jobs/business-analyst/55622726,Reed,2026-05-30T19:25:02.440311
reed_56764568,Senior Data Analyst - Ex-Forces Programme,FDM Group,SE12QG,Greater London,United Kingdom,51.506132,-0.0849124,,,,GBP,Full-time,"Have you previously served in the military, blue light services or currently as a serving reservist or military spouse? Do you have demonstrable experience in Data, Analytics, or related technology roles? Are you ready to transition into a new career with upskilling and career coaching included? Then you’ll want to hear about our award-winning Ex-Forces Programme — designed to help service leavers, veterans and former blue light personnel transi... ",r,2026-04-09,https://www.reed.co.uk/jobs/senior-data-analyst-ex-forces-programme/56764568,Reed,2026-05-30T19:25:02.440610
reed_56922967,Finance Analyst,Riverside Group,Liverpool,Liverpool,United Kingdom,53.3933411,-2.9166389,,38056.41,41891.59,GBP,Full-time,"Job Title: Finance Analyst Contract Type: Fixed Term for 12 months Salary: 38,056.41 per annum ( 41,891.59 per annum is achieved after 12 months successful performance in the role) Working Hours: 35 Hours per week Working Pattern: Monday - Friday, Hybrid Location: Speke, Liverpool If you share our values and are excited about making a significant impact at Riverside, please ensure you attach a current CV and covering letter. At Riverside we recr... ",r,2026-05-19,https://www.reed.co.uk/jobs/finance-analyst/56922967,Reed,2026-05-30T19:25:02.440906
reed_56822293,SOC Analyst,Sopra Steria,Farnborough,Rushmoor,United Kingdom,51.2918693,-0.7539836,,48000.0,58000.0,GBP,Full-time,"We’re expanding our Security Operations Centre in Farnborough and looking for sharp, collaborative L2 SOC Analysts to protect enterprise-scale environments across the Defence sector. You’ll investigate real threats, tune detections, and make measurable impact—using Microsoft Sentinel, Splunk, and MISP. Your work fuels national security. Your growth fuels our mission. Role based on site in our Farnborough office and is shift work. 2 x 6am to 6pm,... ","ats, r",2026-04-24,https://www.reed.co.uk/jobs/soc-analyst/56822293,Reed,2026-05-30T19:25:04.139003
reed_56912303,Operations Analyst,Apogee Corporation,LN69BJ,North Kesteven,United Kingdom,53.15007,-0.6710696,,,,GBP,Full-time,"ABOUT US With over 30 years of expertise, Apogee transforms how organisations of every size and sector manage their IT – delivering everything they need through one seamless point of contact. As an independent subsidiary of HP Inc., we combine the agility of a specialist provider with the power of one of the world’s leading technology companies, giving our clients instant access to cutting-edge innovation backed by market-leading service operati... ",r,2026-05-18,https://www.reed.co.uk/jobs/operations-analyst/56912303,Reed,2026-05-30T19:25:06.636769
reed_56118272,Data Engineer,AJ Bell,Manchester,Manchester,United Kingdom,53.4424618,-2.2324547,,,,GBP,Full-time,"Job Description This is an exciting opportunity to join a dynamic and experienced Data Engineering team at AJ Bell, contributing significantly to the development of our state-of-the-art data platform using cutting-edge technology. As a Data Engineer, you will play a pivotal role in designing, building, maintaining, and evolving our data infrastructure, ensuring it meets the growing needs of our business. You'll engage in end-to-end development, ... ","r, ui",2025-11-25,https://www.reed.co.uk/jobs/data-engineer/56118272,Reed,2026-05-30T19:25:08.489735
reed_56874383,Portfolio Analyst,DF Capital Bank,M45AD,Manchester,United Kingdom,53.484685,-2.2322656,,,,GBP,Full-time,"We’re DF Capital – a specialist bank providing award-winning commercial finance, retail finance, and savings products to consumers and small businesses. Based in Manchester, we serve thousands of customers across the UK and into Europe, supporting their ambitions with tailored financial solutions. We help our customers realise their ambitions by doing things differently – combining the agility and innovation of a specialist lender with the secur... ",r,2026-05-07,https://www.reed.co.uk/jobs/portfolio-analyst/56874383,Reed,2026-05-30T19:25:10.581618
reed_55968585,Business Analyst,FDM Group,Leeds,Leeds,United Kingdom,53.7974185,-1.5437941,,,,GBP,Full-time,Have you had a career break of 12+ months? Do you have 5+ years of commercial experience in industry? Are you ready to re-join the workforce with training and career coaching included? Then you’ll want to hear about the UK’s leading Returners Programme and how it helps 100+ returners restart their careers every year. Our Returners Programme is specifically designed to support professionals returning to work after a career break. Having restarted... ,r,2025-10-23,https://www.reed.co.uk/jobs/business-analyst/55968585,Reed,2026-05-30T19:25:12.629774
reed_55968479,Business Analyst,FDM Group,Manchester,Manchester,United Kingdom,53.4424618,-2.2324547,,,,GBP,Full-time,Have you had a career break of 12+ months? Do you have 5+ years of commercial experience in industry? Are you ready to re-join the workforce with training and career coaching included? Then you’ll want to hear about the UK’s leading Returners Programme and how it helps 100+ returners restart their careers every year. Our Returners Programme is specifically designed to support professionals returning to work after a career break. Having restarted... ,r,2025-10-23,https://www.reed.co.uk/jobs/business-analyst/55968479,Reed,2026-05-30T19:25:16.107805
reed_55968647,Business Analyst,FDM Group,York,York,United Kingdom,53.9656579,-1.0743052,,,,GBP,Full-time,Have you had a career break of 12+ months? Do you have 5+ years of commercial experience in industry? Are you ready to re-join the workforce with training and career coaching included? Then you’ll want to hear about the UK’s leading Returners Programme and how it helps 100+ returners restart their careers every year. Our Returners Programme is specifically designed to support professionals returning to work after a career break. Having restarted... ,r,2025-10-23,https://www.reed.co.uk/jobs/business-analyst/55968647,Reed,2026-05-30T19:25:16.108088
reed_56834743,Commercial Finance Analyst,PHS Group Limited,CF831XH,Caerphilly,United Kingdom,51.57047,-3.23633,,,,GBP,Full-time,"About The Role Commercial Finance Analyst Caerphilly / Tamworth Competitive Salary with bonus Are you a qualified or part-qualified accountant who enjoys turning financial data into insight that genuinely influences business performance? Do you thrive in fast-paced, operational environments where finance plays a key role in shaping decisions on the ground? Experience with BI tools? We’re looking for a Commercial Finance Analyst to join our Hygie... ","r, ui",2026-04-28,https://www.reed.co.uk/jobs/commercial-finance-analyst/56834743,Reed,2026-05-30T19:25:18.568864
reed_56930374,Acturis Change Analyst,Brown & Brown (Europe),London,Greater London,United Kingdom,51.5074456,-0.1277653,,,,GBP,Full-time,"Acturis Change Analyst Location: Remote Package: Negotiable This role is accountable for the end-to-end governance, prioritisation, and delivery of all Acturis small change activity across Retail Operations. The role exists to ensure that every small change is necessary, proportionate, controlled, properly assessed for risk and benefit, and aligned to regulatory, financial, and operational objectives. The postholder acts as the custodian of the ... ","go, r",2026-05-21,https://www.reed.co.uk/jobs/acturis-change-analyst/56930374,Reed,2026-05-30T19:25:20.410676
reed_56918776,Quality Assurance Analyst,Isio,CR02LX,Greater London,United Kingdom,51.37502,-0.09498,,,,GBP,Full-time,"Quality Assurance Analyst - Pensions We are seeking a detailed driven, technically strong Quality Assurance Analyst to help shape and protect the quality of defined benefit pension administration. This is a high-impact role where you will help ensure accuracy, consistency, and regulatory compliance of defined benefit pensions administration activity across Isio. This role provides independent, risk-based assurance over day-to-day administration,... ",r,2026-05-19,https://www.reed.co.uk/jobs/quality-assurance-analyst/56918776,Reed,2026-05-30T19:25:20.411043
reed_56718443,Service Desk Analyst,EXL Service (UK) Ltd,M220RR,,United Kingdom,53.37183,-2.25384,,,,GBP,Full-time,"The Service Desk Analyst plays a critical role in delivering high-quality IT support to service users, internal stakeholders, and suppliers. This position requires expertise in managing ticketing systems such as Remedy and ServiceNow , troubleshooting technical issues, and ensuring effective incident resolution—either directly or through supplier coordination. The ideal candidate will have strong organisational skills, a deep understanding of Sm... ","r, ui",2026-03-31,https://www.reed.co.uk/jobs/service-desk-analyst/56718443,Reed,2026-05-30T19:25:22.254776
reed_56895512,Corporate Action Analyst,Jobheron,London,Greater London,United Kingdom,51.5074456,-0.1277653,,,,GBP,Full-time,"UK Corporate Action Analyst | London, UK (Office Based) | Competitive Pay Join a dynamic financial data team at the heart of the London market Our client is seeking a detail-driven Corporate Action Analyst to join their London-based research team. This is an excellent opportunity for someone looking to start or develop a career in financial markets and corporate actions, working closely with market announcements from companies listed on the Lond... ","excel, r",2026-05-13,https://www.reed.co.uk/jobs/corporate-action-analyst/56895512,Reed,2026-05-30T19:25:24.037990
reed_56829864,Business Intelligence Analyst,Unsworth,E111JL,Greater London,United Kingdom,51.5701297,0.0116335,,35000.0,40000.0,GBP,Full-time,"Award-Winning Logistics Company Shape the Digital Future of Logistics with Us About Us Join an award-winning, fast-growing logistics company where innovation, collaboration, and customer excellence drive everything we do. With a strong reputation for delivering exceptional solutions across the supply chain, we are expanding our dynamic team and looking for passionate professionals to help us reach new heights. If you’re eager to build your caree... ","excel, git, r, ui",2026-04-27,https://www.reed.co.uk/jobs/business-intelligence-analyst/56829864,Reed,2026-05-30T19:25:24.038301
reed_56953165,Senior Finance Analyst,Rolls Royce CWS,Derby,Derby,United Kingdom,52.9142235,-1.4719885,,,,GBP,Full-time,"We are AMS. We are a global total workforce solutions firm; we enable organisations to thrive in an age of constant change by building, re-shaping, and optimising workforces. Our Contingent Workforce Solution (CWS) is one of our service offerings; we act as an extension of Rolls-Royce’s recruitment team and provide professional interim and temporary resources. Rolls-Royce is a respected engineering organisation operating in many sectors includin... ","r, ui",2026-05-28,https://www.reed.co.uk/jobs/senior-finance-analyst/56953165,Reed,2026-05-30T19:25:26.556134
reed_56940721,FP&A Analyst,Shoosmiths,Birmingham,Birmingham,United Kingdom,52.4948994,-1.8518439,,,,GBP,Full-time,"The FP&amp;A Analyst will support the Finance Business Partner for Real Estate in delivering high-quality financial insight, reporting and analysis to Shoosmiths’ Real Estate Division. The role will play a key part in budgeting, forecasting, performance reporting and cost analysis, helping stakeholders to understand financial performance and make informed decisions. This is an excellent opportunity for a developing FP&amp;A professional to build... ","excel, r, ui",2026-05-26,https://www.reed.co.uk/jobs/fp-a-analyst/56940721,Reed,2026-05-30T19:25:28.398772
reed_56873356,Senior Business Analyst,Ruby Energy,FY76SP,Wyre,United Kingdom,53.91567,-3.02484,,45000.0,50000.0,GBP,Full-time,"Here at Ruby Energy we continue to grow and have a new position available for a Senior Business Analyst, Please note for this role you would based at our Head Office in Fleetwood Lancashire Role Overview As a Senior Business Analyst, you will lead the analysis and design of complex change initiatives, shaping solutions that deliver clear business value. You’ll act as the key link between stakeholders and delivery teams, while also developing Bus... ",r,2026-05-07,https://www.reed.co.uk/jobs/senior-business-analyst/56873356,Reed,2026-05-30T19:25:30.652951
reed_56903547,Analyst - Consultancy (Healthcare),Christie & Co,City of London,City of London,United Kingdom,51.5156177,-0.0919983,,40000.0,40000.0,GBP,Full-time,"Analyst - Consultancy (Healthcare) Location: London, United Kingdom (Hybrid – 2 days’ work from home) Salary: up to 40,000 + team commission We typically work in the office 3 days a week, adopting a hybrid working style, however there will be times where more frequent office attendance is required.&nbsp; Who are Christie &amp; Co? We’re the leading specialist advisor for buying and selling businesses in our sectors - hotels, pubs, restaurants, c... ","hris, r, ui",2026-05-14,https://www.reed.co.uk/jobs/analyst-consultancy-healthcare/56903547,Reed,2026-05-30T19:25:32.850339
reed_56894264,"Systems, Data & Insights Manager",University College Birmingham,Birmingham,Birmingham,United Kingdom,52.4948994,-1.8518439,,42254.0,43482.0,GBP,Full-time,"Job Title: Systems, Data &amp; Insights Manager (Alumni, Business &amp; Employer Engagement) Location: Birmingham - Hybrid opportunities available Salary: 42,254 - 43,482 per annum - SS7 Job type: Permanent, Full-time UCB is an equal opportunities employer. We are TEF rated Silver, with a Good Ofsted rating. The Role: Join University College Birmingham at a pivotal moment as we build a new Business and Employer Engagement team designed to put in... ","go, r, ui",2026-05-12,https://www.reed.co.uk/jobs/systems-data-insights-manager/56894264,Reed,2026-05-30T19:25:35.566574
reed_56796750,Supply Chain Replenishment & Data Insights Analyst 18-month FTC,Aldi,CV92SQ,North Warwickshire,United Kingdom,52.586675,-1.5568769,,48225.0,52930.0,GBP,Full-time,"Looking for a role where you can influence business performance and direction? A role in the National Supply Chain Replenishment Team is a great opportunity to play a fundamental part in shaping the future department, its ways of working and drive business performance. Do you love turning complex data into clear, useful insights? We're looking for a Data Analyst to help us make smarter decisions to have a meaningful impact on the business! You w... ",r,2026-04-17,https://www.reed.co.uk/jobs/supply-chain-replenishment-data-insights-analyst-18-month-ftc/56796750,Reed,2026-05-30T19:25:35.566934
reed_56839947,Service Analyst - Asset,Sopra Steria,Gosport,Gosport,United Kingdom,50.7952074,-1.1210853,,25000.0,30000.0,GBP,Full-time,"A traditional IT Analyst role that specialises in Asset Management, including Software, Hardware and License Management. Managing and taking ownership of all change/problem/incidents associated to Asset Management &amp; maintaining the Configuration Management Database and all assets that reside within it. You will join our Aerospace, Defence and Security team in Gosport, working on site five days a week. You will be part of a supportive and col... ","go, r",2026-04-29,https://www.reed.co.uk/jobs/service-analyst-asset/56839947,Reed,2026-05-30T19:25:37.819597
reed_56810221,Modernisation Product Analyst,ICAEW,London,Greater London,United Kingdom,51.5074456,-0.1277653,,35000.0,55000.0,GBP,Full-time,"At The Institute of Chartered Accountants England &amp; Wales (ICAEW), you'll be part of an organisation that's shaping the future of business, finance and the accountancy profession on a global scale. Our bold 2030 Strategy puts members, innovation, sustainability and trust at the heart of everything we do; creating an exciting, forward looking environment where your work has real impact. We invest in our people through our benefits package, co... ","r, rust",2026-04-21,https://www.reed.co.uk/jobs/modernisation-product-analyst/56810221,Reed,2026-05-30T19:25:40.275518
reed_56808544,IT Support Analyst,OneSchool Global,CV346BY,Warwick,United Kingdom,52.2700699,-1.53913,,25000.0,30000.0,GBP,Full-time,"OneSchool Global UK has an exciting opportunity for an IT Support Analyst to join our busy and collaborative IT team, providing technical support to 23 campuses across the UK and our Regional Support Office. This is a varied, hands-on role where no two days are the same. Working as part of a supportive team of IT professionals, you will deliver fast, efficient and customer-focused support across a wide range of systems, devices and technologies,... ",r,2026-04-21,https://www.reed.co.uk/jobs/it-support-analyst/56808544,Reed,2026-05-30T19:25:40.275877
reed_56934432,QA Test Analyst,Birketts LLP,Ipswich,Ipswich,United Kingdom,52.0579324,1.1528095,,,,GBP,Full-time,"About us Birketts is a full service, UK Top 50 law firm. With a heritage spanning 160 years, we have more than 700 lawyers and legal professionals and over 600 staff based in Bristol, Cambridge, Chelmsford, Ipswich, London, Norwich and Sevenoaks. We advise businesses, government and public sector organisations and individuals in the UK and internationally across four principal practice groups: Real Estate, Corporate Services, Dispute Resolution ... ","go, r",2026-05-22,https://www.reed.co.uk/jobs/qa-test-analyst/56934432,Reed,2026-05-30T19:25:42.328914
reed_56951518,Junior Service Delivery Analyst,Vermelo RPO,M37FB,Manchester,United Kingdom,53.4861899,-2.2463155,,,,GBP,Full-time,"Job Title: Junior Service Delivery Analyst Location: Manchester/Stoke&nbsp; About the Role: The Junior Service Delivery Analyst supports the Service Delivery function by assisting in the governance, coordination, and reporting of IT services to maintain service quality and operational stability. This role is a development position, providing hands on exposure to IT Service Management processes while working under the guidance of senior Service D... ","go, r, ui",2026-05-28,https://www.reed.co.uk/jobs/junior-service-delivery-analyst/56951518,Reed,2026-05-30T19:25:44.168809
reed_56930558,Lead Development Finance Analyst,Clarion,Manchester,Manchester,United Kingdom,53.4424618,-2.2324547,,70221.0,82613.0,GBP,Full-time,"Location: Hybrid - Manchester Salary: 70,221 - 82,613 per annum, pro rata Hours: 36 hours per week Contract Type: Permanent We have an exciting opportunity for a Lead Development Finance Analyst to join our team covering the North region. This role requires you to be the lead finance business partner to Clarion's property development business for the respective region including joint ventures and the strategic land portfolio, critically analysin... ","r, ui",2026-05-21,https://www.reed.co.uk/jobs/lead-development-finance-analyst/56930558,Reed,2026-05-30T19:25:46.010868
reed_56833709,Senior Pensions Project Analyst,Isio,M33EB,Manchester,United Kingdom,53.4795436,-2.2524676,,,,GBP,Full-time,"Senior Pensions Project Analyst We are seeking a Senior pensions project administrator/analyst to work in our specialist Administration Project Team. You will be responsible for the delivery and technical aspects of administration projects. The types of projects you may be asked to work on will include, but is not limited to, the following: GMP Equalisation projects; benefit analysis and rectification work; Pensions Dashboard projects; Scheme tr... ",r,2026-04-28,https://www.reed.co.uk/jobs/senior-pensions-project-analyst/56833709,Reed,2026-05-30T19:25:46.011043
reed_56911993,Trainee Cyber Security Analyst,Netcom Online Learning,Sheffield,Sheffield,United Kingdom,53.3806626,-1.4702278,,25000.0,32000.0,GBP,Full-time,"About the opportunity Complete the free training, gain a qualification and career guidance - no brainer! Are you ready to launch a career in cyber security? Netcom Training’s fully-funded Cyber Security course (NCFE Certificate in Principles of Cyber Security, Level 2) equips you with the practical skills employers are actively seeking. From threat intelligence and security testing to incident response and ethical compliance, you’ll gain hands-o... ","r, ui",2026-05-18,https://www.reed.co.uk/jobs/trainee-cyber-security-analyst/56911993,Reed,2026-05-30T19:25:48.468799
reed_56943809,Social Impact Coordinator / Analyst,SGN,PO61UJ,Portsmouth,United Kingdom,50.836069,-1.0491818,,0.0,0.0,GBP,Full-time,Social Impact Coordinator / Analyst Portsmouth | 29.9k - 33.6k per annum (dependent on skills and qualifications) Full-time |Office based Joint-contribution pension from 6% (12% total) – Enhanced maternity &amp; family leave – Life assurance – HolidayPlus – Virtual GP &amp; Employee Assistance Programme plus retail and leisure discounts &amp; many more. REQ5692 We’re looking for a detail-driven Social Impact Coordinator to join our Customer Expe... ,r,2026-05-26,https://www.reed.co.uk/jobs/social-impact-coordinator-analyst/56943809,Reed,2026-05-30T19:25:51.541755
reed_56788202,Senior Information Security Analyst,AJ Bell,Manchester,Manchester,United Kingdom,53.4424618,-2.2324547,,,,GBP,Full-time,"Job Description We’re recruiting a Senior Information Security Analyst to support the Chief Information Security Officer in protecting and enhancing the organisation’s security posture across Technology Services. This is a hands-on, operational role focused on monitoring, analysing and responding to security threats, while driving continuous improvement across our security operations capability. You’ll play a key role in incident response, threa... ","ats, r, ui",2026-04-15,https://www.reed.co.uk/jobs/senior-information-security-analyst/56788202,Reed,2026-05-30T19:25:54.409306
reed_56773838,Risk & Compliance Analyst,Birketts LLP,Ipswich,Ipswich,United Kingdom,52.0579324,1.1528095,,,,GBP,Full-time,"About us Birketts is a full service, UK Top 50 law firm. With a heritage spanning 160 years, we have more than 700 lawyers and legal professionals and over 600 staff based in Bristol, Cambridge, Chelmsford, Ipswich, London, Norwich and Sevenoaks. We advise businesses, government and public sector organisations and individuals in the UK and internationally across four principal practice groups: Real Estate, Corporate Services, Dispute Resolution ... ","go, r",2026-04-13,https://www.reed.co.uk/jobs/risk-compliance-analyst/56773838,Reed,2026-05-30T19:25:54.409803
reed_56861106,Transfers Out Senior Analyst,AJ Bell,M53EE,Salford,United Kingdom,53.4660705,-2.282978,,,,GBP,Full-time,"Job Description We are now looking to recruit a hardworking, articulate individual to join our Transfer Out Department where you will play a key role in providing our award-winning service to our business. For hard working individuals, there are excellent career development opportunities available.&nbsp;&nbsp; We have big growth plans with multiple opportunities available across a variety of teams and inductions will take place for these roles t... ","excel, r, ui",2026-05-05,https://www.reed.co.uk/jobs/transfers-out-senior-analyst/56861106,Reed,2026-05-30T19:25:54.410226
reed_56860215,Data Analyst,Sellick Partnership,Slough,Slough,United Kingdom,51.5111014,-0.5940682,,450.0,500.0,GBP,Full-time,"Data Analyst Rate: 500 per day - Contract role Location: Slough Working Pattern: Hybrid We are recruiting for a Data Analyst for a local authority that are looking to grow the team. This role is an exciting opportunity to join a strong team of Data Analyst, be part of the management team as well as still being hands on in the day to day analytical duties. What the Data Analyst will be doing Lead of a team of data analysts Ensure data and data sh... ","r, ui",2026-05-05,https://www.reed.co.uk/jobs/data-analyst/56860215,Reed,2026-05-30T19:25:56.852371
reed_56861913,Data Analyst,JOB SWITCH LTD,SL12EJ,Slough,United Kingdom,51.5091764,-0.5958099,,300.0,370.0,GBP,Full-time,"Data Analyst We need a data analyst for 12 weeks. The role will be taking the lead on creating insightful Power BI dashboards providing the business with all the management information primarily for Adult Social Care (e.g. PIs, KPIs, Statutory Reporting). This role will also be making enhancements to existing Power BI dashboards based on user feedback. Data Analyst The role will primarily be working on Adult Service systems so would need to know... ","power bi, r",2026-05-05,https://www.reed.co.uk/jobs/data-analyst/56861913,Reed,2026-05-30T19:25:59.323281
reed_56913079,Data Analyst,Robert Walters,Manchester,Manchester,United Kingdom,53.4424618,-2.2324547,,45000.0,50000.0,GBP,Full-time,"Data Analyst Manchester City Centre (Hybrid) 50,000 Overview We are seeking experienced Data Analysts to join a growing, data-driven team. This role is ideal for individuals who are passionate about working hands-on with data, uncovering insights, and supporting data-led decision making. You will play a key role in interpreting and validating data, identifying trends and drivers, and communicating findings clearly to stakeholders. The successful... ",r,2026-05-18,https://www.reed.co.uk/jobs/data-analyst/56913079,Reed,2026-05-30T19:26:01.576319
reed_56848887,Data Analyst,Tenth Revolution Group,Fareham,Fareham,United Kingdom,50.8526637,-1.1783134,,40000.0,40000.0,GBP,Full-time,"Data Analyst - On-Site Role - 40k A globally-expanding company is hiring a permanent Data Analyst to partake in a growing team. The business has scaled rapidly to around 25 employees and now process tens of millions per year in subscription revenue. Who you'll work with: - A founder-level hiring manager - Senior stakeholders in finance and operations - A family-like, up and coming commercial team Key Responsibilities - Develop comprehensive repo... ",r,2026-05-01,https://www.reed.co.uk/jobs/data-analyst/56848887,Reed,2026-05-30T19:26:01.576639
reed_56866629,Data Analyst,Venus Recruitment Ltd,Sandhurst,Sandhurst,United Kingdom,51.3502991,-0.7872655,,,,GBP,Full-time,"We are looking for an experienced Data Analyst to join our manufacturing client’s Commercial Team and play a critical role in driving data-informed decision-making. This role requires strong analytical and statistical skills, advanced proficiency in data tools, and the ability to translate complex data into clear, impactful business recommendations. Initially this will be a 12-month fixed term contract. The Data Analyst role: Act as the primary ... ","r, ui",2026-05-06,https://www.reed.co.uk/jobs/data-analyst/56866629,Reed,2026-05-30T19:26:04.033474
reed_56908101,Data Analyst,Michael Page Technology,Leeds,Leeds,United Kingdom,53.7974185,-1.5437941,,38000.0,40000.0,GBP,Full-time,"The Data Analyst is responsible for analysing raw data and transforming it into meaningful insights that inform and enhance organisational decision-making. In addition, the role involves working closely with stakeholders, management, and department leaders to execute large-scale data changes while ensuring data integrity, consistency, and overall quality are maintained. Client Details We are the industry-leading compliance company for healthcare... ",r,2026-05-15,https://www.reed.co.uk/jobs/data-analyst/56908101,Reed,2026-05-30T19:26:06.491274
reed_56918550,Data Analyst,Tenth Revolution Group,Southampton,Southampton,United Kingdom,50.9025349,-1.404189,,34000.0,40000.0,GBP,Full-time,"Data Analyst 40,000 We are recruiting a Data Analyst to join a fast-growing, subscription-based technology business during a critical phase of global expansion. The company has scaled rapidly and now supports over one million active customers worldwide, with further international growth planned across Europe. This role sits close to the executive team and plays a key part in driving commercial performance. The successful candidate will work with... ","r, ui",2026-05-19,https://www.reed.co.uk/jobs/data-analyst/56918550,Reed,2026-05-30T19:26:06.491614
reed_56895571,Data Analyst,Harnham - Data & Analytics Recruitment,Watford,Watford,United Kingdom,51.6553875,-0.3957425,,60000.0,65000.0,GBP,Full-time,"SENIOR BI ANALYST UP TO 65,000 WATFORD OVERVIEW We are working exclusively with a major global off-price retailer that is building a dedicated analytics capability within its finance function. This is a great opportunity for a Data Analyst with strong Power BI experience to join a new team and play a key role in improving reporting, insight, and data-led decision-making across the commercial side of the business. THE COMPANY The business is a la... ","power bi, r, ui",2026-05-13,https://www.reed.co.uk/jobs/data-analyst/56895571,Reed,2026-05-30T19:26:09.154341
reed_56875727,Data Analyst,Rise Technical Recruitment Limited,London,Greater London,United Kingdom,51.5074456,-0.1277653,,43000.0,43200.0,GBP,Full-time,"Data Analyst - 4-Month Fixed Term Contract Hackney , London - Hybrid , 3-4 Days Remote , 1-2 Days in Office 43,278 (Pro Rata) + Holiday + Pension + Great Benefits Are you an experienced Data Analyst looking for an impactful contract role where you can drive real, visible change within an established organisation? Do you want the opportunity to modernise a data function from the ground up - building dashboards, leading on data governance, and del... ","go, r, ui",2026-05-08,https://www.reed.co.uk/jobs/data-analyst/56875727,Reed,2026-05-30T19:26:11.611634
reed_56835946,Data Analyst,Harnham - Data & Analytics Recruitment,London,Greater London,United Kingdom,51.5074456,-0.1277653,,48000.0,50000.0,GBP,Full-time,"Data Analyst This is a great opportunity to join a growing data and analytics consultancy where you will work closely with clients to turn complex data into clear, commercial insight. The role offers variety, responsibility, and genuine exposure to decision makers across multiple industries, making it ideal for an analyst who enjoys both hands on delivery and client engagement. The Company We are a data and analytics consultancy that combines la... ","r, ui",2026-04-28,https://www.reed.co.uk/jobs/data-analyst/56835946,Reed,2026-05-30T19:26:11.611976
reed_56904042,Data Analyst,Pertemps SSDC - DDT,Wales,,United Kingdom,52.2928116,-3.73893,,24.25,24.25,GBP,Full-time,"Data Analyst Location: Remote – but need to be in a commutable distance to Wales Contract: 3 months, 37 hours a week, Monday-Friday Rate: 24.25 p/hr – annual equivalent of 46,662 Role Overview We are working with a prestigious public sector organisation based in Wales to recruit an experienced Data Analyst to support a portfolio of digital, data and technology (DDaT) projects. You will play a key role in supporting the preparation, management an... ","git, r, ui",2026-05-14,https://www.reed.co.uk/jobs/data-analyst/56904042,Reed,2026-05-30T19:26:11.612531
reed_56923986,Data Analyst,Merrifield Consultants,London,Greater London,United Kingdom,51.5074456,-0.1277653,,34800.0,36800.0,GBP,Full-time,"Merrifield Consultants is recruiting a Data Analyst for a respected professional body. This role sits in a small data insights team, producing evidence and analysis on areas such as membership, students, teachers, awards, research and the wider science landscape. This is a fixed term contract until 31 December 2026, ideally starting as soon as possible. Data Analyst Salary: Between 34,800 to 36,800 pro rata (depending on experience) Hours: 35 ho... ","r, ui",2026-05-20,https://www.reed.co.uk/jobs/data-analyst/56923986,Reed,2026-05-30T19:26:14.479706
reed_56806690,Data Analyst,Finlay Jude Associates Limited,Birkenhead,Birkenhead,United Kingdom,53.3895177,-3.0248007,,25000.0,30000.0,GBP,Full-time,"FJA are working with a national leader in the Water industry, who are looking to recruit a Data Analyst to join their team in the Birkenhead area. The Data Analyst supports the Client Services project management team by analysing data and identifying trends, providing clients and management with valuable information that will be used to create reports for their water company clients. The Data Analyst will support the Project Managers and Client ... ","project management, r, ui",2026-04-21,https://www.reed.co.uk/jobs/data-analyst/56806690,Reed,2026-05-30T19:26:14.479991
reed_56815614,Data Analyst,Harnham - Data & Analytics Recruitment,Manchester,Manchester,United Kingdom,53.4424618,-2.2324547,,450.0,500.0,GBP,Full-time,"Location: Hybrid - Manchester (2/3 days onsite) IR35: Inside IR35 Rate: 450- 500 per day Start: ASAP Overview The business is investing heavily in its data capabilities, particularly across claims and pricing, with a focus on improving customer journey insights and building more robust data foundations. You'll be joining a fast-paced environment with a high level of autonomy, working closely with a small team of analysts to enhance reporting, id... ","r, ui",2026-04-22,https://www.reed.co.uk/jobs/data-analyst/56815614,Reed,2026-05-30T19:26:16.731506
reed_56917623,Data Analyst,Advanced Resource Managers Limited,Gloucestershire,,United Kingdom,51.7643786,-2.1880662,,50.0,50.0,GBP,Full-time,"Data Analyst Contract up to 31/12/2026 Based in Filton Offering 50ph Inside IR35 Do you have experience with Jira or GitHub? Do you have experience with Palantir Foundry (Skywise) or Extended Platform (Jupyter)? Do you want to work with an industry-leading company? If your answer to these is yes, then this could be the role for you! As the Data Analyst, you will be working alongside a market-leading Defence and Aerospace company who are constant... ","git, jira, r",2026-05-19,https://www.reed.co.uk/jobs/data-analyst/56917623,Reed,2026-05-30T19:26:16.731854
reed_56914559,Data Analyst,Pontoon,Sheffield,Sheffield,United Kingdom,53.3806626,-1.4702278,,350.0,450.0,GBP,Full-time,"Data Analyst Sheffield (Hybrid working) 6 Month FTC **Day Rate Inside IR35** Are you ready to dive into the world of data analysis and make a significant impact in the construction sector? Our client is seeking a passionate and detail-oriented Data Analyst to join their dynamic team. If you have a flair for complex data analysis and a desire to optimize project performance, we want to hear from you! Position Overview : As a Data Analyst, you wil... ","data analysis, r",2026-05-18,https://www.reed.co.uk/jobs/data-analyst/56914559,Reed,2026-05-30T19:26:19.396255
reed_56915591,Data Analyst,Sphere Digital Recruitment,Leeds,Leeds,United Kingdom,53.7974185,-1.5437941,,40000.0,40000.0,GBP,Full-time,"An exciting Data Analyst opportunity with a leading media and insights organisation is available, supporting a major retail client. Based in Leeds 2-3 days a week in the office Permanent role Start date: ASAP Up to 40k per annum The Job As the Data Analyst , your responsibilities will include: Extracting, querying, and transforming data from warehouse environments using SQL Ensuring consistent, accurate data feeds across campaign reporting and e... ","r, sql",2026-05-18,https://www.reed.co.uk/jobs/data-analyst/56915591,Reed,2026-05-30T19:26:19.397151
reed_56931868,Data analyst,Randstad Delivery (GBS),Cambridge,Cambridge,United Kingdom,52.1975846,0.1391537,,15.0,16.0,GBP,Full-time,"Job Description: Business Change Analyst (Data Warehouse &amp; Reporting) Contract:5 months Role Overview We are seeking a Business Change Analyst to support the delivery of a new enterprise data warehouse solution. The role will focus on gathering and documenting incoming data requirements, analysing business reporting needs, and ensuring alignment between business stakeholders, data teams, and technology delivery teams. The successful candidat... ","r, ui",2026-05-21,https://www.reed.co.uk/jobs/data-analyst/56931868,Reed,2026-05-30T19:26:19.397540
reed_56770926,Data Analyst,Command Recruitment,Gillingham,Gillingham,United Kingdom,51.3871701,0.5461611,,40000.0,45000.0,GBP,Full-time,"Data Analyst (On-Site / possible some Hybrid) Drive Data. Influence Decisions. Deliver Impact. We're seeking a commercially focused, insight-driven Data Analyst who excels at transforming complex data into clear, actionable insights. This is more than a reporting role - it's an opportunity to directly influence strategic decisions, improve profitability, and enhance operational performance across a large, fast-paced organisation. If you're natur... ","excel, r",2026-04-11,https://www.reed.co.uk/jobs/data-analyst/56770926,Reed,2026-05-30T19:26:22.465812
reed_56917429,Data Analyst,Meritus Talent,Gloucestershire,,United Kingdom,51.7643786,-2.1880662,,47.0,50.0,GBP,Full-time,"DATA ANALYST - 50PH INSIDE IR35 - 60% ONSITE IN FILTON - 12 MONTH CONTRACT A leading aerospace organisation is seeking a Data Analyst / Health Engineer to support the development of fleet diagnostic and predictive maintenance capability across a global aircraft in service environment. This role sits within an advanced engineering and data function, working directly with aircraft operational data to improve reliability, system performance and mai... ",r,2026-05-19,https://www.reed.co.uk/jobs/data-analyst/56917429,Reed,2026-05-30T19:26:24.718510
reed_56893831,Data analyst,Lorien,Manchester,Manchester,United Kingdom,53.4424618,-2.2324547,,,,GBP,Full-time,"Data Analyst Location: Edinburgh or Manchester (Hybrid - 1 day onsite per week, Wednesdays) Type: Contract Overview We're looking for a highly data-focused Data Analyst to support the development of data products within a modern AWS-based architecture. This role is centred on deep data analysis and discovery (70%) , alongside logical data modelling (30%) , helping shape how raw data is standardised, structured, and consumed. You'll work closely ... ","aws, data analysis, r",2026-05-12,https://www.reed.co.uk/jobs/data-analyst/56893831,Reed,2026-05-30T19:26:24.718849
reed_56917468,Data Analyst,Certain Advantage,BS347PA,Filton,United Kingdom,51.5100253,-2.5750625,,45.0,50.0,GBP,Full-time,"Data Analyst Certain Advantage are hiring for a Data Analyst based in Filton. This is an initial contract role running until the end of the year, with a requirement to work onsite three days per week. Your responsibilities: Contribute to development of the fleet diagnostic and predictive maintenance models. Support technical investigations with aircraft fleet data analysis Perform specific data analyses for the Design Office, starting from gathe... ","data analysis, r, ui",2026-05-19,https://www.reed.co.uk/jobs/data-analyst/56917468,Reed,2026-05-30T19:26:24.719137
reed_56805434,Data Analyst,Harnham - Data & Analytics Recruitment,Leicester,Leicester,United Kingdom,52.6362,-1.1331969,,200.0,300.0,GBP,Full-time,"Location: Leicester - On-site Contract: 3 months Working pattern: Part time - 2-3 days per week IR35: TBC Rate: 200-300 per day Overview We are recruiting a Part-Time Data Analyst to support an ethical audit and compliance team within a factory and supply chain environment. The team assesses factories against ethical standards, ensuring compliance across global operations. This role focuses on analysing audit reports from multiple territories an... ","r, ui",2026-04-20,https://www.reed.co.uk/jobs/data-analyst/56805434,Reed,2026-05-30T19:26:26.970936
reed_56941886,Data Analyst,TLP Recruitment,WF61AB,Wakefield,United Kingdom,53.6992465,-1.4167465,,35000.0,35000.0,GBP,Full-time,"Data Analyst (Power BI) – Normanton Salary 35K Flexible hours including Hybrid working 25 days holiday + BH and Xmas shutdown. Pension Free parking Enhanced Family leave Sick Pay Birthday off Volunteering days Staff sales Cosco discounts Eyecare benefits Childcare vouchers A fantastic opportunity has arisen for an experienced Data Analyst / Business Intelligence Developer (Power BI) to join a fast-paced and evolving commercial team, playing a pi... ","power bi, r",2026-05-26,https://www.reed.co.uk/jobs/data-analyst/56941886,Reed,2026-05-30T19:26:29.634235
reed_56926440,Data Analyst,Positive Employment,Bournemouth,Holdenhurst,United Kingdom,50.7446718,-1.8579514,,25.0,28.0,GBP,Full-time,"Our client is a large local government organisation and looking for an experienced Data Analyst to join their team This is initially a 3 month contract which may be extended for the right candidate You will To provide complex statistical analyses relating to Children’s data and information To collect, verify and calculate data and information for statutory returns To present and explain to senior officers data analyses and reports. Giving both f... ","go, r",2026-05-20,https://www.reed.co.uk/jobs/data-analyst/56926440,Reed,2026-05-30T19:26:31.887196
reed_56947745,Data Analyst,Tenth Revolution Group,Manchester,Manchester,United Kingdom,53.4424618,-2.2324547,,45000.0,60000.0,GBP,Full-time,"Data Analyst - Manchester (Hybrid) - Azure - Power BI/Tableau - Up to 60,000 This is a brilliant opportunity to join a company that is really investing in its data journey. They're building out their reporting capability and want people who can add value, not just produce reports. You'll be joining a collaborative environment where your work will be seen, your ideas will be heard and your insights will help shape real business decisions. It's th... ","azure, power bi, r, tableau, ui",2026-05-27,https://www.reed.co.uk/jobs/data-analyst/56947745,Reed,2026-05-30T19:26:33.934758
reed_56891194,Data Analyst,Adecco,West Sussex,West Sussex,United Kingdom,50.9445845,-0.5278477,,400.0,400.0,GBP,Full-time,"Data Analyst Location: Durrington, West Sussex - Hybrid working (attendance required for key stakeholder sessions) Rate: 400 per day (Umbrella) Reporting to: Service Design &amp; Transition Lead We're looking for an experienced Service Data Analyst to support the definition and implementation of application and service criticality across the organisation. This is a high-impact contract role where your work will directly inform strategic decision... ","r, ui",2026-05-12,https://www.reed.co.uk/jobs/data-analyst/56891194,Reed,2026-05-30T19:26:33.935324
reed_56833660,Senior Pensions Admin Systems Analyst,Isio,B46AJ,Birmingham,United Kingdom,52.4825908,-1.8963335,,,,GBP,Full-time,"Senior Pensions Administration Systems Analyst - Scheme Transitions &amp; Data This role involves onboarding new pension schemes, transitioning schemes leaving Isio, and supporting buy-ins and buyouts. It combines technical data skills, UK pensions knowledge, and configuration of our IntelliPen and oPen administration systems. You will work closely with stakeholders to understand benefit structures, interpret data, code transformations, and ensu... ","onboarding, r",2026-04-28,https://www.reed.co.uk/jobs/senior-pensions-admin-systems-analyst/56833660,Reed,2026-05-30T19:26:36.392721
reed_56904802,Data Analyst,Robert Half,West London,Greater London,United Kingdom,51.532568,-0.4807,,25000.0,29000.0,GBP,Full-time,"Robert Half has partnered with a Financial Services organisation based in West London looking to hire a Graduate Data Analyst to join the team. If you are looking to kick start or develop your career in data, pensions, and project work? This is a fantastic opportunity to join a collaborative, forward-thinking team where you'll gain hands-on experience and professional qualifications from day one. The Role You'll play a key role in supporting bus... ",r,2026-05-14,https://www.reed.co.uk/jobs/data-analyst/56904802,Reed,2026-05-30T19:26:38.835153
reed_56823631,Data Analyst,Lynx Recruitment Ltd,SW1E5LB,City of Westminster,United Kingdom,51.4969585,-0.1416711,,40000.0,65000.0,GBP,Full-time,"Are you a forward-thinking Data Analyst passionate about building secure, scalable systems that drive financial innovation? The Role You’ll play a key role in shaping how data is used within a fast-paced financial environment - designing solutions that meet regulatory requirements while enabling smarter business decisions. Working across the full data lifecycle, you’ll analyse complex datasets and contribute to designing enterprise-level data so... ","r, scala, ui",2026-04-24,https://www.reed.co.uk/jobs/data-analyst/56823631,Reed,2026-05-30T19:26:41.554479
reed_56937237,GROUP CYBER SECURITY AWARENESS ANALYST,Compass Group UK & Ireland Ltd,Chertsey,Runnymede,United Kingdom,51.392296,-0.5038294,,,,GBP,Full-time,"The Group Cyber Security Awareness Analyst is responsible for supporting the design, delivery, and continuous improvement of Compass Group’s global cyber security awareness programme. This is a maternity leave cover role focused on ensuring continuity and effectiveness of awareness, phishing simulation, and learning activities. This role focuses on embedding safer cyber behaviours across the organisation through role-relevant learning, phishing ... ","r, ui",2026-05-22,https://www.reed.co.uk/jobs/group-cyber-security-awareness-analyst/56937237,Reed,2026-05-30T19:26:44.174814
reed_56908485,Head of Data Sourcing,Jobheron,London,Greater London,United Kingdom,51.5074456,-0.1277653,,,,GBP,Full-time,"Head of Data Sourcing / Gathering | Camden, London (Office Based) | Full Time | Competitive Salary A Head of Data Sourcing / Gathering is required to join a leading provider of economic and financial data based in London. This is a full-time, office-based position working Monday to Friday. Please note: applicants must have previous experience working for a data vendor. Reporting directly to the CEO, the Head of Data Sourcing / Gathering will be ... ","r, ui",2026-05-15,https://www.reed.co.uk/jobs/head-of-data-sourcing/56908485,Reed,2026-05-30T19:26:46.427445
reed_56937153,Trainee Business Analyst | No experience needed,Qualify Nation Recruitment,London,Greater London,United Kingdom,51.5074456,-0.1277653,,28000.0,43000.0,GBP,Full-time,"Build a future-ready career in Business Analysis – starting today. Are you looking for a career that combines problem-solving, communication, technology, and strategic thinking? Business Analysts play a critical role in helping organisations improve processes, deliver projects, implement systems, and make better business decisions. Whether you are changing careers, moving from operations or administration, or looking to step into a more strategi... ","communication, r, ui",2026-05-22,https://www.reed.co.uk/jobs/trainee-business-analyst--no-experience-needed/56937153,Reed,2026-05-30T19:26:46.427792
reed_56923863,Data Analyst,JOB SWITCH LTD,YO16GA,York,United Kingdom,53.9580254,-1.0896914,,23.0,23.44,GBP,Full-time,"We require a person to work with the bus teams in our partner authorities to compile a detailed schedule of all current contracts, service level agreements and informal arrangements in place that relate to the delivery of bus services, as set out above in the Scope of the Review section. A standard template will be developed to capture this information and the successful person will be expected to work independently to compile details of each co... ","r, ui",2026-05-20,https://www.reed.co.uk/jobs/data-analyst/56923863,Reed,2026-05-30T19:26:46.428077
reed_56818268,"Junior QA Analyst - Agile, Perm, Hybrid",BMR Associates Limited,B64AP,Birmingham,United Kingdom,52.4945608,-1.8855433,,32000.0,36000.0,GBP,Full-time,"Junior QA Analyst - Agile, Perm – Hybrid Quality Assurance, Test, SDLC, Software, Automation, API Testing, SQL, ADO. My client is looking to the market for a Junior Quality Assurance Analyst to join a large scale Transformation Programme. In order to be considered you must boast a minimum of 1–2 years demonstrable Quality Assurance Analysis experience within a software development environment and be familiar with the SDLC. You will be required t... ","agile, r, sql, ui",2026-04-23,https://www.reed.co.uk/jobs/junior-qa-analyst-agile-perm-hybrid/56818268,Reed,2026-05-30T19:26:51.266021
reed_56864723,Senior Pensions Analyst Control Review,WTW,RH11WS,Reigate and Banstead,United Kingdom,51.2400323,-0.1724815,,,,GBP,Full-time,"We are looking for a Senior Pensions Analyst – Control Review , a detail-oriented and proactive pensions professional with a strong understanding of controls and governance. You will bring the confidence to challenge existing processes and drive continuous improvement within a complex operational environment. The role has been established to support the implementation and ongoing delivery of the Redhill Core &amp; Large Communities Control Frame... ","go, r",2026-05-06,https://www.reed.co.uk/jobs/senior-pensions-analyst-control-review/56864723,Reed,2026-05-30T19:26:53.800545
reed_56878381,Business Analyst / Process Improvement Specialist 0192,The Aurora Group,Home Meadow,Test Valley,United Kingdom,50.9542244,-1.5331382,,52000.0,58000.0,GBP,Full-time,"Business Analyst / Process Improvement Specialist Map&nbsp;how we work today. Shape how we work tomorrow. The Aurora Group is undertaking a major programme of operational improvement to understand how our services operate today and to design simpler, more consistent and future-ready ways of working, supported by emerging technology such as AI. Our ambition is to build the foundations for the “Education Organisation of the Future”, enabling great... ","r, ui",2026-05-08,https://www.reed.co.uk/jobs/business-analyst-process-improvement-specialist-0192/56878381,Reed,2026-05-30T19:26:56.461905
reed_56810453,Technical Business Analyst (EnterpriseOne and JDE),Anglian Home Improvements,NR66JB,Norwich,United Kingdom,52.6725858,1.2921751,,,,GBP,Full-time,"Technical Business Analyst (EnterpriseOne and JDE) Location: Norwich / hybrid&nbsp; The Role We are looking for an experienced Technical Business Analyst with strong JD Edwards EnterpriseOne (JDE E1) experience to support, enhance, and develop enterprise systems across the business. This role plays a key part in ensuring systems are selected, implemented, maintained, and improved to a high standard, while aligning technology solutions with busin... ",r,2026-04-21,https://www.reed.co.uk/jobs/technical-business-analyst-enterpriseone-and-jde/56810453,Reed,2026-05-30T19:26:58.864984
reed_56493875,Product Data Scientist/Analyst,Harnham - Data & Analytics Recruitment,London,Greater London,United Kingdom,51.5074456,-0.1277653,,60000.0,80000.0,GBP,Full-time,"Job Title: Product Data Scientist - Hybrid - Up to 80,000 Location: London (Hybrid, 2 days p/w in office) Salary: Up to 80,000 + benefits Contract: Permanent The Company A well-established and fast-growing organisation going through an exciting period of digital transformation. With a strong customer focus, they use data and technology to deliver meaningful products and services to a wide audience. The business is scaling its data capabilities a... ","git, go, r",2026-02-19,https://www.reed.co.uk/jobs/product-data-scientist-analyst/56493875,Reed,2026-05-30T19:26:58.865302
reed_56862484,Credit Risk Analyst (Trading / Financial Services),Sumitomo Corporation,EC4V3BJ,City of London,United Kingdom,51.51073,-0.0939099,,45000.0,65000.0,GBP,Full-time,"Credit Risk Analyst (Trading / Financial Services) This is an exciting opportunity for a Credit Risk Analyst (Trading / Financial Services) to join Sumitomo Corporation Europe Limited, supporting credit risk management, financial analysis, and trading risk within a global corporate environment. If you’ve also worked in the following roles, we’d also like to hear from you: Financial Risk Analyst, Trade Finance Analyst, Credit Analyst, Risk Analys... ","r, risk management",2026-05-05,https://www.reed.co.uk/jobs/credit-risk-analyst-trading-financial-services/56862484,Reed,2026-05-30T19:26:58.865623
reed_56916708,Data Analyst Trainee,ITOL Recruit,SE186HQ,Greater London,United Kingdom,51.489296,0.0656909,,30000.0,50000.0,GBP,Full-time,"Are you looking to benefit from a new career in Data Analysis? If you are detail orientated, perceptive, organised, competent, analytical and can communicate well with those around you; you could have a truly rewarding future as a Data Analyst Demand for Data Analysts has grown 20% year on year with experienced analysts easily commanding salaries of 50k+. All business decisions rely on data to ensure correct business decisions are made and there... ","data analysis, r",2026-05-19,https://www.reed.co.uk/jobs/data-analyst-trainee/56916708,Reed,2026-05-30T19:27:02.811903
reed_56949941,Data Analyst Trainee,ITOL Recruit,CF103ND,Cardiff,United Kingdom,51.48515,-3.17866,,30000.0,50000.0,GBP,Full-time,"Are you looking to benefit from a new career in Data Analysis? If you are detail orientated, perceptive, organised, competent, analytical and can communicate well with those around you; you could have a truly rewarding future as a Data Analyst Please note this career program is designed for entry level individuals with limited or no experience, so please do not apply if you are already an experience Data Analyst as we will be looking primarily a... ","data analysis, r",2026-05-28,https://www.reed.co.uk/jobs/data-analyst-trainee/56949941,Reed,2026-05-30T19:27:05.473970
reed_56889711,Data Analyst Trainee,ITOL Recruit,LE19BG,City of Leicester,United Kingdom,52.633568,-1.1328918,,30000.0,50000.0,GBP,Full-time,"Trainee Data Analyst – No Experience Needed Build a future-proof career in Data &amp; AI – starting today. Artificial Intelligence runs on data — and businesses are crying out for professionals who can collect, analyse, and interpret it. Looking for a career change? Want something analytical, structured, and financially rewarding? Or maybe you're ready to break into tech but don’t know where to start? ITOL Recruit’s Data Analyst Career Programme... ","r, ui",2026-05-12,https://www.reed.co.uk/jobs/data-analyst-trainee/56889711,Reed,2026-05-30T19:27:08.135799
reed_56924124,Data Analyst Trainee,ITOL Recruit,RM14GR,Greater London,United Kingdom,51.5821806,0.184954,,30000.0,50000.0,GBP,Full-time,"Are you looking to benefit from a new career in Data Analysis? If you are detail orientated, perceptive, organised, competent, analytical and can communicate well with those around you; you could have a truly rewarding future as a Data Analyst Demand for Data Analysts has grown 20% year on year with experienced analysts easily commanding salaries of 50k+. All business decisions rely on data to ensure correct business decisions are made and there... ","data analysis, r",2026-05-20,https://www.reed.co.uk/jobs/data-analyst-trainee/56924124,Reed,2026-05-30T19:27:11.208690
reed_56949919,Data Analyst Trainee,ITOL Recruit,SW1E6QP,City of Westminster,United Kingdom,51.497509,-0.13725,,30000.0,50000.0,GBP,Full-time,"Are you looking to benefit from a new career in Data Analysis? If you are detail orientated, perceptive, organised, competent, analytical and can communicate well with those around you; you could have a truly rewarding future as a Data Analyst Demand for Data Analysts has grown 20% year on year with experienced analysts easily commanding salaries of 50k+. All business decisions rely on data to ensure correct business decisions are made and there... ","data analysis, r",2026-05-28,https://www.reed.co.uk/jobs/data-analyst-trainee/56949919,Reed,2026-05-30T19:27:13.461165
reed_56923594,Data Analyst Trainee,ITOL Recruit,IP11DH,Ipswich,United Kingdom,52.0574213,1.1523254,,30000.0,50000.0,GBP,Full-time,"Are you looking to benefit from a new career in Data Analysis? If you are detail orientated, perceptive, organised, competent, analytical and can communicate well with those around you; you could have a truly rewarding future as a Data Analyst We do this using our specialised Data Analyst career programme which looks to assist and place qualified candidates into a career pathway in Data Analysis. Please note this career program is designed for e... ","data analysis, r",2026-05-20,https://www.reed.co.uk/jobs/data-analyst-trainee/56923594,Reed,2026-05-30T19:27:19.195986
reed_56950063,Trainee Data Analyst,ITOL Recruit,W52BJ,Greater London,United Kingdom,51.51401,-0.30724,,30000.0,50000.0,GBP,Full-time,"Are you looking to benefit from a new career in Data Analysis? If you are detail orientated, perceptive, organised, competent, analytical and can communicate well with those around you; you could have a truly rewarding future as a Data Analyst We do this using our specialised Data Analyst career programme which looks to assist and place qualified candidates into a career pathway in Data Analysis. Please note this career program is designed for e... ","data analysis, r",2026-05-28,https://www.reed.co.uk/jobs/trainee-data-analyst/56950063,Reed,2026-05-30T19:27:21.656239
reed_56950053,Trainee Data Analyst,ITOL Recruit,CR01NX,Greater London,United Kingdom,51.3721949,-0.1000152,,30000.0,50000.0,GBP,Full-time,"Are you looking to benefit from a new career in Data Analysis? If you are detail orientated, perceptive, organised, competent, analytical and can communicate well with those around you; you could have a truly rewarding future as a Data Analyst We do this using our specialised Data Analyst career programme which looks to assist and place qualified candidates into a career pathway in Data Analysis. Please note this career program is designed for e... ","data analysis, r",2026-05-28,https://www.reed.co.uk/jobs/trainee-data-analyst/56950053,Reed,2026-05-30T19:27:23.378367
reed_56950044,Data Analyst Trainee,ITOL Recruit,SW21RW,Greater London,United Kingdom,51.4606797,-0.1171183,,30000.0,50000.0,GBP,Full-time,"Are you looking to benefit from a new career in Data Analysis? If you are detail orientated, perceptive, organised, competent, analytical and can communicate well with those around you; you could have a truly rewarding future as a Data Analyst We do this using our specialised Data Analyst career programme which looks to assist and place qualified candidates into a career pathway in Data Analysis. Please note this career program is designed for e... ","data analysis, r",2026-05-28,https://www.reed.co.uk/jobs/data-analyst-trainee/56950044,Reed,2026-05-30T19:27:25.543995
reed_56950029,Trainee Data Analyst,ITOL Recruit,Leeds,Leeds,United Kingdom,53.7974185,-1.5437941,,30000.0,50000.0,GBP,Full-time,"Are you looking to benefit from a new career in Data Analysis? If you are detail orientated, perceptive, organised, competent, analytical and can communicate well with those around you; you could have a truly rewarding future as a Data Analyst We do this using our specialised Data Analyst career programme which looks to assist and place qualified candidates into a career pathway in Data Analysis. Please note this career program is designed for e... ","data analysis, r",2026-05-28,https://www.reed.co.uk/jobs/trainee-data-analyst/56950029,Reed,2026-05-30T19:27:27.799227
reed_56916900,Data Analyst Trainee,ITOL Recruit,EH88BG,City of Edinburgh,United Kingdom,55.95175,-3.18393,,30000.0,50000.0,GBP,Full-time,"Are you looking to benefit from a new career in Data Analysis? If you are detail orientated, perceptive, organised, competent, analytical and can communicate well with those around you; you could have a truly rewarding future as a Data Analyst We do this using our specialised Data Analyst career programme which looks to assist and place qualified candidates into a career pathway in Data Analysis. Please note this career program is designed for e... ","data analysis, r",2026-05-19,https://www.reed.co.uk/jobs/data-analyst-trainee/56916900,Reed,2026-05-30T19:27:27.799629
reed_56916800,Trainee Data Analyst,ITOL Recruit,PR12RL,Preston,United Kingdom,53.75989,-2.6987,,30000.0,50000.0,GBP,Full-time,"Are you looking to benefit from a new career in Data Analysis? If you are detail orientated, perceptive, organised, competent, analytical and can communicate well with those around you; you could have a truly rewarding future as a Data Analyst We do this using our specialised Data Analyst career programme which looks to assist and place qualified candidates into a career pathway in Data Analysis. Please note this career program is designed for e... ","data analysis, r",2026-05-19,https://www.reed.co.uk/jobs/trainee-data-analyst/56916800,Reed,2026-05-30T19:27:31.277350
reed_56916791,Trainee Data Analyst,ITOL Recruit,EH88BG,City of Edinburgh,United Kingdom,55.95175,-3.18393,,30000.0,50000.0,GBP,Full-time,"Are you looking to benefit from a new career in Data Analysis? If you are detail orientated, perceptive, organised, competent, analytical and can communicate well with those around you; you could have a truly rewarding future as a Data Analyst We do this using our specialised Data Analyst career programme which looks to assist and place qualified candidates into a career pathway in Data Analysis. Please note this career program is designed for e... ","data analysis, r",2026-05-19,https://www.reed.co.uk/jobs/trainee-data-analyst/56916791,Reed,2026-05-30T19:27:33.532451
reed_56916745,Data Analyst Trainee,ITOL Recruit,HD11BG,Kirklees,United Kingdom,53.6477552,-1.7823597,,30000.0,50000.0,GBP,Full-time,"Are you looking to benefit from a new career in Data Analysis? If you are detail orientated, perceptive, organised, competent, analytical and can communicate well with those around you; you could have a truly rewarding future as a Data Analyst We do this using our specialised Data Analyst career programme which looks to assist and place qualified candidates into a career pathway in Data Analysis. Please note this career program is designed for e... ","data analysis, r",2026-05-19,https://www.reed.co.uk/jobs/data-analyst-trainee/56916745,Reed,2026-05-30T19:27:33.532882
reed_56916735,Trainee Data Analyst,ITOL Recruit,B33DQ,Birmingham,United Kingdom,52.4794289,-1.9036507,,30000.0,50000.0,GBP,Full-time,"Are you looking to benefit from a new career in Data Analysis? If you are detail orientated, perceptive, organised, competent, analytical and can communicate well with those around you; you could have a truly rewarding future as a Data Analyst We do this using our specialised Data Analyst career programme which looks to assist and place qualified candidates into a career pathway in Data Analysis. Please note this career program is designed for e... ","data analysis, r",2026-05-19,https://www.reed.co.uk/jobs/trainee-data-analyst/56916735,Reed,2026-05-30T19:27:35.989022
reed_56916662,Trainee Data Analyst,ITOL Recruit,KT11EU,Greater London,United Kingdom,51.4083664,-0.3052746,,30000.0,50000.0,GBP,Full-time,"Are you looking to benefit from a new career in Data Analysis? If you are detail orientated, perceptive, organised, competent, analytical and can communicate well with those around you; you could have a truly rewarding future as a Data Analyst We do this using our specialised Data Analyst career programme which looks to assist and place qualified candidates into a career pathway in Data Analysis. Please note this career program is designed for e... ","data analysis, r",2026-05-19,https://www.reed.co.uk/jobs/trainee-data-analyst/56916662,Reed,2026-05-30T19:27:38.652007
reed_56916649,Data Analyst Trainee,ITOL Recruit,ME141TF,Maidstone,United Kingdom,51.27332,0.52201,,30000.0,50000.0,GBP,Full-time,"Are you looking to benefit from a new career in Data Analysis? If you are detail orientated, perceptive, organised, competent, analytical and can communicate well with those around you; you could have a truly rewarding future as a Data Analyst We do this using our specialised Data Analyst career programme which looks to assist and place qualified candidates into a career pathway in Data Analysis. Please note this career program is designed for e... ","data analysis, r",2026-05-19,https://www.reed.co.uk/jobs/data-analyst-trainee/56916649,Reed,2026-05-30T19:27:41.674423
reed_56916624,Trainee Data Analyst,ITOL Recruit,N12UD,Greater London,United Kingdom,51.5417525,-0.102106,,30000.0,50000.0,GBP,Full-time,"Are you looking to benefit from a new career in Data Analysis? If you are detail orientated, perceptive, organised, competent, analytical and can communicate well with those around you; you could have a truly rewarding future as a Data Analyst We do this using our specialised Data Analyst career programme which looks to assist and place qualified candidates into a career pathway in Data Analysis. Please note this career program is designed for e... ","data analysis, r",2026-05-19,https://www.reed.co.uk/jobs/trainee-data-analyst/56916624,Reed,2026-05-30T19:27:43.769483
reed_56945171,Data Analyst Trainee,ITOL Recruit,OL11UH,Oldham,United Kingdom,53.54149,-2.09983,,30000.0,50000.0,GBP,Full-time,"Are you looking to benefit from a new career in Data Analysis? If you are detail orientated, perceptive, organised, competent, analytical and can communicate well with those around you; you could have a truly rewarding future as a Data Analyst We do this using our specialised Data Analyst career programme which looks to assist and place qualified candidates into a career pathway in Data Analysis. Please note this career program is designed for e... ","data analysis, r",2026-05-27,https://www.reed.co.uk/jobs/data-analyst-trainee/56945171,Reed,2026-05-30T19:27:47.662484
reed_56945144,Data Analyst Trainee,ITOL Recruit,NG23NG,City of Nottingham,United Kingdom,52.9481054,-1.1448083,,30000.0,50000.0,GBP,Full-time,"Are you looking to benefit from a new career in Data Analysis? If you are detail orientated, perceptive, organised, competent, analytical and can communicate well with those around you; you could have a truly rewarding future as a Data Analyst We do this using our specialised Data Analyst career programme which looks to assist and place qualified candidates into a career pathway in Data Analysis. Please note this career program is designed for e... ","data analysis, r",2026-05-27,https://www.reed.co.uk/jobs/data-analyst-trainee/56945144,Reed,2026-05-30T19:27:49.710722
reed_56945139,Data Analyst Trainee,ITOL Recruit,WA101HP,St Helens,United Kingdom,53.45415,-2.73493,,30000.0,50000.0,GBP,Full-time,"Are you looking to benefit from a new career in Data Analysis? If you are detail orientated, perceptive, organised, competent, analytical and can communicate well with those around you; you could have a truly rewarding future as a Data Analyst We do this using our specialised Data Analyst career programme which looks to assist and place qualified candidates into a career pathway in Data Analysis. Please note this career program is designed for e... ","data analysis, r",2026-05-27,https://www.reed.co.uk/jobs/data-analyst-trainee/56945139,Reed,2026-05-30T19:27:51.759711
reed_56945134,Data Analyst Trainee,ITOL Recruit,EN27AX,Greater London,United Kingdom,51.65348,-0.0939099,,30000.0,50000.0,GBP,Full-time,"Are you looking to benefit from a new career in Data Analysis? If you are detail orientated, perceptive, organised, competent, analytical and can communicate well with those around you; you could have a truly rewarding future as a Data Analyst We do this using our specialised Data Analyst career programme which looks to assist and place qualified candidates into a career pathway in Data Analysis. Please note this career program is designed for e... ","data analysis, r",2026-05-27,https://www.reed.co.uk/jobs/data-analyst-trainee/56945134,Reed,2026-05-30T19:27:54.219285
reed_56895367,Data Analyst Trainee,ITOL Recruit,TW13BZ,Greater London,United Kingdom,51.4478067,-0.3257664,,30000.0,50000.0,GBP,Full-time,"Are you looking to benefit from a new career in Data Analysis? If you are detail orientated, perceptive, organised, competent, analytical and can communicate well with those around you; you could have a truly rewarding future as a Data Analyst We do this using our specialised Data Analyst career programme which looks to assist and place qualified candidates into a career pathway in Data Analysis. Please note this career program is designed for e... ","data analysis, r",2026-05-13,https://www.reed.co.uk/jobs/data-analyst-trainee/56895367,Reed,2026-05-30T19:27:57.087027
reed_56895348,Data Analyst Trainee,ITOL Recruit,N65BA,Greater London,United Kingdom,51.5734167,-0.1405976,,30000.0,50000.0,GBP,Full-time,"Are you looking to benefit from a new career in Data Analysis? If you are detail orientated, perceptive, organised, competent, analytical and can communicate well with those around you; you could have a truly rewarding future as a Data Analyst We do this using our specialised Data Analyst career programme which looks to assist and place qualified candidates into a career pathway in Data Analysis. Please note this career program is designed for e... ","data analysis, r",2026-05-13,https://www.reed.co.uk/jobs/data-analyst-trainee/56895348,Reed,2026-05-30T19:27:59.340891
reed_56895347,Data Analyst Trainee,ITOL Recruit,NN11DE,Northampton,United Kingdom,52.2373388,-0.8938676,,30000.0,50000.0,GBP,Full-time,"Are you looking to benefit from a new career in Data Analysis? If you are detail orientated, perceptive, organised, competent, analytical and can communicate well with those around you; you could have a truly rewarding future as a Data Analyst We do this using our specialised Data Analyst career programme which looks to assist and place qualified candidates into a career pathway in Data Analysis. Please note this career program is designed for e... ","data analysis, r",2026-05-13,https://www.reed.co.uk/jobs/data-analyst-trainee/56895347,Reed,2026-05-30T19:28:01.794330
reed_56895344,Data Analyst Trainee,ITOL Recruit,MK93HQ,City of Milton Keynes,United Kingdom,52.0432599,-0.76084,,30000.0,50000.0,GBP,Full-time,"Are you looking to benefit from a new career in Data Analysis? If you are detail orientated, perceptive, organised, competent, analytical and can communicate well with those around you; you could have a truly rewarding future as a Data Analyst We do this using our specialised Data Analyst career programme which looks to assist and place qualified candidates into a career pathway in Data Analysis. Please note this career program is designed for e... ","data analysis, r",2026-05-13,https://www.reed.co.uk/jobs/data-analyst-trainee/56895344,Reed,2026-05-30T19:28:04.048409
reed_56895342,Data Analyst Trainee,ITOL Recruit,DA14FH,Greater London,United Kingdom,51.4495999,0.18084,,30000.0,50000.0,GBP,Full-time,"Are you looking to benefit from a new career in Data Analysis? If you are detail orientated, perceptive, organised, competent, analytical and can communicate well with those around you; you could have a truly rewarding future as a Data Analyst We do this using our specialised Data Analyst career programme which looks to assist and place qualified candidates into a career pathway in Data Analysis. Please note this career program is designed for e... ","data analysis, r",2026-05-13,https://www.reed.co.uk/jobs/data-analyst-trainee/56895342,Reed,2026-05-30T19:28:06.095275
reed_56895116,Data Analyst Trainee,ITOL Recruit,HA12XY,Greater London,United Kingdom,51.5892942,-0.3345877,,30000.0,50000.0,GBP,Full-time,"Are you looking to benefit from a new career in Data Analysis? If you are detail orientated, perceptive, organised, competent, analytical and can communicate well with those around you; you could have a truly rewarding future as a Data Analyst We do this using our specialised Data Analyst career programme which looks to assist and place qualified candidates into a career pathway in Data Analysis. Please note this career program is designed for e... ","data analysis, r",2026-05-13,https://www.reed.co.uk/jobs/data-analyst-trainee/56895116,Reed,2026-05-30T19:28:08.349620
reed_56890066,Data Analyst Trainee,ITOL Recruit,BL11RU,Bolton,United Kingdom,53.57823,-2.43077,,30000.0,50000.0,GBP,Full-time,"Are you looking to benefit from a new career in Data Analysis? If you are detail orientated, perceptive, organised, competent, analytical and can communicate well with those around you; you could have a truly rewarding future as a Data Analyst We do this using our specialised Data Analyst career programme which looks to assist and place qualified candidates into a career pathway in Data Analysis. Please note this career program is designed for e... ","data analysis, r",2026-05-12,https://www.reed.co.uk/jobs/data-analyst-trainee/56890066,Reed,2026-05-30T19:28:10.602401
reed_56890042,Trainee Data Analyst,ITOL Recruit,SW191LA,Greater London,United Kingdom,51.4151272,-0.1970034,,30000.0,50000.0,GBP,Full-time,"Are you looking to benefit from a new career in Data Analysis? If you are detail orientated, perceptive, organised, competent, analytical and can communicate well with those around you; you could have a truly rewarding future as a Data Analyst We do this using our specialised Data Analyst career programme which looks to assist and place qualified candidates into a career pathway in Data Analysis. Please note this career program is designed for e... ","data analysis, r",2026-05-12,https://www.reed.co.uk/jobs/trainee-data-analyst/56890042,Reed,2026-05-30T19:28:12.851766
reed_56889980,Trainee Data Analyst,ITOL Recruit,SW182PU,Greater London,United Kingdom,51.4580251,-0.1905561,,30000.0,50000.0,GBP,Full-time,"Are you looking to benefit from a new career in Data Analysis? If you are detail orientated, perceptive, organised, competent, analytical and can communicate well with those around you; you could have a truly rewarding future as a Data Analyst We do this using our specialised Data Analyst career programme which looks to assist and place qualified candidates into a career pathway in Data Analysis. Please note this career program is designed for e... ","data analysis, r",2026-05-12,https://www.reed.co.uk/jobs/trainee-data-analyst/56889980,Reed,2026-05-30T19:28:15.059346
reed_56889956,Data Analyst Trainee,ITOL Recruit,NG181HX,Mansfield,United Kingdom,53.1440322,-1.1970425,,30000.0,50000.0,GBP,Full-time,"Are you looking to benefit from a new career in Data Analysis? If you are detail orientated, perceptive, organised, competent, analytical and can communicate well with those around you; you could have a truly rewarding future as a Data Analyst We do this using our specialised Data Analyst career programme which looks to assist and place qualified candidates into a career pathway in Data Analysis. Please note this career program is designed for e... ","data analysis, r",2026-05-12,https://www.reed.co.uk/jobs/data-analyst-trainee/56889956,Reed,2026-05-30T19:28:17.154192
reed_56889809,Data Analyst Trainee,ITOL Recruit,NE18SF,Newcastle upon Tyne,United Kingdom,54.9772688,-1.6101282,,30000.0,50000.0,GBP,Full-time,"Are you looking to benefit from a new career in Data Analysis? If you are detail orientated, perceptive, organised, competent, analytical and can communicate well with those around you; you could have a truly rewarding future as a Data Analyst We do this using our specialised Data Analyst career programme which looks to assist and place qualified candidates into a career pathway in Data Analysis. Please note this career program is designed for e... ","data analysis, r",2026-05-12,https://www.reed.co.uk/jobs/data-analyst-trainee/56889809,Reed,2026-05-30T19:28:19.406583
reed_56889645,Data Analyst Trainee,ITOL Recruit,W69JU,Greater London,United Kingdom,51.492,-0.23399,,30000.0,50000.0,GBP,Full-time,"Are you looking to benefit from a new career in Data Analysis? If you are detail orientated, perceptive, organised, competent, analytical and can communicate well with those around you; you could have a truly rewarding future as a Data Analyst We do this using our specialised Data Analyst career programme which looks to assist and place qualified candidates into a career pathway in Data Analysis. Please note this career program is designed for e... ","data analysis, r",2026-05-12,https://www.reed.co.uk/jobs/data-analyst-trainee/56889645,Reed,2026-05-30T19:28:21.454622
reed_56884066,Data Analyst Trainee,ITOL Recruit,TS11AA,Middlesbrough,United Kingdom,54.57585,-1.24494,,30000.0,50000.0,GBP,Full-time,"Are you looking to benefit from a new career in Data Analysis? If you are detail orientated, perceptive, organised, competent, analytical and can communicate well with those around you; you could have a truly rewarding future as a Data Analyst We do this using our specialised Data Analyst career programme which looks to assist and place qualified candidates into a career pathway in Data Analysis. Please note this career program is designed for e... ","data analysis, r",2026-05-11,https://www.reed.co.uk/jobs/data-analyst-trainee/56884066,Reed,2026-05-30T19:28:23.912593
reed_56884049,Trainee Data Analyst,ITOL Recruit,NE18SF,Newcastle upon Tyne,United Kingdom,54.9772688,-1.6101282,,30000.0,50000.0,GBP,Full-time,"Are you looking to benefit from a new career in Data Analysis? If you are detail orientated, perceptive, organised, competent, analytical and can communicate well with those around you; you could have a truly rewarding future as a Data Analyst We do this using our specialised Data Analyst career programme which looks to assist and place qualified candidates into a career pathway in Data Analysis. Please note this career program is designed for e... ","data analysis, r",2026-05-11,https://www.reed.co.uk/jobs/trainee-data-analyst/56884049,Reed,2026-05-30T19:28:26.098174
reed_56870424,Data Analyst Trainee,ITOL Recruit,PL13BJ,Plymouth,United Kingdom,50.3667226,-4.1526572,,30000.0,50000.0,GBP,Full-time,"Are you looking to benefit from a new career in Data Analysis? If you are detail orientated, perceptive, organised, competent, analytical and can communicate well with those around you; you could have a truly rewarding future as a Data Analyst We do this using our specialised Data Analyst career programme which looks to assist and place qualified candidates into a career pathway in Data Analysis. Please note this career program is designed for e... ","data analysis, r",2026-05-07,https://www.reed.co.uk/jobs/data-analyst-trainee/56870424,Reed,2026-05-30T19:28:26.098494
reed_56858926,Data Analyst Trainee,ITOL Recruit,NP204UR,Newport,United Kingdom,51.5886667,-3.0062026,,30000.0,50000.0,GBP,Full-time,"Are you looking to benefit from a new career in Data Analysis? If you are detail orientated, perceptive, organised, competent, analytical and can communicate well with those around you; you could have a truly rewarding future as a Data Analyst We do this using our specialised Data Analyst career programme which looks to assist and place qualified candidates into a career pathway in Data Analysis. Please note this career program is designed for e... ","data analysis, r",2026-05-05,https://www.reed.co.uk/jobs/data-analyst-trainee/56858926,Reed,2026-05-30T19:28:28.623531
reed_56858923,Data Analyst Trainee,ITOL Recruit,PR12RL,Preston,United Kingdom,53.75989,-2.6987,,30000.0,50000.0,GBP,Full-time,"Are you looking to benefit from a new career in Data Analysis? If you are detail orientated, perceptive, organised, competent, analytical and can communicate well with those around you; you could have a truly rewarding future as a Data Analyst We do this using our specialised Data Analyst career programme which looks to assist and place qualified candidates into a career pathway in Data Analysis. Please note this career program is designed for e... ","data analysis, r",2026-05-05,https://www.reed.co.uk/jobs/data-analyst-trainee/56858923,Reed,2026-05-30T19:28:31.080639
reed_56858918,Data Analyst Trainee,ITOL Recruit,CH415EU,,United Kingdom,53.3933899,-3.01395,,30000.0,50000.0,GBP,Full-time,"Are you looking to benefit from a new career in Data Analysis? If you are detail orientated, perceptive, organised, competent, analytical and can communicate well with those around you; you could have a truly rewarding future as a Data Analyst We do this using our specialised Data Analyst career programme which looks to assist and place qualified candidates into a career pathway in Data Analysis. Please note this career program is designed for e... ","data analysis, r",2026-05-05,https://www.reed.co.uk/jobs/data-analyst-trainee/56858918,Reed,2026-05-30T19:28:31.080962
reed_56858916,Data Analyst Trainee,ITOL Recruit,SW182PU,Greater London,United Kingdom,51.4580251,-0.1905561,,30000.0,50000.0,GBP,Full-time,"Are you looking to benefit from a new career in Data Analysis? If you are detail orientated, perceptive, organised, competent, analytical and can communicate well with those around you; you could have a truly rewarding future as a Data Analyst We do this using our specialised Data Analyst career programme which looks to assist and place qualified candidates into a career pathway in Data Analysis. Please note this career program is designed for e... ","data analysis, r",2026-05-05,https://www.reed.co.uk/jobs/data-analyst-trainee/56858916,Reed,2026-05-30T19:28:33.334034
reed_56858911,Data Analyst Trainee,ITOL Recruit,HA90AD,Greater London,United Kingdom,51.56188,-0.27757,,30000.0,50000.0,GBP,Full-time,"Are you looking to benefit from a new career in Data Analysis? If you are detail orientated, perceptive, organised, competent, analytical and can communicate well with those around you; you could have a truly rewarding future as a Data Analyst We do this using our specialised Data Analyst career programme which looks to assist and place qualified candidates into a career pathway in Data Analysis. Please note this career program is designed for e... ","data analysis, r",2026-05-05,https://www.reed.co.uk/jobs/data-analyst-trainee/56858911,Reed,2026-05-30T19:28:33.334346
reed_56858910,Data Analyst Trainee,ITOL Recruit,BR11RY,Greater London,United Kingdom,51.4059611,0.0170053,,30000.0,50000.0,GBP,Full-time,"Are you looking to benefit from a new career in Data Analysis? If you are detail orientated, perceptive, organised, competent, analytical and can communicate well with those around you; you could have a truly rewarding future as a Data Analyst We do this using our specialised Data Analyst career programme which looks to assist and place qualified candidates into a career pathway in Data Analysis. Please note this career program is designed for e... ","data analysis, r",2026-05-05,https://www.reed.co.uk/jobs/data-analyst-trainee/56858910,Reed,2026-05-30T19:28:35.585997
reed_56837462,Data Analyst Trainee,ITOL Recruit,RM82JN,Greater London,United Kingdom,51.559608,0.1220737,,30000.0,50000.0,GBP,Full-time,"Are you looking to benefit from a new career in Data Analysis? If you are detail orientated, perceptive, organised, competent, analytical and can communicate well with those around you; you could have a truly rewarding future as a Data Analyst We do this using our specialised Data Analyst career programme which looks to assist and place qualified candidates into a career pathway in Data Analysis. Please note this career program is designed for e... ","data analysis, r",2026-04-29,https://www.reed.co.uk/jobs/data-analyst-trainee/56837462,Reed,2026-05-30T19:28:38.249608
reed_56949989,Trainee Data Analyst,ITOL Recruit,HA12XY,Greater London,United Kingdom,51.5892942,-0.3345877,,30000.0,50000.0,GBP,Full-time,"Trainee Data Analyst – No Experience Needed Build a future-proof career in Data &amp; AI – starting today. Artificial Intelligence runs on data — and businesses are crying out for professionals who can collect, analyse, and interpret it. Looking for a career change? Want something analytical, structured, and financially rewarding? Or maybe you're ready to break into tech but don’t know where to start? ITOL Recruit’s Data Analyst Career Programme... ","r, ui",2026-05-28,https://www.reed.co.uk/jobs/trainee-data-analyst/56949989,Reed,2026-05-30T19:28:40.300789
reed_56906595,IT Governance Analyst - Offshore Wind Industry,Cadeler,Norwich,Norwich,United Kingdom,52.6285576,1.2923954,,,,GBP,Full-time,"IT Governance Analyst – Offshore Wind Industry Location: Copenhagen HQ, Norwich, Vejle Salary : Competitive Vacancy Type: Permanent, Full Time Are you passionate about IT governance, cyber security, risk management, and building structured, compliant processes that strengthen organizational resilience? Do you want to work in the offshore wind industry where your skills and expertise will help secure a sustainable future based on renewable energy... ","go, r, risk management, ui",2026-05-15,https://www.reed.co.uk/jobs/it-governance-analyst-offshore-wind-industry/56906595,Reed,2026-05-30T19:28:40.301118
reed_56810145,Data Systems Analyst,Robert Walters,DY11UB,Dudley,United Kingdom,52.5081526,-2.0951838,,,,GBP,Full-time,"An exciting opportunity for a contract Data Systems Analyst extract &amp; transform data from scratch. This role involves developing ETL processes, creating dashboards, and enabling data-driven decision-making across the organisation Contract Data Systems Analyst Key Responsibilities Data Systems Analyst Extract and process data using Power Query and develop ETL pipelines. Create interactive dashboards and reports for stakeholders. Ensure data q... ",r,2026-04-21,https://www.reed.co.uk/jobs/data-systems-analyst/56810145,Reed,2026-05-30T19:28:42.647135
reed_56851167,Data Analyst Trainee,Newto Training,London,Greater London,United Kingdom,51.5074456,-0.1277653,,25000.0,78000.0,GBP,Full-time,"Are you ready to start a new career in Data Analysis? The demand for Data Analysts has grown by 20% annually, with experienced professionals earning salaries upwards of 58,000. In today’s digital world, data is critical to business decision-making, making the role of a Data Analyst indispensable. As skills shortages continue to grow, the demand for qualified entry-level professionals is on the rise. With our Data Analytics career programme we wi... ","data analysis, git, r",2026-05-01,https://www.reed.co.uk/jobs/data-analyst-trainee/56851167,Reed,2026-05-30T19:28:45.008523
reed_56948348,Data Systems Analyst,AWD online,TW46NF,Greater London,United Kingdom,51.47308,-0.40764,,50000.0,55000.0,GBP,Full-time,"Data Systems Analyst A fantastic opportunity for an analytical Data Systems Analyst with experience in data quality, SQL, GDPR, system integrations, compliance, reporting and data flow mapping. If you’ve also worked in the following roles, we’d also like to hear from you: Data Governance Analyst, Data Analyst, Business Analyst, Compliance Analyst, Business Systems Analyst, Reporting Analyst, Data Quality Analyst SALARY: 50,000 - 55,000 pro rata ... ","go, r, sql",2026-05-27,https://www.reed.co.uk/jobs/data-systems-analyst/56948348,Reed,2026-05-30T19:28:45.008910
reed_56814605,Contract Data Analyst,Shorterm Group,Cheltenham,Cheltenham,United Kingdom,51.8995685,-2.0711559,,,,GBP,Full-time,"Role: Contract Data Analyst Location: Cheltenham, onsite Salary: Negotiable, depending on experience Duration: 12 months initially Role A detail-oriented and impact driven Data Analyst to support project delivery and continuous improvement initiatives working closely with the customer. This role blends strong analytical skills with project support and process optimisation, turning data into insights that improve efficiency, quality, and decision... ","go, r",2026-04-22,https://www.reed.co.uk/jobs/contract-data-analyst/56814605,Reed,2026-05-30T19:28:47.053064
reed_56957537,Asset Data Analyst,Reed,S702RD,Barnsley,United Kingdom,53.5536583,-1.4869556,,22.2,22.2,GBP,Full-time,"Asset Data Analyst Hourly Rate: 22.20 Location: Barnsley S70 Job Type: Full-time, Temporary Contract (Hybrid) We are seeking an Asset Data Analyst to join our team on a temporary full-time basis. This role involves managing and improving our Asset Management System, supporting project delivery within the Asset Management team, and ensuring effective data collection and analysis. Day-to-day of the role: Manage and configure the Asset Management S... ",r,2026-05-29,https://www.reed.co.uk/jobs/asset-data-analyst/56957537,Reed,2026-05-30T19:28:49.416814
reed_56946783,Data Migration Analyst,Reed,NW18YW,Greater London,United Kingdom,51.54066,-0.15684,,450.0,650.0,GBP,Full-time,"Data Migration Analyst - Oracle Migration Location: London (3 days onsite minimum) Day Rate: 450 - 650 per day (Inside IR35) Contract: Initial 6 months (likely extension) We are seeking an experienced Data Migration Analyst to support a large-scale transformation programme, migrating from Oracle E-Business Suite (EBS) to Oracle Fusion Cloud. This is a critical role within a high-profile programme, where you’ll play a key part in ensuring accurat... ","r, ui",2026-05-27,https://www.reed.co.uk/jobs/data-migration-analyst/56946783,Reed,2026-05-30T19:28:51.765985
reed_56936671,Digital Data Analyst,Harnham - Data & Analytics Recruitment,London,Greater London,United Kingdom,51.5074456,-0.1277653,,48000.0,48000.0,GBP,Full-time,"Digital Data Analyst Up to 48,000 + benefits St James' Park, London (2 days a week in the office) About the role Digital Data Analyst role within a premium retail brand, focused on ecommerce performance and commercial insight. This role sits between the ecommerce and data teams, helping translate digital trading questions into clear, actionable insight. The role As a Digital Data Analyst, you'll work closely with ecommerce stakeholders to unders... ","git, r",2026-05-22,https://www.reed.co.uk/jobs/digital-data-analyst/56936671,Reed,2026-05-30T19:28:54.021827
reed_56860795,Business Data Analyst,Randstad Technologies,London,Greater London,United Kingdom,51.5074456,-0.1277653,,250.0,277.0,GBP,Full-time,"Role: Business Data Analyst Location: London, UK Role Type: Contract Duration: 6 Months The Opportunity Are you a Senior Data Analyst who is tired of just ""maintaining"" dashboards? Our client is looking for a forward-thinking analyst to join a Global Customer Success Data Science team for a world-leading financial technology organization. This isn't a traditional reporting role. You will be part of a team that is actively embedding Generative AI... ",r,2026-05-05,https://www.reed.co.uk/jobs/business-data-analyst/56860795,Reed,2026-05-30T19:28:54.022535
reed_56832438,Senior Data Analyst,Signature Recruitment,London,Greater London,United Kingdom,51.5074456,-0.1277653,,30.0,33.0,GBP,Full-time,"Do you enjoy uncovering the story behind complex data? Are you confident using tools like Power BI and Tableau to deliver clear, meaningful insight? Ready to shape decisions by presenting data in a way that truly lands? Signature Recruitment are working with a well-regarded London organisation to recruit a Senior Data Analyst, offering a hybrid working pattern and immediate start. This 6-month temporary Senior Data Analyst role is based in Londo... ","power bi, r, tableau, ui",2026-04-28,https://www.reed.co.uk/jobs/senior-data-analyst/56832438,Reed,2026-05-30T19:28:54.022893
reed_56520664,Marketing Data Analyst,Armstrong Lloyd - Marketing Recruitment,RG217PP,Basingstoke and Deane,United Kingdom,51.2668996,-1.0912816,,50000.0,60000.0,GBP,Full-time,"Our client is an established technology platform business seeking a Marketing Data Analyst to take ownership of reporting, insights, and data-driven decision-making across their marketing function. This role focuses on transforming data into compelling narratives that inform strategy, demonstrate ROI, and enable the marketing team to self-serve analytics. You'll work closely with their data engineering team who manage the core infrastructure, wh... ",r,2026-02-23,https://www.reed.co.uk/jobs/marketing-data-analyst/56520664,Reed,2026-05-30T19:28:54.023172
reed_56892375,HR Data Analyst,Morgan Hunt Recruitment,LS11HT,Leeds,United Kingdom,53.79709,-1.55067,,26000.0,29000.0,GBP,Full-time,"Junior HR Data Analyst Leeds (1 day per week on-site) 26,000 - 29,000 per annum Until November 2026- strong chance of extension until June 2027 The Opportunity We're looking for a detail-oriented HR Data Analyst to join a major transformation programme, supporting the implementation of a modern HR landscape including platforms such as SAP S/4HANA, SuccessFactors, Oracle, or iTrent. This is a fantastic opportunity to work at the heart of a large-... ",r,2026-05-12,https://www.reed.co.uk/jobs/hr-data-analyst/56892375,Reed,2026-05-30T19:28:56.271468
reed_56820948,Graduate Data Analyst,Quorum Network Resources,Edinburgh,City of Edinburgh,United Kingdom,55.9533456,-3.1883749,,,,GBP,Full-time,"Graduate Data Analyst | Edinburgh (Hybrid) | Graduate Opportunity | Competitive Pay &amp; Benefits Kick-start your data career with one of Scotland’s leading Microsoft Partners. At Quorum, we don’t just offer jobs - we build careers. As a Microsoft Direct Cloud Solutions Provider (CSP) and one of Scotland’s largest Microsoft Partners, we’re growing fast and looking for a curious, driven Graduate Data Analyst to join our team. If you’re passionat... ","r, ui",2026-04-24,https://www.reed.co.uk/jobs/graduate-data-analyst/56820948,Reed,2026-05-30T19:28:59.548028
reed_56941275,Marketing Data Analyst,MTrec Recruitment,Newcastle Upon Tyne,Newcastle upon Tyne,United Kingdom,54.9738474,-1.6131572,,30000.0,35000.0,GBP,Full-time,"The Company Our client is a market leader in the North East area. Due to recent growth, they are now looking to recruit a Marketing Data Analyst. The Role As their marketing data analyst you will evaluate consumer trends and campaign performance to optimize marketing strategies. Collate and interpret data to identify what drives customer actions, maximize return on investment and ensure marketing budgets are spent effectively. Monitor key metric... ","r, ui",2026-05-26,https://www.reed.co.uk/jobs/marketing-data-analyst/56941275,Reed,2026-05-30T19:28:59.548341
reed_56837291,Data Operations Analyst,High Finance (UK) Limited T/A HFG,London,Greater London,United Kingdom,51.5074456,-0.1277653,,,,GBP,Full-time,"A leading Insurance firm is looking to hire a Data Operations Analyst to join their growing Data team. You will be responsible for the reviewing transactional data for clients in their selected Policy Administration System. This involves the full analysis and forensics of comparing and tracing both premium and claims back through market and client systems. You will also provide oversight of Policy Administration on behalf of their clients, revie... ",r,2026-04-29,https://www.reed.co.uk/jobs/data-operations-analyst/56837291,Reed,2026-05-30T19:28:59.548617
reed_56878702,Lead Data Analyst,Harnham - Data & Analytics Recruitment,London,Greater London,United Kingdom,51.5074456,-0.1277653,,55000.0,65000.0,GBP,Full-time,"Lead Data Analyst London, Hybrid (1-2x per week) Up to 65,000 This is an exciting opportunity to join a high-growth organisation where data science directly shapes performance marketing strategy. You will lead a growing data science function, drive long-term analytical programmes, and play a key role in delivering meaningful commercial impact for well-known consumer brands. The Company They are a specialist performance marketing and technology b... ",r,2026-05-08,https://www.reed.co.uk/jobs/lead-data-analyst/56878702,Reed,2026-05-30T19:28:59.548915
reed_56913145,Finance Data Analyst,IMT Resourcing Solutions,Gloucester,Gloucester,United Kingdom,51.8653705,-2.2458192,,32000.0,35000.0,GBP,Full-time,"Position: Finance Data Analyst Location: Gloucester – Onsite 5 days per week Salary: 35,000 Contract: 9-Month Fixed Term Contract Benefits: Career development, exposure to large-scale business data, collaborative environment Our client, a leading organisation within the technology sector, is hiring a Finance Data Analyst to support data-driven decision making across the business. This role is heavily focused on data analysis, reporting, and deli... ","data analysis, r",2026-05-18,https://www.reed.co.uk/jobs/finance-data-analyst/56913145,Reed,2026-05-30T19:28:59.549198
reed_56908124,Investment Data Analyst,Nigel Wright Group,Newcastle Upon Tyne,Newcastle upon Tyne,United Kingdom,54.9738474,-1.6131572,,70000.0,100000.0,GBP,Full-time,"The Opportunity: A rapidly scaling, technology-driven organisation at the intersection of data, finance and advanced analytics is seeking an Investment Data Analyst to join its high-performing team in Newcastle upon Tyne. Formed as a joint venture between a global consulting firm and a leading hedge fund, the business has grown from 0 to more than 150 people in just over two years, attracting exceptional talent from across the UK and internation... ",r,2026-05-15,https://www.reed.co.uk/jobs/investment-data-analyst/56908124,Reed,2026-05-30T19:29:02.004198
reed_56914879,Data Business Analyst,Supply Staff Limited,City of Westminster,City of Westminster,United Kingdom,51.4973206,-0.137149,,300.0,300.0,GBP,Full-time,"The Role We are looking for a skilled Data Business Analyst to support our Housing Directorate, managing over 21,000 homes across the city. This is a key role combining data analysis, business analysis and systems thinking, helping transform how data drives decision-making, service delivery and investment planning. You will work across business and technical teams to turn complex datasets into clear, actionable insights, improving housing servic... ","data analysis, r",2026-05-18,https://www.reed.co.uk/jobs/data-business-analyst/56914879,Reed,2026-05-30T19:29:02.004484
reed_56950529,Senior Data Analyst,Harnham - Data & Analytics Recruitment,London,Greater London,United Kingdom,51.5074456,-0.1277653,,65000.0,75000.0,GBP,Full-time,"Senior Data Analyst London - hybrid 3x a week Up to 75,000 This is a high-impact analytics role for someone who wants to influence commercial decision-making at scale. You will sit close to senior leadership, working on insight-led projects that directly shape strategy across customer, marketing, and commercial performance. The role offers genuine autonomy, exposure to complex data, and the opportunity to drive meaningful business outcomes. The ... ","leadership, r, ui",2026-05-28,https://www.reed.co.uk/jobs/senior-data-analyst/56950529,Reed,2026-05-30T19:29:04.463897
reed_56924120,Data Analyst Trainee,ITOL Recruit,LU12BQ,Luton,United Kingdom,51.87992,-0.41783,,30000.0,50000.0,GBP,Full-time,"Are you looking to benefit from a new career in Data Analysis? If you are detail orientated, perceptive, organised, competent, analytical and can communicate well with those around you; you could have a truly rewarding future as a Data Analyst Demand for Data Analysts has grown 20% year on year with experienced analysts easily commanding salaries of 50k+. All business decisions rely on data to ensure correct business decisions are made and there... ","data analysis, r",2026-05-20,https://www.reed.co.uk/jobs/data-analyst-trainee/56924120,Reed,2026-05-30T19:29:04.464220
reed_56949918,Data Analyst Trainee,ITOL Recruit,N228LB,Greater London,United Kingdom,51.600983,-0.113544,,30000.0,50000.0,GBP,Full-time,"Are you looking to benefit from a new career in Data Analysis? If you are detail orientated, perceptive, organised, competent, analytical and can communicate well with those around you; you could have a truly rewarding future as a Data Analyst Demand for Data Analysts has grown 20% year on year with experienced analysts easily commanding salaries of 50k+. All business decisions rely on data to ensure correct business decisions are made and there... ","data analysis, r",2026-05-28,https://www.reed.co.uk/jobs/data-analyst-trainee/56949918,Reed,2026-05-30T19:29:07.125311
reed_56923870,Data Analyst Trainee,ITOL Recruit,OL161AZ,Rochdale,United Kingdom,53.61556,-2.1592699,,30000.0,50000.0,GBP,Full-time,"Are you looking to benefit from a new career in Data Analysis? If you are detail orientated, perceptive, organised, competent, analytical and can communicate well with those around you; you could have a truly rewarding future as a Data Analyst We do this using our specialised Data Analyst career programme which looks to assist and place qualified candidates into a career pathway in Data Analysis. Please note this career program is designed for e... ","data analysis, r",2026-05-20,https://www.reed.co.uk/jobs/data-analyst-trainee/56923870,Reed,2026-05-30T19:29:09.173626
reed_56923605,Data Analyst Trainee,ITOL Recruit,PE11HA,City of Peterborough,United Kingdom,52.5709443,-0.2420537,,30000.0,50000.0,GBP,Full-time,"Are you looking to benefit from a new career in Data Analysis? If you are detail orientated, perceptive, organised, competent, analytical and can communicate well with those around you; you could have a truly rewarding future as a Data Analyst We do this using our specialised Data Analyst career programme which looks to assist and place qualified candidates into a career pathway in Data Analysis. Please note this career program is designed for e... ","data analysis, r",2026-05-20,https://www.reed.co.uk/jobs/data-analyst-trainee/56923605,Reed,2026-05-30T19:29:11.426048
reed_56923602,Data Analyst Trainee,ITOL Recruit,WA11UH,Warrington,United Kingdom,53.3896926,-2.5997394,,30000.0,50000.0,GBP,Full-time,"Are you looking to benefit from a new career in Data Analysis? If you are detail orientated, perceptive, organised, competent, analytical and can communicate well with those around you; you could have a truly rewarding future as a Data Analyst We do this using our specialised Data Analyst career programme which looks to assist and place qualified candidates into a career pathway in Data Analysis. Please note this career program is designed for e... ","data analysis, r",2026-05-20,https://www.reed.co.uk/jobs/data-analyst-trainee/56923602,Reed,2026-05-30T19:29:13.997180
reed_56923601,Data Analyst Trainee,ITOL Recruit,OX11BX,Oxford,United Kingdom,51.7514553,-1.2570296,,30000.0,50000.0,GBP,Full-time,"Are you looking to benefit from a new career in Data Analysis? If you are detail orientated, perceptive, organised, competent, analytical and can communicate well with those around you; you could have a truly rewarding future as a Data Analyst We do this using our specialised Data Analyst career programme which looks to assist and place qualified candidates into a career pathway in Data Analysis. Please note this career program is designed for e... ","data analysis, r",2026-05-20,https://www.reed.co.uk/jobs/data-analyst-trainee/56923601,Reed,2026-05-30T19:29:16.342241
reed_56923599,Data Analyst Trainee,ITOL Recruit,ME105BB,Swale,United Kingdom,51.35005,0.71086,,30000.0,50000.0,GBP,Full-time,"Are you looking to benefit from a new career in Data Analysis? If you are detail orientated, perceptive, organised, competent, analytical and can communicate well with those around you; you could have a truly rewarding future as a Data Analyst We do this using our specialised Data Analyst career programme which looks to assist and place qualified candidates into a career pathway in Data Analysis. Please note this career program is designed for e... ","data analysis, r",2026-05-20,https://www.reed.co.uk/jobs/data-analyst-trainee/56923599,Reed,2026-05-30T19:29:18.594331
reed_56923597,Data Analyst Trainee,ITOL Recruit,WS11PT,Walsall,United Kingdom,52.5851286,-1.9806943,,30000.0,50000.0,GBP,Full-time,"Are you looking to benefit from a new career in Data Analysis? If you are detail orientated, perceptive, organised, competent, analytical and can communicate well with those around you; you could have a truly rewarding future as a Data Analyst We do this using our specialised Data Analyst career programme which looks to assist and place qualified candidates into a career pathway in Data Analysis. Please note this career program is designed for e... ","data analysis, r",2026-05-20,https://www.reed.co.uk/jobs/data-analyst-trainee/56923597,Reed,2026-05-30T19:29:21.052011
reed_56923592,Data Analyst Trainee,ITOL Recruit,RH101UZ,Crawley,United Kingdom,51.1168325,-0.1838432,,30000.0,50000.0,GBP,Full-time,"Are you looking to benefit from a new career in Data Analysis? If you are detail orientated, perceptive, organised, competent, analytical and can communicate well with those around you; you could have a truly rewarding future as a Data Analyst We do this using our specialised Data Analyst career programme which looks to assist and place qualified candidates into a career pathway in Data Analysis. Please note this career program is designed for e... ","data analysis, r",2026-05-20,https://www.reed.co.uk/jobs/data-analyst-trainee/56923592,Reed,2026-05-30T19:29:23.305113
reed_56949929,Trainee Data Analyst,ITOL Recruit,NW44BG,Greater London,United Kingdom,51.58826,-0.22928,,30000.0,50000.0,GBP,Full-time,"Are you looking to benefit from a new career in Data Analysis? If you are detail orientated, perceptive, organised, competent, analytical and can communicate well with those around you; you could have a truly rewarding future as a Data Analyst We do this using our specialised Data Analyst career programme which looks to assist and place qualified candidates into a career pathway in Data Analysis. Please note this career program is designed for e... ","data analysis, r",2026-05-28,https://www.reed.co.uk/jobs/trainee-data-analyst/56949929,Reed,2026-05-30T19:29:25.148177
reed_56916873,Data Analyst Trainee,ITOL Recruit,SW1A1AA,City of Westminster,United Kingdom,51.5013375,-0.1417955,,30000.0,50000.0,GBP,Full-time,"Are you looking to benefit from a new career in Data Analysis? If you are detail orientated, perceptive, organised, competent, analytical and can communicate well with those around you; you could have a truly rewarding future as a Data Analyst We do this using our specialised Data Analyst career programme which looks to assist and place qualified candidates into a career pathway in Data Analysis. Please note this career program is designed for e... ","data analysis, r",2026-05-19,https://www.reed.co.uk/jobs/data-analyst-trainee/56916873,Reed,2026-05-30T19:29:26.991317
reed_56916841,Trainee Data Analyst,ITOL Recruit,E62RP,Greater London,United Kingdom,51.53282,0.05529,,30000.0,50000.0,GBP,Full-time,"Are you looking to benefit from a new career in Data Analysis? If you are detail orientated, perceptive, organised, competent, analytical and can communicate well with those around you; you could have a truly rewarding future as a Data Analyst We do this using our specialised Data Analyst career programme which looks to assist and place qualified candidates into a career pathway in Data Analysis. Please note this career program is designed for e... ","data analysis, r",2026-05-19,https://www.reed.co.uk/jobs/trainee-data-analyst/56916841,Reed,2026-05-30T19:29:29.242330
reed_56916795,Data Analyst Trainee,ITOL Recruit,London,Greater London,United Kingdom,51.5074456,-0.1277653,,30000.0,50000.0,GBP,Full-time,"Are you looking to benefit from a new career in Data Analysis? If you are detail orientated, perceptive, organised, competent, analytical and can communicate well with those around you; you could have a truly rewarding future as a Data Analyst We do this using our specialised Data Analyst career programme which looks to assist and place qualified candidates into a career pathway in Data Analysis. Please note this career program is designed for e... ","data analysis, r",2026-05-19,https://www.reed.co.uk/jobs/data-analyst-trainee/56916795,Reed,2026-05-30T19:29:31.497208
reed_56916793,Trainee Data Analyst,ITOL Recruit,TW33EB,Greater London,United Kingdom,51.4683185,-0.3676008,,30000.0,50000.0,GBP,Full-time,"Are you looking to benefit from a new career in Data Analysis? If you are detail orientated, perceptive, organised, competent, analytical and can communicate well with those around you; you could have a truly rewarding future as a Data Analyst We do this using our specialised Data Analyst career programme which looks to assist and place qualified candidates into a career pathway in Data Analysis. Please note this career program is designed for e... ","data analysis, r",2026-05-19,https://www.reed.co.uk/jobs/trainee-data-analyst/56916793,Reed,2026-05-30T19:29:31.497526
reed_56916784,Trainee Data Analyst,ITOL Recruit,RG11QH,Reading,United Kingdom,51.4569755,-0.96982,,30000.0,50000.0,GBP,Full-time,"Are you looking to benefit from a new career in Data Analysis? If you are detail orientated, perceptive, organised, competent, analytical and can communicate well with those around you; you could have a truly rewarding future as a Data Analyst We do this using our specialised Data Analyst career programme which looks to assist and place qualified candidates into a career pathway in Data Analysis. Please note this career program is designed for e... ","data analysis, r",2026-05-19,https://www.reed.co.uk/jobs/trainee-data-analyst/56916784,Reed,2026-05-30T19:29:33.544475
reed_56916780,Trainee Data Analyst,ITOL Recruit,LE19BG,City of Leicester,United Kingdom,52.633568,-1.1328918,,30000.0,50000.0,GBP,Full-time,"Are you looking to benefit from a new career in Data Analysis? If you are detail orientated, perceptive, organised, competent, analytical and can communicate well with those around you; you could have a truly rewarding future as a Data Analyst We do this using our specialised Data Analyst career programme which looks to assist and place qualified candidates into a career pathway in Data Analysis. Please note this career program is designed for e... ","data analysis, r",2026-05-19,https://www.reed.co.uk/jobs/trainee-data-analyst/56916780,Reed,2026-05-30T19:29:35.387901
reed_56916663,Data Analyst Trainee,ITOL Recruit,B736AB,Birmingham,United Kingdom,52.5663235,-1.8251856,,30000.0,50000.0,GBP,Full-time,"Are you looking to benefit from a new career in Data Analysis? If you are detail orientated, perceptive, organised, competent, analytical and can communicate well with those around you; you could have a truly rewarding future as a Data Analyst We do this using our specialised Data Analyst career programme which looks to assist and place qualified candidates into a career pathway in Data Analysis. Please note this career program is designed for e... ","data analysis, r",2026-05-19,https://www.reed.co.uk/jobs/data-analyst-trainee/56916663,Reed,2026-05-30T19:29:35.388231
reed_56945223,Trainee Data Analyst,ITOL Recruit,DA14FH,Greater London,United Kingdom,51.4495999,0.18084,,30000.0,50000.0,GBP,Full-time,"Are you looking to benefit from a new career in Data Analysis? If you are detail orientated, perceptive, organised, competent, analytical and can communicate well with those around you; you could have a truly rewarding future as a Data Analyst We do this using our specialised Data Analyst career programme which looks to assist and place qualified candidates into a career pathway in Data Analysis. Please note this career program is designed for e... ","data analysis, r",2026-05-27,https://www.reed.co.uk/jobs/trainee-data-analyst/56945223,Reed,2026-05-30T19:29:37.436403
reed_56945108,Trainee Data Analyst,ITOL Recruit,NG181HX,Mansfield,United Kingdom,53.1440322,-1.1970425,,30000.0,50000.0,GBP,Full-time,"Are you looking to benefit from a new career in Data Analysis? If you are detail orientated, perceptive, organised, competent, analytical and can communicate well with those around you; you could have a truly rewarding future as a Data Analyst We do this using our specialised Data Analyst career programme which looks to assist and place qualified candidates into a career pathway in Data Analysis. Please note this career program is designed for e... ","data analysis, r",2026-05-27,https://www.reed.co.uk/jobs/trainee-data-analyst/56945108,Reed,2026-05-30T19:29:37.436770
reed_56895371,Data Analyst Trainee,ITOL Recruit,SN11PX,Swindon,United Kingdom,51.5589327,-1.7822901,,30000.0,50000.0,GBP,Full-time,"Are you looking to benefit from a new career in Data Analysis? If you are detail orientated, perceptive, organised, competent, analytical and can communicate well with those around you; you could have a truly rewarding future as a Data Analyst We do this using our specialised Data Analyst career programme which looks to assist and place qualified candidates into a career pathway in Data Analysis. Please note this career program is designed for e... ","data analysis, r",2026-05-13,https://www.reed.co.uk/jobs/data-analyst-trainee/56895371,Reed,2026-05-30T19:29:37.437041
reed_56895365,Data Analyst Trainee,ITOL Recruit,DY11HP,Dudley,United Kingdom,52.5112635,-2.0847309,,30000.0,50000.0,GBP,Full-time,"Are you looking to benefit from a new career in Data Analysis? If you are detail orientated, perceptive, organised, competent, analytical and can communicate well with those around you; you could have a truly rewarding future as a Data Analyst We do this using our specialised Data Analyst career programme which looks to assist and place qualified candidates into a career pathway in Data Analysis. Please note this career program is designed for e... ","data analysis, r",2026-05-13,https://www.reed.co.uk/jobs/data-analyst-trainee/56895365,Reed,2026-05-30T19:29:39.689266
reed_56895364,Data Analyst Trainee,ITOL Recruit,NR21NH,Norwich,United Kingdom,52.6286107,1.2916165,,30000.0,50000.0,GBP,Full-time,"Are you looking to benefit from a new career in Data Analysis? If you are detail orientated, perceptive, organised, competent, analytical and can communicate well with those around you; you could have a truly rewarding future as a Data Analyst We do this using our specialised Data Analyst career programme which looks to assist and place qualified candidates into a career pathway in Data Analysis. Please note this career program is designed for e... ","data analysis, r",2026-05-13,https://www.reed.co.uk/jobs/data-analyst-trainee/56895364,Reed,2026-05-30T19:29:41.874207
reed_56895231,Data Analyst Trainee,ITOL Recruit,BN111HA,Worthing,United Kingdom,50.8147116,-0.3719397,,30000.0,50000.0,GBP,Full-time,"Are you looking to benefit from a new career in Data Analysis? If you are detail orientated, perceptive, organised, competent, analytical and can communicate well with those around you; you could have a truly rewarding future as a Data Analyst We do this using our specialised Data Analyst career programme which looks to assist and place qualified candidates into a career pathway in Data Analysis. Please note this career program is designed for e... ","data analysis, r",2026-05-13,https://www.reed.co.uk/jobs/data-analyst-trainee/56895231,Reed,2026-05-30T19:29:44.195174
reed_56890067,Trainee Data Analyst,ITOL Recruit,E81EA,Greater London,United Kingdom,51.54506,-0.0561658,,30000.0,50000.0,GBP,Full-time,"Are you looking to benefit from a new career in Data Analysis? If you are detail orientated, perceptive, organised, competent, analytical and can communicate well with those around you; you could have a truly rewarding future as a Data Analyst We do this using our specialised Data Analyst career programme which looks to assist and place qualified candidates into a career pathway in Data Analysis. Please note this career program is designed for e... ","data analysis, r",2026-05-12,https://www.reed.co.uk/jobs/trainee-data-analyst/56890067,Reed,2026-05-30T19:29:46.653033
reed_56890064,Trainee Data Analyst,ITOL Recruit,BR11RY,Greater London,United Kingdom,51.4059611,0.0170053,,30000.0,50000.0,GBP,Full-time,"Are you looking to benefit from a new career in Data Analysis? If you are detail orientated, perceptive, organised, competent, analytical and can communicate well with those around you; you could have a truly rewarding future as a Data Analyst We do this using our specialised Data Analyst career programme which looks to assist and place qualified candidates into a career pathway in Data Analysis. Please note this career program is designed for e... ","data analysis, r",2026-05-12,https://www.reed.co.uk/jobs/trainee-data-analyst/56890064,Reed,2026-05-30T19:29:49.314289
reed_56890020,Trainee Data Analyst,ITOL Recruit,CV15RR,Coventry,United Kingdom,52.4073724,-1.5079399,,30000.0,50000.0,GBP,Full-time,"Are you looking to benefit from a new career in Data Analysis? If you are detail orientated, perceptive, organised, competent, analytical and can communicate well with those around you; you could have a truly rewarding future as a Data Analyst We do this using our specialised Data Analyst career programme which looks to assist and place qualified candidates into a career pathway in Data Analysis. Please note this career program is designed for e... ","data analysis, r",2026-05-12,https://www.reed.co.uk/jobs/trainee-data-analyst/56890020,Reed,2026-05-30T19:29:49.314642
reed_56889947,Trainee Data Analyst,ITOL Recruit,IG117LU,Greater London,United Kingdom,51.5357946,0.0783322,,30000.0,50000.0,GBP,Full-time,"Are you looking to benefit from a new career in Data Analysis? If you are detail orientated, perceptive, organised, competent, analytical and can communicate well with those around you; you could have a truly rewarding future as a Data Analyst We do this using our specialised Data Analyst career programme which looks to assist and place qualified candidates into a career pathway in Data Analysis. Please note this career program is designed for e... ","data analysis, r",2026-05-12,https://www.reed.co.uk/jobs/trainee-data-analyst/56889947,Reed,2026-05-30T19:29:51.567954
reed_56889944,Trainee Data Analyst,ITOL Recruit,G11AB,Glasgow City,United Kingdom,55.86074,-4.24444,,30000.0,50000.0,GBP,Full-time,"Are you looking to benefit from a new career in Data Analysis? If you are detail orientated, perceptive, organised, competent, analytical and can communicate well with those around you; you could have a truly rewarding future as a Data Analyst We do this using our specialised Data Analyst career programme which looks to assist and place qualified candidates into a career pathway in Data Analysis. Please note this career program is designed for e... ","data analysis, r",2026-05-12,https://www.reed.co.uk/jobs/trainee-data-analyst/56889944,Reed,2026-05-30T19:29:53.616040
reed_56949971,Trainee Data Analyst,ITOL Recruit,PO196SE,Chichester,United Kingdom,50.8433004,-0.7695878,,30000.0,50000.0,GBP,Full-time,"Artificial Intelligence is used in every industry and as artificial intelligence requires data to operate there is now a massive growing demand for Data experts. If you are detail orientated, perceptive, organised, competent, analytical and can communicate well with those around you; you could have a truly rewarding future within Data Science. We use our specialised Data Science Career programme which looks to assist, train and place qualified c... ","r, ui",2026-05-28,https://www.reed.co.uk/jobs/trainee-data-analyst/56949971,Reed,2026-05-30T19:29:57.019301
reed_56945209,Trainee Data Analyst,ITOL Recruit,BD11SD,Bradford,United Kingdom,53.7931286,-1.7545604,,30000.0,50000.0,GBP,Full-time,"Artificial Intelligence is used in every industry and as artificial intelligence requires data to operate there is now a massive growing demand for Data experts. If you are detail orientated, perceptive, organised, competent, analytical and can communicate well with those around you; you could have a truly rewarding future within Data Science. We use our specialised Data Science Career programme which looks to assist, train and place qualified c... ","r, ui",2026-05-27,https://www.reed.co.uk/jobs/trainee-data-analyst/56945209,Reed,2026-05-30T19:29:59.350474
reed_56851191,Trainee Data Analyst,Newto Training,United Kingdom,,United Kingdom,54.7023545,-3.2765753,,25000.0,78000.0,GBP,Full-time,"Are you ready to start a new career in Data Analysis? The demand for Data Analysts has grown by 20% annually, with experienced professionals earning salaries upwards of 58,000. In today’s digital world, data is critical to business decision-making, making the role of a Data Analyst indispensable. As skills shortages continue to grow, the demand for qualified entry-level professionals is on the rise. With our Data Analytics career programme we wi... ","data analysis, git, r",2026-05-01,https://www.reed.co.uk/jobs/trainee-data-analyst/56851191,Reed,2026-05-30T19:30:01.602638
reed_56850244,Junior Data Analyst,Robert Half,London,Greater London,United Kingdom,51.5074456,-0.1277653,,,,GBP,Full-time,"Robert Half Technology are assisting a global Pharmaceutical organisation to recruit a Junior Data Analyst on a 6 month contract basis - Hybrid Working (1 day per week onsite) - London based The Junior Data Analyst will You play a key role in turning data into actionable insights, supporting decision-making, and helping bridge the gap between technical teams and the wider business. Role The Junior Data Analyst will work closely with business sta... ","r, ui",2026-05-01,https://www.reed.co.uk/jobs/junior-data-analyst/56850244,Reed,2026-05-30T19:30:03.447456
reed_56873352,Senior Data Analyst,BOSS Professional Services LTD,KT11AE,Greater London,United Kingdom,51.4126,-0.30733,,60000.0,85000.0,GBP,Full-time,"Senior Data Analyst (Service Delivery &amp; AI Analytics) #3300 Location: Hybrid (split between site-based and home-working) Reports to: Global Head of Service Delivery, IT &amp; Repairs Contract Type: Permanent / Full-time Contracted Hours/Days: 37.5 hours / 5 days per week We are hiring for a Senior Data Analyst to enable data-driven decision-making across this global organisation. You will be responsible for extracting, transforming, analysin... ",r,2026-05-07,https://www.reed.co.uk/jobs/senior-data-analyst/56873352,Reed,2026-05-30T19:30:03.447832
reed_56890979,Data Insight Analyst,4Recruitment Services,Waterloo,Waterloo,United States,42.498275,-92.3328743,,33.74,33.74,GBP,Full-time,Data Insight Analyst Waterloo 33.74 - ph Essentially to Note:&nbsp; Knows about social housing and empty homes or at least understand letting properties as a data analyst. Have the ability to talk to non-data users.&nbsp;Got to be client facing and engaging to explain what they are doing and how to use information.&nbsp; Need to understand how to use NEC housing management system. Don't have to be an advanced user of Power BI and Azure Data Bric... ,"azure, go, power bi, r",2026-05-12,https://www.reed.co.uk/jobs/data-insight-analyst/56890979,Reed,2026-05-30T19:30:05.699949
reed_56807650,Senior Data Analyst,Harnham - Data & Analytics Recruitment,Watford,Watford,United Kingdom,51.6553875,-0.3957425,,80000.0,95000.0,GBP,Full-time,"Senior Data Analyst (Player Analytics) Hertfordshire - hybrid working 3x a week Up to 95,000 + bonus This is a senior analytics role for someone who thrives on ambiguity, pace and commercial impact. You will work at the heart of a data led organisation where analytics directly shapes product, marketing and digital decisions. The role is varied, highly visible and suited to an analyst who enjoys solving new problems rather than running routine re... ","git, r, ui",2026-04-21,https://www.reed.co.uk/jobs/senior-data-analyst/56807650,Reed,2026-05-30T19:30:07.952979
reed_56952780,Asset Data Analyst,Peaks & Plains Housing Trust,SK116QJ,Macclesfield,United Kingdom,53.2577799,-2.13145,,40000.0,40000.0,GBP,Full-time,"Asset Data Analyst Macclesfield - Agile - offering a mix of office and home working Salary: 40,000 per annum Hours - 37 Hours per week We’re a housing provider in Macclesfield with over 5000 properties across East Cheshire and the surrounding areas. We’re ambitious with plans to build more homes, regenerate local areas and invest in our properties. We now have a vacancy for an Asset Data Analyst to join our Asset and Development team. You will b... ","agile, r, ui",2026-05-28,https://www.reed.co.uk/jobs/asset-data-analyst/56952780,Reed,2026-05-30T19:30:07.953361
reed_56814059,Claims Data Analyst,Avencia Consulting,London,Greater London,United Kingdom,51.5074456,-0.1277653,,,,GBP,Full-time,"About us We are recruiting for a new Data Analytics &amp; AI team, pulling expertise from data roles across the company. This team is designed to be the heart of the business' data use, with business partners and stakeholders across all aspects of the branch. They will work closely with these stakeholders to enable to company with good data practise, assist with reporting, and developing use cases for Data &amp; AI enhancements. The role The Cla... ","go, r, ui",2026-04-22,https://www.reed.co.uk/jobs/claims-data-analyst/56814059,Reed,2026-05-30T19:30:10.000980
reed_56859616,Market Data Analyst,Pontoon,Dublin,Dublin,Éire / Ireland,53.3493795,-6.2605593,,300.0,350.0,GBP,Full-time,"Pontoon is an employment consultancy. We put expertise, energy, and enthusiasm into improving everyone's chance of being part of the workplace. We respect and appreciate people of all ethnicities, generations, religious beliefs, sexual orientations, gender identities, and more. We do this by showcasing their talents, skills, and unique experience in an inclusive environment that helps them thrive. Job Title: Market Data Analyst / Splunk - Web Ap... ",r,2026-05-05,https://www.reed.co.uk/jobs/market-data-analyst/56859616,Reed,2026-05-30T19:30:10.002104
reed_56893823,Business Data Analyst,Jonathan Lee Recruitment,HA33PT,Greater London,United Kingdom,51.58523,-0.32969,,45000.0,45000.0,GBP,Full-time,"Are you ready to take your career to the next level? This exciting opportunity as a Business Data Analyst offers the chance to make a real impact in a dynamic and fast-paced environment. With a focus on driving scalable lead acquisition, qualification, and conversion, this role is perfect for someone looking to work on innovative projects that shape the future of business strategies. As a part of this position, you will collaborate with cross-fu... ","r, scala, ui",2026-05-12,https://www.reed.co.uk/jobs/business-data-analyst/56893823,Reed,2026-05-30T19:30:12.061596
reed_56891165,Senior Data Analyst,Eden James Consulting Limited,London,Greater London,United Kingdom,51.5074456,-0.1277653,,,,GBP,Full-time,"We are recruiting for a Senior Data Analyst on behalf of an award-winning Lloyd's Syndicate. The successful candidate must have experience working in a Lloyd's syndicate, managing agent, London Market broker or specialty (re)insurer. You will help the team through its shift from platform delivery toward value-added analytics and commercial insight. They will support the Data Analytics Manager by applying and role-modelling technical standards, c... ","r, ui",2026-05-12,https://www.reed.co.uk/jobs/senior-data-analyst/56891165,Reed,2026-05-30T19:30:14.709409
reed_56871117,Finance Data Analyst,Hays Specialist Recruitment Limited,Alderley Edge,Alderley Edge,United Kingdom,53.3058355,-2.2375778,,200.0,350.0,GBP,Full-time,"Interim Finance Data Analyst Location: Wilmslow Contract: 2/3 months (Immediate start) Rate: 200- 300 per day (Dependent on experience) Overview: We are supporting a business that has recently completed a systems migration and now requires an immediately available finance contractor to support a critical supplier master data cleanse project. This is a short-term assignment focused on ensuring supplier records are accurate, compliant, and audit-r... ","r, ui",2026-05-07,https://www.reed.co.uk/jobs/finance-data-analyst/56871117,Reed,2026-05-30T19:30:14.709784
reed_56874613,Data Business Analyst,Opus Recruitment Solutions Ltd,Luton,Luton,United Kingdom,51.891073,-0.4230304,,350.0,400.0,GBP,Full-time,"Data Business Analyst | Outside IR35 | 350 - 400 | Luton | Hybrid We’re looking for a Data Business Analyst to support a key MDM programme and free up our Principal BA to focus on strategic priorities. You’ll work on a project transitioning fromrequirements into design and build, helping to clarify, refine, and validate “completed” requirements as delivery progresses. The focus is on procurement master data —including data ingestion, quality imp... ","r, ui",2026-05-07,https://www.reed.co.uk/jobs/data-business-analyst/56874613,Reed,2026-05-30T19:30:16.959520
reed_56949954,Data Analyst Trainee,ITOL Recruit,WV11SH,Wolverhampton,United Kingdom,52.58704,-2.1295799,,30000.0,50000.0,GBP,Full-time,"Are you looking to benefit from a new career in Data Analysis? If you are detail orientated, perceptive, organised, competent, analytical and can communicate well with those around you; you could have a truly rewarding future as a Data Analyst Demand for Data Analysts has grown 20% year on year with experienced analysts easily commanding salaries of 50k+. All business decisions rely on data to ensure correct business decisions are made and there... ","data analysis, r",2026-05-28,https://www.reed.co.uk/jobs/data-analyst-trainee/56949954,Reed,2026-05-30T19:30:19.765619
reed_56924056,Data Analyst Trainee,ITOL Recruit,B913QB,Solihull,United Kingdom,52.4112987,-1.7782148,,30000.0,50000.0,GBP,Full-time,"Are you looking to benefit from a new career in Data Analysis? If you are detail orientated, perceptive, organised, competent, analytical and can communicate well with those around you; you could have a truly rewarding future as a Data Analyst Please note this career program is designed for entry level individuals with limited or no experience, so please do not apply if you are already an experience Data Analyst as we will be looking primarily a... ","data analysis, r",2026-05-20,https://www.reed.co.uk/jobs/data-analyst-trainee/56924056,Reed,2026-05-30T19:30:22.287973
reed_56924061,Data Analyst Trainee,ITOL Recruit,CV324AT,Royal Leamington Spa,United Kingdom,52.2893026,-1.5350671,,30000.0,50000.0,GBP,Full-time,"Are you looking to benefit from a new career in Data Analysis? If you are detail orientated, perceptive, organised, competent, analytical and can communicate well with those around you; you could have a truly rewarding future as a Data Analyst We do this using our specialised Data Analyst career programme which looks to assist and place qualified candidates into a career pathway in Data Analysis. Please note this career program is designed for e... ","data analysis, r",2026-05-20,https://www.reed.co.uk/jobs/data-analyst-trainee/56924061,Reed,2026-05-30T19:30:24.539880
reed_56923606,Data Analyst Trainee,ITOL Recruit,DN13QQ,Doncaster,United Kingdom,53.51826,-1.1346,,30000.0,50000.0,GBP,Full-time,"Are you looking to benefit from a new career in Data Analysis? If you are detail orientated, perceptive, organised, competent, analytical and can communicate well with those around you; you could have a truly rewarding future as a Data Analyst We do this using our specialised Data Analyst career programme which looks to assist and place qualified candidates into a career pathway in Data Analysis. Please note this career program is designed for e... ","data analysis, r",2026-05-20,https://www.reed.co.uk/jobs/data-analyst-trainee/56923606,Reed,2026-05-30T19:30:27.579184
reed_56923604,Data Analyst Trainee,ITOL Recruit,BH26DY,Bournemouth,United Kingdom,50.7222992,-1.8823622,,30000.0,50000.0,GBP,Full-time,"Are you looking to benefit from a new career in Data Analysis? If you are detail orientated, perceptive, organised, competent, analytical and can communicate well with those around you; you could have a truly rewarding future as a Data Analyst We do this using our specialised Data Analyst career programme which looks to assist and place qualified candidates into a career pathway in Data Analysis. Please note this career program is designed for e... ","data analysis, r",2026-05-20,https://www.reed.co.uk/jobs/data-analyst-trainee/56923604,Reed,2026-05-30T19:30:29.864409
reed_56923595,Data Analyst Trainee,ITOL Recruit,WN11DF,Wigan,United Kingdom,53.5446,-2.63034,,30000.0,50000.0,GBP,Full-time,"Are you looking to benefit from a new career in Data Analysis? If you are detail orientated, perceptive, organised, competent, analytical and can communicate well with those around you; you could have a truly rewarding future as a Data Analyst We do this using our specialised Data Analyst career programme which looks to assist and place qualified candidates into a career pathway in Data Analysis. Please note this career program is designed for e... ","data analysis, r",2026-05-20,https://www.reed.co.uk/jobs/data-analyst-trainee/56923595,Reed,2026-05-30T19:30:32.117154
reed_56950016,Trainee Data Analyst,ITOL Recruit,UB81UW,Greater London,United Kingdom,51.54347,-0.47685,,30000.0,50000.0,GBP,Full-time,"Are you looking to benefit from a new career in Data Analysis? If you are detail orientated, perceptive, organised, competent, analytical and can communicate well with those around you; you could have a truly rewarding future as a Data Analyst We do this using our specialised Data Analyst career programme which looks to assist and place qualified candidates into a career pathway in Data Analysis. Please note this career program is designed for e... ","data analysis, r",2026-05-28,https://www.reed.co.uk/jobs/trainee-data-analyst/56950016,Reed,2026-05-30T19:30:34.371917
reed_56950006,Data Analyst Trainee,ITOL Recruit,E62RP,Greater London,United Kingdom,51.53282,0.05529,,30000.0,50000.0,GBP,Full-time,"Are you looking to benefit from a new career in Data Analysis? If you are detail orientated, perceptive, organised, competent, analytical and can communicate well with those around you; you could have a truly rewarding future as a Data Analyst We do this using our specialised Data Analyst career programme which looks to assist and place qualified candidates into a career pathway in Data Analysis. Please note this career program is designed for e... ","data analysis, r",2026-05-28,https://www.reed.co.uk/jobs/data-analyst-trainee/56950006,Reed,2026-05-30T19:30:39.079252
reed_56949982,Trainee Data Analyst,ITOL Recruit,TW13BZ,Greater London,United Kingdom,51.4478067,-0.3257664,,30000.0,50000.0,GBP,Full-time,"Are you looking to benefit from a new career in Data Analysis? If you are detail orientated, perceptive, organised, competent, analytical and can communicate well with those around you; you could have a truly rewarding future as a Data Analyst We do this using our specialised Data Analyst career programme which looks to assist and place qualified candidates into a career pathway in Data Analysis. Please note this career program is designed for e... ","data analysis, r",2026-05-28,https://www.reed.co.uk/jobs/trainee-data-analyst/56949982,Reed,2026-05-30T19:30:39.079349
reed_56949978,Trainee Data Analyst,ITOL Recruit,IG11DD,Greater London,United Kingdom,51.5588663,0.0741985,,30000.0,50000.0,GBP,Full-time,"Are you looking to benefit from a new career in Data Analysis? If you are detail orientated, perceptive, organised, competent, analytical and can communicate well with those around you; you could have a truly rewarding future as a Data Analyst We do this using our specialised Data Analyst career programme which looks to assist and place qualified candidates into a career pathway in Data Analysis. Please note this career program is designed for e... ","data analysis, r",2026-05-28,https://www.reed.co.uk/jobs/trainee-data-analyst/56949978,Reed,2026-05-30T19:30:39.079413
reed_56949969,Trainee Data Analyst,ITOL Recruit,M25DB,Manchester,United Kingdom,53.4792494,-2.2444288,,30000.0,50000.0,GBP,Full-time,"Are you looking to benefit from a new career in Data Analysis? If you are detail orientated, perceptive, organised, competent, analytical and can communicate well with those around you; you could have a truly rewarding future as a Data Analyst We do this using our specialised Data Analyst career programme which looks to assist and place qualified candidates into a career pathway in Data Analysis. Please note this career program is designed for e... ","data analysis, r",2026-05-28,https://www.reed.co.uk/jobs/trainee-data-analyst/56949969,Reed,2026-05-30T19:30:41.129092
reed_56916847,Data Analyst Trainee,ITOL Recruit,AB115BU,Aberdeen City,United Kingdom,57.1474922,-2.0946448,,30000.0,50000.0,GBP,Full-time,"Are you looking to benefit from a new career in Data Analysis? If you are detail orientated, perceptive, organised, competent, analytical and can communicate well with those around you; you could have a truly rewarding future as a Data Analyst We do this using our specialised Data Analyst career programme which looks to assist and place qualified candidates into a career pathway in Data Analysis. Please note this career program is designed for e... ","data analysis, r",2026-05-19,https://www.reed.co.uk/jobs/data-analyst-trainee/56916847,Reed,2026-05-30T19:30:43.587062
reed_56916627,Trainee Data Analyst,ITOL Recruit,SE58UN,Greater London,United Kingdom,51.47422,-0.08516,,30000.0,50000.0,GBP,Full-time,"Are you looking to benefit from a new career in Data Analysis? If you are detail orientated, perceptive, organised, competent, analytical and can communicate well with those around you; you could have a truly rewarding future as a Data Analyst We do this using our specialised Data Analyst career programme which looks to assist and place qualified candidates into a career pathway in Data Analysis. Please note this career program is designed for e... ","data analysis, r",2026-05-19,https://www.reed.co.uk/jobs/trainee-data-analyst/56916627,Reed,2026-05-30T19:30:45.429891
reed_56916622,Data Analyst Trainee,ITOL Recruit,CT101JX,Thanet,United Kingdom,51.35909,1.43752,,30000.0,50000.0,GBP,Full-time,"Are you looking to benefit from a new career in Data Analysis? If you are detail orientated, perceptive, organised, competent, analytical and can communicate well with those around you; you could have a truly rewarding future as a Data Analyst We do this using our specialised Data Analyst career programme which looks to assist and place qualified candidates into a career pathway in Data Analysis. Please note this career program is designed for e... ","data analysis, r",2026-05-19,https://www.reed.co.uk/jobs/data-analyst-trainee/56916622,Reed,2026-05-30T19:30:48.091020
reed_56916615,Trainee Data Analyst,ITOL Recruit,SE186HQ,Greater London,United Kingdom,51.489296,0.0656909,,30000.0,50000.0,GBP,Full-time,"Are you looking to benefit from a new career in Data Analysis? If you are detail orientated, perceptive, organised, competent, analytical and can communicate well with those around you; you could have a truly rewarding future as a Data Analyst We do this using our specialised Data Analyst career programme which looks to assist and place qualified candidates into a career pathway in Data Analysis. Please note this career program is designed for e... ","data analysis, r",2026-05-19,https://www.reed.co.uk/jobs/trainee-data-analyst/56916615,Reed,2026-05-30T19:30:50.346748
reed_56916612,Data Analyst Trainee,ITOL Recruit,CB21BY,Cambridge,United Kingdom,52.2022305,0.1244344,,30000.0,50000.0,GBP,Full-time,"Are you looking to benefit from a new career in Data Analysis? If you are detail orientated, perceptive, organised, competent, analytical and can communicate well with those around you; you could have a truly rewarding future as a Data Analyst We do this using our specialised Data Analyst career programme which looks to assist and place qualified candidates into a career pathway in Data Analysis. Please note this career program is designed for e... ","data analysis, r",2026-05-19,https://www.reed.co.uk/jobs/data-analyst-trainee/56916612,Reed,2026-05-30T19:30:50.347295
reed_56945168,Trainee Data Analyst,ITOL Recruit,WN11DF,Wigan,United Kingdom,53.5446,-2.63034,,30000.0,50000.0,GBP,Full-time,"Are you looking to benefit from a new career in Data Analysis? If you are detail orientated, perceptive, organised, competent, analytical and can communicate well with those around you; you could have a truly rewarding future as a Data Analyst We do this using our specialised Data Analyst career programme which looks to assist and place qualified candidates into a career pathway in Data Analysis. Please note this career program is designed for e... ","data analysis, r",2026-05-27,https://www.reed.co.uk/jobs/trainee-data-analyst/56945168,Reed,2026-05-30T19:30:53.005184
reed_56945135,Data Analyst Trainee,ITOL Recruit,SM11EA,,United Kingdom,51.3620911,-0.1950571,,30000.0,50000.0,GBP,Full-time,"Are you looking to benefit from a new career in Data Analysis? If you are detail orientated, perceptive, organised, competent, analytical and can communicate well with those around you; you could have a truly rewarding future as a Data Analyst We do this using our specialised Data Analyst career programme which looks to assist and place qualified candidates into a career pathway in Data Analysis. Please note this career program is designed for e... ","data analysis, r",2026-05-27,https://www.reed.co.uk/jobs/data-analyst-trainee/56945135,Reed,2026-05-30T19:30:53.005298
reed_56945133,Data Analyst Trainee,ITOL Recruit,GU216YL,Woking,United Kingdom,51.32106,-0.55893,,30000.0,50000.0,GBP,Full-time,"Are you looking to benefit from a new career in Data Analysis? If you are detail orientated, perceptive, organised, competent, analytical and can communicate well with those around you; you could have a truly rewarding future as a Data Analyst We do this using our specialised Data Analyst career programme which looks to assist and place qualified candidates into a career pathway in Data Analysis. Please note this career program is designed for e... ","data analysis, r",2026-05-27,https://www.reed.co.uk/jobs/data-analyst-trainee/56945133,Reed,2026-05-30T19:30:55.053071
reed_56945130,Trainee Data Analyst,ITOL Recruit,ME105BB,Swale,United Kingdom,51.35005,0.71086,,30000.0,50000.0,GBP,Full-time,"Are you looking to benefit from a new career in Data Analysis? If you are detail orientated, perceptive, organised, competent, analytical and can communicate well with those around you; you could have a truly rewarding future as a Data Analyst We do this using our specialised Data Analyst career programme which looks to assist and place qualified candidates into a career pathway in Data Analysis. Please note this career program is designed for e... ","data analysis, r",2026-05-27,https://www.reed.co.uk/jobs/trainee-data-analyst/56945130,Reed,2026-05-30T19:30:57.512466
reed_56945127,Data Analyst Trainee,ITOL Recruit,WR12EY,Worcester,United Kingdom,52.1911639,-2.2208155,,30000.0,50000.0,GBP,Full-time,"Are you looking to benefit from a new career in Data Analysis? If you are detail orientated, perceptive, organised, competent, analytical and can communicate well with those around you; you could have a truly rewarding future as a Data Analyst We do this using our specialised Data Analyst career programme which looks to assist and place qualified candidates into a career pathway in Data Analysis. Please note this career program is designed for e... ","data analysis, r",2026-05-27,https://www.reed.co.uk/jobs/data-analyst-trainee/56945127,Reed,2026-05-30T19:30:57.512804
reed_56945119,Trainee Data Analyst,ITOL Recruit,WS11PT,Walsall,United Kingdom,52.5851286,-1.9806943,,30000.0,50000.0,GBP,Full-time,"Are you looking to benefit from a new career in Data Analysis? If you are detail orientated, perceptive, organised, competent, analytical and can communicate well with those around you; you could have a truly rewarding future as a Data Analyst We do this using our specialised Data Analyst career programme which looks to assist and place qualified candidates into a career pathway in Data Analysis. Please note this career program is designed for e... ","data analysis, r",2026-05-27,https://www.reed.co.uk/jobs/trainee-data-analyst/56945119,Reed,2026-05-30T19:31:00.584552
reed_56895369,Data Analyst Trainee,ITOL Recruit,B742PN,Birmingham,United Kingdom,52.5693355,-1.8274672,,30000.0,50000.0,GBP,Full-time,"Are you looking to benefit from a new career in Data Analysis? If you are detail orientated, perceptive, organised, competent, analytical and can communicate well with those around you; you could have a truly rewarding future as a Data Analyst We do this using our specialised Data Analyst career programme which looks to assist and place qualified candidates into a career pathway in Data Analysis. Please note this career program is designed for e... ","data analysis, r",2026-05-13,https://www.reed.co.uk/jobs/data-analyst-trainee/56895369,Reed,2026-05-30T19:31:00.584887
reed_56895368,Data Analyst Trainee,ITOL Recruit,PO12AL,Portsmouth,United Kingdom,50.79728,-1.09135,,30000.0,50000.0,GBP,Full-time,"Are you looking to benefit from a new career in Data Analysis? If you are detail orientated, perceptive, organised, competent, analytical and can communicate well with those around you; you could have a truly rewarding future as a Data Analyst We do this using our specialised Data Analyst career programme which looks to assist and place qualified candidates into a career pathway in Data Analysis. Please note this career program is designed for e... ","data analysis, r",2026-05-13,https://www.reed.co.uk/jobs/data-analyst-trainee/56895368,Reed,2026-05-30T19:31:02.835519
reed_56895159,Trainee Data Analyst,ITOL Recruit,OX11BX,Oxford,United Kingdom,51.7514553,-1.2570296,,30000.0,50000.0,GBP,Full-time,"Are you looking to benefit from a new career in Data Analysis? If you are detail orientated, perceptive, organised, competent, analytical and can communicate well with those around you; you could have a truly rewarding future as a Data Analyst We do this using our specialised Data Analyst career programme which looks to assist and place qualified candidates into a career pathway in Data Analysis. Please note this career program is designed for e... ","data analysis, r",2026-05-13,https://www.reed.co.uk/jobs/trainee-data-analyst/56895159,Reed,2026-05-30T19:31:04.681115
reed_56889928,Data Analyst Trainee,ITOL Recruit,B708DJ,Sandwell,United Kingdom,52.5213317,-1.9992996,,30000.0,50000.0,GBP,Full-time,"Are you looking to benefit from a new career in Data Analysis? If you are detail orientated, perceptive, organised, competent, analytical and can communicate well with those around you; you could have a truly rewarding future as a Data Analyst We do this using our specialised Data Analyst career programme which looks to assist and place qualified candidates into a career pathway in Data Analysis. Please note this career program is designed for e... ","data analysis, r",2026-05-12,https://www.reed.co.uk/jobs/data-analyst-trainee/56889928,Reed,2026-05-30T19:31:04.681742
reed_56889927,Data Analyst Trainee,ITOL Recruit,SE58UN,Greater London,United Kingdom,51.47422,-0.08516,,30000.0,50000.0,GBP,Full-time,"Are you looking to benefit from a new career in Data Analysis? If you are detail orientated, perceptive, organised, competent, analytical and can communicate well with those around you; you could have a truly rewarding future as a Data Analyst We do this using our specialised Data Analyst career programme which looks to assist and place qualified candidates into a career pathway in Data Analysis. Please note this career program is designed for e... ","data analysis, r",2026-05-12,https://www.reed.co.uk/jobs/data-analyst-trainee/56889927,Reed,2026-05-30T19:31:07.105738
reed_56889824,Trainee Data Analyst,ITOL Recruit,WC1H9HE,Greater London,United Kingdom,51.52563,-0.13003,,30000.0,50000.0,GBP,Full-time,"Are you looking to benefit from a new career in Data Analysis? If you are detail orientated, perceptive, organised, competent, analytical and can communicate well with those around you; you could have a truly rewarding future as a Data Analyst We do this using our specialised Data Analyst career programme which looks to assist and place qualified candidates into a career pathway in Data Analysis. Please note this career program is designed for e... ","data analysis, r",2026-05-12,https://www.reed.co.uk/jobs/trainee-data-analyst/56889824,Reed,2026-05-30T19:31:07.106129
reed_56889776,Data Analyst Trainee,ITOL Recruit,W52BJ,Greater London,United Kingdom,51.51401,-0.30724,,30000.0,50000.0,GBP,Full-time,"Are you looking to benefit from a new career in Data Analysis? If you are detail orientated, perceptive, organised, competent, analytical and can communicate well with those around you; you could have a truly rewarding future as a Data Analyst We do this using our specialised Data Analyst career programme which looks to assist and place qualified candidates into a career pathway in Data Analysis. Please note this career program is designed for e... ","data analysis, r",2026-05-12,https://www.reed.co.uk/jobs/data-analyst-trainee/56889776,Reed,2026-05-30T19:31:09.801175
reed_56884144,Data Analyst Trainee,ITOL Recruit,KT11EU,Greater London,United Kingdom,51.4083664,-0.3052746,,30000.0,50000.0,GBP,Full-time,"Are you looking to benefit from a new career in Data Analysis? If you are detail orientated, perceptive, organised, competent, analytical and can communicate well with those around you; you could have a truly rewarding future as a Data Analyst We do this using our specialised Data Analyst career programme which looks to assist and place qualified candidates into a career pathway in Data Analysis. Please note this career program is designed for e... ","data analysis, r",2026-05-11,https://www.reed.co.uk/jobs/data-analyst-trainee/56884144,Reed,2026-05-30T19:31:09.801506
reed_56884047,Trainee Data Analyst,ITOL Recruit,NR21NH,Norwich,United Kingdom,52.6286107,1.2916165,,30000.0,50000.0,GBP,Full-time,"Are you looking to benefit from a new career in Data Analysis? If you are detail orientated, perceptive, organised, competent, analytical and can communicate well with those around you; you could have a truly rewarding future as a Data Analyst We do this using our specialised Data Analyst career programme which looks to assist and place qualified candidates into a career pathway in Data Analysis. Please note this career program is designed for e... ","data analysis, r",2026-05-11,https://www.reed.co.uk/jobs/trainee-data-analyst/56884047,Reed,2026-05-30T19:31:09.801786
reed_56871080,Trainee Data Analyst,ITOL Recruit,FY11AN,Blackpool,United Kingdom,53.82171,-3.05311,,30000.0,50000.0,GBP,Full-time,"Are you looking to benefit from a new career in Data Analysis? If you are detail orientated, perceptive, organised, competent, analytical and can communicate well with those around you; you could have a truly rewarding future as a Data Analyst We do this using our specialised Data Analyst career programme which looks to assist and place qualified candidates into a career pathway in Data Analysis. Please note this career program is designed for e... ","data analysis, r",2026-05-07,https://www.reed.co.uk/jobs/trainee-data-analyst/56871080,Reed,2026-05-30T19:31:09.802035
reed_56870418,Data Analyst Trainee,ITOL Recruit,WC1H9HE,Greater London,United Kingdom,51.52563,-0.13003,,30000.0,50000.0,GBP,Full-time,"Are you looking to benefit from a new career in Data Analysis? If you are detail orientated, perceptive, organised, competent, analytical and can communicate well with those around you; you could have a truly rewarding future as a Data Analyst We do this using our specialised Data Analyst career programme which looks to assist and place qualified candidates into a career pathway in Data Analysis. Please note this career program is designed for e... ","data analysis, r",2026-05-07,https://www.reed.co.uk/jobs/data-analyst-trainee/56870418,Reed,2026-05-30T19:31:12.465229
reed_56870417,Data Analyst Trainee,ITOL Recruit,DE12FS,Derby,United Kingdom,52.9232741,-1.4740858,,30000.0,50000.0,GBP,Full-time,"Are you looking to benefit from a new career in Data Analysis? If you are detail orientated, perceptive, organised, competent, analytical and can communicate well with those around you; you could have a truly rewarding future as a Data Analyst We do this using our specialised Data Analyst career programme which looks to assist and place qualified candidates into a career pathway in Data Analysis. Please note this career program is designed for e... ","data analysis, r",2026-05-07,https://www.reed.co.uk/jobs/data-analyst-trainee/56870417,Reed,2026-05-30T19:31:12.465474
reed_56870403,Data Analyst Trainee,ITOL Recruit,E81EA,Greater London,United Kingdom,51.54506,-0.0561658,,30000.0,50000.0,GBP,Full-time,"Are you looking to benefit from a new career in Data Analysis? If you are detail orientated, perceptive, organised, competent, analytical and can communicate well with those around you; you could have a truly rewarding future as a Data Analyst We do this using our specialised Data Analyst career programme which looks to assist and place qualified candidates into a career pathway in Data Analysis. Please note this career program is designed for e... ","data analysis, r",2026-05-07,https://www.reed.co.uk/jobs/data-analyst-trainee/56870403,Reed,2026-05-30T19:31:14.716426
reed_56870399,Data Analyst Trainee,ITOL Recruit,BD11SD,Bradford,United Kingdom,53.7931286,-1.7545604,,30000.0,50000.0,GBP,Full-time,"Are you looking to benefit from a new career in Data Analysis? If you are detail orientated, perceptive, organised, competent, analytical and can communicate well with those around you; you could have a truly rewarding future as a Data Analyst We do this using our specialised Data Analyst career programme which looks to assist and place qualified candidates into a career pathway in Data Analysis. Please note this career program is designed for e... ","data analysis, r",2026-05-07,https://www.reed.co.uk/jobs/data-analyst-trainee/56870399,Reed,2026-05-30T19:31:14.716960
reed_56870396,Data Analyst Trainee,ITOL Recruit,SA13SN,Swansea,United Kingdom,51.6137611,-3.9485486,,30000.0,50000.0,GBP,Full-time,"Are you looking to benefit from a new career in Data Analysis? If you are detail orientated, perceptive, organised, competent, analytical and can communicate well with those around you; you could have a truly rewarding future as a Data Analyst We do this using our specialised Data Analyst career programme which looks to assist and place qualified candidates into a career pathway in Data Analysis. Please note this career program is designed for e... ","data analysis, r",2026-05-07,https://www.reed.co.uk/jobs/data-analyst-trainee/56870396,Reed,2026-05-30T19:31:14.717371
reed_56863809,Data Analyst Trainee,ITOL Recruit,SS140DF,Basildon,United Kingdom,51.5708399,0.45968,,30000.0,50000.0,GBP,Full-time,"Are you looking to benefit from a new career in Data Analysis? If you are detail orientated, perceptive, organised, competent, analytical and can communicate well with those around you; you could have a truly rewarding future as a Data Analyst We do this using our specialised Data Analyst career programme which looks to assist and place qualified candidates into a career pathway in Data Analysis. Please note this career program is designed for e... ","data analysis, r",2026-05-06,https://www.reed.co.uk/jobs/data-analyst-trainee/56863809,Reed,2026-05-30T19:31:16.763901
reed_56863776,Trainee Data Analyst,ITOL Recruit,ST41RN,Stoke-on-Trent,United Kingdom,53.00801,-2.17883,,30000.0,50000.0,GBP,Full-time,"Are you looking to benefit from a new career in Data Analysis? If you are detail orientated, perceptive, organised, competent, analytical and can communicate well with those around you; you could have a truly rewarding future as a Data Analyst We do this using our specialised Data Analyst career programme which looks to assist and place qualified candidates into a career pathway in Data Analysis. Please note this career program is designed for e... ","data analysis, r",2026-05-06,https://www.reed.co.uk/jobs/trainee-data-analyst/56863776,Reed,2026-05-30T19:31:18.812184
reed_56858925,Data Analyst Trainee,ITOL Recruit,UB81UW,Greater London,United Kingdom,51.54347,-0.47685,,30000.0,50000.0,GBP,Full-time,"Are you looking to benefit from a new career in Data Analysis? If you are detail orientated, perceptive, organised, competent, analytical and can communicate well with those around you; you could have a truly rewarding future as a Data Analyst We do this using our specialised Data Analyst career programme which looks to assist and place qualified candidates into a career pathway in Data Analysis. Please note this career program is designed for e... ","data analysis, r",2026-05-05,https://www.reed.co.uk/jobs/data-analyst-trainee/56858925,Reed,2026-05-30T19:31:23.111696
reed_56858921,Data Analyst Trainee,ITOL Recruit,RG11QH,Reading,United Kingdom,51.4569755,-0.96982,,30000.0,50000.0,GBP,Full-time,"Are you looking to benefit from a new career in Data Analysis? If you are detail orientated, perceptive, organised, competent, analytical and can communicate well with those around you; you could have a truly rewarding future as a Data Analyst We do this using our specialised Data Analyst career programme which looks to assist and place qualified candidates into a career pathway in Data Analysis. Please note this career program is designed for e... ","data analysis, r",2026-05-05,https://www.reed.co.uk/jobs/data-analyst-trainee/56858921,Reed,2026-05-30T19:31:23.112051
reed_56858526,Data Analyst Trainee,ITOL Recruit,WC1H9HB,Greater London,United Kingdom,51.52584,-0.12968,,30000.0,50000.0,GBP,Full-time,"Are you looking to benefit from a new career in Data Analysis? If you are detail orientated, perceptive, organised, competent, analytical and can communicate well with those around you; you could have a truly rewarding future as a Data Analyst We do this using our specialised Data Analyst career programme which looks to assist and place qualified candidates into a career pathway in Data Analysis. Please note this career program is designed for e... ","data analysis, r",2026-05-05,https://www.reed.co.uk/jobs/data-analyst-trainee/56858526,Reed,2026-05-30T19:31:23.112319
reed_56858523,Data Analyst Trainee,ITOL Recruit,SR13AA,Sunderland,United Kingdom,54.9082,-1.38607,,30000.0,50000.0,GBP,Full-time,"Are you looking to benefit from a new career in Data Analysis? If you are detail orientated, perceptive, organised, competent, analytical and can communicate well with those around you; you could have a truly rewarding future as a Data Analyst We do this using our specialised Data Analyst career programme which looks to assist and place qualified candidates into a career pathway in Data Analysis. Please note this career program is designed for e... ","data analysis, r",2026-05-05,https://www.reed.co.uk/jobs/data-analyst-trainee/56858523,Reed,2026-05-30T19:31:26.184458
reed_56858468,Data Analyst Trainee,ITOL Recruit,G11AB,Glasgow City,United Kingdom,55.86074,-4.24444,,30000.0,50000.0,GBP,Full-time,"Are you looking to benefit from a new career in Data Analysis? If you are detail orientated, perceptive, organised, competent, analytical and can communicate well with those around you; you could have a truly rewarding future as a Data Analyst We do this using our specialised Data Analyst career programme which looks to assist and place qualified candidates into a career pathway in Data Analysis. Please note this career program is designed for e... ","data analysis, r",2026-05-05,https://www.reed.co.uk/jobs/data-analyst-trainee/56858468,Reed,2026-05-30T19:31:28.642943
reed_56858467,Data Analyst Trainee,ITOL Recruit,BS15TR,Bristol,United Kingdom,51.4525381,-2.6020632,,30000.0,50000.0,GBP,Full-time,"Are you looking to benefit from a new career in Data Analysis? If you are detail orientated, perceptive, organised, competent, analytical and can communicate well with those around you; you could have a truly rewarding future as a Data Analyst We do this using our specialised Data Analyst career programme which looks to assist and place qualified candidates into a career pathway in Data Analysis. Please note this career program is designed for e... ","data analysis, r",2026-05-05,https://www.reed.co.uk/jobs/data-analyst-trainee/56858467,Reed,2026-05-30T19:31:28.643291
reed_56858465,Data Analyst Trainee,ITOL Recruit,L23SW,Liverpool,United Kingdom,53.407123,-2.9916078,,30000.0,50000.0,GBP,Full-time,"Are you looking to benefit from a new career in Data Analysis? If you are detail orientated, perceptive, organised, competent, analytical and can communicate well with those around you; you could have a truly rewarding future as a Data Analyst We do this using our specialised Data Analyst career programme which looks to assist and place qualified candidates into a career pathway in Data Analysis. Please note this career program is designed for e... ","data analysis, r",2026-05-05,https://www.reed.co.uk/jobs/data-analyst-trainee/56858465,Reed,2026-05-30T19:31:30.485709
reed_56889948,Data Analyst Trainee,ITOL Recruit,CM11JE,Chelmsford,United Kingdom,51.7361311,0.4671209,,30000.0,50000.0,GBP,Full-time,"Are you looking to benefit from a new career in Data Analysis? If you are detail orientated, perceptive, organised, competent, analytical and can communicate well with those around you; you could have a truly rewarding future as a Data Analyst We do this using our specialised Data Analyst career programme which looks to assist and place qualified candidates into a career pathway in Data Analysis. Please note this career program is designed for e... ","data analysis, r",2026-05-12,https://www.reed.co.uk/jobs/data-analyst-trainee/56889948,Reed,2026-05-30T19:31:33.352810
reed_56889740,Trainee Data Analyst,ITOL Recruit,YO10SG,York,United Kingdom,53.95963,-1.08563,,30000.0,50000.0,GBP,Full-time,"Artificial Intelligence is used in every industry and as artificial intelligence requires data to operate there is now a massive growing demand for Data experts. If you are detail orientated, perceptive, organised, competent, analytical and can communicate well with those around you; you could have a truly rewarding future within Data Science. We use our specialised Data Science Career programme which looks to assist, train and place qualified c... ","r, ui",2026-05-12,https://www.reed.co.uk/jobs/trainee-data-analyst/56889740,Reed,2026-05-30T19:31:35.811446
reed_56863799,Trainee Data Analyst,ITOL Recruit,EN13ES,Greater London,United Kingdom,51.65491,-0.0799,,30000.0,50000.0,GBP,Full-time,"Artificial Intelligence is used in every industry and as artificial intelligence requires data to operate there is now a massive growing demand for Data experts. If you are detail orientated, perceptive, organised, competent, analytical and can communicate well with those around you; you could have a truly rewarding future within Data Science. We use our specialised Data Science Career programme which looks to assist, train and place qualified c... ","r, ui",2026-05-06,https://www.reed.co.uk/jobs/trainee-data-analyst/56863799,Reed,2026-05-30T19:31:37.860299
reed_56805440,Data Analyst - Excel,Harnham - Data & Analytics Recruitment,Leicester,Leicester,United Kingdom,52.6362,-1.1331969,,200.0,300.0,GBP,Full-time,"DATA ANALYST (PART TIME) 200 - 300 PER DAY 2-3 DAYS IN THE OFFICE (LEICESTER) 3 MONTH CONTRACT THE COMPANY: Join a well-established company as a Data Analyst, supporting key reporting and data-driven decision-making. THE ROLE: As a Data Analyst, you will focus on analysing factory and operational data to identify issues, assess financial impact, and ensure compliance across multiple territories. You'll also be responsible for simplifying complex... ",r,2026-04-20,https://www.reed.co.uk/jobs/data-analyst-excel/56805440,Reed,2026-05-30T19:31:42.902004
reed_56824979,Business Data Analyst,Hays Specialist Recruitment Limited,Glasgow,Glasgow,United Kingdom,55.861155,-4.2501687,,35000.0,42000.0,GBP,Full-time,"Business Data Analyst (Fixed-Term Contract) Location: Hybrid / UK-based (with site or office attendance as required) Contract: Fixed-Term Contract (initially 3-6 months, with potential extension) Salary: 35,000 - 42,000 (pro rata) Clearance: SC Cleared (Ideally existing SC) The Opportunity An established organisation operating within a highly regulated, safety-critical environment is entering an important phase of data and reporting maturity and... ","r, ui",2026-04-24,https://www.reed.co.uk/jobs/business-data-analyst/56824979,Reed,2026-05-30T19:31:42.902893
reed_56821567,BI Data Analyst,Pavilion Recruitment Solutions,County Dublin,County Dublin,Éire / Ireland,53.4065148,-6.2866677,,35000.0,38000.0,GBP,Full-time,"A growing international organisation within the financial services sector is seeking a skilled BI Data Analyst to join their team in Dublin. This is an excellent opportunity for a detail-oriented and commercially aware analyst who enjoys turning complex data into meaningful reports and dashboards that directly influence business decisions. Working closely with senior leadership and cross-functional teams, you’ll play a key role in shaping strate... ","excel, leadership, r",2026-04-24,https://www.reed.co.uk/jobs/bi-data-analyst/56821567,Reed,2026-05-30T19:31:42.903637
reed_56955995,Senior Data Analyst,Nottingham Community Housing Association,Nottingham,City of Nottingham,United Kingdom,52.9534193,-1.1496461,,40620.0,45726.0,GBP,Full-time,"Senior Data Analyst Nottingham 40,620 - 45,726 per annum Are you a Senior Data Analyst who wants your insights to genuinely improve services and customer outcomes? At NCHA, data isn’t just reporting, it’s how we improve performance, shape services, and deliver better homes for our customers. As our next Senior Data Analyst, you’ll use your expertise in SQL, Power BI and data analytics to drive smarter decisions across the organisation. If you’re... ","power bi, r, sql, ui",2026-05-29,https://www.reed.co.uk/jobs/senior-data-analyst/56955995,Reed,2026-05-30T19:31:45.232645
reed_56956675,Data Reporting Analyst,Sanderson,London,Greater London,United Kingdom,51.5074456,-0.1277653,,350.0,400.0,GBP,Full-time,Reporting Analyst - Retail &amp; Clothing Location: Remote / London (occasional office attendance preferred) Contract: Initial 3 Months Rate: Competitive Day Rate (Umbrella) We are seeking an experienced Reporting Analyst to support a large retail organisation undergoing significant business expansion within its Clothing and General Merchandise operations. This role is ideal for someone who enjoys working with complex and sometimes unstructured ... ,"go, r",2026-05-29,https://www.reed.co.uk/jobs/data-reporting-analyst/56956675,Reed,2026-05-30T19:31:45.233017
reed_56862826,Business Data Analyst,Morgan McKinley,London,Greater London,United Kingdom,51.5074456,-0.1277653,,250.0,300.0,GBP,Full-time,"Business Data Analyst London (Hybrid, 2 days per week in office) | Contract | 250 - 300pd We're working with a leading global tech organisation to hire a Business Data Analyst to help build and scale core data capabilities across multiple international markets. This is a high-impact role focused on turning data into actionable insight, strengthening data foundations and enabling AI-ready analytics across Customer Success, Digital Experience, Ser... ","git, r, ui",2026-05-05,https://www.reed.co.uk/jobs/business-data-analyst/56862826,Reed,2026-05-30T19:31:45.233586
reed_56927110,Data Analyst (contract),Opus Recruitment Solutions Ltd,London,Greater London,United Kingdom,51.5074456,-0.1277653,,325.0,350.0,GBP,Full-time,"Data Analyst – Contract | Analytics Consulting Project Length: 3 months+ (likely extension) Rate: Up to 350 per day (Outside IR35) Working Pattern: Remote-first, with occasional on-site visits to London (London-based candidates preferred) Location: Near Southbank Station, London Start Date / Interview Process: Expected start in 2 weeks; 1-stage interview process Opus has partnered with a boutique consultancy seeking an experienced Contract Data ... ",r,2026-05-20,https://www.reed.co.uk/jobs/data-analyst-contract/56927110,Reed,2026-05-30T19:31:45.236273
reed_56853155,Financial Data Analyst,We Do Group,London,Greater London,United Kingdom,51.5074456,-0.1277653,,400.0,500.0,GBP,Full-time,"SENIOR FINANCIAL DATA ANALYST – MEDTECH Remote (London offices) – Remote – 12–24 month contract – High-impact automation role within FP&amp;A 400 – 500 per day Are you a finance professional with strong technical skills who has led the automation of budgeting and forecasting processes into Power BI? Do you enjoy turning manual finance processes into scalable, reliable solutions? We’re hiring for a Senior Financial Data Analyst to join a MedTech ... ","power bi, r, scala",2026-05-01,https://www.reed.co.uk/jobs/financial-data-analyst/56853155,Reed,2026-05-30T19:31:45.236533
reed_56843304,Business Data Analyst,Sanderson,Bristol,Bristol,United Kingdom,51.4538022,-2.5972985,,400.0,475.0,GBP,Full-time,"Business Data Analyst Rate - 400 - 475 Inside IR35 (Total to umbrella) Duration - 6 months Location - Bristol 3 days on-site per week About the Role: We are looking for a driven and adaptable Data Analyst to join a major business transformation programme focused on improving data quality, modernising processes and improving customer experience. This role sits at the heart of a long-term initiative to better structure, manage and use data across ... ",r,2026-04-30,https://www.reed.co.uk/jobs/business-data-analyst/56843304,Reed,2026-05-30T19:31:45.237332
reed_56812426,Finance Data Analyst,Hays Specialist Recruitment Limited,London,Greater London,United Kingdom,51.5074456,-0.1277653,,55000.0,60000.0,GBP,Full-time,"Your new company A global data centre in the heart of central London which operates within digital infrastructure is hiring a Finance Data Analyst to join the finance team. You will be joining an impressive finance function which is currently going through an exciting transformational stage. Your new role Stakeholder engagement - you will be working closely with finance, procurement and sales supporting with financial data strategies. Reporting ... ","git, go, r",2026-04-22,https://www.reed.co.uk/jobs/finance-data-analyst/56812426,Reed,2026-05-30T19:31:47.484836
reed_56943043,Supplier Data Analyst,Pearson Whiffin Recruitment Ltd,TN254BF,Ashford,United Kingdom,51.1700882,0.8694269,,13.84,15.38,GBP,Full-time,"Supplier Data Analyst 27,000 – 30,000 per annum Ashford – Remote or Hybrid (flexible working available) Temporary Contract (initially circa 6 months, with potential for extension) We’re looking for a detail-driven, Excel-savvy problem solver to join a busy data project on a temporary contract. This is a fantastic opportunity to get involved in a large-scale supplier data clean-up. You’ll play a key role in helping streamline and tidy up thousand... ","excel, r",2026-05-26,https://www.reed.co.uk/jobs/supplier-data-analyst/56943043,Reed,2026-05-30T19:31:47.485485
reed_56929989,Data Analyst (Transport),Essential Employment,YO16GA,York,United Kingdom,53.9580254,-1.0896914,,23.37,29.36,GBP,Full-time,"We require a person to work with the bus teams in our partner authorities to compile a detailed schedule of all current contracts, service level agreements and informal arrangements in place that relate to the delivery of bus services, as set out above in the Scope of the Review section. A standard template will be developed to capture this information and the successful person will be expected to work independently to compile details of each co... ","r, ui",2026-05-21,https://www.reed.co.uk/jobs/data-analyst-transport/56929989,Reed,2026-05-30T19:31:49.532852
reed_56934169,AI Risk & Controls Analyst,TXP Technology x People,London,Greater London,United Kingdom,51.5074456,-0.1277653,,500.0,500.0,GBP,Full-time,"AI Risk and Controls Analyst 6 months Inside IR35, market rate Hybrid, Canary Wharf 2 days per week We're partnering with a leading global banking organisation to hire multiple AI Risk &amp; Controls Analysts to support a high-profile Agentic AI governance programme . This is a fantastic opportunity to play a key role in shaping how AI is safely deployed at scale-working at the intersection of risk, governance, and emerging AI technologies . You... ","go, r",2026-05-22,https://www.reed.co.uk/jobs/ai-risk-controls-analyst/56934169,Reed,2026-05-30T19:31:49.533204
reed_56821104,Data Protection Analyst,Katie Bard (Angela Mortimer Plc),Birmingham,Birmingham,United Kingdom,52.4948994,-1.8518439,,33000.0,35000.0,GBP,Full-time,"A highly respected Professional Services firm with a standout reputation is on the lookout for a driven and detail-oriented Data Protection Executive to join its specialist Information Governance and Data Protection team, right in the heart of Birmingham city centre. Step into a dynamic, fast-moving environment where no two days are the same. Working closely with the Head of Data Protection, you’ll play a pivotal role across both client-facing p... ","go, r",2026-04-24,https://www.reed.co.uk/jobs/data-protection-analyst/56821104,Reed,2026-05-30T19:31:49.533502
reed_56863055,Data Scientist,Harnham - Data & Analytics Recruitment,Birmingham,Birmingham,United Kingdom,52.4948994,-1.8518439,,55000.0,65000.0,GBP,Full-time,"Are you a Data Scientist who enjoys building real-world models that drive commercial decisions , not just experimentation? I'm hiring for a Data Scientist to join a leading data and analytics consultancy working across customer insight, marketing, and predictive modelling. This is a brilliant opportunity to work on high-impact data products , combining advanced analytics, business understanding, and client-facing delivery in a collaborative, pro... ","r, ui",2026-05-05,https://www.reed.co.uk/jobs/data-scientist/56863055,Reed,2026-05-30T19:31:49.533829
reed_56848336,Data Scientist,Randstad Technologies,London,Greater London,United Kingdom,51.5074456,-0.1277653,,498.0,679.0,GBP,Full-time,"Product Data Scientist Location: Remote - UK Type of role- 6 Months contract with potential extension Payrate - 498 - 679 Per Day Inside IR35 We're hiring a Data Scientist to join a globally recognised audio streaming platform, supporting their experimentation and analytics ecosystem. This is a fantastic opportunity to work on a high-impact product used to power A/B testing and data-driven decision-making at scale. This role sits within a fast-p... ",r,2026-05-01,https://www.reed.co.uk/jobs/data-scientist/56848336,Reed,2026-05-30T19:31:49.534180
reed_56924134,Data Scientist,Harnham - Data & Analytics Recruitment,Netherlands,,Nederland,52.2434979,5.6343227,,75000.0,84000.0,GBP,Full-time,"Data Scientist Eindhoven, hybrid (2 days per week on site) | 78,000 base salary, up to 84,000 total package This is a standout opportunity for a client facing Data Scientist who enjoys combining hands on analytics with advisory work. You will sit at the intersection of data science, marketing and consulting, helping translate complex modelling into clear, commercially relevant insights for senior stakeholders. With strong demand for data driven ... ",r,2026-05-20,https://www.reed.co.uk/jobs/data-scientist/56924134,Reed,2026-05-30T19:31:49.534471
reed_56852564,Data Scientist,Harnham - Data & Analytics Recruitment,London,Greater London,United Kingdom,51.5074456,-0.1277653,,55000.0,65000.0,GBP,Full-time,"Data Scientist London hybrid 2 days per week with flexibility for candidates based in the North | Salary up to 65,000 The Company They are a UK based data and analytics consultancy that also develops proprietary data products. Combining rich data assets with advanced analytics and modelling expertise, they support organisations to make smarter, more targeted decisions. Their work spans sectors such as utilities, telecoms, financial services and ... ",r,2026-05-01,https://www.reed.co.uk/jobs/data-scientist/56852564,Reed,2026-05-30T19:31:52.399684
reed_56905799,Data & Automation Engineer (Python / SQL),AMS Contingent,London,Greater London,United Kingdom,51.5074456,-0.1277653,,,,GBP,Full-time,".Computershare is global leader in financial administration with over 12,000 employees across more than 22 different countries. Many of the world's leading organisations use us to streamline and maximise the value of relationships with their investors, employees, creditors and customers. Our global footprint means we have the scale to maintain robust compliance, audit, risk, financial crime, disaster recovery and business continuity planning pro... ","r, ui",2026-05-15,https://www.reed.co.uk/jobs/data-automation-engineer-python-sql/56905799,Reed,2026-05-30T19:31:52.400024
reed_56936409,Data Scientist,Harnham - Data & Analytics Recruitment,Nottingham,City of Nottingham,United Kingdom,52.9534193,-1.1496461,,55000.0,65000.0,GBP,Full-time,"Are you a Data Scientist who enjoys building real-world models that drive commercial decisions , not just experimentation? I'm hiring for a Data Scientist to join a leading data and analytics consultancy working across customer insight, marketing, and predictive modelling. This is a brilliant opportunity to work on high-impact data products , combining advanced analytics, business understanding, and client-facing delivery in a collaborative, pro... ","r, ui",2026-05-22,https://www.reed.co.uk/jobs/data-scientist/56936409,Reed,2026-05-30T19:31:52.400328
reed_56927768,Data Scientist,Harnham - Data & Analytics Recruitment,Merseyside,,United Kingdom,53.4953602,-2.973938,,45000.0,48000.0,GBP,Full-time,"Data Scientist 45,000 - 48,000 Hybrid - Merseyside (3 days per week in the office) This is a strong opportunity for a commercially minded Data Scientist to join a business at a genuine inflection point in its Data and AI journey. You will play a key role in moving the organisation from ad-hoc analytics to a scalable, production-led Data Science capability, with clear backing from leadership and real-world use cases already live. The Company They... ","leadership, r, scala, ui",2026-05-20,https://www.reed.co.uk/jobs/data-scientist/56927768,Reed,2026-05-30T19:31:52.400598
reed_56910197,AI Engineer,Robert Half,London,Greater London,United Kingdom,51.5074456,-0.1277653,,,,GBP,Full-time,"Robert Half Technology are assisting a market leading financial services (fintech) organisation to recruit a AI Engineer on a contract basis - Hybrid working - London based The AI Engineer will join a cross-functional data team to design, develop, and deploy AI/ML models that tackle real business problems - from prediction and automation to customer personalisation and decision intelligence. You'll play a hands-on role in taking models from conc... ","r, ui",2026-05-16,https://www.reed.co.uk/jobs/ai-engineer/56910197,Reed,2026-05-30T19:31:54.450523
reed_56889780,Data Science Trainee,ITOL Recruit,IG11DD,Greater London,United Kingdom,51.5588663,0.0741985,,30000.0,50000.0,GBP,Full-time,"Build a future-proof career in Data &amp; AI – starting today. Artificial Intelligence runs on data — and businesses are crying out for professionals who can collect, analyse, and interpret it. Looking for a career change? Want something analytical, structured, and financially rewarding? Or maybe you're ready to break into tech but don’t know where to start? ITOL Recruit’s Data Analyst Career Programme is designed to take you from complete begin... ","r, ui",2026-05-12,https://www.reed.co.uk/jobs/data-science-trainee/56889780,Reed,2026-05-30T19:31:54.450917
reed_56924065,Data Science Trainee,ITOL Recruit,DN311HU,North East Lincolnshire,United Kingdom,53.5652832,-0.0814556,,30000.0,50000.0,GBP,Full-time,"Artificial Intelligence is used in every industry and as artificial intelligence requires data to operate there is now a massive growing demand for Data experts. If you are detail orientated, perceptive, organised, competent, analytical and can communicate well with those around you; you could have a truly rewarding future within Data Science. We use our specialised Data Science Career programme which looks to assist, train and place qualified c... ","r, ui",2026-05-20,https://www.reed.co.uk/jobs/data-science-trainee/56924065,Reed,2026-05-30T19:31:54.451257
reed_56945138,Data Science Trainee,ITOL Recruit,IG117LU,Greater London,United Kingdom,51.5357946,0.0783322,,30000.0,50000.0,GBP,Full-time,"Artificial Intelligence is used in every industry and as artificial intelligence requires data to operate there is now a massive growing demand for Data experts. If you are detail orientated, perceptive, organised, competent, analytical and can communicate well with those around you; you could have a truly rewarding future within Data Science. We use our specialised Data Science Career programme which looks to assist, train and place qualified c... ","r, ui",2026-05-27,https://www.reed.co.uk/jobs/data-science-trainee/56945138,Reed,2026-05-30T19:31:56.597534
reed_56916564,Data Science Trainee,ITOL Recruit,S12HH,Sheffield,United Kingdom,53.38039,-1.4699199,,30000.0,50000.0,GBP,Full-time,"Artificial Intelligence is used in every industry and as artificial intelligence requires data to operate there is now a massive growing demand for Data experts. If you are detail orientated, perceptive, organised, competent, analytical and can communicate well with those around you; you could have a truly rewarding future within Data Science. We use our specialised Data Science Career programme which looks to assist, train and place qualified c... ","r, ui",2026-05-19,https://www.reed.co.uk/jobs/data-science-trainee/56916564,Reed,2026-05-30T19:31:56.597920
reed_56851194,Junior Data Scientist,Newto Training,United Kingdom,,United Kingdom,54.7023545,-3.2765753,,25000.0,78000.0,GBP,Full-time,"Are you ready to start a new career in Data Analysis? The demand for Data Analysts has grown by 20% annually, with experienced professionals earning salaries upwards of 58,000. In today’s digital world, data is critical to business decision-making, making the role of a Data Analyst indispensable. As skills shortages continue to grow, the demand for qualified entry-level professionals is on the rise. With our Data Analytics career programme we wi... ","data analysis, git, r",2026-05-01,https://www.reed.co.uk/jobs/junior-data-scientist/56851194,Reed,2026-05-30T19:31:58.832796
reed_56950033,Data Science Trainee,ITOL Recruit,B33DQ,Birmingham,United Kingdom,52.4794289,-1.9036507,,30000.0,50000.0,GBP,Full-time,"Data Science Trainee – No Experience Needed Build a future-proof career in Data &amp; AI – starting today. Artificial Intelligence runs on data — and businesses are crying out for professionals who can collect, analyse, and interpret it. Looking for a career change? Want something analytical, structured, and financially rewarding? Or maybe you're ready to break into tech but don’t know where to start? ITOL Recruit’s Data Analyst Career Programme... ","r, ui",2026-05-28,https://www.reed.co.uk/jobs/data-science-trainee/56950033,Reed,2026-05-30T19:31:58.833168
reed_56949937,Data Science Trainee,ITOL Recruit,W69JU,Greater London,United Kingdom,51.492,-0.23399,,30000.0,50000.0,GBP,Full-time,"Artificial Intelligence is used in every industry and as artificial intelligence requires data to operate there is now a massive growing demand for Data experts. If you are detail orientated, perceptive, organised, competent, analytical and can communicate well with those around you; you could have a truly rewarding future within Data Science. We use our specialised Data Science Career programme which looks to assist, train and place qualified c... ","r, ui",2026-05-28,https://www.reed.co.uk/jobs/data-science-trainee/56949937,Reed,2026-05-30T19:31:58.833537
reed_56884057,Data Science Trainee,ITOL Recruit,TW12BZ,Greater London,United Kingdom,51.4577762,-0.3124061,,30000.0,50000.0,GBP,Full-time,"Artificial Intelligence is used in every industry and as artificial intelligence requires data to operate there is now a massive growing demand for Data experts. If you are detail orientated, perceptive, organised, competent, analytical and can communicate well with those around you; you could have a truly rewarding future within Data Science. We use our specialised Data Science Career programme which looks to assist, train and place qualified c... ","r, ui",2026-05-11,https://www.reed.co.uk/jobs/data-science-trainee/56884057,Reed,2026-05-30T19:31:58.833862
reed_56859066,Data Science Trainee,ITOL Recruit,United Kingdom,,United Kingdom,54.7023545,-3.2765753,,30000.0,50000.0,GBP,Full-time,"Artificial Intelligence is used in every industry and as artificial intelligence requires data to operate there is now a massive growing demand for Data experts. If you are detail orientated, perceptive, organised, competent, analytical and can communicate well with those around you; you could have a truly rewarding future within Data Science. We use our specialised Data Science Career programme which looks to assist, train and place qualified c... ","r, ui",2026-05-05,https://www.reed.co.uk/jobs/data-science-trainee/56859066,Reed,2026-05-30T19:32:01.615719
reed_56851181,Trainee Data Analyst Associate,Newto Training,United Kingdom,,United Kingdom,54.7023545,-3.2765753,,25000.0,78000.0,GBP,Full-time,"Are you ready to start a new career in Data Analysis? The demand for Data Analysts has grown by 20% annually, with experienced professionals earning salaries upwards of 58,000. In today’s digital world, data is critical to business decision-making, making the role of a Data Analyst indispensable. As skills shortages continue to grow, the demand for qualified entry-level professionals is on the rise. With our Data Analytics career programme we wi... ","data analysis, git, r",2026-05-01,https://www.reed.co.uk/jobs/trainee-data-analyst-associate/56851181,Reed,2026-05-30T19:32:01.616139
reed_56888363,Data Analyst - Data Analyst (SQL/Power BI) - Belfast,Hays Specialist Recruitment Limited,Ireland,,Éire / Ireland,52.865196,-7.9794599,,35000.0,38000.0,GBP,Full-time,"Data Analyst - Energy &amp; Sustainability Location: Belfast (Hybrid) Salary: CompetitiveJob Type: Permanent About the Role An innovative organisation at the forefront of the energy transition and sustainability sector is seeking a Data Analyst to join their growing team in Belfast.This is a unique opportunity to work on large-scale, real-world energy programmes, analysing high-volume data to generate insights that directly influence low-carbon ... ",r,2026-05-11,https://www.reed.co.uk/jobs/data-analyst-data-analyst-sql-power-bi-belfast/56888363,Reed,2026-05-30T19:32:01.616506
reed_56915103,Data Cleansing Analyst - Junior,Salt Search,London,Greater London,United Kingdom,51.5074456,-0.1277653,,300.0,300.0,GBP,Full-time,"Data Cleansing Analyst Housing / Local Government Contract, Hybrid Working London 300 per day Umbrella The Role We are supporting a London local authority with the appointment of a Data Cleansing Analyst to support a key housing data improvement project within the Housing Directorate. This role will focus specifically on data cleansing, spreadsheet management and improving the accuracy and consistency of housing and asset related data across mul... ","go, r",2026-05-18,https://www.reed.co.uk/jobs/data-cleansing-analyst-junior/56915103,Reed,2026-05-30T19:32:03.871634
reed_56813715,CRM Marketing Data Analyst,Uniting Ambition,B980DE,Redditch,United Kingdom,52.2888947,-1.8992536,,400.0,450.0,GBP,Full-time,"CRM Marketing Data Analyst Contract **Outside IR35** Redditch (2 days per week on-site) 6-months+ 400.00 - 450.00 per day To start Tuesday 5th May Overview The CRM Marketing Data Analyst is responsible for the scoping and hands on delivery of CRM&nbsp; / Email Campaign analysis and is a pivotal role in the growth of a CRM programme contributing to 20% of Group Turnover. The role is not just delivering numbers, but a proactive role accountable fo... ","crm, r",2026-04-22,https://www.reed.co.uk/jobs/crm-marketing-data-analyst/56813715,Reed,2026-05-30T19:32:03.872015
reed_56835872,Data Analyst - Customer/Marketing,Harnham - Data & Analytics Recruitment,London,Greater London,United Kingdom,51.5074456,-0.1277653,,45000.0,55000.0,GBP,Full-time,"Data Analyst London (hybrid, 2 days per week) | Up to 55,000 This is a great opportunity to join a growing data and analytics consultancy where you will work on varied, client-facing projects that have real commercial impact. You will sit between data, insight, and decision-making, helping organisations better understand their customers through thoughtful, high-quality analysis. The Company They are a UK-based data and analytics consultancy that... ",r,2026-04-28,https://www.reed.co.uk/jobs/data-analyst-customer-marketing/56835872,Reed,2026-05-30T19:32:06.531317
reed_56815518,Data and Reporting Analyst,Harnham - Data & Analytics Recruitment,London,Greater London,United Kingdom,51.5074456,-0.1277653,,65000.0,70000.0,GBP,Full-time,"DATA AND REPORTING ANALYST LONDON/HYBRID UP TO 70,000 This is a high impact analytics role within a growing UK fintech, offering the chance to work close to senior stakeholders and influence how the business understands and funds its lending portfolio. You will sit at the heart of finance, combining hands on SQL analysis with commercial insight to support funding, performance and strategic decision making. ROLES AND RESPONSIBILITIES: The Data an... ","r, sql",2026-04-22,https://www.reed.co.uk/jobs/data-and-reporting-analyst/56815518,Reed,2026-05-30T19:32:06.531643
reed_56943991,HR Data Migration Analyst,Morgan Hunt Recruitment,LS11HT,Leeds,United Kingdom,53.79709,-1.55067,,51753.0,51753.0,GBP,Full-time,"HR Data Migration Analyst Leeds (Hybrid - 1 day per week in office) 51,753 (Fixed Term until November, with strong potential to extend to June) Morgan Hunt are working in partnership with a well-regarded organisation to recruit an HR Data Migration Analyst to support a key transformation programme, migrating people data from legacy systems into SAP SuccessFactors. This is an excellent opportunity to play a central role in a high-profile data mig... ","excel, r, ui",2026-05-26,https://www.reed.co.uk/jobs/hr-data-migration-analyst/56943991,Reed,2026-05-30T19:32:06.531969
reed_56899480,ESG Data Governance Analyst,Adecco,London,Greater London,United Kingdom,51.5074456,-0.1277653,,,,GBP,Full-time,"Job Title: ESG Data Governance Analyst Location: London (Hybrid) Duration: Until 31/03/2027 (Potential extension) Working Pattern: Full Time About the Role Join our organization as an ESG Data Governance Analyst, where you will play a pivotal role in implementing robust Data Governance practices across our Key Data Reports and Measures (Key Data Uses - KDU). This is an exciting opportunity for someone with a strong understanding of sustainabilit... ","go, r",2026-05-13,https://www.reed.co.uk/jobs/esg-data-governance-analyst/56899480,Reed,2026-05-30T19:32:06.532239
reed_56924158,Data Science Trainee,ITOL Recruit,SW182PU,Greater London,United Kingdom,51.4580251,-0.1905561,,30000.0,50000.0,GBP,Full-time,"Artificial Intelligence is used in every industry and as artificial intelligence requires data to operate there is now a massive growing demand for Data experts. If you are detail orientated, perceptive, organised, competent, analytical and can communicate well with those around you; you could have a truly rewarding future within Data Science. We use our specialised Data Science Career programme which looks to assist, train and place qualified c... ","r, ui",2026-05-20,https://www.reed.co.uk/jobs/data-science-trainee/56924158,Reed,2026-05-30T19:32:06.532574
reed_56904215,Office Administrator/Data Analyst,Equals One,BD206RB,Bradford,United Kingdom,53.8996953,-1.9500357,,26500.0,30000.0,GBP,Full-time,"Office Administrator/Data Analyst Salary: 26,500 to 30,000 depending on experience Steeton, BD20 office based Monday to Friday 8.30 – 5pm daily Grandma Wild’s is a long-established and highly respected bakery business with a proud heritage dating back over 100 years. Known for producing high quality bakery products, we combine traditional values with continuous improvement across all areas of the business. Due to continued growth and ongoing int... ","go, r",2026-05-14,https://www.reed.co.uk/jobs/office-administrator-data-analyst/56904215,Reed,2026-05-30T19:32:06.532914
reed_56862782,Commercial Data Finance Analyst,Alexander Lloyd,London,Greater London,United Kingdom,51.5074456,-0.1277653,,50000.0,60000.0,GBP,Full-time,"Seeking Immediately Available Commercial Data Finance Analyst for a 6 month Fixed Term Contract Mainly remote working but must be within commutable distance of London and surrounding areas for occasional on site meetings. Up to 60,000 per annum This role sits within the finance team however is focused on the commercials and system deliverables Key skills required Advanced Excel to include formulas, pivots, macros and data modelling Ability to us... ","excel, r, ui",2026-05-05,https://www.reed.co.uk/jobs/commercial-data-finance-analyst/56862782,Reed,2026-05-30T19:32:10.013453
reed_56925109,Data Analyst - Customer Success,Executive Facilities,London,Greater London,United Kingdom,51.5074456,-0.1277653,,260.0,260.0,GBP,Full-time,"Our global SaaS Client are now seeking a Data Analyst to join their team with a focus on customer retention. This role is a unique opportunity to transform reporting, build behavioural analytics, and work across the whole ecosystem lifecycle. This is a hybrid role (2/3 days week) for 13 months with potential to extend. Responsibilities Building robust data foundations: Collaborate with engineering to develop pipelines, improve data integrity, an... ","r, ui",2026-05-20,https://www.reed.co.uk/jobs/data-analyst-customer-success/56925109,Reed,2026-05-30T19:32:10.013950
reed_56947542,Data Analyst - 12month FTC,Lawfront Group,London,Greater London,United Kingdom,51.5074456,-0.1277653,,,,GBP,Full-time,"Shape the data foundation of one of the UK legal sector's most ambitious transformation programmes. The Opportunity Lawfront is a fast-growing, PE-backed group of seven leading regional law firms. We are in the midst of one of the most significant technology transformation programmes in the UK legal sector consolidating our entire technology estate onto a unified platform through Programme Drive. At the centre of this programme is data: understa... ",r,2026-05-27,https://www.reed.co.uk/jobs/data-analyst-12month-ftc/56947542,Reed,2026-05-30T19:32:10.014392
reed_56813154,Business & Data Analyst,Tenth Revolution Group,London,Greater London,United Kingdom,51.5074456,-0.1277653,,60000.0,90000.0,GBP,Full-time,"Business &amp; Data Analyst - London Market / Lloyd's Insurance - SQL, Data Analysis, PAS, DA - London (Hybrid) - Up to 90,000 This is a strong opportunity to join a well-established London Market insurance organisation that's actively investing in data, reporting and platform transformation in underwriting, pricing, claims and reinsurance. You'll sit at the heart of the business, working on meaningful change programmes. The role gives you real ... ","data analysis, r, sql",2026-04-22,https://www.reed.co.uk/jobs/business-data-analyst/56813154,Reed,2026-05-30T19:32:10.014841
reed_56890398,Data and AI Engineer,Tenth Revolution Group,Middlesbrough,Middlesbrough,United Kingdom,54.5760419,-1.2344047,,45000.0,51000.0,GBP,Full-time,"Data &amp; AI Engineer - Up to 50,000 Location: Newcastle or Manchester - Hybrid Security Clearance: UK SC eligibility required The Opportunity We are supporting a leading organisation within the Technology and Data space that deliver large-scale, technology-enabled transformations. This team specialises in building modern, data-driven solutions that enable better decision-making, automation, and innovation. This role is ideal for a Data Enginee... ","r, ui",2026-05-12,https://www.reed.co.uk/jobs/data-and-ai-engineer/56890398,Reed,2026-05-30T19:32:10.015214
reed_56890380,Data and AI Engineer,Tenth Revolution Group,Sunderland,Sunderland,United Kingdom,54.9058512,-1.3828727,,45000.0,51000.0,GBP,Full-time,"Data &amp; AI Engineer - Up to 50,000 Location: Newcastle or Manchester - Hybrid Security Clearance: UK SC eligibility required The Opportunity We are supporting a leading organisation within the Technology and Data space that deliver large-scale, technology-enabled transformations. This team specialises in building modern, data-driven solutions that enable better decision-making, automation, and innovation. This role is ideal for a Data Enginee... ","r, ui",2026-05-12,https://www.reed.co.uk/jobs/data-and-ai-engineer/56890380,Reed,2026-05-30T19:32:12.265205
reed_56890378,Data and AI Engineer,Tenth Revolution Group,Newcastle Upon Tyne,Newcastle upon Tyne,United Kingdom,54.9738474,-1.6131572,,45000.0,51000.0,GBP,Full-time,"Data &amp; AI Engineer - Up to 50,000 Location: Newcastle or Manchester - Hybrid Security Clearance: UK SC eligibility required The Opportunity We are supporting a leading organisation within the Technology and Data space that deliver large-scale, technology-enabled transformations. This team specialises in building modern, data-driven solutions that enable better decision-making, automation, and innovation. This role is ideal for a Data Enginee... ","r, ui",2026-05-12,https://www.reed.co.uk/jobs/data-and-ai-engineer/56890378,Reed,2026-05-30T19:32:14.108869
reed_56813325,Financial Data Reporting Analyst,Harnham - Data & Analytics Recruitment,London,Greater London,United Kingdom,51.5074456,-0.1277653,,60000.0,75000.0,GBP,Full-time,"Data and Reporting Analyst London 65,000 to 70,000 This is an opportunity to join a high-performing finance function at a fast-scaling UK fintech where data sits at the heart of commercial decision-making. You will work closely with senior stakeholders on business-critical reporting and analysis, gaining exposure to complex funding structures and the full lifecycle of consumer lending. The role offers genuine scope to influence how financial dat... ","r, ui",2026-04-22,https://www.reed.co.uk/jobs/financial-data-reporting-analyst/56813325,Reed,2026-05-30T19:32:14.109249
reed_56768080,Product Data Scientist,Harnham - Data & Analytics Recruitment,London,Greater London,United Kingdom,51.5074456,-0.1277653,,75000.0,85000.0,GBP,Full-time,"PRODUCT DATA ANALYST / SCIENTIST UP TO 85,000 HYBRID - LONDON 2x PER WEEK + 1x MONTHLY TEAM TRAVEL *Please note, you must be a UK resident and citizen to apply* THE COMPANY Backed by private equity, this fast-growing consumer technology business is on a mission to become more product-focused and deliver greater personalisation for its users. With strong leadership and exciting growth plans, they're now looking for a senior-level Product Data Ana... ","leadership, r, ui",2026-04-10,https://www.reed.co.uk/jobs/product-data-scientist/56768080,Reed,2026-05-30T19:32:14.109580
reed_56890362,Data and AI Engineer,Tenth Revolution Group,Manchester,Manchester,United Kingdom,53.4424618,-2.2324547,,45000.0,51000.0,GBP,Full-time,"Data &amp; AI Engineer - Up to 50,000 Location: Newcastle or Manchester - Hybrid Security Clearance: UK SC eligibility required The Opportunity We are supporting a leading organisation within the Technology and Data space that deliver large-scale, technology-enabled transformations. This team specialises in building modern, data-driven solutions that enable better decision-making, automation, and innovation. This role is ideal for a Data Enginee... ","r, ui",2026-05-12,https://www.reed.co.uk/jobs/data-and-ai-engineer/56890362,Reed,2026-05-30T19:32:14.109885
reed_56872442,Pension Data Analyst - Insurance,Lorien,London,Greater London,United Kingdom,51.5074456,-0.1277653,,,,GBP,Full-time,"Pension Data Analyst - Insurance We are recruiting for a Pensions Data Analyst with strong Data Analytic skills, DB/DC and analysing data from a trustee perspective experience to join one of our Insurance clients on a 6-month contract. Inside IR35 - Hybrid responsibilities Analyse large and complex datasets from multiple sources to identify trends, risks, anomalies and opportunities. Perform data validation and quality checks, investigating disc... ","r, rust, ui",2026-05-07,https://www.reed.co.uk/jobs/pension-data-analyst-insurance/56872442,Reed,2026-05-30T19:32:14.110165
reed_56904643,Finance & Data Analyst,Office Angels,Bromley,Greater London,United Kingdom,51.4028046,0.0148142,,28000.0,32000.0,GBP,Full-time,"Join Our Client's Team as a Finance &amp; Data Analyst! Are you a numbers enthusiast with a passion for data or thrives in a dynamic environment where your analytical skills can shine? If so, we have an exciting opportunity for you! Our client is searching for a talented Finance &amp; Data Analyst to join their team on a permanent basis. Overview: 28,000 - 32,000 Location: Bromley Required - Degree educated, ideally in finance, business, economi... ","r, ui",2026-05-14,https://www.reed.co.uk/jobs/finance-data-analyst/56904643,Reed,2026-05-30T19:32:14.110720
reed_56898721,Operations Data Analyst - Stock,Reed,WA94HU,St Helens,United Kingdom,53.4273234,-2.7051124,,35000.0,40000.0,GBP,Full-time,"My market leading St. Helens based client are the UK’s largest independent manufacturer within their field, they are experiencing year on year growth, making now a very exciting time to join this hugely successful business. Permanent Role: Data Analyst - Stock Location: St Helens Salary: 35,000 - 40,000 dependent upon experience. Hours: 100% office based, you will be required to work from 09:00 - 17:00 Monday - Friday (37.5 hours per week) &nbsp... ","r, ui",2026-05-13,https://www.reed.co.uk/jobs/operations-data-analyst-stock/56898721,Reed,2026-05-30T19:32:16.566310
reed_56851165,Trainee Data Analyst Associate,Newto Training,London,Greater London,United Kingdom,51.5074456,-0.1277653,,25000.0,78000.0,GBP,Full-time,"Are you ready to start a new career in Data Analysis? The demand for Data Analysts has grown by 20% annually, with experienced professionals earning salaries upwards of 58,000. In today’s digital world, data is critical to business decision-making, making the role of a Data Analyst indispensable. As skills shortages continue to grow, the demand for qualified entry-level professionals is on the rise. With our Data Analytics career programme we wi... ","data analysis, git, r",2026-05-01,https://www.reed.co.uk/jobs/trainee-data-analyst-associate/56851165,Reed,2026-05-30T19:32:19.225645
reed_56876900,Data & AI Engineer,Tenth Revolution Group,Ireland,,Éire / Ireland,52.865196,-7.9794599,,36000.0,40000.0,GBP,Full-time,"Data &amp; AI Engineer - Hybrid role in Technology - Up to 45k The Role As a Data &amp; AI Engineer, you'll design, build and maintain data pipelines, analytics platforms and AI-powered capabilities all linked to high-impact business use cases. You'll collaborate closely with analysts, engineers and stakeholders to turn requirements into reliable, production-ready solutions. Key responsibilities: Designing and building scalable data pipelines, d... ","r, scala, ui",2026-05-08,https://www.reed.co.uk/jobs/data-ai-engineer/56876900,Reed,2026-05-30T19:32:19.225751
reed_56951546,Data Analyst - Customer Retention,Executive Facilities,London,Greater London,United Kingdom,51.5074456,-0.1277653,,260.0,260.0,GBP,Full-time,"Our global SaaS Client are now seeking a Data Analyst to join their team with a focus on customer retention. This role is a unique opportunity to transform reporting, build behavioural analytics, and work across the whole ecosystem lifecycle. This is a hybrid role (2/3 days week) for 13 months with potential to extend. Responsibilities Building robust data foundations: Collaborate with engineering to develop pipelines, improve data integrity, an... ","r, ui",2026-05-28,https://www.reed.co.uk/jobs/data-analyst-customer-retention/56951546,Reed,2026-05-30T19:32:19.225817
reed_56893195,Senior Data Business Analyst,Avencia Consulting,London,Greater London,United Kingdom,51.5074456,-0.1277653,,,,GBP,Full-time,"Senior Data Business Analyst London | Permanent | Hybrid A leading global insurer is looking for a Senior Data Business Analyst to join a high-profile transformation team focused on enterprise data, reporting, and business change. This role is ideal for someone who enjoys solving complex data challenges, working across multiple systems, and partnering with senior stakeholders across Finance, Actuarial, Underwriting, and Technology. What You'll D... ",r,2026-05-12,https://www.reed.co.uk/jobs/senior-data-business-analyst/56893195,Reed,2026-05-30T19:32:19.225879
reed_56823781,Data Analyst/ Data Engineer - KPI Dashboard,Hays Specialist Recruitment Limited,UB70GB,Greater London,United Kingdom,51.53732,-0.48736,,,,GBP,Full-time,"Role Purpose The Data Analyst / Data Engineer will lead the discovery, interpretation, and presentation of data to enable AI-driven solutions for our client, embedded within operational teams. The role focusses on turning complex, often legacy, datasets into clear insight, narrative, and decision-ready outputs, while ensuring data foundations are sufficiently robust to scale across OpCos. This position requires strong analytical judgement, stake... ","r, ui",2026-04-24,https://www.reed.co.uk/jobs/data-analyst-data-engineer-kpi-dashboard/56823781,Reed,2026-05-30T19:32:19.225940
reed_56867903,Data Analyst - Pricing Focused,Harnham - Data & Analytics Recruitment,London,Greater London,United Kingdom,51.5074456,-0.1277653,,480.0,500.0,GBP,Full-time,A well-established ecommerce buismess is looking for a data analyst with a strong focus in pricing to support a delivery phase of a pricing programme due to launch in July. Key Responsibilities Support the execution of pricing initiatives and projects Analyse and validate pricing model outputs and their business impact Monitor and assess performance of pricing experiments and tests Deliver day-to-day operational analysis and reporting Partner wi... ,"r, ui",2026-05-06,https://www.reed.co.uk/jobs/data-analyst-pricing-focused/56867903,Reed,2026-05-30T19:32:21.281622
reed_56793505,Senior Data Analyst - Players,Harnham - Data & Analytics Recruitment,Watford,Watford,United Kingdom,51.6553875,-0.3957425,,80000.0,95000.0,GBP,Full-time,"Senior Data Analyst, Players Hertfordshire| 80,000 to 95,000 base plus bonus | Hybrid, 3 days in office This is a rare opportunity to step into a highly influential analytics role where insight directly shapes commercial strategy. You will operate at pace, work through ambiguity, and partner closely with senior leaders to solve some of the most complex and high impact player challenges in a regulated consumer environment. The Company They are a ... ","r, ui",2026-04-16,https://www.reed.co.uk/jobs/senior-data-analyst-players/56793505,Reed,2026-05-30T19:32:21.282012
reed_56817031,Lead Business Analyst (Data),Inspire People,Leeds,Leeds,United Kingdom,53.7974185,-1.5437941,,64480.0,72540.0,GBP,Full-time,"The Bank of England, in partnership with Inspire People, is seeking a Lead Business Analyst with strong data expertise, including master data management, data models and data flows. Working alongside the Data Architect, you will lead requirements for complex, data-driven programmes, translating business needs into well-governed, scalable solutions. Competitive salary of 64,480 - 72,540 plus full benefits, incl. an additional 8% flexible cash ben... ","go, r, scala, ui",2026-04-23,https://www.reed.co.uk/jobs/lead-business-analyst-data/56817031,Reed,2026-05-30T19:32:21.282297
reed_56953437,AI Adoption Consultant,Mexa Solutions LTD,RG11AZ,Reading,United Kingdom,51.4577106,-0.9702046,,45000.0,60000.0,GBP,Full-time,"AI Adoption Consultant AI Delivery Consultant / AI Enablement Consultant / AI Automation Consultant Reading, Berkshire Hybrid / remote-first 45 – 60k Basic Can you explain ChatGPT to your granny… …and then help a leadership team work out where AI will actually save time, improve work, and create ROI? Because that’s roughly the balance here. This is not a role for someone who has “used ChatGPT a bit”. And it’s not a role for a pure trainer who wa... ","leadership, r",2026-05-28,https://www.reed.co.uk/jobs/ai-adoption-consultant/56953437,Reed,2026-05-30T19:32:21.282579
reed_56807217,Senior Data Analyst (Gaming),Harnham - Data & Analytics Recruitment,USA,,United States,39.7837304,-100.445882,,70000.0,95000.0,GBP,Full-time,"SENIOR DATA ANALYST - PLAYER ANALYTICS 80,000- 95,000 + BONUS + BENEFITS WATFORD JUNCTION / HYBRID THE COMPANY This is a brilliant opportunity to join a major consumer business going through a large-scale transformation. Analytics is at the heart of decision-making here, with a strong focus on using data to shape commercial performance, customer strategy and product direction. The role sits in a highly visible team with direct exposure to senior... ","go, r",2026-04-21,https://www.reed.co.uk/jobs/senior-data-analyst-gaming/56807217,Reed,2026-05-30T19:32:24.144753
reed_56890370,Data and AI Engineer,Tenth Revolution Group,Liverpool,Liverpool,United Kingdom,53.3933411,-2.9166389,,45000.0,51000.0,GBP,Full-time,"Data &amp; AI Engineer - Up to 50,000 Location: Newcastle or Manchester - Hybrid Security Clearance: UK SC eligibility required The Opportunity We are supporting a leading organisation within the Technology and Data space that deliver large-scale, technology-enabled transformations. This team specialises in building modern, data-driven solutions that enable better decision-making, automation, and innovation. This role is ideal for a Data Enginee... ","r, ui",2026-05-12,https://www.reed.co.uk/jobs/data-and-ai-engineer/56890370,Reed,2026-05-30T19:32:26.601882
reed_56843526,Data Analyst (Procurement Projects),Positive Employment,Bedford,Bedford County,United States,40.0271453,-78.5237447,,850.0,880.0,GBP,Full-time,"Our client is a large local government organisation and looking for an experienced Data Analyst to join their team This is initially a 3 month contract which may be extended for the right candidate You will Deliver data-driven insight, procurement analysis, and benchmarking to support efficiency and improvement programmes within the business. The role identifies savings opportunities, improves value for money, and enables evidence-based decision... ","go, r",2026-04-30,https://www.reed.co.uk/jobs/data-analyst-procurement-projects/56843526,Reed,2026-05-30T19:32:26.602312
reed_56923149,Lead Data Scientist,Adria Solutions,Manchester,Manchester,United Kingdom,53.4424618,-2.2324547,,60000.0,80000.0,GBP,Full-time,"Lead Data Scientist - Manchester&nbsp; My client is seeking a Lead Data Scientist to own and drive the end-to-end data science strategy across high-impact business domains (e.g., risk, fraud, affordability, customer value). This role will translate complex, real-world financial data into production-grade machine learning systems that deliver measurable commercial and customer outcomes. The successful candidate will lead model development from id... ","machine learning, r",2026-05-19,https://www.reed.co.uk/jobs/lead-data-scientist/56923149,Reed,2026-05-30T19:32:29.248885
reed_56834199,Data Anslyst,Harnham - Data & Analytics Recruitment,London,Greater London,United Kingdom,51.5074456,-0.1277653,,40000.0,55000.0,GBP,Full-time,"Data Analyst London, Hybrid Salary up to 55,000 This is an opportunity to join a specialist data and analytics consultancy where analysis directly shapes commercial decisions for well known organisations. You will work on varied, client facing projects that combine complex data, clear storytelling, and real world impact, with the support of a collaborative and analytically strong team. The Company They are an established data and analytics consu... ",r,2026-04-28,https://www.reed.co.uk/jobs/data-anslyst/56834199,Reed,2026-05-30T19:32:29.249390
reed_56931773,Data Administrator,Reed,KT91SN,Greater London,United Kingdom,51.36966,-0.29249,,14.0,14.0,GBP,Full-time,"Temporary Data Analyst – Hybrid (Chessington/Tolworth) – 14 per hour A well-established organisation based in the Chessington/Tolworth area is seeking a&nbsp; Data Analyst &nbsp;to join their team on an ongoing temporary &nbsp;contract , starting&nbsp; immediately . This is a&nbsp; hybrid role , offering a mix of remote and office-based working. Key Responsibilities: Respond promptly to product supply queries from Service Centres, Customer Servi... ","go, r",2026-05-21,https://www.reed.co.uk/jobs/data-administrator/56931773,Reed,2026-05-30T19:32:29.249793
reed_56905921,AI Cloud Engineer,Deerfoot Recruitment Solutions Ltd,EC2Y9AG,City of London,United Kingdom,51.51844,-0.08902,,,,GBP,Full-time,"Azure AI Cloud Engineer London (Hybrid): Onsite 4:1 WFH 635.63pd Umbrella Rate We're seeking a forward-thinking engineer ready to sit at the absolute intersection of Cloud Infrastructure and Artificial Intelligence within this international banking group. This is a unique opportunity to join a small, dynamic team within a leading financial services institution as they evolve their digital engineering capabilities. You will play a pivotal role in... ","azure, git, r",2026-05-15,https://www.reed.co.uk/jobs/ai-cloud-engineer/56905921,Reed,2026-05-30T19:32:31.926063
reed_56860249,Data Engineer,Tenth Revolution Group,London,Greater London,United Kingdom,51.5074456,-0.1277653,,60000.0,62000.0,GBP,Full-time,"Data Engineer | 18-month FTC We're looking for a Data Engineer to play a key role in our technology transformation. As one of our first dedicated data engineering hires, you'll help build trusted, scalable data pipelines that power reporting, analytics, and future AI use cases. 60,000 What you'll do Build and maintain data pipelines integrating CRM, HR, Finance, and other enterprise systems Transform raw data into clean, analytics-ready datasets... ","crm, r, rust, scala, ui",2026-05-05,https://www.reed.co.uk/jobs/data-engineer/56860249,Reed,2026-05-30T19:32:34.383879
reed_56807163,Data Engineer,Harvey Nash,Birmingham,Birmingham,United Kingdom,52.4948994,-1.8518439,,,,GBP,Full-time,"We are currently working with a leading Leisure &amp; Hospitality client based in Birmingham who are recruiting for a Junior Data Engineer on a permanent basis. This is a great opportunity for someone early in their data career who wants hands-on experience with data pipelines, ETL/ELT processes, and analytics platforms - essentially you will help build modern, cloud-based data solutions using Microsoft Fabric and Azure. The role will require yo... ","azure, r, ui",2026-04-21,https://www.reed.co.uk/jobs/data-engineer/56807163,Reed,2026-05-30T19:32:34.384493
reed_56919594,Senior Service Designer,DVSA,Nottingham,City of Nottingham,United Kingdom,52.9534193,-1.1496461,,44241.0,58997.0,GBP,Full-time,"Senior Service Designer Salary : 44,241 - 58,997 per annum Vacancy Type: Permanent Location: Bristol, Swansea, Leeds, Nottingham, Newcastle, Oldham, Birmingham, Yeading. Apply before 11:55 pm on Sunday 31st May 2026 About the job As Senior Service Designer in the DVSA Service Design and User Research team your role will be to help DVSA deliver and continuously improve joined up, end-to-end services based on data and evidence. You will work in a ... ",r,2026-05-19,https://www.reed.co.uk/jobs/senior-service-designer/56919594,Reed,2026-05-30T19:32:34.384774
reed_56919584,Senior Service Designer,DVSA,Swansea,Swansea,United Kingdom,51.6195955,-3.9459248,,44241.0,58997.0,GBP,Full-time,"Senior Service Designer Salary : 44,241 - 58,997per annum Vacancy Type: Permanent Location: Bristol, Swansea, Leeds, Nottingham, Newcastle, Oldham, Birmingham, Yeading. Apply before 11:55 pm on Sunday 31st May 2026 About the job As Senior Service Designer in the DVSA Service Design and User Research team your role will be to help DVSA deliver and continuously improve joined up, end-to-end services based on data and evidence. You will work in a d... ",r,2026-05-19,https://www.reed.co.uk/jobs/senior-service-designer/56919584,Reed,2026-05-30T19:32:34.385032
reed_56919571,Senior Service Designer,DVSA,Newcastle Upon Tyne,Newcastle upon Tyne,United Kingdom,54.9738474,-1.6131572,,44241.0,58997.0,GBP,Full-time,"Senior Service Designer Salary : 44,241 - 58,997per annum Vacancy Type: Permanent Location: Bristol, Swansea, Leeds, Nottingham, Newcastle, Oldham, Birmingham, Yeading. Apply before 11:55 pm on Sunday 31st May 2026 About the job As Senior Service Designer in the DVSA Service Design and User Research team your role will be to help DVSA deliver and continuously improve joined up, end-to-end services based on data and evidence. You will work in a d... ",r,2026-05-19,https://www.reed.co.uk/jobs/senior-service-designer/56919571,Reed,2026-05-30T19:32:37.311226
reed_56899043,Data Engineer,Tenth Revolution Group,Newcastle Upon Tyne,Newcastle upon Tyne,United Kingdom,54.9738474,-1.6131572,,35000.0,50000.0,GBP,Full-time,"Data Engineer Up to 50,000 About the Role We are seeking a Data Engineer to support the design and delivery of modern data and AI solutions within a large, highly regulated organisation undergoing digital transformation. This role sits within a technology and data function focused on delivering business driven, cloud enabled solutions. You will play a key role in building scalable data pipelines, developing AI enabled capabilities, and supportin... ","git, go, r, scala, ui",2026-05-13,https://www.reed.co.uk/jobs/data-engineer/56899043,Reed,2026-05-30T19:32:37.311547
reed_56851197,Trainee Data Analyst - job guarantee,Newto Training,United Kingdom,,United Kingdom,54.7023545,-3.2765753,,25000.0,78000.0,GBP,Full-time,"Are you ready to start a new career in Data Analysis? The demand for Data Analysts has grown by 20% annually, with experienced professionals earning salaries upwards of 58,000. In today’s digital world, data is critical to business decision-making, making the role of a Data Analyst indispensable. As skills shortages continue to grow, the demand for qualified entry-level professionals is on the rise. With our Data Analytics career programme we wi... ","data analysis, git, r",2026-05-01,https://www.reed.co.uk/jobs/trainee-data-analyst-job-guarantee/56851197,Reed,2026-05-30T19:32:37.311934
reed_56864551,Analytics & AI Lead,Reed,NW61AA,Greater London,United Kingdom,51.55243,-0.19328,,71121.0,71121.0,GBP,Full-time,"Analytics &amp; AI Lead Business Intelligence, Oracle Analytics Cloud, OAC, Oracle Business Intelligence Enterprise Edition, OBIEE, Data governance, Data literacy, ETL, Data modelling, Dashboard development, Oracle ERP, HCM Cloud, eBusiness Suite, EBS, SQL, Oracle Machine Learning, Business analytics solutions, BI 71,121 per annum + public sector pension and other benefits Hybrid with 3 days per week on-site mandatory in Central London Join our ... ","go, machine learning, r, sql, ui",2026-05-06,https://www.reed.co.uk/jobs/analytics-ai-lead/56864551,Reed,2026-05-30T19:32:37.312654
reed_56915451,Data Engineer,Rise Technical Recruitment Limited,Harrogate,Harrogate,United Kingdom,53.9921491,-1.5391039,,60000.0,70000.0,GBP,Full-time,"Data Engineer Harrogate - 1 Day a week on-site 60,000 - 70,000 + Private Healthcare + Training Are you a Data Engineer looking to play a key role in building and evolving a modern cloud data platform that underpins reporting, insight, and future AI initiatives across a large, complex organisation? This is an opportunity to join a central Group Data Team delivering a cloud-based Lakehouse platform, working with batch, micro-batch and streaming da... ","r, ui",2026-05-18,https://www.reed.co.uk/jobs/data-engineer/56915451,Reed,2026-05-30T19:32:39.511408
reed_56815573,Data Architect,Sanderson,Dorset,,United Kingdom,50.7968369,-2.3447323,,80000.0,90000.0,GBP,Full-time,"Role : Data Architect Location: Bournemouth Salary: 90,000 + Bonus WFH policy: One Day a month My client who is a leading insurance company is looking for a Data Architect to join their team, this is an exciting opportunity as you will be working on transformational project this is not a BAU role. Role and Responsibilities Lead solution-level data architecture across a complex data estate, acting as the key link between business stakeholders, an... ",r,2026-04-22,https://www.reed.co.uk/jobs/data-architect/56815573,Reed,2026-05-30T19:32:41.861907
reed_56899046,Data Engineer,Tenth Revolution Group,Manchester,Manchester,United Kingdom,53.4424618,-2.2324547,,35000.0,50000.0,GBP,Full-time,"Data Engineer Up to 50,000 About the Role We are seeking a Data Engineer to support the design and delivery of modern data and AI solutions within a large, highly regulated organisation undergoing digital transformation. This role sits within a technology and data function focused on delivering business driven, cloud enabled solutions. You will play a key role in building scalable data pipelines, developing AI enabled capabilities, and supportin... ","git, go, r, scala, ui",2026-05-13,https://www.reed.co.uk/jobs/data-engineer/56899046,Reed,2026-05-30T19:32:45.733861
reed_56871012,Senior Quantexa Engineer,FDM Group,London,Greater London,United Kingdom,51.5074456,-0.1277653,,90000.0,90000.0,GBP,Full-time,About The Role FDM is a global business and technology consultancy seeking a Senior Quantexa Engineer to work for our client within the Financial Services sector. This is initially a 12 month contract with the potential to extend and will be a fully remote role that will be based in London . Our client is seeking a Senior Quantexa Scoring Engineer with Anti-Money Laundering (AML) experience is responsible for designing and implementing advanced ... ,r,2026-05-07,https://www.reed.co.uk/jobs/senior-quantexa-engineer/56871012,Reed,2026-05-30T19:32:45.734189
reed_56956405,Trainee Cyber Security Professional,Netcom Online Learning,Sheffield,Sheffield,United Kingdom,53.3806626,-1.4702278,,25000.0,32000.0,GBP,Full-time,"About the opportunity Complete the free training, gain a qualification and career guidance - no brainer! Are you ready to launch a career in cyber security? Netcom Training’s fully-funded Cyber Security course (NCFE Certificate in Principles of Cyber Security, Level 2) equips you with the practical skills employers are actively seeking. From threat intelligence and security testing to incident response and ethical compliance, you’ll gain hands-o... ","r, ui",2026-05-29,https://www.reed.co.uk/jobs/trainee-cyber-security-professional/56956405,Reed,2026-05-30T19:32:45.734489
reed_56851199,Data Analyst Trainee - job guarantee,Newto Training,United Kingdom,,United Kingdom,54.7023545,-3.2765753,,25000.0,78000.0,GBP,Full-time,"Are you ready to start a new career in Data Analysis? The demand for Data Analysts has grown by 20% annually, with experienced professionals earning salaries upwards of 58,000. In today’s digital world, data is critical to business decision-making, making the role of a Data Analyst indispensable. As skills shortages continue to grow, the demand for qualified entry-level professionals is on the rise. With our Data Analytics career programme we wi... ","data analysis, git, r",2026-05-01,https://www.reed.co.uk/jobs/data-analyst-trainee-job-guarantee/56851199,Reed,2026-05-30T19:32:45.734816
reed_56914587,Research & Data Insight Analyst,AWD online,CV48AH,Coventry,United Kingdom,52.38558,-1.5647899,,33093.0,37682.0,GBP,Full-time,"Research &amp; Data Insight Analyst An exciting opportunity for a Research &amp; Data Insight Analyst with experience in data analysis, qualitative and quantitative research, market research and stakeholder engagement to support evidence-based decision making within a student-focused organisation. If you’ve also worked in the following roles, we’d also like to hear from you: Data &amp; Insight Analyst, Research Analyst, Researcher, Customer Insi... ","data analysis, r",2026-05-18,https://www.reed.co.uk/jobs/research-data-insight-analyst/56914587,Reed,2026-05-30T19:32:45.735109
reed_56801701,Senior Business & Data Analyst,Tenth Revolution Group,London,Greater London,United Kingdom,51.5074456,-0.1277653,,75000.0,90000.0,GBP,Full-time,"Senior Business &amp; Data Analyst - Insurance Location: London (Hybrid) Type: Permanent Overview A specialist insurance organisation is seeking a Senior Business &amp; Data Analyst to support complex data and system transformation programmes within the London Market. This role sits at the intersection of business, data, and technology, requiring strong analytical capability alongside confident senior stakeholder engagement. Key Responsibilities... ","r, ui",2026-04-20,https://www.reed.co.uk/jobs/senior-business-data-analyst/56801701,Reed,2026-05-30T19:32:48.105047
reed_56910790,Data Engineer,Robert Walters,Manchester,Manchester,United Kingdom,53.4424618,-2.2324547,,60000.0,65000.0,GBP,Full-time,"Data Engineer 60,000- 65,000 Manchester City Centre- Hybrid We are looking for highly skilled and experienced Azure Data Engineer to join a newly established team with a strong focus on data. In this role, you will play a key part in delivering a complex, high-impact project within the Financial Services / Capital Markets domain. The position centres on designing and building robust, scalable, and reusable data pipelines, transforming raw data i... ","azure, r, scala, ui",2026-05-17,https://www.reed.co.uk/jobs/data-engineer/56910790,Reed,2026-05-30T19:32:48.105407
reed_56869178,Data Investigator,Randstad Delivery (GBS),Witney,West Oxfordshire,United Kingdom,51.7838848,-1.4852861,,,,GBP,Full-time,"Are you data-driven, naturally curious, and looking to make a real impact on product quality? The Complaint Handling Data Analysis team has an exciting opportunity for a detail-oriented professional to join us on a 12-month assignment. In this role, you will gain unique insight into on-market product performance while ensuring the timely delivery of worldwide customer complaint data. The Role As an Analysis Investigator, you will be at the heart... ","data analysis, r",2026-05-07,https://www.reed.co.uk/jobs/data-investigator/56869178,Reed,2026-05-30T19:32:48.105716
reed_56875978,Data Engineer,Tenth Revolution Group,Ireland,,Éire / Ireland,52.865196,-7.9794599,,35000.0,45000.0,GBP,Full-time,"Data Engineer - Belfast (Hybrid) - Python, Cloud, AI &amp; Generative AI - up to 45,000 This is a great opportunity to join a well-established, global consulting organisation that's working on interesting, meaningful projects. The focus is on large-scale technology and transformation programmes, with plenty of opportunity to build practical AI and data solutions that are used in the real world. You'd be part of a team operating right at the hear... ","python, r, ui",2026-05-08,https://www.reed.co.uk/jobs/data-engineer/56875978,Reed,2026-05-30T19:32:49.949213
reed_56900611,IT Support & Data Analyst,Morgan McKinley,London,Greater London,United Kingdom,51.5074456,-0.1277653,,,,GBP,Full-time,"IT Support &amp; Data Analyst Location: Central London Permanent A growing multi-site business is looking for an IT Support &amp; Data Analyst to provide 1st/2nd line support while improving reporting, integrations, and data visibility across the business. The role has a strong focus on SQL Server, reporting, and data analysis, with Power BI considered a nice-to-have. You'll support users, troubleshoot hardware/software issues, develop SQL queri... ","data analysis, power bi, r, sql",2026-05-14,https://www.reed.co.uk/jobs/it-support-data-analyst/56900611,Reed,2026-05-30T19:32:49.949550
reed_56832277,Senior Data Analyst (9-month FTC),Harnham - Data & Analytics Recruitment,Surrey,Surrey,United Kingdom,51.2715316,-0.3414524,,50000.0,60000.0,GBP,Full-time,"SENIOR DATA ANALYST (9-MONTH FTC) SURREY/HYBRID UP TO 60,000 (PRO RATA) This is a rare opportunity to step into a business as its first dedicated data hire and shape how data is used from day one. You will take ownership of reporting and insight across the organisation, moving them away from manual processes and towards automated, self-service analytics that genuinely support commercial decision-making. ROLES AND RESPONSIBILITIES: The Senior Dat... ","r, ui",2026-04-28,https://www.reed.co.uk/jobs/senior-data-analyst-9-month-ftc/56832277,Reed,2026-05-30T19:32:49.949875
reed_56927245,Data Governance Analyst - EUC Reporting,Adecco,London,Greater London,United Kingdom,51.5074456,-0.1277653,,,,GBP,Full-time,"Data Governance Analyst - EUC Reporting - London | Hybrid 6-Month Contract Inside IR35 My Client, a leading investment bank is looking for an experienced Analytics Governance Analyst to join their growing Data Office as part of a major regulatory transformation programme. This is a high-impact role focused on strengthening reporting governance, controls, and compliance, with particular emphasis on BCBS239 requirements and improving oversight of ... ","go, r, ui",2026-05-20,https://www.reed.co.uk/jobs/data-governance-analyst-euc-reporting/56927245,Reed,2026-05-30T19:32:51.791048
reed_56677247,Commercial Executive - Pricing & Strategy,UBT,PO229SB,Arun,United Kingdom,50.80261,-0.6642,,30000.0,35000.0,GBP,Full-time,"Commercial Executive - Pricing &amp; Strategy Location: Bognor Regis (Office-Based, 5 Days per Week) Salary: 30,000– 35,000 + Annual Bonus Drive Commercial Decisions That Shape Business Success Are you analytical, commercially aware, and confident working with numbers that influence real business outcomes? We’re looking for a Commercial Executive (Pricing) to join a fast-paced, collaborative Sales &amp; Commercial team. This is a key position at... ",r,2026-03-19,https://www.reed.co.uk/jobs/commercial-executive-pricing-strategy/56677247,Reed,2026-05-30T19:32:51.791409
reed_56922144,Data Engineer,Nigel Wright Group,Manchester,Manchester,United Kingdom,53.4424618,-2.2324547,,40000.0,40000.0,GBP,Full-time,"The Opportunity: Our client is a fast-growing, family-run organisation operating across multiple sites nationwide, delivering high-quality services within a people-focused environment. Since its early beginnings, the business has experienced significant expansion and now operates at scale across the UK. As growth continues, data is playing an increasingly important role in driving decision-making, improving operational performance, and supportin... ",r,2026-05-19,https://www.reed.co.uk/jobs/data-engineer/56922144,Reed,2026-05-30T19:32:54.043908
reed_56851196,Data Analyst - No experience needed,Newto Training,United Kingdom,,United Kingdom,54.7023545,-3.2765753,,25000.0,78000.0,GBP,Full-time,"Are you ready to start a new career in Data Analysis? The demand for Data Analysts has grown by 20% annually, with experienced professionals earning salaries upwards of 58,000. In today’s digital world, data is critical to business decision-making, making the role of a Data Analyst indispensable. As skills shortages continue to grow, the demand for qualified entry-level professionals is on the rise. With our Data Analytics career programme we wi... ","data analysis, git, r",2026-05-01,https://www.reed.co.uk/jobs/data-analyst-no-experience-needed/56851196,Reed,2026-05-30T19:32:54.044704
reed_56888675,Senior Data Governance Analyst – Dublin,Atrium Workforce Solutions Ltd,Dublin,Dublin,Éire / Ireland,53.3493795,-6.2605593,,420.0,535.0,GBP,Full-time,"Senior Data Governance Analyst – Dublin Atrium EMEA is looking for an adept Senior Data Governance Analyst to working in the data governance team, based in Dublin. The Data Analyst is a hands-on driver responsible for translating governance strategy into operational execution across the data domains. This role bridges business needs and technology delivery, shaping and operationalizing governance rules, controls, and standard operating procedure... ","go, r",2026-05-11,https://www.reed.co.uk/jobs/senior-data-governance-analyst--dublin/56888675,Reed,2026-05-30T19:32:54.045045
reed_56834498,Business Analyst - Compliance & Data,Randstad Technologies,London,Greater London,United Kingdom,51.5074456,-0.1277653,,60000.0,65000.0,GBP,Full-time,"Business Analyst: Compliance &amp; Data Location: Remote (occasional travel for business need) Salary: 55,000 - 65,000 Are you a Business Analyst who excels at mapping complex processes and has a keen interest in data privacy, retention, and classification? We are seeking a detail-oriented professional to bridge the gap between technical data flows and regulatory requirements. You will join a dedicated Compliance Team, using your analytical skil... ","excel, r, ui",2026-04-28,https://www.reed.co.uk/jobs/business-analyst-compliance-data/56834498,Reed,2026-05-30T19:32:54.045404
reed_56810907,"VP of Commercial Performance, Data Intelligence & Analytics",Acosta UK,GU216GH,Woking,United Kingdom,51.3194517,-0.5600088,,,,GBP,Full-time,"Vice President of Commercial Performance, Data Intelligence &amp; Analytics Office Location: Woking (GU21 5BH) or Stoke on Trent (ST4 2HX) Working Pattern: Hybrid - 3 days per week from the Office, 2 days from home. Contract: Full-time, Permanent 37.5 hours per week Acosta Europe is seeking a visionary Vice President of Commercial Performance, Data Intelligence &amp; Analytics to join our Executive Leadership Team and shape the future of our com... ","leadership, r",2026-04-22,https://www.reed.co.uk/jobs/vp-of-commercial-performance-data-intelligence-analytics/56810907,Reed,2026-05-30T19:32:54.046752
reed_56897812,Product Manager (AI),Picture More,Chelmsford,Chelmsford,United Kingdom,51.7345329,0.4730532,,65000.0,65000.0,GBP,Full-time,"AI Product Manager Permanent | 65,000 | Hybrid (3 days onsite) Locations: Ipswich, Norwich, Chelmsford or Cambridge We’re working with a growing professional services organisation investing heavily in AI and digital innovation. As part of this growth, they are hiring an AI Product Manager to join a newly formed AI Squad focused on improving internal legal and operational workflows through AI-enabled products and automation. This is one of the fi... ","git, r",2026-05-13,https://www.reed.co.uk/jobs/product-manager-ai/56897812,Reed,2026-05-30T19:32:56.297446
reed_56897823,Product Manager (AI),Picture More,Norwich,Norwich,United Kingdom,52.6285576,1.2923954,,65000.0,65000.0,GBP,Full-time,"AI Product Manager Permanent | 65,000 | Hybrid (3 days onsite) Locations: Ipswich, Norwich, Chelmsford or Cambridge We’re working with a growing professional services organisation investing heavily in AI and digital innovation. As part of this growth, they are hiring an AI Product Manager to join a newly formed AI Squad focused on improving internal legal and operational workflows through AI-enabled products and automation. This is one of the fi... ","git, r",2026-05-13,https://www.reed.co.uk/jobs/product-manager-ai/56897823,Reed,2026-05-30T19:32:59.164145
reed_56918160,HR Data & Reporting Analyst,eTech Partners,EN110AB,Broxbourne,United Kingdom,51.7645338,-0.0075091,,33000.0,35000.0,GBP,Full-time,"I’m currently recruiting for an HR Data &amp; Reporting Analyst on behalf of a well-established business based in Hoddesdon, EN11 This is a great opportunity for someone with strong HR systems and reporting experience to join a busy HR function and help deliver accurate workforce insights and support business decision-making. The role will involve: • Maintaining accurate HR data across HR, Payroll, Recruitment and L&amp;D systems • Producing mon... ","r, ui",2026-05-19,https://www.reed.co.uk/jobs/hr-data-reporting-analyst/56918160,Reed,2026-05-30T19:32:59.164476
reed_56922683,Data Administrator,Office Angels,Houghton Le Spring,Sunderland,United Kingdom,54.8406536,-1.4699279,,14.0,14.82,GBP,Full-time,"Data Administrator Houghton le Spring, free parking Up to 14.82 per hour DOE Full-Time, Temporary Project Role, ongoing Flexible Hours: 8:00am-4:00pm or 8:30am-4:30pm, Monday to Friday Are you an Excel whizz with exceptional attention to detail? Do you enjoy working with data, spotting inconsistencies, and keeping busy projects organised behind the scenes? We are currently recruiting for a Data Administrator to support a large-scale project with... ","excel, go, r, ui",2026-05-19,https://www.reed.co.uk/jobs/data-administrator/56922683,Reed,2026-05-30T19:33:01.622003
reed_56818402,Data Engineer,Robert Walters,Preston,Preston,United Kingdom,53.7593363,-2.6992717,,45000.0,50000.0,GBP,Full-time,"Data Engineer Preston (Hybrid working) 50,000 Reliable, high-quality data underpins effective decision-making across the organisation. This Data Engineer role plays a critical part in ensuring that trusted data flows seamlessly from operational systems through to reporting and analytics platforms. Acting as the architect of the organisation's data foundations, you will design, build, and maintain robust data pipelines and models that turn raw in... ","r, rust, ui",2026-04-23,https://www.reed.co.uk/jobs/data-engineer/56818402,Reed,2026-05-30T19:33:04.079272
reed_56948485,Data Analyst (Amplitude Experience required),Harnham - Data & Analytics Recruitment,London,Greater London,United Kingdom,51.5074456,-0.1277653,,350.0,400.0,GBP,Full-time,"DATA ANALYST (CONTRACT) 6 MONTHS OUTSIDE IR35 350 TO 400 P/D This is a high-impact contract opportunity for a hands-on Data Analyst to join a fast-moving growth initiative focused on scaling a local marketplace proposition. You will step into an existing work stream, ensuring continuity while bringing structure, pace, and insight to complex and imperfect data. The Company They are a well-established UK digital platform with millions of engaged m... ","git, r, ui",2026-05-27,https://www.reed.co.uk/jobs/data-analyst-amplitude-experience-required/56948485,Reed,2026-05-30T19:33:06.538616
reed_56829007,Master Data Management Business Analyst,Hirexa Solutions UK,Dunstable,Dunstable,United Kingdom,51.8861316,-0.5209341,,60000.0,65000.0,GBP,Full-time,"Key Responsibilities Lead requirements gathering activities with business stakeholders across F&amp;B functions (e.g., procurement, menu management, supply chain, operations) Define and manage scope, ensuring alignment with project objectives and business priorities Conduct detailed business and process analysis, identifying current-state challenges and defining future-state processes Translate business needs into clear, structured functional an... ","r, ui",2026-04-27,https://www.reed.co.uk/jobs/master-data-management-business-analyst/56829007,Reed,2026-05-30T19:33:06.538997
reed_56838839,AI Engineer,Harnham - Data & Analytics Recruitment,Lincolnshire,,United Kingdom,53.1823034,-0.2031209,,70000.0,90000.0,GBP,Full-time,"AI Engineer - Lincolnshire We are working with a motor insurance company who are investing heavily in AI-driven automation to scale inhouse operations. You will work closely with engineering, operations, and compliance teams to identify business problems and apply AI pragmatically, ensuring solutions are secure, explainable, and compliant. This is a hands-on role with strong influence over technical direction and AI best practices. Key points: D... ",r,2026-04-29,https://www.reed.co.uk/jobs/ai-engineer/56838839,Reed,2026-05-30T19:33:08.849960
reed_56873761,Pensions Data Analyst (defined benefit),Front Row Recruitment Ltd,Buckinghamshire,Buckinghamshire,United Kingdom,51.840894,-0.8998074,,40000.0,50000.0,GBP,Full-time,"My client is a leading financial services provider and due to growth in their Pension De-Risking team they currently seek an experienced Pensions Data Analyst with Defined Benefit or Bulk Purchase experience to join their friendly team. This role sits at the heart of a fast-growing pensions risk transfer environment, offering exposure to complex data analysis, scheme onboarding, and regulatory-driven processes. The Opportunity You will support t... ","data analysis, onboarding, r",2026-05-07,https://www.reed.co.uk/jobs/pensions-data-analyst-defined-benefit/56873761,Reed,2026-05-30T19:33:11.452428
reed_56900420,AI Consultant,Harnham - Data & Analytics Recruitment,London,Greater London,United Kingdom,51.5074456,-0.1277653,,80000.0,85000.0,GBP,Full-time,"AI CONSULTANT UP TO 85,000 + BENEFITS LONDON, LEEDS OR NOTTINGHAM HYBRID WORKING POLICY - 3 DAYS A WEEK IN OFFICE Are you an experienced AI professional with a background in credit risk? Join a leading global credit business and play a key role in shaping how AI is used to improve lending decisions across industries. THE COMPANY A global credit business that provides data and analytics to help businesses make more informed lending decisions. Wor... ",r,2026-05-14,https://www.reed.co.uk/jobs/ai-consultant/56900420,Reed,2026-05-30T19:33:13.704996
reed_56765167,Senior Data & Insights Analyst,Harnham - Data & Analytics Recruitment,Manchester,Manchester,United Kingdom,53.4424618,-2.2324547,,40000.0,47000.0,GBP,Full-time,"Senior Data &amp; Insights Analyst 40,000 - 47,000 Manchester | Hybrid (2 days per week) This role offers the chance to sit at the centre of commercial decision-making, using data to influence real-time performance and senior stakeholder thinking. You will have clear ownership, strong visibility, and the opportunity to shape how insight is used across a fast-paced, operational environment. The Company They are a large, consumer-focused organisat... ",r,2026-04-09,https://www.reed.co.uk/jobs/senior-data-insights-analyst/56765167,Reed,2026-05-30T19:33:13.705278
reed_56945831,AI Engineer,Harnham - Data & Analytics Recruitment,London,Greater London,United Kingdom,51.5074456,-0.1277653,,550.0,650.0,GBP,Full-time,"AI Engineer Fully Remote 3 Month Contract 550 to 650 per day. Outside IR35 The Company They are a technology-led organisation working at the intersection of AI, customer experience, and immersive digital products. The team partners closely with enterprise clients to design and build advanced AI-driven interfaces that blend conversational intelligence with rich visual experiences. This project sits at the heart of their innovation roadmap and is ... ","git, r, ui",2026-05-27,https://www.reed.co.uk/jobs/ai-engineer/56945831,Reed,2026-05-30T19:33:13.706147
reed_56862060,AI Consultant,Harnham - Data & Analytics Recruitment,Leeds,Leeds,United Kingdom,53.7974185,-1.5437941,,70000.0,90000.0,GBP,Full-time,"AI Consultant Leeds or Nottingham | Hybrid working (3 days in office, Tuesday to Thursday) The Company They are a well established organisation operating at the centre of data driven decision making, supporting businesses to make more accurate and responsible choices. With access to large, complex datasets, they play a critical role in enabling better outcomes across financial services and beyond. The AI Lab is a newer function within the wider ... ",r,2026-05-05,https://www.reed.co.uk/jobs/ai-consultant/56862060,Reed,2026-05-30T19:33:13.706403
reed_56924902,Data Scientist,Yolk Recruitment Ltd,Cardiff,Cardiff,United Kingdom,51.4816546,-3.1791934,,60000.0,70000.0,GBP,Full-time,"Data Scientist | Cardiff / Hybrid | Engineering | AI &amp; Predictive Analytics We're supporting a growing engineering business looking to hire a Data Scientist to help develop scalable ML and AI solutions across compliance, risk and contractor analytics platforms. You'll work closely with AI Engineers, Data Engineers and DevOps teams to build and deploy predictive models and LLM-powered solutions in production environments across AWS and Azure.... ","aws, azure, r, scala, ui",2026-05-20,https://www.reed.co.uk/jobs/data-scientist/56924902,Reed,2026-05-30T19:33:13.706678
reed_56876346,People Data & Systems Analyst,Gattaca,PO157AF,Winchester,United Kingdom,50.875724,-1.2435575,,43000.0,46000.0,GBP,Full-time,"Help Us Build Smarter, Better People Experiences Through Data We’re now looking for a People Data &amp; Systems Analyst to play a pivotal role in shaping how people data drives meaningful action across our business. The Role This is a critical position within our People team, focused on turning complex people data into clear, commercial insight. You’ll own and optimise our people systems (including Sage People), lead our people analytics capabil... ","r, ui",2026-05-08,https://www.reed.co.uk/jobs/people-data-systems-analyst/56876346,Reed,2026-05-30T19:33:13.707053
reed_56851189,Junior Data Engineer,Newto Training,United Kingdom,,United Kingdom,54.7023545,-3.2765753,,25000.0,78000.0,GBP,Full-time,"Are you ready to start a new career in Data Analysis? The demand for Data Analysts has grown by 20% annually, with experienced professionals earning salaries upwards of 58,000. In today’s digital world, data is critical to business decision-making, making the role of a Data Analyst indispensable. As skills shortages continue to grow, the demand for qualified entry-level professionals is on the rise. With our Data Analytics career programme we wi... ","data analysis, git, r",2026-05-01,https://www.reed.co.uk/jobs/junior-data-engineer/56851189,Reed,2026-05-30T19:33:15.958458
reed_56851192,Trainee Data Engineer,Newto Training,United Kingdom,,United Kingdom,54.7023545,-3.2765753,,25000.0,78000.0,GBP,Full-time,"Are you ready to start a new career in Data Analysis? The demand for Data Analysts has grown by 20% annually, with experienced professionals earning salaries upwards of 58,000. In today’s digital world, data is critical to business decision-making, making the role of a Data Analyst indispensable. As skills shortages continue to grow, the demand for qualified entry-level professionals is on the rise. With our Data Analytics career programme we wi... ","data analysis, git, r",2026-05-01,https://www.reed.co.uk/jobs/trainee-data-engineer/56851192,Reed,2026-05-30T19:33:15.958818
reed_56817247,Sovereign Debt Product Manager,Jobheron,London,Greater London,United Kingdom,51.5074456,-0.1277653,,,,GBP,Full-time,"Sovereign Debt Product Manager | Remote (UK / Europe preferred; Eastern Time Zone also considered) | Competitive Salary &amp; Benefits Our client is a globally recognised economic data and analytics provider, delivering timely insights on macroeconomic indicators and financial markets. Their products support financial institutions, analysts, and decision-makers worldwide. The Sovereign Debt Product Manager Role They are seeking a Sovereign Debt ... ",r,2026-04-23,https://www.reed.co.uk/jobs/sovereign-debt-product-manager/56817247,Reed,2026-05-30T19:33:15.959113
reed_56851166,Junior Data Engineer,Newto Training,London,Greater London,United Kingdom,51.5074456,-0.1277653,,25000.0,78000.0,GBP,Full-time,"Are you ready to start a new career in Data Analysis? The demand for Data Analysts has grown by 20% annually, with experienced professionals earning salaries upwards of 58,000. In today’s digital world, data is critical to business decision-making, making the role of a Data Analyst indispensable. As skills shortages continue to grow, the demand for qualified entry-level professionals is on the rise. With our Data Analytics career programme we wi... ","data analysis, git, r",2026-05-01,https://www.reed.co.uk/jobs/junior-data-engineer/56851166,Reed,2026-05-30T19:33:15.959391
reed_56892652,Senior Client Insights Lead,Chambers and Partners,London,Greater London,United Kingdom,51.5074456,-0.1277653,,,,GBP,Full-time,"Overview As a Senior Client Insights Lead, you will deliver advanced data and analytics insights directly to senior law firm leaders, presenting clear, compelling narratives that guide their strategic decisions. You’ll lead engagements from onboarding to final presentation, translating complex datasets into tailored stories that highlight performance, market position, and opportunities for growth. Working closely with analysts, product managers,... ","onboarding, r, ui",2026-05-12,https://www.reed.co.uk/jobs/senior-client-insights-lead/56892652,Reed,2026-05-30T19:33:15.959688
reed_56908417,Analyst,Reed,EC2A2DA,City of London,United Kingdom,51.52103,-0.08121,,50000.0,60000.0,GBP,Full-time,"Surveillance Officer (Associate) – Investment Banking | London Are you a detail-driven compliance professional with a passion for market integrity and surveillance? We’re partnering with a leading global investment banking group to hire a Surveillance Officer &nbsp;to join their London-based Compliance team. This is a high-impact opportunity to play a key role in safeguarding market conduct, working across multiple business lines and engaging wi... ",r,2026-05-15,https://www.reed.co.uk/jobs/analyst/56908417,Reed,2026-05-30T19:33:15.959990
reed_56867689,Data Officer,Sadler Recruitment Ltd,CF311AF,Bridgend,United Kingdom,51.5066409,-3.5786204,,33144.0,34434.0,GBP,Full-time,"Data Officer, Bridgend (Hybrid) | 33,144 – 34,434 + Civil Service Pension The Public Services Ombudsman for Wales in Bridgend is looking to recruit a Data Officer to join a busy operational team supporting 80 staff, the majority of whom are caseworkers. This is a role with genuine progression, starting in a hands-on reporting and data quality capacity today, with a clear roadmap toward a modern data stack (SQL, Power BI, Azure Data Lake, Power A... ","azure, power bi, r, sql, ui",2026-05-06,https://www.reed.co.uk/jobs/data-officer/56867689,Reed,2026-05-30T19:33:18.211176
reed_56851185,Junior Data Admin,Newto Training,United Kingdom,,United Kingdom,54.7023545,-3.2765753,,25000.0,78000.0,GBP,Full-time,"Are you ready to start a new career in Data Analysis? The demand for Data Analysts has grown by 20% annually, with experienced professionals earning salaries upwards of 58,000. In today’s digital world, data is critical to business decision-making, making the role of a Data Analyst indispensable. As skills shortages continue to grow, the demand for qualified entry-level professionals is on the rise. With our Data Analytics career programme we wi... ","data analysis, git, r",2026-05-01,https://www.reed.co.uk/jobs/junior-data-admin/56851185,Reed,2026-05-30T19:33:20.667581
reed_56851186,Trainee Data Admin,Newto Training,United Kingdom,,United Kingdom,54.7023545,-3.2765753,,25000.0,78000.0,GBP,Full-time,"Are you ready to start a new career in Data Analysis? The demand for Data Analysts has grown by 20% annually, with experienced professionals earning salaries upwards of 58,000. In today’s digital world, data is critical to business decision-making, making the role of a Data Analyst indispensable. As skills shortages continue to grow, the demand for qualified entry-level professionals is on the rise. With our Data Analytics career programme we wi... ","data analysis, git, r",2026-05-01,https://www.reed.co.uk/jobs/trainee-data-admin/56851186,Reed,2026-05-30T19:33:20.667766
reed_56941063,Associate Manager - Work & Rewards,WTW,EC3M7AA,City of London,United Kingdom,51.5124158,-0.0826028,,,,GBP,Full-time,"Would you like to be part of a high-performing team, helping some of the world’s largest organisations make themselves better places to work? Are you interested in how people and their performance can impact company culture and results? Are you curious about how employees and their pay can play a part in helping – or hindering – the effectiveness of top companies? As a Associate Manager in the Work, Reward and Careers team you practice you will ... ",r,2026-05-26,https://www.reed.co.uk/jobs/associate-manager-work-rewards/56941063,Reed,2026-05-30T19:33:20.668014
reed_56924411,Senior Data and Performance Analyst,Morgan Law,London,Greater London,United Kingdom,51.5074456,-0.1277653,,45000.0,50000.0,GBP,Full-time,"A Housing Association is seeking an experienced interim Data and Performance Lead to provide dedicated support to the Governance &amp; Assurance Team over a 6-month period. The ideal candidate will bring strong analytical capability, excellent business intelligence skills, and the ability to translate organisational data into meaningful insight that supports decision-making at Executive, Committee, Board and operational levels. Working closely w... ","excel, go, r",2026-05-20,https://www.reed.co.uk/jobs/senior-data-and-performance-analyst/56924411,Reed,2026-05-30T19:33:23.330862
reed_56833611,Data Engineer/Developers,max20 Project Solutions,Greater Manchester,,United Kingdom,53.5065249,-2.3374401,,250.0,300.0,GBP,Full-time,"Our client in the North West requires 4/5 Data Engineers/Developers to support their project, developing Caboodle in EPIC Essential skills: SQL Caboodle Epic experience with certificates NHS Experience essential Key Tasks Development and amendment of models within , including sourcing data from Clarity Development of national and local returns within Epic Caboodle Working with Epic Application analysts, investigate and resolve any identified iss... ","r, sql, ui",2026-04-28,https://www.reed.co.uk/jobs/data-engineer-developers/56833611,Reed,2026-05-30T19:33:23.331182
reed_56873039,IT and Operations Coordinator - Russian Speaking,Cleaning Express Services Ltd,Woolwich,Greater London,United Kingdom,51.4826696,0.0623335,,30000.0,36000.0,GBP,Full-time,"We’re looking for a tech-savvy person to join our office team and help shape how a growing London company uses technology day-to-day. This is a hands-on role where you’ll learn fast, get involved in everything from AI to software development, and grow with the company. Cleaning Express is one of London’s most trusted cleaning companies. We’ve completed over 500,000 cleans, serve thousands of customers, and we’re investing in the technology behin... ","r, rust",2026-05-07,https://www.reed.co.uk/jobs/it-and-operations-coordinator-russian-speaking/56873039,Reed,2026-05-30T19:33:25.378392
reed_56820054,Data Business Partner,Erin Associates,Nottingham,City of Nottingham,United Kingdom,52.9534193,-1.1496461,,50000.0,56000.0,GBP,Full-time,"Data Business Partner – Central Nottingham / Hybrid 50,000 - 56,000 + bonus, 35-hour work week and great benefits This profitable and growing business are looking to add an experienced Data Business Partner to their collaborative team. The ideal candidate will have good knowledge of the principles and best practice in MI development. This role leans itself to be more of a ‘Business Data Analyst role’, where you will act as the bridge between the... ","go, r",2026-04-23,https://www.reed.co.uk/jobs/data-business-partner/56820054,Reed,2026-05-30T19:33:28.246756
reed_56851202,Data Scientist No experience necessary - job guarantee,Newto Training,United Kingdom,,United Kingdom,54.7023545,-3.2765753,,25000.0,78000.0,GBP,Full-time,"Are you ready to start a new career in Data Analysis? The demand for Data Analysts has grown by 20% annually, with experienced professionals earning salaries upwards of 58,000. In today’s digital world, data is critical to business decision-making, making the role of a Data Analyst indispensable. As skills shortages continue to grow, the demand for qualified entry-level professionals is on the rise. With our Data Analytics career programme we wi... ","data analysis, git, r",2026-05-01,https://www.reed.co.uk/jobs/data-scientist-no-experience-necessary-job-guarantee/56851202,Reed,2026-05-30T19:33:28.247086
reed_56878474,Data Engineer - Manchester,Tenth Revolution Group,Manchester,Manchester,United Kingdom,53.4424618,-2.2324547,,45000.0,51000.0,GBP,Full-time,"Data &amp; AI Engineer - Hybrid role in Technology - Up to 51k The Role As a Data &amp; AI Engineer, you'll design, build and maintain data pipelines, analytics platforms and AI-powered capabilities all linked to high-impact business use cases. You'll collaborate closely with analysts, engineers and stakeholders to turn requirements into reliable, production-ready solutions. Key responsibilities: Designing and building scalable data pipelines, d... ","r, scala, ui",2026-05-08,https://www.reed.co.uk/jobs/data-engineer-manchester/56878474,Reed,2026-05-30T19:33:28.247368
reed_56887649,Data Scientist (AI & ML),ADLIB,BS15LL,Bristol,United Kingdom,51.4489998,-2.6007236,,45000.0,55000.0,GBP,Full-time,"Hands on data science with real delivery and outcomes. Build and deploy AI and ML solutions used day to day by the business. Strong technical role combining data science, Python and production systems. Remote working with required monthly travel to the Bristol office. As a Data Scientist (AI &amp; ML), you will work across the full data science lifecycle. You will explore data, train models, and build AI driven solutions that are deployed into p... ","python, r, ui",2026-05-11,https://www.reed.co.uk/jobs/data-scientist-ai-ml/56887649,Reed,2026-05-30T19:33:28.247630
reed_56828839,Management Accountant,Nomad Foods,W67NL,Greater London,United Kingdom,51.4965681,-0.224171,,,,GBP,Full-time,"Management Accountant Hammersmith (Hybrid) We are seeking a highly motivated, Management Accountant join our diverse shared finance centre playing a key role in our daily finance operations. You will be working alongside a talented, like-minded team for some of Europe’s largest frozen food brands including Birdseye, Aunt Bessie, Findus and Goodfella pizzas. About the role: The Management Accountant is responsible for driving the month end closin... ","go, r",2026-04-27,https://www.reed.co.uk/jobs/management-accountant/56828839,Reed,2026-05-30T19:33:30.701063
reed_56896046,Network Management Administrator,Vizion Network,Hull,Kingston upon Hull,United Kingdom,53.7623863,-0.3301214,,26234.0,26234.0,GBP,Full-time,"Network Management Administrator Location: Hull Salary: 26,234 per annum What we offer 37.5 hours per week, Monday to Friday plus 1 in 6 Saturdays (8.30am - 12.30pm Employee health and benefits scheme, including anonymous counselling service, 24/7 GP service, retail and gym discounts and medical cashback scheme 21 days annual leave Additional birthday holiday Holiday purchase scheme Performance based salary increments Fun Company events and func... ",r,2026-05-13,https://www.reed.co.uk/jobs/network-management-administrator/56896046,Reed,2026-05-30T19:33:33.162045
reed_56804316,Data Governance Analyst - Contract - Outside IR35,Randstad Technologies,London,Greater London,United Kingdom,51.5074456,-0.1277653,,245.0,250.0,GBP,Full-time,Data Governance Analyst - Contract - Outside IR35 I am currently looking for a strong Data Governance Analyst . My client is looking to get someone started to help implement and manage core Data Governance processes. As a Data Governance Analyst you will have knowledge of Data Governance best practices and have the ability to support the rollout of a new data governance framework. The client is in the process of ensuring data is governed in line... ,"go, r",2026-04-20,https://www.reed.co.uk/jobs/data-governance-analyst-contract-outside-ir35/56804316,Reed,2026-05-30T19:33:35.426653
reed_56896854,Data Engineer (Quantexa),Lorien,London,Greater London,United Kingdom,51.5074456,-0.1277653,,,,GBP,Full-time,"Data Engineer (Quantexa) Hybrid Working - London - 1-2 days a week on site. Financial Services Lorien's leading banking client is looking for a Data Engineer to join a newly built team on a new project. The Ideal Candidate will design, build, and maintain scalable data pipelines and analytical solutions with a strong emphasis on Scala-based data processing, graph analytics, advanced data wrangling, and experienced in using and understanding Quan... ","r, scala, ui",2026-05-13,https://www.reed.co.uk/jobs/data-engineer-quantexa/56896854,Reed,2026-05-30T19:33:35.427010
reed_56955279,CI Manager,Premier Foods,Barnsley,Barnsley,United Kingdom,53.5527719,-1.4827755,,60000.0,65000.0,GBP,Full-time,"Company description: Premier Foods is one of Britain’s biggest listed food companies, employing over 4,000 colleagues at 15 manufacturing sites and offices up and down the country. Many of our brands have been part of UK life for more than a century and you’ll find them in 94% of British households. Job description: The Role We’re looking for a Continuous Improvement Manager to lead and embed operational excellence across our Carlton site, the H... ","excel, r",2026-05-29,https://www.reed.co.uk/jobs/ci-manager/56955279,Reed,2026-05-30T19:33:35.427300
reed_56836370,Graduate Data Analyst Programme | Central London,Regal Brooke Limited,NW10AB,Greater London,United Kingdom,51.53735,-0.14018,,35000.0,45000.0,GBP,Full-time,"Start your career where data drives decisions This is an opportunity for a graduate to step into a high impact data analyst role within one of London’s most commercially driven and forward thinking environments. Based in the heart of Central London, you will be part of a team that sits at the centre of strategic decision making, working with live data, real clients, and senior stakeholders from day one. This programme has been designed for ambit... ",r,2026-04-28,https://www.reed.co.uk/jobs/graduate-data-analyst-programme--central-london/56836370,Reed,2026-05-30T19:33:37.664796
reed_56863020,Lead Data Scientist,Harnham - Data & Analytics Recruitment,Leeds,Leeds,United Kingdom,53.7974185,-1.5437941,,70000.0,90000.0,GBP,Full-time,AI Engineer / Data Scientist 3 days in Leeds or Nottingham We are working with a leading data and analytics organisation supporting banks and lenders by analysing large-scale consumer and transactional data. The Role You'll join a specialist AI &amp; Machine Learning team building modern credit risk and decisioning models. The focus is on moving beyond traditional scorecards to advanced ML and AI techniques applied to real-world lending problems... ,"machine learning, r, ui",2026-05-05,https://www.reed.co.uk/jobs/lead-data-scientist/56863020,Reed,2026-05-30T19:33:39.714475
reed_56864632,Data Engineer - Belfast,Tenth Revolution Group,Ireland,,Éire / Ireland,52.865196,-7.9794599,,30000.0,40000.0,GBP,Full-time,"Data &amp; AI Engineer - Up to 40,000 Location: Belfast (Hybrid Working) Security Clearance: UK SC eligibility required The Opportunity We are supporting a leading organisation within the Technology and Data space that deliver large-scale, technology-enabled transformations. This team specialises in building modern, data-driven solutions that enable better decision-making, automation, and innovation. This role is ideal for a Data Engineer or AI ... ","r, ui",2026-05-06,https://www.reed.co.uk/jobs/data-engineer-belfast/56864632,Reed,2026-05-30T19:33:39.714789
reed_56916308,Data Privacy & 3rd Risk Analyst,Amtis professional Ltd,B11AY,Birmingham,United Kingdom,52.4759175,-1.9055016,,40000.0,55000.0,GBP,Full-time,"Data Privacy &amp; 3rd Risk Analyst FTC | Hybrid | Birmingham - 45k - 55k We’re recruiting a Data Privacy analyst who has experience mapping out data sharing, usage and processing, PII usage across a large and complex third-party supplier landscape. Suitable candidates will be able to example where they have developed supplier audit processes, mapped out and reported on how personal customer and employee data is shared, used, minimised, and gove... ","go, r, ui",2026-05-18,https://www.reed.co.uk/jobs/data-privacy-3rd-risk-analyst/56916308,Reed,2026-05-30T19:33:39.715055
reed_56946465,Technical Business Analyst (Data & Reporting),hireful.,Manchester,Manchester,United Kingdom,53.4424618,-2.2324547,,55000.0,60000.0,GBP,Full-time,"Join this fast-growing B-Corp Financial services company and help shape the future of data, reporting and financial inclusivity. We’re looking for an experienced Senior Data Business Analyst (Data &amp; Reporting), but this role will also suit candidates from Data Business Analyst, BI Business Analyst, Data Warehouse Business Analyst or Data Solutions Analyst backgrounds, who have worked as the intersection of business stakeholders, SMEs and tec... ","r, ui",2026-05-27,https://www.reed.co.uk/jobs/technical-business-analyst-data-reporting/56946465,Reed,2026-05-30T19:33:42.025776
reed_56851195,Data Analyst Associate - no experience necessary,Newto Training,United Kingdom,,United Kingdom,54.7023545,-3.2765753,,25000.0,78000.0,GBP,Full-time,"Are you ready to start a new career in Data Analysis? The demand for Data Analysts has grown by 20% annually, with experienced professionals earning salaries upwards of 58,000. In today’s digital world, data is critical to business decision-making, making the role of a Data Analyst indispensable. As skills shortages continue to grow, the demand for qualified entry-level professionals is on the rise. With our Data Analytics career programme we wi... ","data analysis, git, r",2026-05-01,https://www.reed.co.uk/jobs/data-analyst-associate-no-experience-necessary/56851195,Reed,2026-05-30T19:33:42.025856
reed_56851203,Trainee Data Analyst Associate - job guarantee,Newto Training,United Kingdom,,United Kingdom,54.7023545,-3.2765753,,25000.0,78000.0,GBP,Full-time,"Are you ready to start a new career in Data Analysis? The demand for Data Analysts has grown by 20% annually, with experienced professionals earning salaries upwards of 58,000. In today’s digital world, data is critical to business decision-making, making the role of a Data Analyst indispensable. As skills shortages continue to grow, the demand for qualified entry-level professionals is on the rise. With our Data Analytics career programme we wi... ","data analysis, git, r",2026-05-01,https://www.reed.co.uk/jobs/trainee-data-analyst-associate-job-guarantee/56851203,Reed,2026-05-30T19:33:42.025927
reed_56934830,Software & Systems Defect Data Analyst,Jonathan Lee Recruitment,Warwick,Warwick,United Kingdom,52.2821379,-1.5905593,,33.99,33.99,GBP,Full-time,"Data Analyst - Software and Systems Defect Reference: 37232445 Umbrella Rate: 33.99/hr (Inside IR35) D you have experience in analysing complex datasets, resolving tooling issues and preparing high-quality data for reporting? This exciting opportunity as a Software &amp; Systems Defect Data Analyst professional offers the chance to work at the forefront of engineering and innovation. You'll be joining a dynamic environment where your expertise w... ",r,2026-05-22,https://www.reed.co.uk/jobs/software-systems-defect-data-analyst/56934830,Reed,2026-05-30T19:33:42.025992
reed_56935761,Software & Systems Test Data Analyst,Jonathan Lee Recruitment,Warwick,Warwick,United Kingdom,52.2821379,-1.5905593,,34.51,34.51,GBP,Full-time,"Data Analyst - Software and Systems Testing Reference: 37194240 Umbrella Rate: 34.51/hr (Inside IR35) Do you have experience in identifying data patterns, anomalies and insights to support different business functions? This exciting opportunity as a Software &amp; Systems Test Data Analyst professional offers you the chance to work on innovative projects, drive meaningful insights, and contribute to the success of engineering and quality teams. ... ",r,2026-05-22,https://www.reed.co.uk/jobs/software-systems-test-data-analyst/56935761,Reed,2026-05-30T19:33:44.424339
reed_56909092,Data Engineer - Celonis,Reed,B32TA,Birmingham,United Kingdom,52.4827323,-1.8994795,,50000.0,60000.0,GBP,Full-time,"Data Engineer - Celonis Location: &nbsp;United Kingdom (Fully remote - must live and be able to&nbsp;work in the UK) Job Type: &nbsp;Full-time Eligibility: &nbsp;Must have full right to work in the UK (no sponsorship available) I am very excited to offer an opportunity for a skilled Data Engineer with expertise in Celonis to join a well-established, international professional services organisation. This company is renowned for delivering data, a... ",r,2026-05-15,https://www.reed.co.uk/jobs/data-engineer-celonis/56909092,Reed,2026-05-30T19:33:44.424650
reed_56943443,Head of Data,Hays Specialist Recruitment Limited,Oxford,Oxford,United Kingdom,51.7520131,-1.2578499,,750.0,750.0,GBP,Full-time,"Head of Data required to lead a major multi-organisational data transition programme supporting Local Government Reorganisation. 750 per day 6-month contract Hybrid working - Oxfordshire Your new organisation We are working with a large, complex public sector partnership undergoing a significant Local Government Reorganisation programme. This transformation will bring together multiple councils into new unitary authority structures, requiring th... ","go, r, ui",2026-05-26,https://www.reed.co.uk/jobs/head-of-data/56943443,Reed,2026-05-30T19:33:46.482422
reed_56956856,Junior Data Coordinator,Rise Technical Recruitment Limited,Ashton-under-Lyne,Tameside,United Kingdom,53.4865407,-2.098691,,,,GBP,Full-time,"Junior Data Coordinator 9 Month FTC Manchester 28,500 - 30,000 (Pro Rata) + Holiday + Training + Pension Are you a detail-driven data professional looking to play a key role in manufacturing operations, ensuring accurate material and BOM data that underpins production, planning, and supply chain performance? This is an excellent opportunity for a Junior Data Analyst / Data Coordinator to join a busy manufacturing environment where data accuracy ... ","excel, r",2026-05-29,https://www.reed.co.uk/jobs/junior-data-coordinator/56956856,Reed,2026-05-30T19:33:48.692699
reed_56899063,IT Systems & Data Analyst - Cardiff,Circle Recruitment,Cardiff,Cardiff,United Kingdom,51.4816546,-3.1791934,,300.0,500.0,GBP,Full-time,"IT Systems &amp; Data Analyst - Cardiff Cardiff - Hybrid 6-Month Contract (potential to extend) 300-500/day DOE (Outside IR35) Our client is a professional services company in a highly regulated environment, and they are looking to hire an experienced IT Systems &amp; Data Analyst to join their team for a 6-month contract, with potential to extend. In this role, you'll be the person colleagues turn to for practical, solutions-focused IT support,... ",r,2026-05-13,https://www.reed.co.uk/jobs/it-systems-data-analyst-cardiff/56899063,Reed,2026-05-30T19:33:51.029680
reed_56822796,Senior Detection Engineer,Sopra Steria,Farnborough,Rushmoor,United Kingdom,51.2918693,-0.7539836,,55000.0,65000.0,GBP,Full-time,"Are you a Detection Engineer ready to take on the fight against modern adversaries? Join a well-established SOC working with high-profile Defence clients, where your expertise genuinely matters. In this hands-on technical role, you’ll own the end-to-end design, development and maturity of detection logic across SIEM platforms—engineering effective responses to real-world attacker techniques. You’ll operate with a high degree of autonomy, acting ... ","r, ui",2026-04-24,https://www.reed.co.uk/jobs/senior-detection-engineer/56822796,Reed,2026-05-30T19:33:51.030020
reed_56946966,Data Test Engineer,Sanderson,Manchester,Manchester,United Kingdom,53.4424618,-2.2324547,,40000.0,42000.0,GBP,Full-time,"Data Test Engineer (SQL/Python, Hybrid) Location: Manchester - Hybrid (2 days on site, 3 days remote) Salary: 40,000 - 42,000 Duration: 12 Month Fixed Term Contract About the role Our client, a financial services organisation operating in a regulated, data-heavy environment, are looking for a Data Test Engineer to support testing across enterprise data platforms and system integrations. You will test data pipelines, transformations and reconcili... ","python, r, sql",2026-05-27,https://www.reed.co.uk/jobs/data-test-engineer/56946966,Reed,2026-05-30T19:33:51.030302
reed_56940937,Managing SOC Security Architect,Sopra Steria,Farnborough,Rushmoor,United Kingdom,51.2918693,-0.7539836,,,,GBP,Full-time,"Ever looked at a SOC and thought, “I’d design that differently”? Here’s your chance. This is your opportunity to take true ownership of our end-to-end SOC architecture – defining how our platforms, detections and controls evolve to meet client, regulatory and business needs. You’ll play a key role in influencing how our services grow, introducing new technologies and embedding a strong security-by-design culture across everything we do. This is ... ",r,2026-05-26,https://www.reed.co.uk/jobs/managing-soc-security-architect/56940937,Reed,2026-05-30T19:33:51.030579
reed_56878135,Senior Data Engineer,True North Group,NE11AD,Newcastle upon Tyne,United Kingdom,54.9675174,-1.6154834,,70000.0,75000.0,GBP,Full-time,"Senior Data Engineer Location: 100% Remote (UK-based) Employment Type: Permanent Salary: Up to 75,000 Positions Available: 2 The Opportunity We’re looking for two experienced Senior Data Engineers to join a growing data platform team delivering modern cloud-native data solutions at scale. This role is ideal for self-starters who enjoy autonomy, ownership, and solving complex engineering challenges within a highly collaborative environment. The c... ",r,2026-05-08,https://www.reed.co.uk/jobs/senior-data-engineer/56878135,Reed,2026-05-30T19:33:51.030877
reed_56844325,Finance Analyst - Data Analysis & Modelling,Michael Page Finance,Manchester,Manchester,United Kingdom,53.4424618,-2.2324547,,40000.0,50000.0,GBP,Full-time,"The Finance Analyst role in the Property sector offers an exciting opportunity to support and enhance financial decision-making. Based in Manchester, this position requires a detail-oriented professional with a strong foundation in accounting and finance. Client Details The employer is a reputable organisation within the Property sector, offering a professional and supportive working environment. As a medium-sized company, they are committed to ... ","r, ui",2026-04-30,https://www.reed.co.uk/jobs/finance-analyst-data-analysis-modelling/56844325,Reed,2026-05-30T19:33:53.642170
reed_56914167,GRC Analyst - Data Protection and GDPR,Hays Specialist Recruitment Limited,B31JP,Birmingham,United Kingdom,52.4819724,-1.9072567,,45000.0,50000.0,GBP,Full-time,"GRC Analyst - Data Protection &amp; GDPR Fixed Term Contract, 12 months - 45k - 50k Location: Hybrid - Birmingham Your new company: I am looking to recruit a GRC Analyst, focusing on Data Protection and GDPR, to join a leader in the hospitality space, with the role focusing on GRC activities, with a strong focus on information security, privacy, and regulatory assurance across the organisation. The role responsibilities: This role focusses on da... ","r, ui",2026-05-18,https://www.reed.co.uk/jobs/grc-analyst-data-protection-and-gdpr/56914167,Reed,2026-05-30T19:33:53.642515
reed_56912440,Data Engineer - Newcastle,Tenth Revolution Group,Newcastle Upon Tyne,Newcastle upon Tyne,United Kingdom,54.9738474,-1.6131572,,45000.0,51000.0,GBP,Full-time,"Data &amp; AI Engineer - Up to 50,000 Location: Newcastle - Hybrid Security Clearance: UK SC eligibility required The Opportunity We are supporting a leading organisation within the Technology and Data space that deliver technology-enabled transformations. This team specialises in building modern, data-driven solutions that enable better decision-making, automation, and innovation. This role is ideal for a Data Engineer or AI Engineer who enjoys... ","r, ui",2026-05-18,https://www.reed.co.uk/jobs/data-engineer-newcastle/56912440,Reed,2026-05-30T19:33:55.891231
reed_56890422,Data Engineer - Belfast,Tenth Revolution Group,Leeds,Leeds,United Kingdom,53.7974185,-1.5437941,,45000.0,51000.0,GBP,Full-time,"Data &amp; AI Engineer - Up to 50,000 Location: Newcastle or Manchester - Hybrid Security Clearance: UK SC eligibility required The Opportunity We are supporting a leading organisation within the Technology and Data space that deliver large-scale, technology-enabled transformations. This team specialises in building modern, data-driven solutions that enable better decision-making, automation, and innovation. This role is ideal for a Data Enginee... ","r, ui",2026-05-12,https://www.reed.co.uk/jobs/data-engineer-belfast/56890422,Reed,2026-05-30T19:33:55.891388
reed_56936076,Data Analyst (Light Dash Experience required),Harnham - Data & Analytics Recruitment,Leicester,Leicester,United Kingdom,52.6362,-1.1331969,,350.0,400.0,GBP,Full-time,"DATA ANALYST REMOTE 6 MONTHS OUTSIDE 400 PER DAY END OF JUNE START DATE Overview: You'll support a major customer loyalty and rewards programme, helping to strengthen the data foundation behind local offers, retailer partnerships, and ""offers near me"" app features. This role has a strong focus on data quality, validation, and dashboarding , ensuring accurate, reliable datasets feed into business insights and user-facing products. Responsibilitie... ",r,2026-05-22,https://www.reed.co.uk/jobs/data-analyst-light-dash-experience-required/56936076,Reed,2026-05-30T19:33:55.891536
reed_56905657,Senior Data Engineer,Tenth Revolution Group,London,Greater London,United Kingdom,51.5074456,-0.1277653,,65000.0,75000.0,GBP,Full-time,"Senior Data Engineer Up to 75,000 + benefits London (Hybrid - 2 days onsite) We are seeking a Senior Data Engineer to join a fast-growing, analytics-focused environment operating at the intersection of sport and technology. You will play a key role in architecting and evolving scalable data infrastructure that supports decision-making from performance on the field through to commercial strategy off it. Working with large, complex datasets and mo... ","r, scala",2026-05-15,https://www.reed.co.uk/jobs/senior-data-engineer/56905657,Reed,2026-05-30T19:33:55.891671
reed_56880664,Lead Data Scientist,Harnham - Data & Analytics Recruitment,London,Greater London,United Kingdom,51.5074456,-0.1277653,,450.0,480.0,GBP,Full-time,"Lead Data Scientist England 450- 480 Outside IR35 Remote The Company They are a specialist organisation working at the forefront of AI-driven customer engagement. Their focus is on enabling highly personalised, real-time decisions across digital channels using advanced analytics and machine learning. The business combines deep domain expertise with strong delivery capability, supporting enterprise clients across multiple sectors. The Role and De... ","git, machine learning, r",2026-05-08,https://www.reed.co.uk/jobs/lead-data-scientist/56880664,Reed,2026-05-30T19:33:55.891784
reed_56901003,Software Development Tech Lead,Verisk,Manchester,Manchester,United Kingdom,53.4424618,-2.2324547,,75000.0,85000.0,GBP,Full-time,"Description A senior engineering leader who is responsible for the technical health, delivery performance, and professional development of their team. The Tech Lead is the primary engineering owner for one or more teams — setting technical direction, building culture, and bridging the gap between engineering and the broader organisation. Tech Leads are expected to actively drive AI-native culture within their team and model best practice for eve... ","r, ui",2026-05-14,https://www.reed.co.uk/jobs/software-development-tech-lead/56901003,Reed,2026-05-30T19:33:55.891892
reed_56804910,Business Apps Dynamics Technology Lead,ICAEW,Milton Keynes,Milton Keynes,United Kingdom,52.0406502,-0.7594092,,65000.0,85000.0,GBP,Full-time,"Business Apps Dynamics Technology Lead Milton Keynes Hybrid Permanent Full time - 35 hours per week 65,000 - 85,000 Join the ICAEW At ICAEW, you'll be part of an organisation that's shaping the future of business, finance and the accountancy profession on a global scale. Our bold 2030 Strategy puts members, innovation, sustainability and trust at the heart of everything we do-creating an exciting, forward-looking environment where your work has ... ","r, rust",2026-04-20,https://www.reed.co.uk/jobs/business-apps-dynamics-technology-lead/56804910,Reed,2026-05-30T19:33:55.892024
reed_56814092,Data Governance Lead,Eden James Consulting Limited,London,Greater London,United Kingdom,51.5074456,-0.1277653,,,,GBP,Full-time,"We are recruiting for a Data Governance Lead on behalf of a well-respected Lloyd's Marker Insurer. The successful candidate will lead data governance initiatives and activities across the organisation, taking ownership of data quality, security, and compliance at a strategic level. This is a role for a high performer who is ready to establish a lasting legacy. Key Responsibilities Identifying and appointing Data Owners and Stewards. Drafting and... ","go, r, ui",2026-04-22,https://www.reed.co.uk/jobs/data-governance-lead/56814092,Reed,2026-05-30T19:33:57.735472
reed_56843562,Lead Analytics Engineer (6 Month FTC),AJ Bell,M53EE,Salford,United Kingdom,53.4660705,-2.282978,,,,GBP,Full-time,"Job Description We are undertaking a strategic migration of our reporting and analytics estate from SSRS to a modern cloud data platform (Snowflake). This role will support the design and delivery of that transformation—establishing best-in-class practices while remaining hands-on in building models, pipelines, and reporting layers. You will play a critical role in not just migrating existing assets, but improving how we model, govern, and deliv... ","go, r, snowflake, ui",2026-04-30,https://www.reed.co.uk/jobs/lead-analytics-engineer-6-month-ftc/56843562,Reed,2026-05-30T19:33:57.735880
adzuna_gb_5745711314,Customer Operational Intelligence Lead,Essex County Council,"Willows Green, Chelmsford",Chelmsford,United Kingdom,51.8257394,0.4292963,"29,785 - 35,041",29785,35041,GBP,Full-Time,"Customer Operational Intelligence Lead Secondment, Full Time £29,785 up to £35,041 per annum Location: Chelmsford Closing Date: 3rd June 2026 This position is available for a fixed term contract or secondment opportunity for up to 12 months This position has been classed as an anywhere worker role but has an expectation that the successful candidate will attend the office, in Chelmsford 1 day per week, with the remaining time for visiting sites and remote working if desired, in line with the or…",r,2026-05-30,https://www.adzuna.co.uk/jobs/details/5745711314?utm_medium=api&utm_source=90961c1a,Adzuna/Customer Services Jobs [United Kingdom],2026-05-30T19:34:01.815310
adzuna_gb_5745513152,Data Analyst Trainee,ITOL Recruit,"Twickenham, London",Greater London,United Kingdom,51.4467444,-0.3281887,"30,000 - 50,000",30000,50000,GBP,Full-Time,"Are you looking to benefit from a new career in Data Analysis? If you are detail orientated, perceptive, organised, competent, analytical and can communicate well with those around you; you could have a truly rewarding future as a Data Analyst We do this using our specialised Data Analyst career programme which looks to assist and place qualified candidates into a career pathway in Data Analysis. Please note this career program is designed for entry level individuals with limited or no experien…","data analysis, r",2026-05-30,https://www.adzuna.co.uk/jobs/land/ad/5745513152?se=gABogl5c8RGbGvW-bcCcHA&utm_medium=api&utm_source=90961c1a&v=9B942C06FE01846178018F9B4CB09C4207AECC5E,Adzuna/IT Jobs [United Kingdom],2026-05-30T19:34:04.084525
adzuna_gb_5745512254,Data Analyst Trainee,ITOL Recruit,"Dartford, Kent",Dartford,United Kingdom,51.4443059,0.21807,"30,000 - 50,000",30000,50000,GBP,Full-Time,"Are you looking to benefit from a new career in Data Analysis? If you are detail orientated, perceptive, organised, competent, analytical and can communicate well with those around you; you could have a truly rewarding future as a Data Analyst We do this using our specialised Data Analyst career programme which looks to assist and place qualified candidates into a career pathway in Data Analysis. Please note this career program is designed for entry level individuals with limited or no experien…","data analysis, r",2026-05-30,https://www.adzuna.co.uk/jobs/land/ad/5745512254?se=gABogl5c8RGbGvW-bcCcHA&utm_medium=api&utm_source=90961c1a&v=C6DA2B91B8A5802BBD597968A77C4DDA24EC628A,Adzuna/IT Jobs [United Kingdom],2026-05-30T19:34:07.158505
adzuna_gb_5745488168,Junior Data Analyst,Runshaw College,"Farington, Leyland",South Ribble,United Kingdom,53.7045324,-2.6831712,,31789,,GBP,Full-Time,"JUNIOR DATA ANALYST - REF 2605120 Up to £31,789 p.a. We offer a competitive benefits package, including £2,193 p.a. in employer pension contributions Runshaw College is one of the most successful colleges in the country, renowned locally and nationally for our outstanding results, friendly and supportive culture and focus on putting the student at the heart of all that we do. We value our staff and students highly, and invest heavily in their development, support and wellbeing. Situated in Leyl…",r,2026-05-30,https://www.adzuna.co.uk/jobs/details/5745488168?utm_medium=api&utm_source=90961c1a,Adzuna/IT Jobs [United Kingdom],2026-05-30T19:34:09.210088
adzuna_gb_5745470205,Senior Data Analyst,Nottingham Community Housing Association,"Nottingham, Nottinghamshire",City of Nottingham,United Kingdom,52.9534193,-1.1496461,"45,000 - 45,000",45000,45000,GBP,Full-Time,"Senior Data Analyst Nottingham £40,620 - £45,726 per annum Are you a Senior Data Analyst who wants your insights to genuinely improve services and customer outcomes? At NCHA, data isnt just reporting, its how we improve performance, shape services, and deliver better homes for our customers. As our next Senior Data Analyst, youll use your expertise in SQL, Power BI and data analytics to drive smarter decisions across the organisation. If youre passionate about turning complex data into meaningf…","power bi, r, sql, ui",2026-05-30,https://www.adzuna.co.uk/jobs/details/5745470205?utm_medium=api&utm_source=90961c1a,Adzuna/IT Jobs [United Kingdom],2026-05-30T19:34:11.870981
adzuna_gb_5745467818,Data Scientist,Entech Technical Solutions Ltd,"Larne, Northern Ireland",Larne,United Kingdom,54.8508458,-5.8183116,"92,560 - 92,560",92560,92560,GBP,Full-Time,"Data Scientist Python, SQL, Snowflake, Power BI essential £44.50 FCSA Umbrella (inside IR35) £32.50 PAYE Larne, Northern Ireland Fully onsite role 5 days pw May also suit a Data Engineer / Data Analyst with strong Python & data platform experience We are currently looking for a Data Scientist with solid hands-on experience across modern data platforms Python, SQL, Snowflake , and the Microsoft Power Platform (Power BI, Power Apps, Power Automate). Do you have experience in data engineering, ETL…","power bi, python, r, snowflake, sql, ui",2026-05-30,https://www.adzuna.co.uk/jobs/details/5745467818?utm_medium=api&utm_source=90961c1a,Adzuna/IT Jobs [United Kingdom],2026-05-30T19:34:14.735880
adzuna_gb_5745460590,"Staff Machine Learning Scientist, Financial Crime",Referrals Only,"London, UK",Greater London,United Kingdom,51.5074456,-0.1277653,"140,000 - 175,000",140000,175000,GBP,Full-Time,"London, or Remote UK | Salary £140-£175,000  stocks  benefits | Hear from the team ✨ About our Machine Learning, Financial Crime Team: Our Financial Crime Data team consists of over 25 people across 4 data specialisms: Analytics Engineers, Data Analysts, Machine Learning Scientists and Data Scientists. Our financial crime team has a huge impact on Monzo. A core value for us is protecting our users from being victims of financial crime. Stopping fraud protects our users and is one of the largest…","machine learning, r",2026-05-30,https://www.adzuna.co.uk/jobs/details/5745460590?utm_medium=api&utm_source=90961c1a,Adzuna/IT Jobs [United Kingdom],2026-05-30T19:34:17.533426
adzuna_gb_5745460013,Data Protection & Compliance Analyst,OCS Group,"London, UK",Greater London,United Kingdom,51.5074456,-0.1277653,"54,344 - 54,344",54344.31,54344.31,GBP,Full-Time,"This is an exciting opportunity for a motivated individual to join OCS's compliance function as a Data Protection Analyst. Working closely with the Data Protection Officer (DPO) and the wider Data Protection & Compliance team, you will play an active role in supporting OCS's data protection obligations under UK GDPR and the Data Protection Act 2018. Key responsibilities: Assist with the processing of data subject access requests (DSARs), erasure requests, and other rights requests Maintain accu…",r,2026-05-30,https://www.adzuna.co.uk/jobs/land/ad/5745460013?se=gABogl5c8RGbGvW-bcCcHA&utm_medium=api&utm_source=90961c1a&v=FF21722FDD0C36B301F39F36917563DBF7817D30,Adzuna/IT Jobs [United Kingdom],2026-05-30T19:34:20.060092
adzuna_gb_5745459500,Platform Data Engineer,TotalMobile,UK,,United Kingdom,54.7023545,-3.2765753,"52,076 - 52,076",52076.34,52076.34,GBP,Full-Time,"We are looking for a versatile and pragmatic Platform Data Engineer to join our team. This is a hands-on role suited to someone who thrives across the full data stack, from ingestion and transformation through to serving reliable, well-structured data to consumers. You will be comfortable working across a range of technologies and environments, bringing both engineering rigour and a data-first mindset to everything you build. You will work closely with data architects, analysts, and product tea…","go, r, ui",2026-05-30,https://www.adzuna.co.uk/jobs/details/5745459500?utm_medium=api&utm_source=90961c1a,Adzuna/IT Jobs [United Kingdom],2026-05-30T19:34:20.060431
adzuna_gb_5745458580,Lead Business Analyst,QBE,"London, UK",Greater London,United Kingdom,51.5074456,-0.1277653,"67,096 - 67,096",67096.35,67096.35,GBP,Full-Time,"Primary Details Time Type: Full time Worker Type: Employee Lead Business Analyst Location: London Type: Permanent, full time Flexible working: Happy to talk flexible working The Opportunity QBE Europe is recruiting a Lead Business Analyst to join the EO Data & AI function, embedded in a single value stream and focused on delivering measurable outcomes through data. Working across both change delivery and BAU, you will translate business needs into clear, governed data requirements and drive imp…","go, r, ui",2026-05-30,https://www.adzuna.co.uk/jobs/details/5745458580?utm_medium=api&utm_source=90961c1a,Adzuna/IT Jobs [United Kingdom],2026-05-30T19:34:26.207770
adzuna_gb_5745457568,Business Analyst,WPP Media,"London, UK",Greater London,United Kingdom,51.5074456,-0.1277653,"28,149 - 28,149",28148.89,28148.89,GBP,Full-Time,"About WPP Media WPP is the trusted growth partner for the world’s leading brands. With exceptional talent, trusted data and intelligence, and world-class partnerships – all united by our pioneering agentic marketing platform, WPP Open – we help clients navigate change, capture opportunity, and deliver transformational growth. WPP Media is WPP's AI-driven media operating unit, bringing together media, data, and partnerships to deliver creative personalisation at scale. Connected through WPP Open…","r, rust",2026-05-30,https://www.adzuna.co.uk/jobs/details/5745457568?utm_medium=api&utm_source=90961c1a,Adzuna/IT Jobs [United Kingdom],2026-05-30T19:34:26.208044
adzuna_gb_5745457430,Senior Consultant – Reinsurance Business Data Analyst,Synpulse,"London, UK",Greater London,United Kingdom,51.5074456,-0.1277653,"68,602 - 68,602",68601.87,68601.87,GBP,Full-Time,"Description Your Growth Unleashed Where your journey begins and your potential shines At Synpulse, we don’t just consult – we transform. As a leading global management and technology consultancy with Swiss roots, we empower financial institutions to navigate change and seize new opportunities. Since 1996, we've been shaping the future of financial services by delivering cutting-edge expertise in strategy, operations, and technology to banks and insurers worldwide. What sets us apart is our peop…",r,2026-05-30,https://www.adzuna.co.uk/jobs/details/5745457430?utm_medium=api&utm_source=90961c1a,Adzuna/IT Jobs [United Kingdom],2026-05-30T19:34:26.208273
adzuna_gb_5745457370,Platform Advisory Consultant - Ipsos Karian & Box,Ipsos,"London, UK",Greater London,United Kingdom,51.5074456,-0.1277653,"49,956 - 49,956",49956.11,49956.11,GBP,Full-Time,"Description Are you an experienced employee experience consultant with strong employee listening platform expertise? Do you enjoy helping organisations maximise the value of their listening technology while shaping impactful employee strategies that shape decision making? Join a specialist team where your insight, advisory capability and platform expertise help clients transform employee experience and drive competitive advantage. About the role: Join Ipsos Karian and Box — a specialist communi…",r,2026-05-30,https://www.adzuna.co.uk/jobs/details/5745457370?utm_medium=api&utm_source=90961c1a,Adzuna/IT Jobs [United Kingdom],2026-05-30T19:34:26.208495
adzuna_gb_5745457221,Senior Solutions Consultant,WGSN,"London, UK",Greater London,United Kingdom,51.5074456,-0.1277653,"49,797 - 49,797",49797.05,49797.05,GBP,Full-Time,"The role We are looking to hire a Senior Solutions Consultant to join our Commercial team in London. This is a full time office-based role out of our London office. Minimum expectation 3 days per week in office. Working at WGSN Together, we create tomorrow A career with WGSN is fast-paced, exciting and full of opportunities to grow and develop. We're a team of consumer and design trend forecasters, content creators, designers, data analysts, advisory consultants and much more, united by a commo…",r,2026-05-30,https://www.adzuna.co.uk/jobs/details/5745457221?utm_medium=api&utm_source=90961c1a,Adzuna/Sales Jobs [United Kingdom],2026-05-30T19:34:26.208733
adzuna_gb_5745455657,Senior Marketing Data Analyst,Motorway,"London, UK",Greater London,United Kingdom,51.5074456,-0.1277653,"52,069 - 52,069",52068.54,52068.54,GBP,Full-Time,"About Motorway Motorway is the UK’s fastest-growing used car marketplace - our online-only platform connects private car sellers with thousands of verified dealers nationwide, ensuring everyone gets the best deal. Founded in 2017, our award-winning, technology-led approach has redefined the experience of selling a car. Motorway is backed by some of the world’s leading technology investors, having raised £143 million in Series C funding. This is a unique opportunity to join a fast-growing scale-…",r,2026-05-30,https://www.adzuna.co.uk/jobs/details/5745455657?utm_medium=api&utm_source=90961c1a,"Adzuna/PR, Advertising & Marketing Jobs [United Kingdom]",2026-05-30T19:34:26.208945
adzuna_gb_5745455653,Statistician - Department of Applied Health Sciences - 107501 - Grade 7,The University of Birmingham,"Bournbrook, Birmingham",,,,,"36,636 - 46,049",36636,46049,GBP,Full-Time,"Description Position Details Department of Applied Health Sciences, School of Health Sciences, College of Medicine and Health Location: University of Birmingham, Edgbaston, Birmingham UK Full time starting salary is normally in the range £36,636 to £46,049 with potential progression once in post to £48,822 Grade: 7 Full Time, Fixed Term contract up to June 2028 Closing date: 14th June 2026 Our offer to you People are at the heart of what we are and do. The University of Birmingham is proud to h…",r,2026-05-30,https://www.adzuna.co.uk/jobs/details/5745455653?utm_medium=api&utm_source=90961c1a,Adzuna/Scientific & QA Jobs [United Kingdom],2026-05-30T19:34:26.209165
adzuna_gb_5745455064,Project Controls Data & Reporting Analyst,AtkinsRéalis,UK,,United Kingdom,54.7023545,-3.2765753,"43,795 - 43,795",43795.34,43795.34,GBP,Full-Time,"Job Description Overview In this role, you will support the development and maintenance of data models, dashboards, and performance reporting within the Project Controls function. Working closely with senior team members, you will contribute to producing high‑quality insights that enable effective decision‑making across the project. This position offers the opportunity to build deeper capability in Power BI, project controls processes, and data analysis within a fast‑paced project environment. …","data analysis, power bi, r, ui",2026-05-30,https://www.adzuna.co.uk/jobs/land/ad/5745455064?se=gABogl5c8RGbGvW-bcCcHA&utm_medium=api&utm_source=90961c1a&v=365C3FB52A39352B0EE6BC5AF16222D09496792A,Adzuna/IT Jobs [United Kingdom],2026-05-30T19:34:34.223149
adzuna_gb_5745454673,People Data and Insight Analyst,A2 Dominion Group,UK,,United Kingdom,54.7023545,-3.2765753,"47,464 - 50,000",47464,50000,GBP,Full-Time,"Job title: People Data and Insight Analyst Location: Hybrid / Ealing W5 5TL Salary: £47,464.00 - £50,000.00 Contract: 12 month Fixed term contract Working Hours: 35 hours per week across Monday – Friday DBS Requirement: Basic DBS About A2Dominion We are a UK housing association committed to a new vision – providing homes people love to live in. With over 38,000 homes in management across London and southern England, we provide a wide range of homes for social, affordable, and private rent, spec…","r, ui",2026-05-30,https://www.adzuna.co.uk/jobs/details/5745454673?utm_medium=api&utm_source=90961c1a,Adzuna/IT Jobs [United Kingdom],2026-05-30T19:34:34.223424
adzuna_gb_5745452558,Operational Data & BI Analyst,Alt HAN Co,"Fleet Street, Central London",,,,,"46,982 - 46,982",46982.22,46982.22,GBP,Full-Time,"Background – About Alt HAN Co ​ ​ The Alternative HAN Company (Alt HAN Co) is a not-for-profit company jointly owned by a co-operative of UK retail Energy suppliers. It operates through a forum of supplier representatives and a Board. Costs are recovered from energy consumers, via charges levied on all licensed energy suppliers. ​ We were established in 2016 for the sole purpose of finding an industry-wide solution for smart metering in hard-to-reach houses and apartment blocks. Specifically, w…",r,2026-05-30,https://www.adzuna.co.uk/jobs/details/5745452558?utm_medium=api&utm_source=90961c1a,Adzuna/IT Jobs [United Kingdom],2026-05-30T19:34:34.223683
adzuna_gb_5745450881,Data Analyst,Apetito,UK,,United Kingdom,54.7023545,-3.2765753,"38,367 - 38,367",38366.84,38366.84,GBP,Full-Time,"We are looking for a Data Analyst to join our Commercial Finance Team based at our National Distribution Centre in Portbury, Bristol. You will enhance our data-driven decision making capabilities and support strategic initiatives within our warehousing and distribution operations. You'll be instrumental in leveraging data to provide actionable business insight. You will have a track record in pairing strong technical and analytical skills with excellent communication to engage and collaborate w…","communication, excel, r",2026-05-30,https://www.adzuna.co.uk/jobs/details/5745450881?utm_medium=api&utm_source=90961c1a,Adzuna/IT Jobs [United Kingdom],2026-05-30T19:34:36.845514
adzuna_gb_5745450758,Data Engineer,Rimes Technologies,"London, UK",Greater London,United Kingdom,51.5074456,-0.1277653,"62,303 - 62,303",62302.97,62302.97,GBP,Full-Time,"About Rimes Rimes provides enterprise data management solutions to the global investment community. Driven by our passion for solving the most complex data problems, we provide our clients with investment intelligence that powers more than US$75 trillion in assets under management annually. The world’s leading institutional investors, asset managers and service providers rely on Rimes to help them make better investment decisions using accurate information and industry-leading technology. The O…",r,2026-05-30,https://www.adzuna.co.uk/jobs/details/5745450758?utm_medium=api&utm_source=90961c1a,Adzuna/IT Jobs [United Kingdom],2026-05-30T19:34:36.845818
adzuna_gb_5745449963,Asset Data Analyst,Peaks & Plains Housing Trust,"Lyme Green, Macclesfield",Macclesfield,United Kingdom,53.2389999,-2.1293139,"32,981 - 32,981",32980.58,32980.58,GBP,Full-Time,"We’re a housing provider in Macclesfield with over 5000 properties across East Cheshire and the surrounding areas. We’re ambitious with plans to build more homes, regenerate local areas and invest in our properties. We now have a vacancy for an Asset Data Analyst to join our Asset and Development team. You will be responsible for maintaining high-quality housing asset information to support safe, compliant and value-for-money investment decisions. The role manages and improves asset datasets (e…","r, ui",2026-05-30,https://www.adzuna.co.uk/jobs/details/5745449963?utm_medium=api&utm_source=90961c1a,Adzuna/Consultancy Jobs [United Kingdom],2026-05-30T19:34:36.846061
adzuna_gb_5745449927,Senior Data Analyst - MarAnalytics,Farfetch,"London, UK",Greater London,United Kingdom,51.5074456,-0.1277653,"51,324 - 51,324",51324.5,51324.5,GBP,Full-Time,"Farfetch is a leading global marketplace for the luxury fashion industry, connecting customers in over 190 countries with items from more than 50 countries and over 1,400 of the world’s best brands and charming boutiques from around the world. Farfetch opens a world of luxury for endless expressions of style, delivering a truly unique shopping experience and access to the most extensive selection of luxury on a global marketplace. MARKETING The Marketing team is data-driven and results-oriented…","r, ux",2026-05-30,https://www.adzuna.co.uk/jobs/details/5745449927?utm_medium=api&utm_source=90961c1a,"Adzuna/PR, Advertising & Marketing Jobs [United Kingdom]",2026-05-30T19:34:41.138502
adzuna_gb_5745443790,Digital Analyst,LegalAndGeneral,UK,,United Kingdom,54.7023545,-3.2765753,"41,453 - 41,453",41453.28,41453.28,GBP,Full-Time,"Job Description We’re looking for a talented and data-driven Digital Analyst specialising in Insights to join our Optimisation and Analytics team within Partnerships. If you’re passionate about uncovering insights from data and want to shape exceptional customer outcomes through optimisation initiatives, this is your opportunity to have meaningful impact. In this role, you’ll leverage data to generate valuable insight while applying strong problem-solving skills to identify high-impact opportun…","git, r",2026-05-30,https://www.adzuna.co.uk/jobs/details/5745443790?utm_medium=api&utm_source=90961c1a,Adzuna/IT Jobs [United Kingdom],2026-05-30T19:34:41.138807
adzuna_gb_5745254779,Data Scientist,Spotify,UK,,United Kingdom,54.7023545,-3.2765753,"44,448 - 44,448",44448.29,44448.29,GBP,Full-Time,"We are looking for a Data Scientist to join the Business Analytics team at Spotify. You will work with the Regional Analytics Lead to evaluate and influence our growth strategy in Asia Pacific’s exciting and diverse landscape. You will collaborate with a distributed team of world-class analysts, data scientists, business leaders, marketers, and engineers. Learning and improving is part of our daily routine, and you will get a platform to develop your data skills and carve out efficient ways of …",r,2026-05-30,https://www.adzuna.co.uk/jobs/details/5745254779?utm_medium=api&utm_source=90961c1a,Adzuna/IT Jobs [United Kingdom],2026-05-30T19:34:41.139047
adzuna_gb_5745216824,Marketing Executive,UKPharm Limited,"Worcester, Worcestershire",Worcester,United Kingdom,52.1965281,-2.2095608,"35,000 - 35,000",35000,35000,GBP,Full-Time,"MarketingExecutive-software development Upto£35K- Remote1dayevery2weeks Malvern This role requires the unusual combination of people with experience in both a technical software role(eg, developer, engineer, analyst, data scientist) and a business development role Mostmarketingrolesoffera job. Thisoneoffersa uniquestakeinthebusiness . Thefoundershavedone somethingyourarelyseethey have relinquished their share holding into a trust fund from which *all* employees benefit. Therole: Ahands-onMarket…","r, rust, ui",2026-05-30,https://www.adzuna.co.uk/jobs/land/ad/5745216824?se=gABogl5c8RGbGvW-bcCcHA&utm_medium=api&utm_source=90961c1a&v=DB0434D2A176B9C04716E7B6D2F5EB2528115CF1,Adzuna/IT Jobs [United Kingdom],2026-05-30T19:34:41.139282
adzuna_gb_5745212670,IT Data Analyst Intern,Eligo Recruitment Ltd,"Bruntingthorpe, Lutterworth",Harborough,United Kingdom,52.5166813,-1.108567,"25,000 - 25,000",25000,25000,GBP,Full-Time,"Salary: £25,000 - 25,000 per year Requirements: We are looking for an IT or Engineering intern / placement year student for a 12-month placement. We need someone with a clear understanding of the importance of effective business analysis and properly documented processes. We would value experience with Google Cloud Platform and Google Applications, although this is not essential. We would value a good command of a scripting language such as JavaScript, Google Apps, HTML, or Java. You must have …","go, java, javascript, r, ui",2026-05-30,https://www.adzuna.co.uk/jobs/details/5745212670?utm_medium=api&utm_source=90961c1a,Adzuna/IT Jobs [United Kingdom],2026-05-30T19:34:43.276482
adzuna_gb_5745176372,Data Engineer,Robert Half,"Bristol, South West England",Bristol,United Kingdom,51.4593896,-2.5835348,"55,000 - 65,000",55000,65000,GBP,Full-Time,"Robert Half is exclusively partnering with a large-scale operational business in Bristol to recruit a newly created Data Engineer role. Paying up to £65,000 with hybrid working (2 days in Bristol). You will be responsible for designing, building and evolving our client's Azure data platform and pipelines. Working in a small team, this will be a varied role, ideal for a proven Data Engineer or Data Analytics Engineer to help be the bridge between the Data Analyst and Data Architect. Key Responsi…","azure, r, ui",2026-05-30,https://www.adzuna.co.uk/jobs/details/5745176372?utm_medium=api&utm_source=90961c1a,Adzuna/IT Jobs [United Kingdom],2026-05-30T19:34:45.455736
adzuna_gb_5745171088,Data Analyst Trainee,ITOL Recruit,"Mansfield, Nottinghamshire",Mansfield,United Kingdom,53.1443785,-1.1964165,"30,000 - 50,000",30000,50000,GBP,Full-Time,"Are you looking to benefit from a new career in Data Analysis? If you are detail orientated, perceptive, organised, competent, analytical and can communicate well with those around you; you could have a truly rewarding future as a Data Analyst We do this using our specialised Data Analyst career programme which looks to assist and place qualified candidates into a career pathway in Data Analysis. Please note this career program is designed for entry level individuals with limited or no experien…","data analysis, r",2026-05-30,https://www.adzuna.co.uk/jobs/land/ad/5745171088?se=gABogl5c8RGbGvW-bcCcHA&utm_medium=api&utm_source=90961c1a&v=6D35DA6E73DD1CEE5CE752616A2AF2570B6D3822,Adzuna/IT Jobs [United Kingdom],2026-05-30T19:34:50.369170
adzuna_gb_5745120925,HR Data Analyst,VolkerWessels Uk,"Hoddesdon, Hertfordshire",Broxbourne,United Kingdom,51.7616709,-0.0112898,"43,884 - 43,884",43883.72,43883.72,GBP,Full-Time,"VolkerWessels UK is a market leading contracting group of five closely linked businesses. We provide integrated and ground-breaking solutions for the civil engineering and construction sectors, with specialisms in rail, highways, airports, marine, defence, energy, water, and environmental infrastructure. Join our HR team and play a key role in delivering accurate, meaningful workforce insights. Reporting into our Senior HR Reporting Analyst, you'll manage data across our HR, Payroll, Recruitmen…","r, ui",2026-05-30,https://www.adzuna.co.uk/jobs/details/5745120925?utm_medium=api&utm_source=90961c1a,Adzuna/HR & Recruitment Jobs [United Kingdom],2026-05-30T19:34:56.514453
adzuna_gb_5745120929,Ecommerce Data Analyst,Matalan,"Liverpool, Merseyside",,United Kingdom,53.4953602,-2.973938,"52,545 - 52,545",52545.18,52545.18,GBP,Full-Time,"About Matalan From humble beginnings to disruptive innovations in the retail industry, find out about how Matalan is ever-evolving here. We know as a team, we are stronger together we champion equality for all and make lasting connections that go beyond work. We thrive off our inclusive culture, encouraging our colleagues to bring their true selves to work and contributing to collective creativity, open-mindedness and growth. We want give every candidate the opportunity to perform at their best…","go, r",2026-05-30,https://www.adzuna.co.uk/jobs/details/5745120929?utm_medium=api&utm_source=90961c1a,Adzuna/IT Jobs [United Kingdom],2026-05-30T19:34:59.382537
adzuna_gb_5745120649,Logistics Continuous Improvement Analyst,XPO TRANSPORT SOLUTIONS UK LIMITED,"Nottingham, Nottinghamshire",City of Nottingham,United Kingdom,52.9534193,-1.1496461,"36,466 - 36,466",36465.64,36465.64,GBP,Full-Time,"Company description: XPO TRANSPORT SOLUTIONS EUROPE Job description: Continuous Improvement Analyst We are pleased to offer an exciting opportunity for a Continuous Improvement Analyst, supporting data-driven insights and performance reporting across the operation. This role is ideal for someone looking to build strong analytical skills while contributing to continuous improvement initiatives through robust analysis and reporting. This role focuses on supporting improvement initiatives through …","r, ui",2026-05-30,https://www.adzuna.co.uk/jobs/details/5745120649?utm_medium=api&utm_source=90961c1a,Adzuna/IT Jobs [United Kingdom],2026-05-30T19:35:01.839531
adzuna_gb_5745036067,Logistics Continuous Improvement Analyst,XPO TRANSPORT SOLUTIONS UK LIMITED,"Gotham, Nottingham",Rushcliffe,United Kingdom,52.8700182,-1.2037633,"36,692 - 36,692",36692.17,36692.17,GBP,Full-Time,"Company description: XPO TRANSPORT SOLUTIONS EUROPE Job description: Continuous Improvement Analyst We are pleased to offer an exciting opportunity for a Continuous Improvement Analyst, supporting data-driven insights and performance reporting across the operation. This role is ideal for someone looking to build strong analytical skills while contributing to continuous improvement initiatives through robust analysis and reporting. This role focuses on supporting improvement initiatives through …","r, ui",2026-05-30,https://www.adzuna.co.uk/jobs/land/ad/5745036067?se=gABogl5c8RGbGvW-bcCcHA&utm_medium=api&utm_source=90961c1a&v=BE5DFB7A2BFC81E6ED0B616B09F13BDA569587E0,Adzuna/IT Jobs [United Kingdom],2026-05-30T19:35:01.839826
adzuna_gb_5744964082,Technical Product Owner,Endava,"London, UK",Greater London,United Kingdom,51.5074456,-0.1277653,"65,151 - 65,151",65150.77,65150.77,GBP,Full-Time,"Job Description We’re looking for a Principal Product Owner to join our growing team in London. This is a senior product leadership role focused on shaping and delivering merchant acquiring capabilities across onboarding, servicing, point-of-sale, e-commerce, and merchant operations. You will contribute towards strategically important product domains spanning merchant onboarding and maintenance, customer state and operational tooling, payment acceptance journeys, and the supporting operational …","leadership, onboarding, r, ui",2026-05-29,https://www.adzuna.co.uk/jobs/details/5744964082?utm_medium=api&utm_source=90961c1a,Adzuna/IT Jobs [United Kingdom],2026-05-30T19:35:04.092814
adzuna_gb_5744747134,Junior Data Analyst,AMS Contingent,"Newcastle Upon Tyne, Tyne & Wear",Newcastle upon Tyne,United Kingdom,54.9738474,-1.6131572,"35,336 - 35,336",35336.19,35336.19,GBP,Full-Time,"We are AMS. We are a global total workforce solutions firm; we enable organisations to thrive in an age of constant change by building, re-shaping, and optimising workforces. Our Contingent Workforce Solution (CWS) is one of our service offerings; we act as an extension of our clients' recruitment team and provide professional interim and temporary resources. AMS are looking for multiple Junior Data Analysts for a 6 month contract based in Cardiff/ Newcastle. Please note that this is a hybrid w…","r, ui",2026-05-29,https://www.adzuna.co.uk/jobs/details/5744747134?utm_medium=api&utm_source=90961c1a,Adzuna/IT Jobs [United Kingdom],2026-05-30T19:35:04.093086
adzuna_gb_5744747119,Junior Data Analyst,AMS Contingent,"Cardiff County, Wales",Encinitas,United States,33.0195217,-117.2642423,"35,018 - 35,018",35018.26,35018.26,GBP,Full-Time,"We are AMS. We are a global total workforce solutions firm; we enable organisations to thrive in an age of constant change by building, re-shaping, and optimising workforces. Our Contingent Workforce Solution (CWS) is one of our service offerings; we act as an extension of our clients' recruitment team and provide professional interim and temporary resources. AMS are looking for multiple Junior Data Analysts for a 6 month contract based in Cardiff/ Newcastle. Please note that this is a hybrid w…","r, ui",2026-05-29,https://www.adzuna.co.uk/jobs/details/5744747119?utm_medium=api&utm_source=90961c1a,Adzuna/IT Jobs [United Kingdom],2026-05-30T19:35:06.548556
adzuna_gb_5744745974,Junior Data Analyst,Metricell,"Mannings Heath, Horsham",Horsham,United Kingdom,51.0455083,-0.2817539,"26,000 - 26,000",26000,26000,GBP,Full-Time,"About us Metricell is on a mission to revolutionise connectivity. We partner with telecommunications companies to design, deliver, and manage wireless communication networks, all with a shared goal of achieving flawless network experiences. For nearly twenty years, we have been at the forefront of network connectivity, providing innovative solutions that empower governments, network operators, and blue-chip businesses worldwide to become ‘better connected’. More recently, we have pioneered the …","communication, go, r",2026-05-29,https://www.adzuna.co.uk/jobs/details/5744745974?utm_medium=api&utm_source=90961c1a,Adzuna/IT Jobs [United Kingdom],2026-05-30T19:35:09.007905
adzuna_gb_5744740218,Data Reporting Analyst,Sanderson,"London, UK",Greater London,United Kingdom,51.5074456,-0.1277653,"91,000 - 104,000",91000,104000,GBP,Full-Time,"Reporting Analyst - Retail & Clothing Location: Remote / London (occasional office attendance preferred) Contract: Initial 3 Months Rate: Competitive Day Rate (Umbrella) We are seeking an experienced Reporting Analyst to support a large retail organisation undergoing significant business expansion within its Clothing and General Merchandise operations. This role is ideal for someone who enjoys working with complex and sometimes unstructured data, uncovering trends, identifying risks and opportu…","go, r",2026-05-29,https://www.adzuna.co.uk/jobs/land/ad/5744740218?se=gABogl5c8RGbGvW-bcCcHA&utm_medium=api&utm_source=90961c1a&v=A2330394DECACCFED1B9E6AAA3BA194325373E9C,Adzuna/IT Jobs [United Kingdom],2026-05-30T19:35:11.260732
adzuna_gb_5744737622,Asset Data Analyst,Reed,"Barnsley, South Yorkshire",Barnsley,United Kingdom,53.5527719,-1.4827755,"46,176 - 46,176",46176,46176,GBP,Full-Time,"Asset Data Analyst Hourly Rate: £22.20 Location: Barnsley S70 Job Type: Full-time, Temporary Contract (Hybrid) We are seeking an Asset Data Analyst to join our team on a temporary full-time basis. This role involves managing and improving our Asset Management System, supporting project delivery within the Asset Management team, and ensuring effective data collection and analysis. Day-to-day of the role: Manage and configure the Asset Management System, inputting information and ensuring its con…",r,2026-05-29,https://www.adzuna.co.uk/jobs/land/ad/5744737622?se=gABogl5c8RGbGvW-bcCcHA&utm_medium=api&utm_source=90961c1a&v=7A0FF13ABA053D78D314BD5D68143B83D687766D,Adzuna/IT Jobs [United Kingdom],2026-05-30T19:35:11.260980
adzuna_gb_5744732780,Data Platform Engineer,. CGI IT UK Limited,UK,,United Kingdom,54.7023545,-3.2765753,"60,268 - 60,268",60267.77,60267.77,GBP,Full-Time,"Data Platform Engineer Category: Business Consulting, Strategy and Digital Transformation Main location: United Kingdom, Any - United Kingdom Position ID:J0426-0446 Employment Type: Full Time Position Description: At CGI, we design and deliver powerful data platforms that enable organisations to unlock insight, accelerate innovation, and achieve measurable business outcomes. As a Data Platform Engineer, you will play a key role in shaping scalable, cloud-based data ecosystems that transform how…","git, go, r, scala",2026-05-29,https://www.adzuna.co.uk/jobs/details/5744732780?utm_medium=api&utm_source=90961c1a,Adzuna/IT Jobs [United Kingdom],2026-05-30T19:35:13.103486
adzuna_gb_5744732650,Higher Data Scientist - Earth Observation Analyst - ( Ref : 6585 ),. Natural England,"London, UK",Greater London,United Kingdom,51.5074456,-0.1277653,"46,031 - 46,031",46030.9,46030.9,GBP,Part-Time,"About the job Job summary This position is based Nationally Job description Join us in shaping a future where nature and people thrive. Whether you're drawn to hands-on conservation or playing a vital part behind the scenes, your work at Natural England will support lasting benefits for the environment and society. Our Role Natural England is the Government's adviser for the natural environment and the Nature regulator with a wide range of statutory duties and powers. We provide the evidence, e…","go, r",2026-05-29,https://www.adzuna.co.uk/jobs/details/5744732650?utm_medium=api&utm_source=90961c1a,Adzuna/Scientific & QA Jobs [United Kingdom],2026-05-30T19:35:13.103793
adzuna_gb_5744731886,Business Analyst (Ref: 18005),. Ministry of Justice,"London, UK",Greater London,United Kingdom,51.5074456,-0.1277653,"51,993 - 51,993",51993.07,51993.07,GBP,Part-Time,"About the job Job summary This position is based Nationally Job description Business Analyst Location: National* Closing Date: 23rd June 2026 Interviews: Rolling - from 8th June to 10th July Grade: SEO (MoJ candidates who are on a specialist grade, will be able to retain this grade on lateral transfer) Salary: London : £49,325 - £53,081 National : £42,914 - £46,182 Working pattern : Full-time/Flexible working Contract Type: Permanent Number of vacancies: 16 Vacancy number: 18005 *We offer a hyb…",r,2026-05-29,https://www.adzuna.co.uk/jobs/details/5744731886?utm_medium=api&utm_source=90961c1a,Adzuna/IT Jobs [United Kingdom],2026-05-30T19:35:13.104025
adzuna_gb_5744723183,Data Analyst,SF Partners Admin,"Manchester, Greater Manchester",Manchester,United Kingdom,53.4424618,-2.2324547,"45,000 - 45,000",45000,45000,GBP,Full-Time,"Data Analyst Manchester City Centre (Hybrid - 2 Days Per Week) £35,000 - £45,000  Benefits SF Technology are recruiting for a Data Analyst on behalf of an established UK organisation investing in the growth of its data and reporting capabilities. This is an opportunity for a Data Analyst with strong Power BI experience to join a growing team and play a key role in developing reporting solutions, improving data quality and delivering meaningful business insights. Working closely with stakeholder…","power bi, r, ui",2026-05-29,https://www.adzuna.co.uk/jobs/details/5744723183?utm_medium=api&utm_source=90961c1a,Adzuna/IT Jobs [United Kingdom],2026-05-30T19:35:13.104254
adzuna_gb_5744722952,Commercial Finance Analyst,Matalan,"Liverpool, Merseyside",,United Kingdom,53.4953602,-2.973938,"49,438 - 49,438",49438.46,49438.46,GBP,Full-Time,"About Matalan From humble beginnings to disruptive innovations in the retail industry, find out about how Matalan is ever-evolving here. We know as a team, we are stronger together we champion equality for all and make lasting connections that go beyond work. We thrive off our inclusive culture, encouraging our colleagues to bring their true selves to work and contributing to collective creativity, open-mindedness and growth. We want give every candidate the opportunity to perform at their best…","go, r",2026-05-29,https://www.adzuna.co.uk/jobs/details/5744722952?utm_medium=api&utm_source=90961c1a,Adzuna/Retail Jobs [United Kingdom],2026-05-30T19:35:15.561801
adzuna_gb_5744722667,Data Analyst,MPOWER PLUS REZOLVE AI GROUP LTD,UK,,United Kingdom,54.7023545,-3.2765753,"57,416 - 57,416",57416.5,57416.5,GBP,Full-Time,"Role: Tagetik testing Location: Horsham /Liverpool or London (3 days onsite per week) Required Skills & Experience 10 years of overall testing/QA experience, with strong hands-on exposure to CCH Tagetik testing Experience testing EPM / CPM solutions Functional Knowledge Strong understanding of Financial Consolidation, FP&A, Budgeting, Forecasting, and Reporting process Knowledge of financial controls, audit requirements, and close cycles Technical & Testing Skills Test case design, defect manag…","r, ui",2026-05-29,https://www.adzuna.co.uk/jobs/details/5744722667?utm_medium=api&utm_source=90961c1a,Adzuna/IT Jobs [United Kingdom],2026-05-30T19:35:15.562104
adzuna_gb_5744722470,Change / Product Manager,Stott & May Professional Search Limited,"London, UK",Greater London,United Kingdom,51.5074456,-0.1277653,"86,984 - 86,984",86984.12,86984.12,GBP,Full-Time,"Change / Product Manager Start: ASAP Duration: 6 months Location: hybrid, west London Rate: TBC, outside IR35 We are looking for an experienced Product & Change Manager to support the delivery and adoption of advanced data-driven decision support products within a large-scale operational transformation programme. This role requires a strong blend of product management, business change and stakeholder engagement experience, ideally within data science, analytics, optimisation or operational plan…","product management, r, ui",2026-05-29,https://www.adzuna.co.uk/jobs/details/5744722470?utm_medium=api&utm_source=90961c1a,Adzuna/IT Jobs [United Kingdom],2026-05-30T19:35:15.562345
adzuna_gb_5744721777,SC Cleared Data Engineer,IO Associates,"London, UK",Greater London,United Kingdom,51.5074456,-0.1277653,"85,000 - 85,000",85000,85000,GBP,Full-Time,"The Role We are seeking an experienced SC Cleared Data Engineer to design, build, and maintain secure, scalable data platforms and pipelines within a high-security environment. The successful candidate will work closely with data architects, analysts, software engineers, and stakeholders to deliver robust data solutions that support operational and strategic objectives. This role requires active Security Check (SC) clearance. Key Responsibilities * Design, develop, and maintain ETL/ELT pipeline…","r, scala, ui",2026-05-29,https://www.adzuna.co.uk/jobs/details/5744721777?utm_medium=api&utm_source=90961c1a,Adzuna/IT Jobs [United Kingdom],2026-05-30T19:35:15.562582
adzuna_gb_5744698500,HR Data Analyst,VolkerWessels UK Ltd,"Hoddesdon, Hertfordshire",Broxbourne,United Kingdom,51.7616709,-0.0112898,"43,311 - 43,311",43311.36,43311.36,GBP,Full-Time,"VolkerWessels UK is a market leading contracting group of five closely linked businesses. We provide integrated and ground-breaking solutions for the civil engineering and construction sectors, with specialisms in rail, highways, airports, marine, defence, energy, water, and environmental infrastructure. Join our HR team and play a key role in delivering accurate, meaningful workforce insights. Reporting into our Senior HR Reporting Analyst, you'll manage data across our HR, Payroll, Recruitmen…","r, ui",2026-05-29,https://www.adzuna.co.uk/jobs/land/ad/5744698500?se=gABogl5c8RGbGvW-bcCcHA&utm_medium=api&utm_source=90961c1a&v=A0FE1D7274CB5026483B6E575CF7F8B33A0BE2E7,Adzuna/HR & Recruitment Jobs [United Kingdom],2026-05-30T19:35:15.562826
adzuna_gb_5744696912,Data Analyst,Infinity Quest UK,UK,,United Kingdom,54.7023545,-3.2765753,"104,000 - 104,000",104000,104000,GBP,Full-Time,"At JP Morgan Chase, we understand that customers seek exceptional value and a seamless experience from a trusted financial institution. That's why we launched Chase UK to transform digital banking with intuitive and enjoyable customer journeys. With a strong foundation of trust established by millions of customers in the US, we have been rapidly expanding our presence in the UK and soon across Europe. We have been building the bank of the future from the ground up, offering you the chance to jo…","git, r, rust, ui",2026-05-29,https://www.adzuna.co.uk/jobs/details/5744696912?utm_medium=api&utm_source=90961c1a,Adzuna/IT Jobs [United Kingdom],2026-05-30T19:35:15.563039
adzuna_gb_5744695595,Site Data Analyst - Finance,Wolviston Management Services,UK,,United Kingdom,54.7023545,-3.2765753,"40,476 - 40,476",40476.26,40476.26,GBP,Full-Time,"Site Data Analyst Location: Greatham, Teesside Client: Tioxide Lead SAP PM and site data improvement at a major manufacturing site Tioxide is recruiting for a Site Data Analyst to join the Finance team at Greatham. This is a specialist systems and data role where you will act as the Business Process Owner for the site’s Enterprise Asset Management and SAP PM system, supporting IT infrastructure for plant maintenance and helping drive continuous improvement across maintenance systems and process…","r, ui",2026-05-29,https://www.adzuna.co.uk/jobs/details/5744695595?utm_medium=api&utm_source=90961c1a,Adzuna/IT Jobs [United Kingdom],2026-05-30T19:35:19.174354
adzuna_gb_5744693951,Junior Data Coordinator,Rise Technical Recruitment,"Ashton-Under-Lyne, Greater Manchester",Tameside,United Kingdom,53.4865407,-2.098691,"28,984 - 28,984",28983.74,28983.74,GBP,Full-Time,"Junior Data Coordinator 9 Month FTC Manchester £28,500 - £30,000 (Pro Rata)  Holiday  Training  Pension Are you a detail-driven data professional looking to play a key role in manufacturing operations, ensuring accurate material and BOM data that underpins production, planning, and supply chain performance? This is an excellent opportunity for a Junior Data Analyst / Data Coordinator to join a busy manufacturing environment where data accuracy and process discipline are critical to success. You…","excel, r",2026-05-29,https://www.adzuna.co.uk/jobs/land/ad/5744693951?se=DviLsF5c8RGbGvW-bcCcHA&utm_medium=api&utm_source=90961c1a&v=E00DCEA4190B71E8FB32E246E20B5DA4C09AC4FE,Adzuna/Accounting & Finance Jobs [United Kingdom],2026-05-30T19:35:19.174629
adzuna_gb_5744690146,Data Analyst,Beyond,"Manchester, Greater Manchester",Manchester,United Kingdom,53.4424618,-2.2324547,"39,055 - 39,055",39054.93,39054.93,GBP,Full-Time,"Work where work matters. We are a global technology group built for what's next, offering high calibre professionals the platform for high stakes work, the kind of work that defines an entire career. When you join us, you're not just taking on projects, you're solving problems that don't even have answers yet. You will join an exclusive roster of talent that global leaders, including Google, Snap, Diageo, PayPal, and Jaguar Land Rover call when deadlines seem impossible, when others have alread…","go, r, ui",2026-05-29,https://www.adzuna.co.uk/jobs/details/5744690146?utm_medium=api&utm_source=90961c1a,Adzuna/IT Jobs [United Kingdom],2026-05-30T19:35:21.427982
adzuna_gb_5744687950,Maintenance Assurance Data Analyst,Yorkshire Water,"Bradford, West Yorkshire",Bradford,United Kingdom,53.7944229,-1.7519186,"36,679 - 36,679",36679.06,36679.06,GBP,Full-Time,"Company description: Water Utility Company based in Yorkshire region of England. Job description: Maintenance Assurance Data Analyst Hello! Thanks for stopping by. Let us tell you about all the great reasons to join us here at Yorkshire Water: We offer a competitive salary, (4c), £36,966 - £46,166 , depending on experience Annual incentive related bonus ( £1000 maximum Bonus Opportunity for the Performance Year ) Attractive pension scheme ( up to 12% company contribution ) Life assurance cover …",r,2026-05-29,https://www.adzuna.co.uk/jobs/land/ad/5744687950?se=DviLsF5c8RGbGvW-bcCcHA&utm_medium=api&utm_source=90961c1a&v=8AE8D39096A28C2E082B6726AA0B7F8F04CDCCAA,Adzuna/IT Jobs [United Kingdom],2026-05-30T19:35:21.428263
adzuna_gb_5744687573,SC Cleared Data Engineer,IO Associates,"South East London, London",Greater London,United Kingdom,51.5217707,0.0295469,"85,000 - 85,000",85000,85000,GBP,Full-Time,"The Role We are seeking an experienced SC Cleared Data Engineer to design, build, and maintain secure, scalable data platforms and pipelines within a high-security environment. The successful candidate will work closely with data architects, analysts, software engineers, and stakeholders to deliver robust data solutions that support operational and strategic objectives. This role requires active Security Check (SC) clearance. Key Responsibilities * Design, develop, and maintain ETL/ELT pipeline…","r, scala, ui",2026-05-29,https://www.adzuna.co.uk/jobs/land/ad/5744687573?se=DviLsF5c8RGbGvW-bcCcHA&utm_medium=api&utm_source=90961c1a&v=E6967C52B1099EF7D1CE83CD3FE73DCE6A21B37D,Adzuna/IT Jobs [United Kingdom],2026-05-30T19:35:23.267607
adzuna_gb_5744685967,CI Manager,Premier Foods,"Barnsley, South Yorkshire",Barnsley,United Kingdom,53.5527719,-1.4827755,"60,000 - 65,000",60000,65000,GBP,Full-Time,"Company description: Premier Foods is one of Britain’s biggest listed food companies, employing over 4,000 colleagues at 15 manufacturing sites and offices up and down the country. Many of our brands have been part of UK life for more than a century and you’ll find them in 94% of British households. Job description: The Role We’re looking for a Continuous Improvement Manager to lead and embed operational excellence across our Carlton site, the Home of Mr Kipling. Sitting on the site leadership …","excel, leadership, r",2026-05-29,https://www.adzuna.co.uk/jobs/details/5744685967?utm_medium=api&utm_source=90961c1a,Adzuna/Manufacturing Jobs [United Kingdom],2026-05-30T19:35:25.597380
adzuna_gb_5744679704,Customer Operational Intelligence Lead,Essex County Council,"Chelmsford, Essex",Chelmsford,United Kingdom,51.7345329,0.4730532,"29,785 - 35,041",29785,35041,GBP,Full-Time,"Customer Operational Intelligence Lead Secondment, Full Time £29,785 up to £35,041 per annum Location: Chelmsford Closing Date: 3rd June 2026 This position is available for a fixed term contract or secondment opportunity for up to 12 months This position has been classed as an anywhere worker role but has an expectation that the successful candidate will attend the office, in Chelmsford 1 day per week, with the remaining time for visiting sites and remote working if desired, in line with the or…",r,2026-05-29,https://www.adzuna.co.uk/jobs/details/5744679704?utm_medium=api&utm_source=90961c1a,Adzuna/Customer Services Jobs [United Kingdom],2026-05-30T19:35:25.597700
adzuna_gb_5744676166,Finance Data Analyst,Travail Employment Group,"Denner Hill, Great Missenden",,,,,"40,500 - 40,500",40500,40500,GBP,Full-Time,"Finance Data Analyst Hemel Hempstead Hybrid £40,500  additional Bonuses up to 10% of salary  Excellent Benefits- 25 days holiday (rising to 30 after 5 years)  Bank Holidays  Birthday off, Pension, Optional Private Health & Dental, Life Assurance & Income Protection & Employee product discount programme Candidates must have the right to work in the UK - sponsorship is not available. Travail Employment Group is delighted to be recruiting for a Finance Data Analyst /Financial Business Analyst/Fina…","excel, r, ui",2026-05-29,https://www.adzuna.co.uk/jobs/details/5744676166?utm_medium=api&utm_source=90961c1a,Adzuna/Accounting & Finance Jobs [United Kingdom],2026-05-30T19:35:27.645893
adzuna_gb_5744676037,Demand Planning Analyst - European Supply Chain,Martin Veasey Talent Solutions,"Lane End, Dartford",Dartford,United Kingdom,51.4212055,0.251122,"30,000 - 40,000",30000,40000,GBP,Full-Time,"Demand Planning Analyst - European Supply Chain Dartford, Kent (Hybrid) | £30,000-£40,000  Bonus  Benefits This is not an administrative role. It is a data-led planning role at the centre of a European supply chain. You are not someone who simply maintains spreadsheets or updates systems. You are the person who notices when something does not look right. You question it. You trace it back. You fix it. And in doing so, you prevent problems before they happen. This role exists because a growing i…",r,2026-05-29,https://www.adzuna.co.uk/jobs/details/5744676037?utm_medium=api&utm_source=90961c1a,Adzuna/IT Jobs [United Kingdom],2026-05-30T19:35:28.796857
adzuna_gb_5744675118,Data Analyst,SF Partners,"Rusholme, Manchester",Manchester,United Kingdom,53.4524593,-2.2188914,"35,000 - 45,000",35000,45000,GBP,Full-Time,"Data Analyst Manchester City Centre (Hybrid - 2 Days Per Week) £35,000 - £45,000  Benefits SF Technology are recruiting for a Data Analyst on behalf of an established UK organisation investing in the growth of its data and reporting capabilities. This is an opportunity for a Data Analyst with strong Power BI experience to join a growing team and play a key role in developing reporting solutions, improving data quality and delivering meaningful business insights. Working closely with stakeholder…","power bi, r, ui",2026-05-29,https://www.adzuna.co.uk/jobs/land/ad/5744675118?se=DviLsF5c8RGbGvW-bcCcHA&utm_medium=api&utm_source=90961c1a&v=69EC32D772BF4628377BE426E9B1C30BDBBDFEAE,Adzuna/IT Jobs [United Kingdom],2026-05-30T19:35:31.127094
adzuna_gb_5744675120,Senior Data Analyst,Nottingham Community Housing Association Ltd,"Bestwood Village, Nottingham",City of Nottingham,United Kingdom,53.0392841,-1.1708023,"40,620 - 45,726",40620,45726,GBP,Full-Time,"Senior Data Analyst Nottingham £40,620 - £45,726 per annum Are you a Senior Data Analyst who wants your insights to genuinely improve services and customer outcomes? At NCHA, data isn’t just reporting, it’s how we improve performance, shape services, and deliver better homes for our customers. As our next Senior Data Analyst, you’ll use your expertise in SQL, Power BI and data analytics to drive smarter decisions across the organisation. If you’re passionate about turning complex data into mean…","power bi, r, sql, ui",2026-05-29,https://www.adzuna.co.uk/jobs/land/ad/5744675120?se=DviLsF5c8RGbGvW-bcCcHA&utm_medium=api&utm_source=90961c1a&v=72D3AB9FD5E882900DA245FEA7020FA7E9A8E2BE,Adzuna/IT Jobs [United Kingdom],2026-05-30T19:35:33.174570
adzuna_gb_5744652918,Apprentice Planner,Mears Group,"Caerphilly, Caerphilly County",Caerphilly,United Kingdom,51.5745432,-3.2208487,"17,246 - 17,246",17246.48,17246.48,GBP,Full-Time,"Annual salary: up to £25,396.80 Apprentice Planner Location: Caerphilly Salary: Age 16–18: £8.00 per hour — 40 hours per week (including time at college) Age 19–20: £11.06 per hour — 40 hours per week (including time at college) Age 21: £12.71 per hour — 40 hours per week (including time at college) Celtic Horizons is a partnership between United Welsh Group and Mears Group PLC, delivering repairs, maintenance and improvement services to over 6,800 homes across South Wales. The work we do helps…",r,2026-05-29,https://www.adzuna.co.uk/jobs/details/5744652918?utm_medium=api&utm_source=90961c1a,Adzuna/Admin Jobs [United Kingdom],2026-05-30T19:35:35.015362
adzuna_gb_5744546432,Data Manager,Chiltern Railways,"West Hampstead, North West London",Greater London,United Kingdom,51.5689158,-0.170691,"60,000 - 70,000",60000,70000,GBP,Full-Time,"Role: Data Manager Location: London Marylebone, Aylesbury or Banbury / Hybrid Working – you should be comfortable working in a Chiltern location 3 days a week. Contract Type: Permanent Salary: Up to £70,000 per annum Job Purpose The Data Manager is accountable for establishing and operating an enterprise data management capability that ensures organisational data is accurate, trusted, secure, and fit for operational, regulatory, and strategic decision-making. This includes designing and impleme…","r, rust",2026-05-29,https://www.adzuna.co.uk/jobs/details/5744546432?utm_medium=api&utm_source=90961c1a,Adzuna/IT Jobs [United Kingdom],2026-05-30T19:35:37.065096
adzuna_gb_5744508846,Senior Value Management Analyst,Skipton Building Society,"Skipton, North Yorkshire",Skipton,United Kingdom,53.9618497,-2.0160287,"60,594 - 60,594",60593.84,60593.84,GBP,Full-Time,"Hours:35 hours per weekClosing Date:Fri, 12 Jun 2026We're looking for a Senior Value Management Analyst to help drive data-driven insights and maximise value across our Agile Release Trains—if you thrive on turning complex information into clear, actionable recommendations and want to make a real impact in a fast-paced change environment, this could be your next big move Who Are We?Not just another building society. Not just another job.We're the fourth biggest building society in the UK and wh…","agile, r, ui",2026-05-29,https://www.adzuna.co.uk/jobs/details/5744508846?utm_medium=api&utm_source=90961c1a,Adzuna/IT Jobs [United Kingdom],2026-05-30T19:35:39.524596
adzuna_gb_5744493450,Data Analyst,Pro Contract Jobs Ltd,UK,,United Kingdom,54.7023545,-3.2765753,"42,843 - 42,843",42842.63,42842.63,GBP,Full-Time,"Do you have a background in BI Data Analysis? Expleo are seeking a highly organised and proactive BI Data Analysis within Software and Systems testing, supporting our client, a luxury car Manufacturer, based in the West Midlands, on a Contract basis. Key Responsibilities of the BI Data Analysis include: * Ensure the integrity, consistency, and usability of software and systems testing data, created in JIRA / X-Ray and visualised in Tableau * Analyse complex datasets, resolving tooling issues, a…","data analysis, jira, r, tableau, ux",2026-05-29,https://www.adzuna.co.uk/jobs/details/5744493450?utm_medium=api&utm_source=90961c1a,Adzuna/IT Jobs [United Kingdom],2026-05-30T19:35:41.642701
adzuna_gb_5744472867,Knowledge Management Analyst,Baker Hughes,UK,,United Kingdom,54.7023545,-3.2765753,"43,223 - 43,223",43222.9,43222.9,GBP,Full-Time,"Are you passionate about building a strong foundation in engineering design and technology? Do you enjoy learning from experienced engineers while contributing to real‑world oilfield engineering solutions? Join our team Baker Hughes is a global energy‑technology company operating in over 120 countries. We deliver innovative solutions that make energy safer, cleaner, and more efficient. Our engineering teams play a vital role in designing and delivering oilfield subsurface components, systems, a…","r, ui",2026-05-29,https://www.adzuna.co.uk/jobs/details/5744472867?utm_medium=api&utm_source=90961c1a,Adzuna/Engineering Jobs [United Kingdom],2026-05-30T19:35:41.643136
adzuna_gb_5744471927,Principal Data Scientist - Water Sector,Stantec UK,"Hughenden, High Wycombe",High Wycombe,United Kingdom,51.6502946,-0.7568841,"55,508 - 55,508",55507.66,55507.66,GBP,Full-Time,"Do you thrive on solving complex challenges, uncovering insights, and driving innovation with advanced analytics? If so, we could have the perfect opportunity for you! We’re seeking a Principal Data Scientist to join our award-winning digital team at Stantec. You will be working alongside leading Analysts and Data Engineering experts to transform how we and our clients harness data. As a key member of our team, you’ll play a critical role in shaping digital strategies, particularly within the w…","git, r",2026-05-29,https://www.adzuna.co.uk/jobs/details/5744471927?utm_medium=api&utm_source=90961c1a,Adzuna/IT Jobs [United Kingdom],2026-05-30T19:35:41.643479
adzuna_gb_5744471926,Talent Partner (12-month FTC),Depop,"London, UK",Greater London,United Kingdom,51.5074456,-0.1277653,"50,659 - 50,659",50658.91,50658.91,GBP,Full-Time,"Company Description Depop is a peer-to-peer circular fashion marketplace where anyone can buy, sell and discover secondhand fashion. Our mission is simple: to make fashion circular by making secondhand as exciting and rewarding as buying new. Founded in 2011, Depop’s diverse community has helped move resale into the mainstream, where buying secondhand is no longer an alternative, but how people of different ages now engage with fashion. Today, more than 56 million registered users come to Depop…",r,2026-05-29,https://www.adzuna.co.uk/jobs/details/5744471926?utm_medium=api&utm_source=90961c1a,Adzuna/HR & Recruitment Jobs [United Kingdom],2026-05-30T19:35:43.618225
adzuna_gb_5744470811,Staff Product Manager,Too Good To Go,"London, UK",Greater London,United Kingdom,51.5074456,-0.1277653,"62,794 - 62,794",62794.07,62794.07,GBP,Full-Time,"At Too Good To Go, we dream of a planet with no food waste. Did you know that more than 40% of all food produced gets thrown away? This unnecessary food waste and the resources needed to produce and transport it accounts for 10% of global greenhouse gas emissions. Too Good To Go is a certified B Corporation on a mission to end food waste. We connect stores with surplus food to consumers across 20 markets in Europe, North America, and APAC — with over 140 million registered users, more than 200,…","go, r",2026-05-29,https://www.adzuna.co.uk/jobs/details/5744470811?utm_medium=api&utm_source=90961c1a,Adzuna/Logistics & Warehouse Jobs [United Kingdom],2026-05-30T19:35:43.618530
adzuna_gb_5744467921,Business Intelligence Analyst,Renault Group,UK,,United Kingdom,54.7023545,-3.2765753,"48,567 - 48,567",48567.39,48567.39,GBP,Full-Time,"Company ALPINE RACING LIMITED Job Description Are you passionate about data and analytics, with a keen eye for detail and a drive to make a real impact? We’re looking for a high-performing Business Intelligence Analyst to join our Information Technology team. Reporting to the Business Intelligence Team Leader, you will play a pivotal role in delivering high-quality data and reporting solutions that support both strategic and operational decision-making across the organisation. This is an exciti…",r,2026-05-29,https://www.adzuna.co.uk/jobs/details/5744467921?utm_medium=api&utm_source=90961c1a,Adzuna/IT Jobs [United Kingdom],2026-05-30T19:35:43.618810
adzuna_gb_5744467894,Analytics Engineer,BCB Group,"London, UK",Greater London,United Kingdom,51.5074456,-0.1277653,"51,353 - 51,353",51352.69,51352.69,GBP,Full-Time,"The Role - What will you be doing? We are seeking a highly motivated and detail-oriented Data Engineer to join our dynamic Data and Analytics team. Reporting to the Head of Data and Analytics, you will play a pivotal role in transforming raw data into actionable insights that drive strategic business decisions. This position requires a strong analytical mindset, exceptional problem-solving skills, and the ability to effectively communicate complex technical concepts to non-technical stakeholder…","r, ui",2026-05-29,https://www.adzuna.co.uk/jobs/details/5744467894?utm_medium=api&utm_source=90961c1a,Adzuna/IT Jobs [United Kingdom],2026-05-30T19:35:43.619063
adzuna_gb_5744463083,"Retail, CX and Finance Data Analyst",Me+Em,"Wasdale Head, Seascale",,,,,"27,033 - 27,033",27033.19,27033.19,GBP,Full-Time,"Job Role: Retail, CX and Finance Data Analyst Reporting to: Retail Director Location: Head Office, White City Place, West London Contract type: 12 month Fixed Term Contract - Full Time, 37.5 hours per wee k ​ ​ About Us: MEEM is one of the UK’s fastest-growing luxury fashion brands. In addition to a thriving global digital presence, we operate flagship stores in London, Manchester and Edinburgh, concessions within Harrods and Selfridges, and have recently expanded with new store openings in the…","git, r, ux",2026-05-29,https://www.adzuna.co.uk/jobs/details/5744463083?utm_medium=api&utm_source=90961c1a,Adzuna/Consultancy Jobs [United Kingdom],2026-05-30T19:35:43.619285
adzuna_gb_5744462249,Senior Card Fraud Risk Analyst,Capital on Tap,"London, UK",Greater London,United Kingdom,51.5074456,-0.1277653,"64,026 - 64,026",64026.41,64026.41,GBP,Full-Time,"We’re Capital on Tap   Capital on Tap started because small businesses were underserved. Big banks were slow, their products weren't fit for purpose, and small business owners often couldn't access what they needed. We set out to fix that. Today we're a financial platform - not just a credit card company. We offer a best-in-class business credit card, SME-focused spend management platform, a savings product that hit £1 billion in funds within its first year, and a growing suite of tools and fin…","r, ui",2026-05-29,https://www.adzuna.co.uk/jobs/details/5744462249?utm_medium=api&utm_source=90961c1a,Adzuna/IT Jobs [United Kingdom],2026-05-30T19:35:44.363590
adzuna_gb_5744462036,Customer Data Analyst – 3 month internship,Tallis Amos Group Limited,"Kemble, Cirencester",Cotswold,United Kingdom,51.7154319,-2.0030795,"25,894 - 25,894",25893.79,25893.79,GBP,Full-Time,"Customer Data Analyst – 3 month internship Kemble, SN16 9SN Monday to Friday - 0800 to 1700 ​ Experience working with CRM systems Comfortable using Microsoft 365 tools, including Dynamics, SharePoint and Excel Strong attention to detail and high levels of accuracy ​ Tallis Amos Group is an expanding business with an exciting opportunity for a Customer Data Analyst to join us on a three-month internship. In this role, you will support our sales and aftermarket teams by consolidating and structur…","crm, excel, r",2026-05-29,https://www.adzuna.co.uk/jobs/land/ad/5744462036?se=DviLsF5c8RGbGvW-bcCcHA&utm_medium=api&utm_source=90961c1a&v=238342EC7D6E0F7CBCFD70EFC775477971E374DB,Adzuna/Admin Jobs [United Kingdom],2026-05-30T19:35:44.363910
adzuna_gb_5744461344,Product Analyst,Reward Gateway,"London, UK",Greater London,United Kingdom,51.5074456,-0.1277653,"37,000 - 42,000",37000,42000,GBP,Full-Time,"Reward Gateway, part of Edenred, is a global leader in benefits and employee engagement. We help businesses attract, engage, and retain top talent through strategic reward, recognition, and well-being solutions. Guided by our shared missions - ‘Making the World a Better Place to Work’ and ‘Enriching Connections, For Good’ - we’re committed to transforming workplaces and improving people’s daily lives. Our team embodies entrepreneurial spirit, innovation, and respect. We push boundaries, speak u…","go, r, ui",2026-05-29,https://www.adzuna.co.uk/jobs/details/5744461344?utm_medium=api&utm_source=90961c1a,Adzuna/IT Jobs [United Kingdom],2026-05-30T19:35:46.281575
adzuna_gb_5744461297,Data Quality Consultant / Analyst - Finance Transformation,Talent Locker,"London, UK",Greater London,United Kingdom,51.5074456,-0.1277653,400 - 500,400,500,GBP,Full-Time,"Job Description Data Quality Analyst / Consultant – Finance Transformation Contract Outside IR35, 3 months initially £400-500 per day A contract role within a large Oracle Financials Fusion programme, to join the data migration team as the data quality consultant. You will drive data quality and governance across a major Oracle Fusion Finance Transformation programme, defining data quality rules, validation controls, dashboards and remediation processes across finance and supplier master data. …","go, r",2026-05-29,https://www.adzuna.co.uk/jobs/details/5744461297?utm_medium=api&utm_source=90961c1a,Adzuna/IT Jobs [United Kingdom],2026-05-30T19:35:46.281897
adzuna_gb_5744460948,Data Analyst,Mace,UK,,United Kingdom,54.7023545,-3.2765753,"39,192 - 39,192",39191.52,39191.52,GBP,Full-Time,"Mace combines construction expertise with consultancy to unlock potential in every person or project and redefine the boundaries of ambition. Our values shape the way we consult and define the people we want to join us on our journey. The project: Our client is the utilities provider in the South-East geographic area. Their purpose is to deliver services in an environmentally sustainable, economically beneficial, and socially responsible manner and create sustainable long-term value for all. Th…",r,2026-05-29,https://www.adzuna.co.uk/jobs/details/5744460948?utm_medium=api&utm_source=90961c1a,Adzuna/Consultancy Jobs [United Kingdom],2026-05-30T19:35:46.282151
adzuna_gb_5744460940,Senior Product Analyst,Reward Gateway,"London, UK",Greater London,United Kingdom,51.5074456,-0.1277653,"60,000 - 70,000",60000,70000,GBP,Full-Time,"Reward Gateway, part of Edenred, is a global leader in benefits and employee engagement. We help businesses attract, engage, and retain top talent through strategic reward, recognition, and well-being solutions. Guided by our shared missions - ‘Making the World a Better Place to Work’ and ‘Enriching Connections, For Good’ - we’re committed to transforming workplaces and improving people’s daily lives. Our team embodies entrepreneurial spirit, innovation, and respect. We push boundaries, speak u…","go, r, ui",2026-05-29,https://www.adzuna.co.uk/jobs/details/5744460940?utm_medium=api&utm_source=90961c1a,Adzuna/IT Jobs [United Kingdom],2026-05-30T19:35:46.282382
adzuna_gb_5744459716,Senior Data Scientist,Hastings Insurance Services,"London, UK",Greater London,United Kingdom,51.5074456,-0.1277653,"61,591 - 61,591",61591.21,61591.21,GBP,Full-Time,"Job Title: Senior Data Scientist Location: Bexhill/Leicester/London– Hybrid Welcome to Hastings Direct We’re a digital insurance provider with ambitious plans to become the best and biggest in the UK market. We’ve made huge investments in our pricing and data capabilities over the past few years, along with nurturing our 4Cs culture. We provide insurance for over four million customers, but we know there’s even bigger opportunity out there - our Pricing, Data and Analytics community value curio…","git, r",2026-05-29,https://www.adzuna.co.uk/jobs/details/5744459716?utm_medium=api&utm_source=90961c1a,Adzuna/IT Jobs [United Kingdom],2026-05-30T19:35:46.282601
adzuna_gb_5744192863,Senior Data Engineer (Databricks),MUFG Investor Services,"London, UK",Greater London,United Kingdom,51.5074456,-0.1277653,"52,173 - 52,173",52172.88,52172.88,GBP,Full-Time,"Job Description We are seeking a highly skilled Data Engineer with strong problem-solving expertise to join our dynamic data engineering team. Your primary focus will be to design, develop, and optimize data pipelines and workflows leveraging Databricks and AWS. Responsibilities Supporting L2 and L3 functions within Data engineering to troubleshoot and rectify production pipelines. Develop and maintain high-performance data pipelines using Databricks. Collaborate with architects and analysts to…","aws, r",2026-05-29,https://www.adzuna.co.uk/jobs/details/5744192863?utm_medium=api&utm_source=90961c1a,Adzuna/IT Jobs [United Kingdom],2026-05-30T19:35:46.282852
adzuna_gb_5744143511,Supplier Data Analyst,Pro Contract Jobs Ltd,"Ashford, Kent",Ashford,United Kingdom,51.148555,0.8722566,"30,000 - 30,000",30000,30000,GBP,Full-Time,"Supplier Data Analyst £27,000 £30,000 per annum Ashford Remote or Hybrid (flexible working available) Temporary Contract (initially circa 6 months, with potential for extension) We re looking for a detail-driven, Excel-savvy problem solver to join a busy data project on a temporary contract. This is a fantastic opportunity to get involved in a large-scale supplier data clean-up. You ll play a key role in helping streamline and tidy up thousands of supplier records, making sure data is accurate,…","excel, r",2026-05-29,https://www.adzuna.co.uk/jobs/details/5744143511?utm_medium=api&utm_source=90961c1a,Adzuna/IT Jobs [United Kingdom],2026-05-30T19:35:46.283078
adzuna_gb_5744143505,Data Engineer,Halian Technology Limited,"South West London, London",Greater London,United Kingdom,51.5483391,-0.1773926,"95,000 - 95,000",95000,95000,GBP,Full-Time,"Data Engineer Salary: £90,000  Benefits/Bonus London 1 or 2 days a week in London HQ Own the rebuild of a modern data platform from the ground up. Were working with a business in the middle of a high-impact data transformationmoving away from legacy constraints towards a scalable, cloud-first architecture. Theyre looking for a Data Engineer to take a leading role in that journey. This isnt a role where you inherit a polished environment. Its an opportunity to shape, modernise, and influence fro…","r, scala, ui",2026-05-29,https://www.adzuna.co.uk/jobs/details/5744143505?utm_medium=api&utm_source=90961c1a,Adzuna/IT Jobs [United Kingdom],2026-05-30T19:35:48.142081
adzuna_gb_5744142211,"Junior Developer / Analyst, Data Science and Analytics",Pro Contract Jobs Ltd,"London, UK",Greater London,United Kingdom,51.5074456,-0.1277653,"49,432 - 49,432",49431.54,49431.54,GBP,Full-Time,"Junior Developer / Analyst, Data Science and Analytics London Full-time Job Description A front-office Data Analytics team is seeking a Junior Developer / Analyst to support data-driven insight, analytics, and business growth. The team is made up of innovative technology professionals who use data to support daily business activities and improve visibility across client opportunities and operational pipelines. What Role Will You Play? You will apply your knowledge of computing theory and practi…",r,2026-05-29,https://www.adzuna.co.uk/jobs/details/5744142211?utm_medium=api&utm_source=90961c1a,Adzuna/IT Jobs [United Kingdom],2026-05-30T19:35:50.377684
adzuna_gb_5744141491,Programme Data & Analytics Analyst,Keystream Group Limited,"Edinburgh, Scotland",City of Edinburgh,United Kingdom,55.9533456,-3.1883749,"104,000 - 130,000",104000,130000,GBP,Full-Time,"Role: Programme Data & Analytics Analyst Location: Edinburgh Day Rate: £400500 (Outside IR35) Contract Length: ASAP End of August Clearance Requirements: SC Clearance required (or BPSS with SC in progress). Active clearance preferred due to timelines. Overview Were looking for a Programme Data & Analytics Analyst to join the delivery team. This role sits at the core of a programmes data and reporting function, responsible for turning complex operational and scheduling data into clear, reliable …","r, ui",2026-05-29,https://www.adzuna.co.uk/jobs/details/5744141491?utm_medium=api&utm_source=90961c1a,Adzuna/IT Jobs [United Kingdom],2026-05-30T19:35:50.377976
adzuna_gb_5744141445,Asset Data Analyst,Peaks & Plains Housing Trust,"Macclesfield, Cheshire",Macclesfield,United Kingdom,53.2606635,-2.1255158,"40,000 - 40,000",40000,40000,GBP,Full-Time,"Asset Data Analyst Macclesfield -Agile - offering a mix of office and home working Salary: £40,000per annum Hours - 37 Hours per week Werea housing provider in Macclesfield with over 5000 properties across East Cheshire and the surrounding areas.Wereambitious with plans to build more homes, regenerate local areas and invest in our properties. We now have a vacancy for an Asset Data Analystto join our Asset and Development team. You willbe responsible formaintaininghigh-quality housing asset inf…","agile, r, ui",2026-05-29,https://www.adzuna.co.uk/jobs/details/5744141445?utm_medium=api&utm_source=90961c1a,Adzuna/IT Jobs [United Kingdom],2026-05-30T19:35:52.295538
adzuna_gb_5744139831,Data Modeller,IO Associates,"Wiltshire, South West England",Kingswood,United Kingdom,51.4748692,-2.5024441,"104,000 - 156,000",104000,156000,GBP,Full-Time,"We're looking for an experienced Data Modeller to join a high-impact data engineering team working on a modern Lakehouse platform built on Databricks. The Role You'll be responsible for designing and implementing robust data models within a Medallion architecture (Bronze / Silver / Gold), ensuring data flows efficiently and reliably across the platform. This is a hands-on role requiring both deep technical expertise and the ability to work closely with engineering and business stakeholders. Wha…","go, r, ui",2026-05-29,https://www.adzuna.co.uk/jobs/details/5744139831?utm_medium=api&utm_source=90961c1a,Adzuna/IT Jobs [United Kingdom],2026-05-30T19:35:54.678150
adzuna_gb_5744072800,Data Analyst,Blue Moon Recruitment,"Grimsby, North East Lincolnshire",Grimsby,United Kingdom,53.5671407,-0.0788045,"48,150 - 48,150",48149.97,48149.97,GBP,Full-Time,"THE COMPANY Ramsden International are an award-winning British Grocery Export Business, proud to supply 24,000 products to more than 650 customers in 133 countries worldwide. ROLE OVERVIEW The purpose of this role is to transform data into meaningful commercial insight that drives informed decision-making across the business. The successful candidate will work closely with stakeholders at all levels to understand the underlying business needs behind data requests, challenge assumptions, identif…",r,2026-05-29,https://www.adzuna.co.uk/jobs/details/5744072800?utm_medium=api&utm_source=90961c1a,Adzuna/IT Jobs [United Kingdom],2026-05-30T19:35:56.931565
adzuna_gb_5744031366,Principal Data Scientist - Water Sector,Stantec,"London, UK",Greater London,United Kingdom,51.5074456,-0.1277653,"60,977 - 60,977",60976.73,60976.73,GBP,Full-Time,"Do you thrive on solving complex challenges, uncovering insights, and driving innovation with advanced analytics? If so, we could have the perfect opportunity for you! We're seeking a Principal Data Scientist to join our award-winning digital team at Stantec. You will be working alongside leading Analysts and Data Engineering experts to transform how we and our clients harness data. As a key member of our team, you'll play a critical role in shaping digital strategies, particularly within the w…","git, r",2026-05-29,https://www.adzuna.co.uk/jobs/details/5744031366?utm_medium=api&utm_source=90961c1a,Adzuna/IT Jobs [United Kingdom],2026-05-30T19:35:59.183584
adzuna_gb_5744031399,Principal Data Scientist - Water Sector,Stantec,"High Wycombe, Buckinghamshire",High Wycombe,United Kingdom,51.6317449,-0.75596,"59,279 - 59,279",59279.27,59279.27,GBP,Full-Time,"Do you thrive on solving complex challenges, uncovering insights, and driving innovation with advanced analytics? If so, we could have the perfect opportunity for you! We're seeking a Principal Data Scientist to join our award-winning digital team at Stantec. You will be working alongside leading Analysts and Data Engineering experts to transform how we and our clients harness data. As a key member of our team, you'll play a critical role in shaping digital strategies, particularly within the w…","git, r",2026-05-29,https://www.adzuna.co.uk/jobs/details/5744031399?utm_medium=api&utm_source=90961c1a,Adzuna/IT Jobs [United Kingdom],2026-05-30T19:35:59.183875
adzuna_gb_5744030413,GI Europe New Business Sales Specialist - Financials,S&P Global,"London, UK",Greater London,United Kingdom,51.5074456,-0.1277653,"57,286 - 57,286",57286.49,57286.49,GBP,Full-Time,"About the Role: Grade Level (for internal use): 10 The Team: The Global Insight (GI) business combines macro-economic, country risk, industry, supply chain and maritime data & analytics capabilities to help customers deepen investment conviction, refine asset allocations, and mitigate both financial and compliance risk. This role presents an opportunity to join the team responsible for new business sales of GI products to European financial institutions. ? The Financials new business team partn…",r,2026-05-29,https://www.adzuna.co.uk/jobs/details/5744030413?utm_medium=api&utm_source=90961c1a,Adzuna/Sales Jobs [United Kingdom],2026-05-30T19:36:01.638651
adzuna_gb_5744030062,Data Analyst,Safran,"Fareham, Hampshire",Fareham,United Kingdom,50.8526637,-1.1783134,"41,465 - 41,465",41465.22,41465.22,GBP,Part-Time,"Data Analyst Vacancy details General information Entity Safran is an international high-technology group, operating in the aviation (propulsion, equipment and interiors), defense and space markets. Its core purpose is to contribute to a safer, more sustainable world, where air transport is more environmentally friendly, comfortable and accessible. Safran has a global presence, with 100,000 employees and sales of 27.3 billion euros in 2024, and holds, alone or in partnership, world or regional l…","r, ui",2026-05-29,https://www.adzuna.co.uk/jobs/details/5744030062?utm_medium=api&utm_source=90961c1a,Adzuna/IT Jobs [United Kingdom],2026-05-30T19:36:01.638733
adzuna_gb_5744027543,Bloomberg Economics Data Scientist,Bloomberg,"London, UK",Greater London,United Kingdom,51.5074456,-0.1277653,"81,352 - 81,352",81351.59,81351.59,GBP,Full-Time,"Bloomberg Economics Data Scientist Location London Business Area Research Ref  10051727 Description & Requirements With 70 economists and analysts and 200 economics and government reporters worldwide, Bloomberg has an outstanding capacity to explain where the world is economically and politically, where it might be heading, and the ways in which geopolitical and economic forces interact. Bloomberg Economics offers a comprehensive macroeconomic research service for Terminal subscribers. That inc…","bloomberg, go, r, ui",2026-05-29,https://www.adzuna.co.uk/jobs/details/5744027543?utm_medium=api&utm_source=90961c1a,Adzuna/Accounting & Finance Jobs [United Kingdom],2026-05-30T19:36:03.480204
adzuna_gb_5744025496,Data Modeller,IO Associates,"Normanton, West Yorkshire",Wakefield,United Kingdom,53.6991226,-1.4194401,"104,000 - 156,000",104000,156000,GBP,Full-Time,"We're looking for an experienced Data Modeller to join a high-impact data engineering team working on a modern Lakehouse platform built on Databricks. The Role You'll be responsible for designing and implementing robust data models within a Medallion architecture (Bronze / Silver / Gold), ensuring data flows efficiently and reliably across the platform. This is a hands-on role requiring both deep technical expertise and the ability to work closely with engineering and business stakeholders. Wha…","go, r, ui",2026-05-29,https://www.adzuna.co.uk/jobs/land/ad/5744025496?se=DviLsF5c8RGbGvW-bcCcHA&utm_medium=api&utm_source=90961c1a&v=7135E17B57F9F41F90BAC20582083C05CDDFFBC9,Adzuna/IT Jobs [United Kingdom],2026-05-30T19:36:03.480312
adzuna_gb_5744025505,Analyst Apprentice,Anderson Recruitment,"Stroud, Gloucestershire",Stroud,United Kingdom,51.745424,-2.2198605,"19,105 - 19,105",19104.58,19104.58,GBP,Full-Time,"Analyst Apprentice Our well established, successful, and constantly developing client are currently looking for an Apprentice Analyst to join their friendly team in Stroud on a full-time, permanent basis. This opportunity would suit an individual with both Maths and English GCSEs Grade 4 or above (essential), who is analytical, organised, and keen to develop a long-term career within commercial operations, business support, or sales analysis. You should be confident working with data, enjoy pro…","r, ui",2026-05-29,https://www.adzuna.co.uk/jobs/land/ad/5744025505?se=DviLsF5c8RGbGvW-bcCcHA&utm_medium=api&utm_source=90961c1a&v=D5F6F53C13070A4D6073D19A86945B1B4F7CF06D,Adzuna/Admin Jobs [United Kingdom],2026-05-30T19:36:05.323099
adzuna_gb_5744013316,Senior Analyst,Harnham - Data & Analytics Recruitment,"Manchester, Greater Manchester",Manchester,United Kingdom,53.4424618,-2.2324547,"80,000 - 90,000",80000,90000,GBP,Full-Time,"Senior Analyst Fully remote £80,000 - £90,000 Please note this role is in the gambling sector This is an opportunity to take a senior analytical role at the heart of a fast scaling digital business where data directly shapes commercial decisions. You will play a key part in understanding customer behaviour, improving retention, and influencing product and growth strategy through insight. The role offers strong visibility, autonomy, and the chance to genuinely raise the impact of analytics acros…","git, r, ui",2026-05-28,https://www.adzuna.co.uk/jobs/land/ad/5744013316?se=DviLsF5c8RGbGvW-bcCcHA&utm_medium=api&utm_source=90961c1a&v=66B8DF15AC86D2146D96555106422012A255330B,Adzuna/IT Jobs [United Kingdom],2026-05-30T19:36:07.988049
adzuna_gb_5744012033,Senior Analyst,Harnham - Data & Analytics Recruitment,"Leeds, West Yorkshire",Leeds,United Kingdom,53.7974185,-1.5437941,"80,000 - 90,000",80000,90000,GBP,Full-Time,"Senior Analyst Fully remote £80,000 - £90,000 Please note this role is in the gambling sector This is an opportunity to take a senior analytical role at the heart of a fast scaling digital business where data directly shapes commercial decisions. You will play a key part in understanding customer behaviour, improving retention, and influencing product and growth strategy through insight. The role offers strong visibility, autonomy, and the chance to genuinely raise the impact of analytics acros…","git, r, ui",2026-05-28,https://www.adzuna.co.uk/jobs/land/ad/5744012033?se=DviLsF5c8RGbGvW-bcCcHA&utm_medium=api&utm_source=90961c1a&v=E7D8E4C281CB2D7FBA9F5C60AAA778AFA3D1A5BC,Adzuna/IT Jobs [United Kingdom],2026-05-30T19:36:07.988265
adzuna_gb_5743990611,AI / ML Engineer,. Essex County Council,UK,,United Kingdom,54.7023545,-3.2765753,"87,013 - 87,013",87012.74,87012.74,GBP,Full-Time,"AI / ML Engineer Fixed Term, 12 months Full Time, 37 hours per week £47,615 to £56,017 per annum Location: Chelmsford Working Style: Anywhere worker Closing Date: 7th June 2026 Interviews: expected to be held w/c 22 June 2026 Essex County Council's Data, Analytics and Performance function provides high quality data, analytics, and AI-driven insight to support evidence based decision making and improve outcomes for residents. Within this environment, the AI/ML Engineer plays a pivotal role in de…",r,2026-05-28,https://www.adzuna.co.uk/jobs/details/5743990611?utm_medium=api&utm_source=90961c1a,Adzuna/IT Jobs [United Kingdom],2026-05-30T19:36:10.448450
adzuna_gb_5743989291,Data Engineer (Databricks and AWS),. CGI IT UK Limited,UK,,United Kingdom,54.7023545,-3.2765753,"61,866 - 61,866",61865.78,61865.78,GBP,Full-Time,"Data Engineer (Databricks and AWS) Category: Analytics and Emerging Digital Technologies Main location: United Kingdom, England - Yorkshire and the Humber, UK Wide Position ID:J0326-0283 Employment Type: Full Time CGI UK Careers - No holding back By playing this video you consent to Google/YouTube processing your data and using cookies - Learn more. Position Description: At CGI, we're helping to transform the future of healthcare through the power of data. As a Senior Data Engineer, you'll play…","aws, git, go, r",2026-05-28,https://www.adzuna.co.uk/jobs/details/5743989291?utm_medium=api&utm_source=90961c1a,Adzuna/IT Jobs [United Kingdom],2026-05-30T19:36:10.448760
adzuna_gb_5743988540,Senior Data Engineer,. CGI IT UK Limited,UK,,United Kingdom,54.7023545,-3.2765753,"66,037 - 66,037",66037.34,66037.34,GBP,Full-Time,"Senior Data Engineer Category: Analytics and Emerging Digital Technologies Main location: United Kingdom, UK Wide - Various, UK Wide Position ID:J1225-1814 Employment Type: Full Time Position Description: At CGI, we help organisations turn complex data into powerful, trusted platforms that enable smarter decisions and lasting impact. As a Senior Data Engineer, you'll be instrumental in designing, building, and evolving a large-scale data platform that underpins critical business outcomes. Worki…","git, go, r, rust, ui",2026-05-28,https://www.adzuna.co.uk/jobs/details/5743988540?utm_medium=api&utm_source=90961c1a,Adzuna/IT Jobs [United Kingdom],2026-05-30T19:36:10.448998
adzuna_gb_5743786519,HR Data Analyst,Everywhen,UK,,United Kingdom,54.7023545,-3.2765753,"30,360 - 30,360",30360.1,30360.1,GBP,Full-Time,"If you love turning data into insight, enjoy making systems work beautifully, and want to be part of a collaborative HR team that values accuracy, curiosity and continuous improvement, this role is for you. We’re looking for an HR Data & Reporting Analyst to join our Group HR Shared Service team. You’ll play a key role in delivering high‑quality people reporting, maintaining the integrity of our HR data, and supporting the smooth running of our HRIS (Dayforce). Your work will directly empower t…","hris, r",2026-05-28,https://www.adzuna.co.uk/jobs/details/5743786519?utm_medium=api&utm_source=90961c1a,Adzuna/HR & Recruitment Jobs [United Kingdom],2026-05-30T19:36:10.449223
adzuna_gb_5743706095,Power BI Developer - 12 month FTC,Orbit Group,"Coventry, West Midlands",Coventry,United Kingdom,52.4081812,-1.510477,"28,277 - 35,345",28277,35345,GBP,Full-Time,"We’re building thriving communities as one of the UK’s largest housing groups and a leading developer of affordable housing. We believe everyone is entitled to a good home they can afford, in a place they are proud to live. More than 100,000 people live in our homes. If you want to experience work that’s truly rewarding, join us. Because when we achieve together, customers and communities thrive. Work for Orbit. Believe in people. The role We are seeking an experienced Power BI Developer to joi…","go, power bi, r, ui",2026-05-28,https://www.adzuna.co.uk/jobs/land/ad/5743706095?se=cFc70V5c8RG1g60cORqbZQ&utm_medium=api&utm_source=90961c1a&v=AC2C7420FC143C3E74DB9B25A52C35E4D830AF5E,Adzuna/IT Jobs [United Kingdom],2026-05-30T19:36:14.061342
adzuna_gb_5743678320,Commercial Finance Manager,. Asda Stores Limited,UK,,United Kingdom,54.7023545,-3.2765753,"54,077 - 54,077",54077.18,54077.18,GBP,Full-Time,"Job Title Commercial Finance Manager Location Asda House Employment Type Full time Contract Type Permanent Hours Per Week 37.5 Salary Competitive salary plus benefits Category Financial Planning and Analysis Closing Date 28 July 2026 ""Find your role"" In the Finance team at Asda the focus of a Commercial Finance Manager is to drive the performance of the business area that you partner, using available tools and data to develop actionable insight, and using that insight to drive change. This part…","go, r",2026-05-28,https://www.adzuna.co.uk/jobs/details/5743678320?utm_medium=api&utm_source=90961c1a,Adzuna/Accounting & Finance Jobs [United Kingdom],2026-05-30T19:36:15.977619
adzuna_gb_5743677398,Power BI Developer - 12 month FTC,Orbit Group,"Binley, Coventry",Coventry,United Kingdom,52.4001634,-1.4444074,"28,277 - 35,345",28277,35345,GBP,Full-Time,"We’re building thriving communities as one of the UK’s largest housing groups and a leading developer of affordable housing. We believe everyone is entitled to a good home they can afford, in a place they are proud to live. More than 100,000 people live in our homes. If you want to experience work that’s truly rewarding, join us. Because when we achieve together, customers and communities thrive. Work for Orbit. Believe in people. The role We are seeking an experienced Power BI Developer to joi…","go, power bi, r, ui",2026-05-28,https://www.adzuna.co.uk/jobs/details/5743677398?utm_medium=api&utm_source=90961c1a,Adzuna/IT Jobs [United Kingdom],2026-05-30T19:36:15.978027
adzuna_gb_5743673747,Data Analyst,Pro Contract Jobs Ltd,"York, North Yorkshire",York,United Kingdom,53.9590555,-1.0815361,"117,000 - 136,500",117000,136500,GBP,Full-Time,"Data Analyst London - x3 days onsite 3-6 months initially Inside IR35 - umbrella only Job description We are seeking 2 talented and detail-oriented Data Analysts to join the Identity and Access team. This role will focus on reviewing and ensuring the integrity of identity data flowing end-to-end from MyHR, One Identity, Active Directory, and Entra systems. The successful candidate will be responsible for verifying the accuracy of existing identity attributes, identifying any additional fields r…",r,2026-05-28,https://www.adzuna.co.uk/jobs/details/5743673747?utm_medium=api&utm_source=90961c1a,Adzuna/IT Jobs [United Kingdom],2026-05-30T19:36:18.025216
adzuna_gb_5743673749,Data Engineer,Brightwell,"Chesterfield, Derbyshire",Chesterfield,United Kingdom,53.2352134,-1.4264097,"57,588 - 57,588",57587.92,57587.92,GBP,Full-Time,"Join Our Team as a Data Engineer Location: Chesterfield, Derbyshire Are you an experienced Data Engineer with a strong background within Data Engineering, Design and Architecture looking for your next challenge? If so, we could have the perfect opportunity for you. This is a truly exciting time to join the Brightwell Data, Analytics and Insights team, at the beginning of a huge growth journey. As a Data Engineer you will provide Brightwell Member Services with the data necessary to monitor oper…",r,2026-05-28,https://www.adzuna.co.uk/jobs/details/5743673749?utm_medium=api&utm_source=90961c1a,Adzuna/IT Jobs [United Kingdom],2026-05-30T19:36:20.687919
adzuna_gb_5743673748,Data Analyst,Pro Contract Jobs Ltd,"Sheffield, South Yorkshire",Sheffield,United Kingdom,53.3806626,-1.4702278,"130,000 - 156,000",130000,156000,GBP,Full-Time,"2-3 days p/week in Sheffield 6-month rolling contract Inside IR35 We're seeking a Data Analyst to measure and report operational resilience maturity and systemic risk across a large enterprise environment. Key Responsibilities: Design and maintain resilience KPIs and KRIs aligned to key outcomes Integrate and analyse data from incident, change, observability, and service management platforms Identify trends, risks, and improvement opportunities across the estate Produce executive dashboards and…",r,2026-05-28,https://www.adzuna.co.uk/jobs/details/5743673748?utm_medium=api&utm_source=90961c1a,Adzuna/IT Jobs [United Kingdom],2026-05-30T19:36:22.940511
adzuna_gb_5743673744,Data Analyst,Pro Contract Jobs Ltd,"London, UK",Greater London,United Kingdom,51.5074456,-0.1277653,"98,800 - 107,900",98800,107900,GBP,Full-Time,"Harvey Nash is now recruiting for a Data Analyst for an initial 3 month contract. Outside of IR35 £380 - £415 a day Outside of IR35 Remote with some travel to London You'll work hands-on with complex datasets, driving insights, improving data quality, and shaping scalable data platforms click apply for full job details","r, scala, ui",2026-05-28,https://www.adzuna.co.uk/jobs/details/5743673744?utm_medium=api&utm_source=90961c1a,Adzuna/IT Jobs [United Kingdom],2026-05-30T19:36:25.193363
adzuna_gb_5743673740,Data Quality Consultant / Analyst - Finance Transformation,Talent Locker,"The City, Central London",City of London,United Kingdom,51.5119744,-0.0887945,"104,000 - 130,000",104000,130000,GBP,Full-Time,"Data Quality Analyst / Consultant - Finance Transformation Contract Outside IR35, 3 months initially £400-500 per day A contract role within a large Oracle Financials Fusion programme, to join the data migration team as the data quality consultant. You will drive data quality and governance across a major Oracle Fusion Finance Transformation programme, defining data quality rules, validation controls, dashboards and remediation processes across finance and supplier master data. Working closely …","go, r",2026-05-28,https://www.adzuna.co.uk/jobs/details/5743673740?utm_medium=api&utm_source=90961c1a,Adzuna/IT Jobs [United Kingdom],2026-05-30T19:36:25.193655
adzuna_gb_5743673278,HR Data Analyst,Pro Contract Jobs Ltd,"Reading, Berkshire",Reading,United Kingdom,51.4491758,-0.958114,"62,400 - 62,400",62400,62400,GBP,Full-Time,"Title: Data Analyst - HR Location: Reading, UK With Hybrid (2 days/week onsite) Pay Rate: Depends on Experience Type & Duration: Contract (6 months -possibility of extension) Job Description: Role Overview:We are seeking HR-focused Data Analysts (not typical digital/data analysts) to manage and analyze HR data, processes, and systems, delivering insights to support HR operations and business decisions click apply for full job details","git, r",2026-05-28,https://www.adzuna.co.uk/jobs/details/5743673278?utm_medium=api&utm_source=90961c1a,Adzuna/IT Jobs [United Kingdom],2026-05-30T19:36:27.854963
adzuna_gb_5743672787,Senior HR Data Analyst,Rullion Limited,"Nottingham, Nottinghamshire",City of Nottingham,United Kingdom,52.9534193,-1.1496461,"104,000 - 117,000",104000,117000,GBP,Full-Time,"Start date: ASAP Day rate: £400-£450 /day, Inside IR35 Location: Trinity House, 2 Burton Street, Nottingham, NG1 4BX. Working Pattern: Remote / less than once a month then hybrid 1 day a week in the office Duration: 6 months with the possibility of extension Hours: Full-time We're on the hunt for a Senior HR Data Analyst to join a progressive HR Data team of a fast-paced energy client. In this role, you'll dive into a broad spectrum of HR data - from reward analytics and internal performance KP…",r,2026-05-28,https://www.adzuna.co.uk/jobs/details/5743672787?utm_medium=api&utm_source=90961c1a,Adzuna/IT Jobs [United Kingdom],2026-05-30T19:36:29.902932
adzuna_gb_5743630533,Asset Data Analyst,Peaks and Plains Housing,"Prestbury, Macclesfield",Macclesfield,United Kingdom,53.2768859,-2.1655904,"40,000 - 40,000",40000,40000,GBP,Full-Time,"Asset Data Analyst Macclesfield - Agile - offering a mix of office and home working Salary: £40,000 per annum Hours - 37 Hours per week We’re a housing provider in Macclesfield with over 5000 properties across East Cheshire and the surrounding areas. We’re ambitious with plans to build more homes, regenerate local areas and invest in our properties. We now have a vacancy for an Asset Data Analyst to join our Asset and Development team. You will be responsible for maintaining high-quality housin…","agile, r, ui",2026-05-28,https://www.adzuna.co.uk/jobs/land/ad/5743630533?se=cFc70V5c8RG1g60cORqbZQ&utm_medium=api&utm_source=90961c1a&v=0A5081FB0A1509FC86EAD6A64B0D46A2A9A61E98,Adzuna/IT Jobs [United Kingdom],2026-05-30T19:36:29.903077
adzuna_gb_5743623201,Digital Data Analyst - Pensions,Capita,UK,,United Kingdom,54.7023545,-3.2765753,"37,486 - 37,486",37485.54,37485.54,GBP,Full-Time,"Digital Data Analyst - Pensions Home Based We are creating a new role within Pensions Digital to help us measure and report on how members use our digital pension experiences. We are looking for a motivated and curious Digital Data Analyst to support the team by tracking online behaviour, measure engagement, and support continuous improvement of our digital platforms. Job title: Digital Data Analyst - Pensions Job Description: What you'll be doing Supporting tagging and measurement of digital j…","git, r",2026-05-28,https://www.adzuna.co.uk/jobs/details/5743623201?utm_medium=api&utm_source=90961c1a,Adzuna/IT Jobs [United Kingdom],2026-05-30T19:36:32.361307
adzuna_gb_5743611990,Assistant New Product Development,SC Johnson Professional,"Marehay, Ripley",Amber Valley,United Kingdom,53.0448859,-1.3953365,"42,459 - 42,459",42459.39,42459.39,GBP,Full-Time,"Assistant New Product Development Joining the team at SC Johnson Professional® makes you part of a family company with a deep history in the professional market as a leading manufacturer of skincare, cleaning and hygiene products, and smart technologies. We provide solutions to Healthcare, Clean Industrial, Industrial, Office & Institutional, Hospitality & Travel, and Retail & Entertainment markets. SC Johnson Professional® is a business unit within SC Johnson, a family-owned and led company an…",r,2026-05-28,https://www.adzuna.co.uk/jobs/land/ad/5743611990?se=cFc70V5c8RG1g60cORqbZQ&utm_medium=api&utm_source=90961c1a&v=6C05738645C7A082B677747FAF4DE17C64A0E917,"Adzuna/PR, Advertising & Marketing Jobs [United Kingdom]",2026-05-30T19:36:32.361861
adzuna_gb_5743599197,Data Analyst - Customer Retention,Executive Facilities,"London, UK",Greater London,United Kingdom,51.5074456,-0.1277653,"67,600 - 67,600",67600,67600,GBP,Full-Time,"Our global SaaS Client are now seeking a Data Analyst to join their team with a focus on customer retention. This role is a unique opportunity to transform reporting, build behavioural analytics, and work across the whole ecosystem lifecycle. This is a hybrid role (2/3 days week) for 13 months with potential to extend. Responsibilities Building robust data foundations: Collaborate with engineering to develop pipelines, improve data integrity, and establish clear metric definitions Build data ca…","r, ui",2026-05-28,https://www.adzuna.co.uk/jobs/details/5743599197?utm_medium=api&utm_source=90961c1a,Adzuna/IT Jobs [United Kingdom],2026-05-30T19:36:34.205513
adzuna_gb_5743599095,IBP Data Analyst (Demand Planning and Transformation team.),Frank Wills Recruitment Ltd,"Cheshire, North West England",Arun,United Kingdom,50.789249,-0.6738416,"55,457 - 55,457",55457.24,55457.24,GBP,Full-Time,"IBP Data Analyst (Demand Planning and Transformation team.) Location - Cheshire Hybrid working Model / Excellent Benefits/ Bonus European Travel (minimal) We are recruiting for an IBP Data Analyst to support the Demand Planning and Transformation team . This is a highly data and reporting focused role, requiring strong analytical intelligence and the ability to interpret complex demand planning data across large SKU portfolios supporting UK manufacturing sites and European customer portfolios. …","excel, r, ui",2026-05-28,https://www.adzuna.co.uk/jobs/details/5743599095?utm_medium=api&utm_source=90961c1a,Adzuna/IT Jobs [United Kingdom],2026-05-30T19:36:34.205908
adzuna_gb_5743598967,Graduate Data Analyst,Agility,"Birmingham, West Midlands",Birmingham,United Kingdom,52.4948994,-1.8518439,"28,000 - 32,000",28000,32000,GBP,Full-Time,"Graduate Data Analyst £28,000 - £32,000  Excellent Benefits Birmingham | Hybrid Working | Graduate Opportunity A leading PLC organisation is looking to recruit a bright, ambitious recent Graduate Data Analyst to join its growing analytics and insight team. This is an outstanding opportunity for a recent graduate with a strong numerical or analytical degree who is looking to build a long-term career within Data Analytics, The business offers excellent training, exposure to senior stakeholders, h…","excel, r, ui",2026-05-28,https://www.adzuna.co.uk/jobs/details/5743598967?utm_medium=api&utm_source=90961c1a,Adzuna/Graduate Jobs [United Kingdom],2026-05-30T19:36:36.850643
adzuna_gb_5743597513,Senior Supply and Demand Planner & Forecasting Analyst,Frank Wills Recruitment Ltd,"Cheshire, North West England",Arun,United Kingdom,50.789249,-0.6738416,"52,969 - 52,969",52968.91,52968.91,GBP,Full-Time,"Senior Supply and Demand Planner & Forecasting Analyst Location: Cheshire ( Hybrid Working) We are recruiting an experienced, highly analytical Supply & Demand Planner to join a leading FMCG business. This role is ideal for a data-driven planning professional who thrives on turning large, complex datasets into clear, actionable insight to support forecasting and operational decision-making. You will play a critical role in analysing customer and SKU-level data, identifying trends, risks, and op…","r, ui",2026-05-28,https://www.adzuna.co.uk/jobs/details/5743597513?utm_medium=api&utm_source=90961c1a,Adzuna/IT Jobs [United Kingdom],2026-05-30T19:36:39.734146
adzuna_gb_5743587577,Data Engineer,Homeserve,"Birchills, Walsall",Bloxwich,United Kingdom,52.5841365,-1.9852679,"43,108 - 43,108",43108.33,43108.33,GBP,Full-Time,"We’re looking for an experienced Data Engineer to join our growing data function and play a key role in designing, building and optimising scalable data solutions. The ideal candidate will bring strong experience working with Databricks, alongside Apache Spark and SQL, and be comfortable operating within Azure or another cloud environment. Experience with DevOps practices - such as CI/CD, infrastructure as code, or platform automation - would be a major advantage, though it’s not essential. If …","azure, r, scala, spark, sql, ui",2026-05-28,https://www.adzuna.co.uk/jobs/details/5743587577?utm_medium=api&utm_source=90961c1a,Adzuna/IT Jobs [United Kingdom],2026-05-30T19:36:39.734425
adzuna_gb_5743587486,ERP Data Migration Analyst,BAE Systems,UK,,United Kingdom,54.7023545,-3.2765753,"43,727 - 43,727",43726.6,43726.6,GBP,Full-Time,"Job Title\: ERP Data Migration Analyst Location: Warton/Samlesbury, Hybrid , 3 days per week on site Salary: £51,772 (DOE) Who we are: Join BAE Systems and you’ll be part of something bigger. As a valued member of our global colleague network, you’ll bring your unique skills and perspectives to help pioneer progress and protect what matters most. You’ll be trusted to play your part in delivering the advanced, technology-led defence, aerospace and security solutions of tomorrow, shaping a safer …","r, rust",2026-05-28,https://www.adzuna.co.uk/jobs/details/5743587486?utm_medium=api&utm_source=90961c1a,Adzuna/IT Jobs [United Kingdom],2026-05-30T19:36:41.987067
adzuna_gb_5743587176,Data Engineer,Viridien,UK,,United Kingdom,54.7023545,-3.2765753,"71,285 - 71,285",71284.67,71284.67,GBP,Full-Time,"Viridien ( www.viridiengroup.com ) is an advanced technology, digital and Earth data company that pushes the boundaries of science for a more prosperous and sustainable future. With our ingenuity, drive and deep curiosity we discover new insights, innovations, and solutions that efficiently and responsibly resolve complex natural resource, digital, energy transition and infrastructure challenges. Job Summary The Data Engineer plays an important role in the development of our software solution, …","git, r, ui",2026-05-28,https://www.adzuna.co.uk/jobs/details/5743587176?utm_medium=api&utm_source=90961c1a,Adzuna/IT Jobs [United Kingdom],2026-05-30T19:36:41.987337
adzuna_gb_5743586659,Commercial Insights Analyst - 12 month FTC,Genuit Group,UK,,United Kingdom,54.7023545,-3.2765753,"56,720 - 56,720",56720.14,56720.14,GBP,Full-Time,"Closing Date for Application: Saturday 06/06/2026 About Us Polypipe Civils and Green Urbanisation, part of the Genuit Group, are a leading manufacturer for civils and infrastructure projects, with the industry’s widest range of engineered storm water & sewer management systems, Network and Green asset Solutions. People are at the forefront of everything we do, we have a unique culture where you can be yourself, contribute your ideas to make continuous improvements and take pride in achieving re…","r, ui",2026-05-28,https://www.adzuna.co.uk/jobs/land/ad/5743586659?se=cFc70V5c8RG1g60cORqbZQ&utm_medium=api&utm_source=90961c1a&v=346D5E3B6DDE2876225956E7BD363EB7E1C740D1,Adzuna/IT Jobs [United Kingdom],2026-05-30T19:36:41.987570
adzuna_gb_5743584840,"Senior Data Engineer, Anti-Fraud Technology",The Vanguard Group,"Manchester, Greater Manchester",Manchester,United Kingdom,53.4424618,-2.2324547,"72,602 - 72,602",72601.54,72601.54,GBP,Full-Time,"This Senior Data Engineer role sits within Vanguard Europe’s Enterprise Security & Fraud (ES&F) team, building advanced, cloud‑native data pipelines and real‑time systems that protect clients from fraud and financial crime. The position combines hands‑on engineering - spanning ELT development, streaming architectures, IaC, testing, deployment, and operations - with close collaboration across product, engineering, and agile teams. It requires deep experience in Python/Java, SQL, AWS, Kafka/Flink…","agile, aws, java, kafka, python, r, sql, ui",2026-05-28,https://www.adzuna.co.uk/jobs/details/5743584840?utm_medium=api&utm_source=90961c1a,Adzuna/IT Jobs [United Kingdom],2026-05-30T19:36:41.987829
adzuna_gb_5743578695,Senior Marketing Data Analyst,Darktrace,"London, UK",Greater London,United Kingdom,51.5074456,-0.1277653,"56,595 - 56,595",56594.84,56594.84,GBP,Full-Time,"Darktrace is a global leader in AI for cybersecurity that keeps organizations ahead of the changing threat landscape every day. Founded in 2013, Darktrace provides the essential cybersecurity platform protecting nearly 10,000 organizations from unknown threats using its proprietary AI. The Darktrace Active AI Security Platform™ delivers a proactive approach to cyber resilience to secure the business across the entire digital estate – from network to cloud to email. Breakthrough innovations from…","ats, git, r",2026-05-28,https://www.adzuna.co.uk/jobs/details/5743578695?utm_medium=api&utm_source=90961c1a,"Adzuna/PR, Advertising & Marketing Jobs [United Kingdom]",2026-05-30T19:36:41.988063
adzuna_gb_5743576905,Data Analyst - Market Research Audience Measurement,Ipsos,"London, UK",Greater London,United Kingdom,51.5074456,-0.1277653,"38,653 - 38,653",38653.01,38653.01,GBP,Full-Time,"Description Data Analyst - Audience Measurement Make your mark at Ipsos Ipsos’s Audience measurement team is recruiting a Data Analyst. If you are a self-starter who loves to dive deep into data, solve complex problems, and see your analysis make a real-world impact, this is the perfect opportunity for you. You will be empowered to manage your own tasks and explore data, all while being a vital part of a collaborative and forward-thinking team. This role sits in Ipsos’s Audience Measurement tea…","r, ui",2026-05-28,https://www.adzuna.co.uk/jobs/details/5743576905?utm_medium=api&utm_source=90961c1a,Adzuna/IT Jobs [United Kingdom],2026-05-30T19:36:41.988286
adzuna_gb_5743575860,GI Europe New Business Sales Specialist - Financials,OSTTRA,"London, UK",Greater London,United Kingdom,51.5074456,-0.1277653,"50,000 - 500,000",50000,500000,GBP,Full-Time,"About the Role: Grade Level (for internal use): 10 The Team: The Global Insight (GI) business combines macro-economic, country risk, industry, supply chain and maritime data & analytics capabilities to help customers deepen investment conviction, refine asset allocations, and mitigate both financial and compliance risk. This role presents an opportunity to join the team responsible for new business sales of GI products to European financial institutions. The Financials new business team partner…",r,2026-05-28,https://www.adzuna.co.uk/jobs/details/5743575860?utm_medium=api&utm_source=90961c1a,Adzuna/Sales Jobs [United Kingdom],2026-05-30T19:36:41.988515
adzuna_gb_5743575721,Analytics Engineer,N Family Club,"Shoreditch, East London",Greater London,United Kingdom,51.5381223,-0.0597486,"70,000 - 90,000",70000,90000,GBP,Full-Time,"We’re more than just a nursery group. We’re the UK’s most innovative early-years education provider. Join N Family Club and lead the evolution of the data foundations for the UK's highest quality nursery group. You will take ownership of our emerging transformation layer (currently being established with external support), ensuring its architectural integrity as you scale it out to new domains. You will establish professional data engineering practices and enable data-driven decisions across 50…",r,2026-05-28,https://www.adzuna.co.uk/jobs/details/5743575721?utm_medium=api&utm_source=90961c1a,Adzuna/IT Jobs [United Kingdom],2026-05-30T19:36:41.988771
adzuna_gb_5743574247,Senior Customer Marketing Data Analyst,Utility Warehouse,"London, UK",Greater London,United Kingdom,51.5074456,-0.1277653,"60,599 - 60,599",60599.1,60599.1,GBP,Full-Time,"Job Description We are looking for an experienced, hands-on Senior Marketing Data Analyst who can act as a technical lead and strategic partner. We work together. Your team and the people you will work with You will be embedded within a cross-functional environment, working directly with our Customer Marketing team . Your role sits at the intersection of engineering and business strategy, acting as the bridge between technical data stacks and marketing goals. You will collaborate closely with s…","go, r",2026-05-28,https://www.adzuna.co.uk/jobs/details/5743574247?utm_medium=api&utm_source=90961c1a,Adzuna/IT Jobs [United Kingdom],2026-05-30T19:36:44.239359
adzuna_gb_5743574270,Data Analyst - Customer Operations,Utility Warehouse,"London, UK",Greater London,United Kingdom,51.5074456,-0.1277653,"40,632 - 40,632",40631.81,40631.81,GBP,Full-Time,"Job Description We put people first. It’s all about you We are looking for a Data Analyst to join our Business Intelligence team. You will work in a team alongside other analysts to develop data pipelines, transform and interrogate data, derive insights and build reports and dashboards for stakeholders, that drive strategic and operational decision-making. Reporting directly to our Business Intelligence Manager you will play a pivotal role in helping us drive our digital transformation whilst n…","git, r, ui",2026-05-28,https://www.adzuna.co.uk/jobs/details/5743574270?utm_medium=api&utm_source=90961c1a,Adzuna/IT Jobs [United Kingdom],2026-05-30T19:36:44.239636
adzuna_gb_5743567171,Supply & Demand Analyst,Frank Wills Recruitment,UK,,United Kingdom,54.7023545,-3.2765753,"46,205 - 46,205",46204.62,46204.62,GBP,Full-Time,"Supply & Demand Analyst – FMCG | Data & Forecasting Focus Cheshire ( Hybrid Working) We are recruiting an experienced, highly analytical Supply & Demand Planner to join a leading FMCG business. This role is ideal for a data-driven planning professional who thrives on turning large, complex datasets into clear, actionable insight to support forecasting and operational decision-making. You will play a critical role in analysing customer and SKU-level data, identifying trends, risks, and opportuni…","r, ui",2026-05-28,https://www.adzuna.co.uk/jobs/details/5743567171?utm_medium=api&utm_source=90961c1a,Adzuna/IT Jobs [United Kingdom],2026-05-30T19:36:44.239907
adzuna_gb_5743567018,Supply and Demand Planning Analyst,Frank Wills Recruitment,UK,,United Kingdom,54.7023545,-3.2765753,"45,801 - 45,801",45801.44,45801.44,GBP,Full-Time,"Data Analyst – Supply and Demand Planning Location: Cheshire ( Hybrid Working) We are recruiting a highly analytical Data Analyst supporting the Demand Planning & Supply Chain function, to join a leading manufacturing business. This role is ideal for a data focused analyst who may not have owned demand planning previously but has worked closely alongside Demand Planning and Supply Chain teams, providing large-scale data, insight, and analysis to support forecasting and planning decisions. The r…","r, ui",2026-05-28,https://www.adzuna.co.uk/jobs/details/5743567018?utm_medium=api&utm_source=90961c1a,Adzuna/IT Jobs [United Kingdom],2026-05-30T19:36:44.240130
adzuna_gb_5743559154,Analyst Apprentice,Anderson Recruitment Ltd,"Charlton Kings, Cheltenham",Cheltenham,United Kingdom,51.8839661,-2.0502773,"22,401 - 25,604",22401,25604,GBP,Full-Time,"Analyst Apprentice Our well established, successful, and constantly developing client are currently looking for an Apprentice Analyst to join their friendly team in Stroud on a full-time, permanent basis. This opportunity would suit an individual with both Maths and English GCSEs Grade 4 or above (essential), who is analytical, organised, and keen to develop a long-term career within commercial operations, business support, or sales analysis. You should be confident working with data, enjoy pro…","r, ui",2026-05-28,https://www.adzuna.co.uk/jobs/details/5743559154?utm_medium=api&utm_source=90961c1a,Adzuna/Admin Jobs [United Kingdom],2026-05-30T19:36:44.240362
adzuna_gb_5743557694,Data Engineer,Claranet,"Matson, Gloucester",Gloucester,United Kingdom,51.8350068,-2.2146264,"66,875 - 66,875",66875.38,66875.38,GBP,Full-Time,"The Role The Data Engineer is responsible for designing, building, and maintaining secure, scalable data solutions for financial services customers. This role focuses on delivering Azure-based data platforms that support ingestion, transformation, processing, and data quality across structured and unstructured sources. Working as part of Claranet’s Data & AI Practice, you will collaborate with customers, analysts, and platform teams to operationalise data pipelines, enable analytics and machine…","azure, r, scala, ui",2026-05-28,https://www.adzuna.co.uk/jobs/land/ad/5743557694?se=cFc70V5c8RG1g60cORqbZQ&utm_medium=api&utm_source=90961c1a&v=7E41C62F27993F80A082CF0305892909338C02A5,Adzuna/IT Jobs [United Kingdom],2026-05-30T19:36:46.492417
adzuna_gb_5743556919,Data Mapping Engineer - IBM Maximo,Tenth Revolution Group,"London, UK",Greater London,United Kingdom,51.5074456,-0.1277653,"91,000 - 91,000",91000,91000,GBP,Full-Time,"Data Mapping Engineer - IBM Maximo £350/day (Inside IR35) | UK Based | Mostly Remote (Expensed Travel) We're supporting a key client on a large-scale data migration programme and are looking for a Data Mapping Engineer to play a critical role in shaping how data is translated, transformed, and integrated across complex systems. This is a fantastic opportunity for someone who enjoys working at the intersection of data, systems, and business logic-ensuring that information flows accurately and ef…",r,2026-05-28,https://www.adzuna.co.uk/jobs/land/ad/5743556919?se=cFc70V5c8RG1g60cORqbZQ&utm_medium=api&utm_source=90961c1a&v=9D0B3C14212D16AC9D96A40DFDB628FC36AE7251,Adzuna/IT Jobs [United Kingdom],2026-05-30T19:36:48.336407
adzuna_gb_5743544656,Regulatory Reporting Analyst 1,TP ICAP Group Services Ltd,"Belfast, Northern Ireland",Belfast,United Kingdom,54.596391,-5.9301829,"61,991 - 61,991",61991.16,61991.16,GBP,Full-Time,"Group Overview The TP ICAP Group is a world leading provider of market infrastructure. Our purpose is to provide clients with access to global financial and commodities markets, improving price discovery, liquidity, and distribution of data, through responsible and innovative solutions. Through our people and technology, we connect clients to superior liquidity and data solutions. The Group is home to a stable of premium brands. Collectively, TP ICAP is the largest interdealer broker in the wor…","r, ui",2026-05-28,https://www.adzuna.co.uk/jobs/land/ad/5743544656?se=cFc70V5c8RG1g60cORqbZQ&utm_medium=api&utm_source=90961c1a&v=FB2EA574029D5E4C97C7A58EC3C0F523FD909DBB,Adzuna/Accounting & Finance Jobs [United Kingdom],2026-05-30T19:36:48.336702
adzuna_gb_5743507549,Data Analyst / Reporting Analyst - SC Cleared,SR2,"Edinburgh, Scotland",City of Edinburgh,United Kingdom,55.9533456,-3.1883749,"104,000 - 117,000",104000,117000,GBP,Full-Time,"Data / Reportong Analyst Active SC Required Edinburgh £(Apply online only) p/d We are seeking a Data / Reporting Analyst with experience in Planning & Scheduling to support a major defence maritime build programme. This role sits at the centre of the programme's data and analytics capability, providing the reporting, modelling and insight required to support operational decision-making. The successful candidate will take ownership of repeatable analytical tasks, data wrangling, dashboard develo…","r, ui",2026-05-28,https://www.adzuna.co.uk/jobs/land/ad/5743507549?se=cFc70V5c8RG1g60cORqbZQ&utm_medium=api&utm_source=90961c1a&v=3348DC780F8738837DF52CC2B5E29CFC6524DB93,Adzuna/IT Jobs [United Kingdom],2026-05-30T19:36:50.865648
adzuna_gb_5743507538,Data Analyst Apprentice,Back TO Work,"Sandwell, West Bromwich",Sandwell,United Kingdom,52.5186579,-1.9923114,"25,800 - 25,800",25800,25800,GBP,Full-Time,"A leading and worldwide recruitment agency is seeking a Data Analyst Apprentice, the employer will be supporting you all the way towards your first career within Data. KEY DUTIES * Create a suite of automated reports and dashboards by which we can effectively manage their business. * Identify KPIs within the business and ensure that they are measurable with achievable targets. * Develop an understanding of the various end users of these reports and ensure that they are suitable. * Use advanced …","r, ui",2026-05-28,https://www.adzuna.co.uk/jobs/land/ad/5743507538?se=cFc70V5c8RG1g60cORqbZQ&utm_medium=api&utm_source=90961c1a&v=2684FB5E9065EC4CB54DC03BF0A6980A6E526AFB,Adzuna/IT Jobs [United Kingdom],2026-05-30T19:36:50.865979
adzuna_gb_5743501583,Data Analyst - Finance - Aristocrat,Aristocrat,"London, UK",Greater London,United Kingdom,51.5074456,-0.1277653,"56,897 - 56,897",56896.71,56896.71,GBP,Full-Time,"The Data Analyst will be a key member of the Enterprise Finance Reporting and Insights Center of Excellence team. This role is responsible for providing excellent products and services in the form of reports, insights, and cross-collaboration across the Global Finance organization with an emphasis on Global Gaming, to build sustainable automated reports, dashboards, and visualizations used by the Finance Teams to highlight data trends, anomalies, and reduce manual tasks. We are seeking a multif…","excel, r, ui",2026-05-28,https://www.adzuna.co.uk/jobs/land/ad/5743501583?se=cFc70V5c8RG1g60cORqbZQ&utm_medium=api&utm_source=90961c1a&v=9E42A51E1E7E3F54DFBA229A83CA2533FF069E84,Adzuna/Accounting & Finance Jobs [United Kingdom],2026-05-30T19:36:53.251231
adzuna_gb_5743420578,Business Analyst (Data & BI),Whitworths Ltd,"Wellingborough, Northamptonshire",Wellingborough,United Kingdom,52.30189,-0.6937309,"36,000 - 48,000",36000,48000,GBP,Full-Time,"About The Role We’re looking for a Business Analyst (Data & BI) to join our IT team at an exciting time of business growth. This role will play a key part in developing reporting, dashboards, and business insights across the organisation, primarily using Qlik Sense and data from our ERP and operational systems. You’ll work closely with departments across the business to understand reporting requirements, improve visibility of key information, and help identify opportunities for process and oper…","r, ui",2026-05-28,https://www.adzuna.co.uk/jobs/details/5743420578?utm_medium=api&utm_source=90961c1a,Adzuna/IT Jobs [United Kingdom],2026-05-30T19:36:53.251574
adzuna_gb_5743417886,Analyst - London,Euromonitor,"London, UK",Greater London,United Kingdom,51.5074456,-0.1277653,"37,000 - 41,200",37000,41200,GBP,Full-Time,"About Euromonitor Euromonitor International leads the world in data analytics and research into markets, industries, economies and consumers. We provide truly global insight and data on thousands of products and services; we are the first destination for organisations seeking growth. With our guidance, our clients can make bold, strategic decisions with confidence. About the role The Research Analyst will play a key role in delivering high‑quality market insight that supports client decision‑ma…","r, ui",2026-05-28,https://www.adzuna.co.uk/jobs/details/5743417886?utm_medium=api&utm_source=90961c1a,Adzuna/Accounting & Finance Jobs [United Kingdom],2026-05-30T19:36:55.708958
adzuna_gb_5743405892,"Operations Analyst - Chief of Staff Office, Global Bank - Birmingham",Lancaster Associates Limited,"Birmingham, West Midlands",Birmingham,United Kingdom,52.4948994,-1.8518439,"45,000 - 45,000",45000,45000,GBP,Full-Time,"One of the World's leading Investment Banks is seeking a polished, ambitious and hard working individual to join their Data Engineering division as an Operations Analyst to support the Chief of Staff function. The Chief of Staff function operates across the EMEA region and is responsible for managing a wide range of projects for the senior leadership team including managing key programmes, overseeing the divisions communications and workforce strategies, and maintaining milestones and budgets. …","communication, leadership, r",2026-05-28,https://www.adzuna.co.uk/jobs/details/5743405892?utm_medium=api&utm_source=90961c1a,Adzuna/IT Jobs [United Kingdom],2026-05-30T19:36:55.709243
adzuna_gb_5743388048,Senior Data Analyst,Harnham - Data & Analytics Recruitment,"London, UK",Greater London,United Kingdom,51.5074456,-0.1277653,"65,000 - 75,000",65000,75000,GBP,Full-Time,"Senior Data Analyst London - hybrid 3x a week Up to £75,000 This is a high-impact analytics role for someone who wants to influence commercial decision-making at scale. You will sit close to senior leadership, working on insight-led projects that directly shape strategy across customer, marketing, and commercial performance. The role offers genuine autonomy, exposure to complex data, and the opportunity to drive meaningful business outcomes. The Company They are a fast-growing, consumer-focused…","leadership, r, ui",2026-05-28,https://www.adzuna.co.uk/jobs/land/ad/5743388048?se=cFc70V5c8RG1g60cORqbZQ&utm_medium=api&utm_source=90961c1a&v=8BE7C83067EF2C7709DCA1AA9818D0635C213A7B,"Adzuna/PR, Advertising & Marketing Jobs [United Kingdom]",2026-05-30T19:36:55.709478
adzuna_gb_5743387369,Data Analyst Trainee,ITOL Recruit,"Wolverhampton, West Midlands",Wolverhampton,United Kingdom,52.5847651,-2.127567,"30,000 - 50,000",30000,50000,GBP,Full-Time,"Are you looking to benefit from a new career in Data Analysis? If you are detail orientated, perceptive, organised, competent, analytical and can communicate well with those around you; you could have a truly rewarding future as a Data Analyst Demand for Data Analysts has grown 20% year on year with experienced analysts easily commanding salaries of £50k. All business decisions rely on data to ensure correct business decisions are made and therefore the role of the data analyst in the new digit…","data analysis, git, r",2026-05-28,https://www.adzuna.co.uk/jobs/land/ad/5743387369?se=cFc70V5c8RG1g60cORqbZQ&utm_medium=api&utm_source=90961c1a&v=EEF36A23CF3397EB0ADBF1B13E025155CF3761DD,Adzuna/IT Jobs [United Kingdom],2026-05-30T19:36:55.709755
adzuna_gb_5743384177,Data Analyst Trainee,ITOL Recruit,"Cardiff County, Wales",Encinitas,United States,33.0195217,-117.2642423,"30,000 - 50,000",30000,50000,GBP,Full-Time,"Are you looking to benefit from a new career in Data Analysis? If you are detail orientated, perceptive, organised, competent, analytical and can communicate well with those around you; you could have a truly rewarding future as a Data Analyst Please note this career program is designed for entry level individuals with limited or no experience, so please do not apply if you are already an experience Data Analyst as we will be looking primarily at entry level roles. Demand for Data Analysts has …","data analysis, r",2026-05-28,https://www.adzuna.co.uk/jobs/land/ad/5743384177?se=cFc70V5c8RG1g60cORqbZQ&utm_medium=api&utm_source=90961c1a&v=1760BA1C4619CE5ADE9F357D263A0860B3267514,Adzuna/IT Jobs [United Kingdom],2026-05-30T19:36:58.166032
adzuna_gb_5743383769,Liquidity Data Analyst (SQL),AMS Contingent,"London, UK",Greater London,United Kingdom,51.5074456,-0.1277653,"112,558 - 112,558",112557.55,112557.55,GBP,Full-Time,"AMS is a global workforce solutions partner committed to creating inclusive, dynamic, and future-ready workplaces. We help organisations adapt, grow, and thrive in an ever-evolving world by building, shaping, and optimising diverse talent strategies. Our Contingent Workforce Solutions (CWS) is one of our service offerings. Acting as an extension of their recruitment teams, we connect them with skilled interim and temporary professionals, fostering workplaces where everyone can contribute and su…","r, ui",2026-05-28,https://www.adzuna.co.uk/jobs/land/ad/5743383769?se=cFc70V5c8RG1g60cORqbZQ&utm_medium=api&utm_source=90961c1a&v=506672A04F9EAA99D3444B925627B8C7B4CC6990,Adzuna/IT Jobs [United Kingdom],2026-05-30T19:36:58.166308
adzuna_gb_5743379245,Data Science Trainee,ITOL Recruit,"Birmingham, West Midlands",Birmingham,United Kingdom,52.4948994,-1.8518439,"30,000 - 50,000",30000,50000,GBP,Full-Time,"Data Science Trainee – No Experience Needed Build a future-proof career in Data & AI – starting today. Artificial Intelligence runs on data — and businesses are crying out for professionals who can collect, analyse, and interpret it. Looking for a career change? Want something analytical, structured, and financially rewarding? Or maybe you're ready to break into tech but don’t know where to start? ITOL Recruit’s Data Analyst Career Programme is designed to take you from complete beginner to emp…","r, ui",2026-05-28,https://www.adzuna.co.uk/jobs/land/ad/5743379245?se=cFc70V5c8RG1g60cORqbZQ&utm_medium=api&utm_source=90961c1a&v=99C47810568C543FCE90FE0C51431F65D63DAA4E,Adzuna/IT Jobs [United Kingdom],2026-05-30T19:36:58.166546
adzuna_gb_5743376259,Data Analyst Trainee,ITOL Recruit,"London, UK",Greater London,United Kingdom,51.5074456,-0.1277653,"30,000 - 50,000",30000,50000,GBP,Full-Time,"Are you looking to benefit from a new career in Data Analysis? If you are detail orientated, perceptive, organised, competent, analytical and can communicate well with those around you; you could have a truly rewarding future as a Data Analyst Demand for Data Analysts has grown 20% year on year with experienced analysts easily commanding salaries of £50k. All business decisions rely on data to ensure correct business decisions are made and therefore the role of the data analyst in the new digit…","data analysis, git, r",2026-05-28,https://www.adzuna.co.uk/jobs/land/ad/5743376259?se=cFc70V5c8RG1g60cORqbZQ&utm_medium=api&utm_source=90961c1a&v=E07E4574E0484FC4A663FFED813085B331F8D5C0,Adzuna/IT Jobs [United Kingdom],2026-05-30T19:36:58.166817
adzuna_gb_5743375573,Trainee Data Analyst,ITOL Recruit,"Uxbridge, London",Greater London,United Kingdom,51.5449509,-0.4816672,"30,000 - 50,000",30000,50000,GBP,Full-Time,"Are you looking to benefit from a new career in Data Analysis? If you are detail orientated, perceptive, organised, competent, analytical and can communicate well with those around you; you could have a truly rewarding future as a Data Analyst We do this using our specialised Data Analyst career programme which looks to assist and place qualified candidates into a career pathway in Data Analysis. Please note this career program is designed for entry level individuals with limited or no experien…","data analysis, r",2026-05-28,https://www.adzuna.co.uk/jobs/land/ad/5743375573?se=cFc70V5c8RG1g60cORqbZQ&utm_medium=api&utm_source=90961c1a&v=31629D07576D711E180AB567BE4BEB355AB44A53,Adzuna/IT Jobs [United Kingdom],2026-05-30T19:36:58.167061
adzuna_us_5745737036,Principal/Sr Principal Software Engineer - Data Analyst with Security Clearance,Northrop Grumman,"San Diego, San Diego County",San Diego,United States,32.7174202,-117.162772,"272,515 - 272,515",272515.16,272515.16,USD,Full-Time,"RELOCATION ASSISTANCE: Relocation assistance may be available CLEARANCE REQUIRED FOR START: Yes CLEARANCE TYPE: Top Secret TRAVEL: Yes, 25% of the TimeDescription At Northrop Grumman, our employees have incredible opportunities to work on revolutionary systems that impact people's lives around the world today, and for generations to come. Our pioneering and inventive spirit has enabled us to be at the forefront of many technological advancements in our nation's history - from the first flight a…","r, ui",2026-05-30,https://www.adzuna.com/land/ad/5745737036?se=GtNv715c8RGbGvW-bcCcHA&utm_medium=api&utm_source=90961c1a&v=60DD0E3726AE162807776799AAFC0F9339789D5A,Adzuna/IT Jobs [United States],2026-05-30T19:37:05.461004
adzuna_us_5745737002,Software Engineer/Principal Software Engineer - Data Analyst with Security Clearance,Northrop Grumman,"City Ranch, Los Angeles County",Palmdale,United States,34.5790602,-118.1785854,"193,406 - 193,406",193405.72,193405.72,USD,Full-Time,"RELOCATION ASSISTANCE: Relocation assistance may be available CLEARANCE REQUIRED FOR START: Yes CLEARANCE TYPE: Top Secret TRAVEL: Yes, 25% of the TimeDescription At Northrop Grumman, our employees have incredible opportunities to work on revolutionary systems that impact people's lives around the world today, and for generations to come. Our pioneering and inventive spirit has enabled us to be at the forefront of many technological advancements in our nation's history - from the first flight a…","r, ui",2026-05-30,https://www.adzuna.com/land/ad/5745737002?se=GtNv715c8RGbGvW-bcCcHA&utm_medium=api&utm_source=90961c1a&v=A05B8754EFFAFFC58FD5EDBB60F5815F9B8F7843,Adzuna/IT Jobs [United States],2026-05-30T19:37:07.791406
adzuna_us_5745736501,Principal/Sr Principal Software Engineer - Data Analyst with Security Clearance,Northrop Grumman,"City Ranch, Los Angeles County",Palmdale,United States,34.5790602,-118.1785854,"277,056 - 277,056",277056.5,277056.5,USD,Full-Time,"RELOCATION ASSISTANCE: Relocation assistance may be available CLEARANCE REQUIRED FOR START: Yes CLEARANCE TYPE: Top Secret TRAVEL: Yes, 25% of the TimeDescription At Northrop Grumman, our employees have incredible opportunities to work on revolutionary systems that impact people's lives around the world today, and for generations to come. Our pioneering and inventive spirit has enabled us to be at the forefront of many technological advancements in our nation's history - from the first flight a…","r, ui",2026-05-30,https://www.adzuna.com/land/ad/5745736501?se=GtNv715c8RGbGvW-bcCcHA&utm_medium=api&utm_source=90961c1a&v=C30749D6320B604C973417A553B9520B193BDDEA,Adzuna/IT Jobs [United States],2026-05-30T19:37:10.250037
adzuna_us_5745735757,Financial Data Evaluation,E-Solutions,US,,United States,39.7837304,-100.445882,"96,665 - 96,665",96664.91,96664.91,USD,Full-Time,"Question And Answer Review Analyst - Financial Data Evaluation We are seeking a detail-oriented and analytical Question and Answer Review Analyst to support our LLM (Large Language Model) evaluation project focused on financial data extraction and reasoning. The role involves reviewing model-generated answers to financial questions, assessing their accuracy, clarity and completeness, and evaluating the fairness of automated review scores. Key Responsibilities: Review financial QA tasks where mo…",r,2026-05-30,https://www.adzuna.com/details/5745735757?utm_medium=api&utm_source=90961c1a,Adzuna/IT Jobs [United States],2026-05-30T19:37:10.250365
adzuna_us_5745735595,Reporting Data Analyst,E-Solutions,"Topeka, Shawnee County",Topeka,United States,39.049011,-95.677556,"78,148 - 78,148",78147.82,78147.82,USD,Full-Time,"Reporting Data Analyst Onsite locations: Alpharetta, GA; Charlotte, NC; Chicago, IL; Conshohocken, PA; Dallas, TX; Denver, CO; Fargo, ND; Garden City, NY; Houston, TX; Lenexa, KS; Lubbock, TX; Morristown, NJ; Mt Juliet, TN; New York, NY; Purchase, NY. Hybrid schedule of at least three in-office days per week. Candidates that are not local must relocate within a few weeks of onboarding. Remote candidates will not be considered. • 8 years as a hands-on IT reporting data analyst. • 4 years of expe…","go, onboarding, r",2026-05-30,https://www.adzuna.com/details/5745735595?utm_medium=api&utm_source=90961c1a,Adzuna/IT Jobs [United States],2026-05-30T19:37:12.502832
adzuna_us_5745734904,Cost Engineer - Data Analytics,General Motors,"Warren, Macomb County",Warren,United States,42.4932575,-83.0062746,"138,224 - 138,224",138223.73,138223.73,USD,Full-Time,"Job Description The Program and Purchase Cost Optimization (PPCO) team at General Motors is seeking a highly motivated individual for the role of Cost Engineer - Data Analytics. This individual will be technically skilled in Data Analytics, with the ability to lead initiatives that enable product and program level cost optimization through robust data engineering, exploratory data analysis (EDA), and predictive modeling. This role sits within the PPCO Systems and Data Analytics teams and focuse…","data analysis, r",2026-05-30,https://www.adzuna.com/details/5745734904?utm_medium=api&utm_source=90961c1a,Adzuna/IT Jobs [United States],2026-05-30T19:37:15.369162
adzuna_us_5745713217,Data Analyst,Wilson Elser - Business & Legal Professionals,"Chicago, Cook County",Chicago,United States,41.8755616,-87.6244212,"69,481 - 69,481",69480.59,69480.59,USD,Full-Time,"Job Description Job Description At Wilson Elser, we are redefining what it means to work at a national law firm. With more than 1,400 attorneys across 46 offices nationwide, we are recognized among the top 100 law firms by The American Lawyer and ranked 36 in the National Law Journal's survey of the nation's largest law firms. Our continued success is built on a culture of collaboration, innovation, client service, and mutual respect. We are committed to fostering an environment where employees…","r, ui",2026-05-30,https://www.adzuna.com/land/ad/5745713217?se=GtNv715c8RGbGvW-bcCcHA&utm_medium=api&utm_source=90961c1a&v=AFB100F4DB49AD3EA8F378ADD0CDC158ADC979DF,Adzuna/IT Jobs [United States],2026-05-30T19:37:18.192359
adzuna_us_5745713101,Manufacturing Planner,Lancesoft - Viren,"Owego, Tioga County",Owego,United States,42.1034528,-76.2622669,"157,456 - 157,456",157455.62,157455.62,USD,Full-Time,"Job Description Job Description This position is responsible for maintaining and updating Manufacturing Bills of Material (MBOMs) and Material Master (MM) attributes in our Product Lifecycle Management (PLM) software (PTC Windchill). It will work closely with Manufacturing Engineers, Master Data Analysts, and Component Engineers to improve the quality of manufacturing part attribute data. At it's heart, much of the role comes down to maintaining a good database of part data. Database administra…","go, r",2026-05-30,https://www.adzuna.com/land/ad/5745713101?se=GtNv715c8RGbGvW-bcCcHA&utm_medium=api&utm_source=90961c1a&v=50CCB19376007DA5B3E7C4F1978BE102177DB50F,Adzuna/IT Jobs [United States],2026-05-30T19:37:20.694558
adzuna_us_5745712879,Power BI/Data Analyst,"Beacon Hill Staffing Group, LLC","Denver, Colorado",Denver,United States,39.7392364,-104.984862,"50,811 - 50,811",50811.04,50811.04,USD,Full-Time,"Job Description Job Description Our client, an established and growing construction company in the Denver area, is seeking a strong Data Analyst/Power BI Specialist to assist them with a 1-3-month contract role. This role is ideal for someone who enjoys building clean, accurate, business‑ready Power BI reports and can collaborate and prioritize with a variety of managers. This role will work closely with the CFO and department leaders in Operations, Accounting, HR, and Project Management. Key D…","power bi, project management, r, ui",2026-05-30,https://www.adzuna.com/land/ad/5745712879?se=GtNv715c8RGbGvW-bcCcHA&utm_medium=api&utm_source=90961c1a&v=2D6C285021D8D8C9B664982ECD8571750C7F32B9,Adzuna/Admin Jobs [United States],2026-05-30T19:37:22.866829
adzuna_us_5745712649,Data Analyst,"Remex, Inc","Skillman, Somerset County",Montgomery Township,United States,40.4234145,-74.7077882,"72,894 - 72,894",72893.76,72893.76,USD,Full-Time,"Job Description Job Description Established in 1983, Remex, Inc. is a dynamic accounts receivable management company seeking a part-time Data Analyst to manage the transfer of client data files into our enterprise application software. The person selected for our data analyst position must have the requisite technical and communication skills. The position will be on-site at our Skillman, NJ office. This position will require approximately 15-20 hours per week between 8am and 5pm, and may fluct…","accounts receivable, communication, r, ui",2026-05-30,https://www.adzuna.com/land/ad/5745712649?se=GtNv715c8RGbGvW-bcCcHA&utm_medium=api&utm_source=90961c1a&v=50F9F6726A1F1162E2D8C07230049432E1F46AC2,Adzuna/IT Jobs [United States],2026-05-30T19:37:24.994594
adzuna_us_5745712642,Certified Medical Assistant (CMA),Atlas Search,"New York City, New York",New York,United States,40.7127281,-74.0060152,"70,695 - 70,695",70694.52,70694.52,USD,Full-Time,"Job Description Job Description Certified Medical Assistant (CMA) – $21/hour | Full-Time Contract | NHA Cert Required Location: All NYC Boroughs (Manhattan, Brooklyn, Queens, Bronx, Staten Island) Pay: $21/hour (based on experience) Schedule: Mon-Fri 5x8 Employment Type: Full-Time Contract Job Overview We’re seeking reliable and professional Certified Medical Assistants (CMAs) for full-time contract positions across multiple healthcare facilities in New York City. These roles offer the opportun…","r, ui",2026-05-30,https://www.adzuna.com/land/ad/5745712642?se=GtNv715c8RGbGvW-bcCcHA&utm_medium=api&utm_source=90961c1a&v=74011E16B4B840CB6B2929AB78F4F313403B3177,Adzuna/IT Jobs [United States],2026-05-30T19:37:27.282379
adzuna_us_5745711977,Junior level Business/Data Analyst,Asta CRS Inc.,"Jersey City, Hudson County",Jersey City,United States,40.7215682,-74.047455,"47,549 - 47,549",47549.36,47549.36,USD,Full-Time,"Job Description Job Description We are seeking Junior Business & Data Analyst's with 6 months to 1 year of experience to become an integral part of our team! You will analyze data to understand business and market trends in order to increase company revenue and efficiency. Multiple job openings, Nationwide . Must be willing to relocate .Candidates must be located in USA. Responsibilities: Use data to understand business patterns and trends Analyze internal and external data through quantitative…",r,2026-05-30,https://www.adzuna.com/land/ad/5745711977?se=GtNv715c8RGbGvW-bcCcHA&utm_medium=api&utm_source=90961c1a&v=4B2E0205670601E0FA84FAD252F61542BE00F5EF,Adzuna/IT Jobs [United States],2026-05-30T19:37:32.030282
adzuna_us_5745711267,"Analyst, Data Management",Financial Recovery Technologies LLC,"Medford, Middlesex County",Medford,United States,42.4184296,-71.1061639,"125,050 - 125,050",125050.4,125050.4,USD,Full-Time,"Job Description Job Description Description: Join a fast-growing company that's transforming the industry! Financial Recovery Technologies (FRT) is a technology-based services firm that helps institutional investors such as hedge funds, mutual funds, custodians, and the like identify, file claims, and collect funds made available in securities class action settlements globally, and our best-in-class people and technology have made FRT a market leader. As an Analyst on the Client Data Management…",r,2026-05-30,https://www.adzuna.com/land/ad/5745711267?se=GtNv715c8RGbGvW-bcCcHA&utm_medium=api&utm_source=90961c1a&v=C8FEE8A55B6138324731FE7F98504C7A260986DE,Adzuna/IT Jobs [United States],2026-05-30T19:37:34.620461
adzuna_us_5745711210,Data Analyst- Data Warehouse Analytics and BI,OWL Services,"Fort Worth, Tarrant County",Fort Worth,United States,32.753177,-97.3327459,"121,817 - 121,817",121816.94,121816.94,USD,Full-Time,"Job Description Job Description Who We Are OWL Services is the premier sales, installation, program management and service provider to retail, commercial, fleet, aviation and marine, and emergency power generation companies across the U.S. With 33 offices and distribution centers and more than 1,400 field service professionals, OWL delivers on a service platform that includes construction, compliance and testing, maintenance and repair, modernization and re-imaging, and EV charging solutions to…",r,2026-05-30,https://www.adzuna.com/land/ad/5745711210?se=GtNv715c8RGbGvW-bcCcHA&utm_medium=api&utm_source=90961c1a&v=233D800F0002E73D6DF94690A0093FB0333100A1,Adzuna/IT Jobs [United States],2026-05-30T19:37:36.817221
adzuna_us_5745711048,"Senior Data Analyst, Marketing Analytics",Freshworks,"San Mateo, San Mateo County",San Mateo,United States,37.5629997,-122.3253265,"123,240 - 123,240",123239.59,123239.59,USD,Full-Time,Job Description Job Description Company Description Organizations everywhere struggle under the crushing costs and complexities of “solutions” that promise to simplify their lives. To create a better experience for their customers and employees. To help them grow. Software is a choice that can make or break a business. Create better or worse experiences. Propel or throttle growth. Business software has become a blocker instead of ways to get work done. There’s another option. Freshworks. With a…,r,2026-05-30,https://www.adzuna.com/land/ad/5745711048?se=GtNv715c8RGbGvW-bcCcHA&utm_medium=api&utm_source=90961c1a&v=712A4F39FFEE37DA3B29A556CF34BFE9152EA2F0,Adzuna/IT Jobs [United States],2026-05-30T19:37:39.123706
adzuna_us_5745710890,Principal Strategy - Business Data Analyst,Addison Group,"Coppell, Dallas",Coppell,United States,32.9552598,-97.0155703,"100,605 - 100,605",100605.09,100605.09,USD,Full-Time,"Job Description Job Description -Job Title: Principal Strategy - Business Data Analyst -Salary Range: $135K-$165K; 20% Bonus and Yearly Stock Options -Location: Dallas-Fort Worth -Benefits: 401(k), Medical, Dental, Paid Maternity Leave, Paid Paternity Leave, Disability We are looking to bring on a Principal Business Data Analyst to our growing Strategy division. What we will need is someone with 7 years of Business Data experience in a 50/50 split capacity working with business stakeholders and…",r,2026-05-30,https://www.adzuna.com/land/ad/5745710890?se=GtNv715c8RGbGvW-bcCcHA&utm_medium=api&utm_source=90961c1a&v=6DFA8845C99A033A1211497FB5397F008D32E77C,Adzuna/IT Jobs [United States],2026-05-30T19:37:41.385551
adzuna_us_5745710544,Google Analytics Implemenation Specialist,"Diversified Services Network, Inc.","Chicago, Cook County",Chicago,United States,41.8755616,-87.6244212,"73,825 - 73,825",73825.13,73825.13,USD,Full-Time,"Job Description Job Description Google Analytics Implementation Specialist Google Analytics | Google Tag Manager | Digital Marketing Technology Full-Time | Hybrid (2 Days On-Site) | 10 Years Experience Diversified Services Network, Inc. (DSN) is seeking a full-time Google Analytics Implementation Specialist to join our team! We offer full benefits, PTO, 401k, and more! This is a hybrid role requiring 2 days per week on-site at the candidate’s preferred hub location: Chicago, IL | Peoria, IL | D…","git, go, r, ui",2026-05-30,https://www.adzuna.com/land/ad/5745710544?se=GtNv715c8RGbGvW-bcCcHA&utm_medium=api&utm_source=90961c1a&v=65619FB2A23DD25E2BE0AC9451F067AC654FC7C8,Adzuna/IT Jobs [United States],2026-05-30T19:37:43.631359
adzuna_us_5745710196,Data Quality Analyst - Research Focus,Mercor,"New York City, New York",New York,United States,40.7127281,-74.0060152,"101,988 - 101,988",101987.56,101987.56,USD,Full-Time,"Job Description Job Description About the job Mercor connects elite creative and technical talent with leading AI research labs. Headquartered in San Francisco, our investors include Benchmark , General Catalyst , Peter Thiel , Adam D'Angelo , Larry Summers , and Jack Dorsey . Position: ABCD - Generalists Type: Contract Compensation: $30–$60/hour Location: Remote Commitment: 10–20 hours/week Role Responsibilities Review and evaluate AI-generated outputs to improve AI model performance across va…",r,2026-05-30,https://www.adzuna.com/land/ad/5745710196?se=GtNv715c8RGbGvW-bcCcHA&utm_medium=api&utm_source=90961c1a&v=40BEB7E65FA5EEE3226C96A0DBA448BE97BF3A17,Adzuna/IT Jobs [United States],2026-05-30T19:37:43.631644
adzuna_us_5745709873,Czech Data Labeling Analyst(Speech & Voice ),Welocalize,"Seattle, King County",Seattle,United States,47.6038321,-122.330062,"71,670 - 71,670",71669.53,71669.53,USD,Full-Time,"Job Description Job Description Overview Welo Data is looking for detail-oriented and reliable individuals to join our team as Data Labeling Analysts, supporting speech and voice AI systems. This is a high-impact production role focused on building the datasets that power real-world AI systems. You’ll be working with audio, speech, and language data — helping ensure models are trained on accurate, well-structured, and representative inputs. While this role is more execution-focused than evaluat…","r, ui",2026-05-30,https://www.adzuna.com/land/ad/5745709873?se=GtNv715c8RGbGvW-bcCcHA&utm_medium=api&utm_source=90961c1a&v=70E09889793316A5D876BB5CA796AE9F11D4C441,Adzuna/IT Jobs [United States],2026-05-30T19:37:43.631927
adzuna_us_5745708927,Registered Behavior Technician RBT,TIME 2 LAUNCH INC,"Marietta, Cobb County",Marietta,United States,33.9528472,-84.5496148,"52,715 - 52,715",52714.93,52714.93,USD,Full-Time,"Job Description Job Description Benefits: 401(k) Competitive salary Health insurance Opportunity for advancement Paid time off Training & development Vision insurance Registered Behavior Technician (RBT) Marietta GA My Time 2 Launch (MT2L) is a clinician-led ABA therapy company serving families across Florida, Georgia, and Michigan. With over 20 years of clinical leadership experience and a neurodiversity-affirming approach, we deliver compassionate, evidence-based services while building a sup…","leadership, r, ui",2026-05-30,https://www.adzuna.com/land/ad/5745708927?se=GtNv715c8RGbGvW-bcCcHA&utm_medium=api&utm_source=90961c1a&v=92708BF65E22D838A9932CEE0780E886D6030DDD,Adzuna/Healthcare & Nursing Jobs [United States],2026-05-30T19:37:45.882164
adzuna_us_5745707455,Data Analyst,Wind Turbine and Energy Cables,"Hasbrouck Heights, Bergen County",Hasbrouck Heights,United States,40.8579293,-74.0816693,"102,245 - 102,245",102245.24,102245.24,USD,Full-Time,"Job Description Job Description COMPANY PROFILE: At WTEC Energy, we help bring power to millions of people and businesses across the United States. Headquartered in Hasbrouck Heights, NJ, we are a leading manufacturer servicing the energy market with locations in 4 states. WTEC Energy is a privately held company committed to providing innovative, sustainable energy products and solutions for today and tomorrow. We service and support diverse markets including: Renewables (Solar and Wind), Elect…",r,2026-05-30,https://www.adzuna.com/land/ad/5745707455?se=GtNv715c8RGbGvW-bcCcHA&utm_medium=api&utm_source=90961c1a&v=40F4D1CB1D3287C4650AD37CEA67AE6CEE2BC978,"Adzuna/Energy, Oil & Gas Jobs [United States]",2026-05-30T19:37:47.930782
adzuna_us_5745707470,Pediatric ABA Behavior Technician,VIA Centers for Neurodevelopment,"Charlottesville City, Virginia",Charlottesville,United States,38.0298985,-78.47703,"50,726 - 50,726",50725.82,50725.82,USD,Full-Time,"Job Description Job Description Description: Job Purpose The Pediatric ABA Behavior Technician, under the direct supervision of a licensed Behavior Analyst, provides 1:1 ABA services for children and adolescents with autism spectrum disorders and related developmental disabilities. The hours of direct service are provided throughout the day and technicians are expected to bill 25 to 30 hours per week. Duties and Responsibilities Specific Responsibilities: • Provide 1:1 behavior intervention ser…",r,2026-05-30,https://www.adzuna.com/land/ad/5745707470?se=GtNv715c8RGbGvW-bcCcHA&utm_medium=api&utm_source=90961c1a&v=9F02C1C4C37B652C699221ACB3A937EAECB4C94C,Adzuna/Social work Jobs [United States],2026-05-30T19:37:49.776104
adzuna_us_5745707543,Data Analyst with strong medicaid Exp,CLOUDSCOUTS SOFTWARE SOLUTIONS LLC,"Topeka, Shawnee County",Topeka,United States,39.049011,-95.677556,"51,482 - 51,482",51481.51,51481.51,USD,Full-Time,"Job Description Job Description We are seeking a highly experienced Data Analyst to join our Enterprise Data Warehouse (EDW) team. This role is responsible for analyzing healthcare-related data, developing reports, and ensuring data integrity. The ideal candidate will have a deep understanding of data analysis, SQL, and data warehousing best practices, with a focus on supporting healthcare-related data systems. Responsibilities: Analyze healthcare-related data to support business decision-makin…","data analysis, r, sql",2026-05-30,https://www.adzuna.com/land/ad/5745707543?se=GtNv715c8RGbGvW-bcCcHA&utm_medium=api&utm_source=90961c1a&v=CC5D5DB187EFDB54792CCAAC63DD8B1973CD0FEE,Adzuna/IT Jobs [United States],2026-05-30T19:37:52.029049
adzuna_us_5745706898,Application Developer/Reverse Engineer,Set of X,"Fort George G Meade, Anne Arundel County",Fort Meade,United States,39.1022704,-76.7462558,"184,772 - 184,772",184771.8,184771.8,USD,Full-Time,"Job Description Job Description WE ARE HIRING OWNERS Set of X is led by industry veterans who see government contracting as a good community with plenty of opportunity to go around. With a shared desire to give back, grow the community, and do great work, the Set of X team is building an elite group of engineers with a strong sense of shared responsibility and ownership Because who you work with matters. ________________________________________________________________________ You will act as a …","go, r, ui",2026-05-30,https://www.adzuna.com/land/ad/5745706898?se=GtNv715c8RGbGvW-bcCcHA&utm_medium=api&utm_source=90961c1a&v=C91DA787CC0470A74679B1787AD0DB046177AD96,Adzuna/Engineering Jobs [United States],2026-05-30T19:37:52.029307
adzuna_us_5745706368,Patient Eligibility Coordinator,Bakersfield American Indian Health Project,"Bakersfield, Kern County",Bakersfield,United States,35.3738712,-119.019463,"49,020 - 49,020",49020.2,49020.2,USD,Full-Time,"Job Description Job Description Hours Per Week: 40 Job Type: Full-time, Non-Exempt Summary/Objectives of Position The Patient Eligibility Coordinator (PEC) assists, greets, and directs clients and other business guests in person or by telephone in an efficient, courteous, culturally competent, and professional manner. This role is responsible for assisting in identifying the guests’ purpose for visit or call and directs them to the appropriate personnel or resource. The PEC will assist with reg…",r,2026-05-30,https://www.adzuna.com/land/ad/5745706368?se=GtNv715c8RGbGvW-bcCcHA&utm_medium=api&utm_source=90961c1a&v=52EFC0086F8B5E3FD3BB1DE22619E143A4C68023,Adzuna/Healthcare & Nursing Jobs [United States],2026-05-30T19:37:54.281512
adzuna_us_5745706298,Data Analyst,Windfall,"San Francisco, California",San Francisco,United States,37.7879363,-122.4075201,"85,627 - 85,627",85626.57,85626.57,USD,Full-Time,"Job Description Job Description At Windfall, data isn't just a resource—it’s our product. We are on a mission to democratize access to sophisticated people insights, transforming how organizations understand and engage with their audiences. By leveraging a vast and proprietary data ecosystem, we empower non-profits to exceed their fundraising goals and commercial enterprises to maximize their marketing ROI through precision and intelligence. We’re looking for a Data Analyst to help us unlock th…","go, r",2026-05-30,https://www.adzuna.com/land/ad/5745706298?se=GtNv715c8RGbGvW-bcCcHA&utm_medium=api&utm_source=90961c1a&v=B11ABA488B482322EA98E17BE42FA0BD4B38E6AD,Adzuna/IT Jobs [United States],2026-05-30T19:37:56.535544
adzuna_us_5745706013,Senior Data Engineer I,"Heartland Business Systems, LLC","Little Chute, Outagamie County",Little Chute,United States,44.2799872,-88.3184394,"94,444 - 94,444",94443.78,94443.78,USD,Full-Time,Job Description Job Description Description: Position Summary: This position would require a candidate to possess a strong technical background in developing and delivering BI solutions along with a strong understanding of SQL Server environments. Business intelligence (BI) is a set of technologies and practices for transforming business information into actionable reports and visualizations. The Senior Data Engineer transforms data into a useful format for analysis and is focused on the design…,"r, sql, ui",2026-05-30,https://www.adzuna.com/details/5745706013?utm_medium=api&utm_source=90961c1a,Adzuna/IT Jobs [United States],2026-05-30T19:37:59.223093
adzuna_us_5745705690,Power BI Data Engineer,Paradigm Max Q LLC,"Arlington, Arlington County",Arlington,United States,38.8809358,-77.1079246,"74,302 - 74,302",74302.12,74302.12,USD,Full-Time,"Job Description Job Description Position Title: Power BI Data Engineer Reports To: Data Analytics Director Location: Hybrid About Us Paradigm Max Q is redefining defense industry support. Founded in 2023, we combine elite talent with advanced analytics to deliver actionable solutions that improve readiness and reduce costs for the government and warfighter. With rapid growth and operations in 16 U.S. locations, we're driven by performance, innovation, and impact. Our mission: to deliver measura…","go, power bi, r",2026-05-30,https://www.adzuna.com/details/5745705690?utm_medium=api&utm_source=90961c1a,Adzuna/IT Jobs [United States],2026-05-30T19:38:01.244949
adzuna_us_5745704557,Sports Data Analyst,Swish Analytics,"San Francisco, California",San Francisco,United States,37.7879363,-122.4075201,"124,190 - 124,190",124190.07,124190.07,USD,Full-Time,"Job Description Job Description Company Description Swish Analytics is a sports analytics, betting and fantasy startup building the next generation of predictive sports analytics data products. We believe that oddsmaking is a challenge rooted in engineering, mathematics, and sports betting expertise; not intuition. We're looking for team-oriented individuals with an authentic passion for accurate and predictive real-time data who can execute in a fast-paced, creative, and continually-evolving e…","r, ui",2026-05-30,https://www.adzuna.com/land/ad/5745704557?se=GtNv715c8RGbGvW-bcCcHA&utm_medium=api&utm_source=90961c1a&v=6C0046E4C96B34602FF390F71EC95467AF541BBF,Adzuna/IT Jobs [United States],2026-05-30T19:38:03.702360
adzuna_us_5745704529,Senior Data Analyst,ATI,"Woburn, Middlesex County",Woburn,United States,42.4792618,-71.1522766,"135,954 - 135,954",135954.3,135954.3,USD,Full-Time,"Job Description Job Description About ATI: Automated Tire (ATI) is on a mission to reinvent tire changing and wheel balancing using cutting-edge robotics. We are transforming a process that hasn’t fundamentally changed in decades into an automated, high-performance system built for the future of automotive service. Founded by experienced entrepreneurs and backed by leading players across the automotive and tire industries, ATI is building technology that will redefine how cars are serviced. Our…","r, ui",2026-05-30,https://www.adzuna.com/land/ad/5745704529?se=GtNv715c8RGbGvW-bcCcHA&utm_medium=api&utm_source=90961c1a&v=3F9BD36714A8C8513B8C57789258F2BFB6F9A20C,Adzuna/Engineering Jobs [United States],2026-05-30T19:38:03.702630
adzuna_us_5745703994,Senior Heathcare Analytics Lead,FP&C,"Aurora, Arapahoe County",Aurora,United States,39.7064323,-104.8074258,"95,917 - 95,917",95916.88,95916.88,USD,Full-Time,"Job Description Job Description Description: The Senior Healthcare Analytics Lead is responsible for supporting analytics, reporting, and data interpretation activities for healthcare transformation, public health, and government modernization initiatives. This role supports the development of program metrics, operational reporting, performance monitoring, and analytical deliverables that inform program evaluation and decision-making. Working closely with program leadership, evaluation teams, o…","go, leadership, r",2026-05-30,https://www.adzuna.com/land/ad/5745703994?se=GtNv715c8RGbGvW-bcCcHA&utm_medium=api&utm_source=90961c1a&v=BBCEBC86EF1BCCE5B5C34E5E017B327EB8751FCB,Adzuna/IT Jobs [United States],2026-05-30T19:38:06.364266
adzuna_us_5745703509,Data Engineer,MAGNETO & DIESEL INJECTOR SERVICE INC,"Humble, Harris County",Humble,United States,29.9988312,-95.2621553,"91,203 - 91,203",91202.57,91202.57,USD,Full-Time,"Job Description Job Description About Company: For the past 80 years, M&D has led the aftermarket in remanufacturing innovation to address technological advancements and changing customer needs. In the past few decades, we have expanded beyond our remanufacturing roots to develop close (and sometimes exclusive) partnerships with the world’s leading OEMs and manufacturers. Those partnerships with key suppliers like Bosch, Garrett, Federal Mogul, Cummins, Stanadyne, Holset, BorgWarner, Delphi, Ya…",r,2026-05-30,https://www.adzuna.com/details/5745703509?utm_medium=api&utm_source=90961c1a,Adzuna/IT Jobs [United States],2026-05-30T19:38:09.014049
adzuna_us_5745702706,"CREATIVE CONTENT MANAGER - DIGITAL CARE (HYBRID-CHARLOTTE, NC)",Compass Corporate,"Charlotte, Mecklenburg County",Charlotte,United States,35.2272086,-80.8430827,"49,376 - 49,376",49376.36,49376.36,USD,Full-Time,"Job Description Job Description A family of companies and experiences As the leading foodservice and support services company, Compass Group USA is known for our great people, great service and our great results. If you’ve been hungry and away from home, chances are you’ve tasted Compass Group’s delicious food and experienced our outstanding service. We have over 284,000 US associates who work in award-winning restaurants, corporate cafes, hospitals, schools, arenas, museums, and more in all 50…",r,2026-05-30,https://www.adzuna.com/land/ad/5745702706?se=GtNv715c8RGbGvW-bcCcHA&utm_medium=api&utm_source=90961c1a&v=15F46FC38232EB1CD8A227FD4206DA49230E0777,Adzuna/IT Jobs [United States],2026-05-30T19:38:10.868513
adzuna_us_5745702088,Project Perseus \u007C Speech & Voice AI Analyst - Spanish Speakers,Welo Data,"Seattle, King County",Seattle,United States,47.6038321,-122.330062,"79,833 - 79,833",79832.61,79832.61,USD,Full-Time,"Job Description Job Description Overview Welo Data is looking for detail-oriented and reliable individuals to join our team as Data Labeling Analysts, supporting speech and voice AI systems. This is a high-impact production role focused on building the datasets that power real-world AI systems. You’ll be working with audio, speech, and language data — helping ensure models are trained on accurate, well-structured, and representative inputs. While this role is more execution-focused than evaluat…","r, ui",2026-05-30,https://www.adzuna.com/details/5745702088?utm_medium=api&utm_source=90961c1a,Adzuna/IT Jobs [United States],2026-05-30T19:38:13.123312
adzuna_us_5745701312,Junior Data Analyst,Catch Health,"Fort Lauderdale, Broward County",Fort Lauderdale,United States,26.1223084,-80.1433786,"56,686 - 56,686",56686.4,56686.4,USD,Full-Time,"Job Description Job Description Description: Health Insurance Experts that guide you from enrollment to peace of mind! At Catch Health, we’re more than an insurance organization; we’re a team of dedicated, compassionate professionals united by a mission to improve lives and elevate the customer experience. When you join us, you become part of a forward-thinking, customer-focused culture that invests in your growth, supports your well-being, and empowers you to make a meaningful impact on people…","r, ui",2026-05-30,https://www.adzuna.com/land/ad/5745701312?se=GtNv715c8RGbGvW-bcCcHA&utm_medium=api&utm_source=90961c1a&v=592C33889DE6D295DC2E872512EEC60590CF26F3,Adzuna/Accounting & Finance Jobs [United States],2026-05-30T19:38:13.123582
adzuna_us_5745701039,HRIS Analyst,Addison Group,"Tulsa, Tulsa County",Sperry,United States,36.2910269,-96.0014815,"72,903 - 72,903",72903,72903,USD,Full-Time,"Job Description Job Description Job Title: HRIS Analyst Location: Tulsa, OK Work Schedule: Hybrid Schedule, Mandatory in office days Weds/Thurs, third day in office flexible. Type of Employment: 6 month Contract Compensation: $41-47/hr Industry: Oil & Gas Benefits: Full Package Position Summary Addison Group is hiring on behalf of our client for an HRIS Analyst to support HR data integrity, reporting, system optimization, and workforce insights. This role partners closely with HR and IT teams t…","hris, r",2026-05-30,https://www.adzuna.com/land/ad/5745701039?se=GtNv715c8RGbGvW-bcCcHA&utm_medium=api&utm_source=90961c1a&v=18FE5CE436422EB239B3C8105B03676B92321154,Adzuna/HR & Recruitment Jobs [United States],2026-05-30T19:38:14.968647
adzuna_us_5745700592,Power BI Data Analyst,"Worth & Company, Inc.","Pipersville, Bucks County",Bedminster Township,United States,40.4260533,-75.1390969,"98,521 - 98,521",98520.9,98520.9,USD,Full-Time,"Job Description Job Description Salary: $60,000-$70,000 per year Job Title:Power BI Data Analyst Description: Worth & Company was founded in 1983, and our guiding principle of standing together strong as an extraordinary team hasestablishedus as one of the most esteemed full service mechanical contractors in the Mid-Atlantic region. We are the preferred contractor for industrial construction across nine states. With a workforce of over 600 employees,cutting-edgetechnology, excellent safety reco…","excel, power bi, r, ui",2026-05-30,https://www.adzuna.com/land/ad/5745700592?se=GtNv715c8RGbGvW-bcCcHA&utm_medium=api&utm_source=90961c1a&v=135FB53F13F68A21DECCC021F95E4A740C0724BB,Adzuna/IT Jobs [United States],2026-05-30T19:38:17.628550
adzuna_us_5745700349,Project Perseus \u007C Speech & Voice AI Analyst - Greek Speakers,Welo Data,"Redmond, King County",Redmond,United States,47.6694141,-122.1238767,"78,825 - 78,825",78825.36,78825.36,USD,Full-Time,"Job Description Job Description Overview Welo Data is looking for detail-oriented and reliable individuals to join our team as Data Labeling Analysts, supporting speech and voice AI systems. This is a high-impact production role focused on building the datasets that power real-world AI systems. You’ll be working with audio, speech, and language data — helping ensure models are trained on accurate, well-structured, and representative inputs. While this role is more execution-focused than evaluat…","r, ui",2026-05-30,https://www.adzuna.com/details/5745700349?utm_medium=api&utm_source=90961c1a,Adzuna/IT Jobs [United States],2026-05-30T19:38:20.086415
adzuna_us_5745699850,Senior Data Analyst,"Lynch Consultants, LLC","Camp Springs, Prince George's County",Camp Springs,United States,38.8020807,-76.9241908,"178,402 - 178,402",178401.7,178401.7,USD,Full-Time,"Job Description Job Description Lynch Consultants is seeking a Senior Data Analyst to support the Department of the Air Force (DAF) in the National Capital Region on a Financial Improvement and Audit Remediation (FIAR) effort focused on financial data automation , advanced analytics , and AI-enabled mission support. This position will play a senior role in building and operationalizing an integrated financial automation capability that connects Financial Management (FM) data sources, automates …","r, ui",2026-05-30,https://www.adzuna.com/land/ad/5745699850?se=GtNv715c8RGbGvW-bcCcHA&utm_medium=api&utm_source=90961c1a&v=9A787B1314EB430C248C8F10FCD2B006DD607B1E,Adzuna/IT Jobs [United States],2026-05-30T19:38:22.135031
adzuna_us_5745699456,Data & Reporting Analyst,EPIC Health System LLC,"Southfield, Oakland County",Southfield,United States,42.4733689,-83.2218731,"80,969 - 80,969",80968.77,80968.77,USD,Full-Time,"Job Description Job Description Job Title: Data & Reporting Analyst Location : Southfield, MI (Fully in-person) Job type : Full Time Role Summary The Data & Reporting Analyst is responsible for transforming complex operational, clinical, and financial data into clear, actionable insights that drive decision-making. This role requires deep expertise in Excel and experience working with healthcare reporting systems, with Athena reporting experience preferred. The analyst serves as a trusted partn…","excel, r, rust, ui",2026-05-30,https://www.adzuna.com/land/ad/5745699456?se=GtNv715c8RGbGvW-bcCcHA&utm_medium=api&utm_source=90961c1a&v=82C45A88DABD3431B4F00F9CCD65DB11765C87E8,Adzuna/IT Jobs [United States],2026-05-30T19:38:25.209367
adzuna_us_5745699397,"Data Analyst and SETA Technical Support SME - Undersea Warfare (USW), Top Secret",Blue Sky Innovators,"Chantilly, Fairfax County",Chantilly,United States,38.885219,-77.4486772,"105,517 - 105,517",105516.61,105516.61,USD,Full-Time,"Job Description Job Description At a minimum, this position requires: • Active Top Secret Clearance • Bachelor's degree from a fully credited college or university • Ten (10) years of operational fleet experience qualified in an Undersea Warfare (USW) specialty area (Submarines, NSW, Intelligence, EOD/Diving or Engineering Duty), or experience supporting Flag/General Officer-level staffs responsible for operations, acquisitions or resource programs' management, to support a broad understanding …","r, ui",2026-05-30,https://www.adzuna.com/land/ad/5745699397?se=GtNv715c8RGbGvW-bcCcHA&utm_medium=api&utm_source=90961c1a&v=6D128EAFB820FE5DE03DB3A4684DFB893ED326E8,Adzuna/Engineering Jobs [United States],2026-05-30T19:38:27.378031
adzuna_us_5745699152,Information Security Analyst (FISMA/NIST),"ProSidian Consulting, LLC","Alexandria, Alexandria City",الإسكندرية,مصر,31.1991806,29.8951716,"73,840 - 73,840",73839.5,73839.5,USD,Full-Time,Job Description Job Description:\n\nCompany Description ProSidian is a Management And Operations Consulting Services firm that focuses on providing value to clients through tailored solutions based on industry-leading practices. ProSidian provides enterprise services/solutions for Risk Management | Compliance | Business Process | IT Effectiveness | Engineering | Environmental | Sustainability | Human Capital. We help forward-thinking clients solve problems and improve operations. Launched by Ma…,"r, risk management",2026-05-30,https://www.adzuna.com/land/ad/5745699152?se=GtNv715c8RGbGvW-bcCcHA&utm_medium=api&utm_source=90961c1a&v=2930CC90BA7CB31A066AFF675F738EDADAA70927,Adzuna/IT Jobs [United States],2026-05-30T19:38:30.738688
adzuna_us_5745699117,Energy Manager,Jupiter Power,"Houston, Harris County",Houston,United States,29.7589382,-95.3676974,"97,317 - 97,317",97317.12,97317.12,USD,Full-Time,"Job Description Job Description Salary: Jupiter Power is an energy infrastructure company focused on the development, construction, trading and operation of battery energy storage assets across U.S. power markets. Formed in 2017, the company is a national leader in energy storage deployment, utilizing its proprietary optimization applications daily to dispatch its fleet and support its offtake customers. Backed by BlackRocks Diversified Infrastructure business, Jupiter Power has a strategic por…",r,2026-05-30,https://www.adzuna.com/details/5745699117?utm_medium=api&utm_source=90961c1a,"Adzuna/Energy, Oil & Gas Jobs [United States]",2026-05-30T19:38:32.786095
adzuna_us_5745698222,Project Perseus \u007C Speech & Voice AI Analyst - Hungarian Speakers,Welo Data,"Seattle, King County",Seattle,United States,47.6038321,-122.330062,"86,433 - 86,433",86433.06,86433.06,USD,Full-Time,"Job Description Job Description Overview Welo Data is looking for detail-oriented and reliable individuals to join our team as Data Labeling Analysts, supporting speech and voice AI systems. This is a high-impact production role focused on building the datasets that power real-world AI systems. You’ll be working with audio, speech, and language data — helping ensure models are trained on accurate, well-structured, and representative inputs. While this role is more execution-focused than evaluat…","r, ui",2026-05-30,https://www.adzuna.com/details/5745698222?utm_medium=api&utm_source=90961c1a,Adzuna/IT Jobs [United States],2026-05-30T19:38:34.831586
adzuna_us_5745697887,"Project Perseus \u007C Data Quality Analyst - English Speakers (UK, Canadian and/ or Australian vari",Welo Data,"Boston, Suffolk County",Boston,United States,42.3588336,-71.0578303,"141,337 - 141,337",141337.34,141337.34,USD,Full-Time,"Job Description Job Description Welo Data is looking for experienced, detail-oriented professionals to join our team as Data Quality Analysts. This role sits at the center of execution and quality — bridging Data Labeling Associates (DLAs) and Team Leads to ensure work is not only completed, but done right. You'll work closely with both people and AI systems — auditing outputs, supporting day-to-day execution, and helping teams apply guidelines correctly in fast-moving, real-world scenarios. Th…","r, ui",2026-05-30,https://www.adzuna.com/details/5745697887?utm_medium=api&utm_source=90961c1a,Adzuna/IT Jobs [United States],2026-05-30T19:38:34.831875
adzuna_us_5745697603,Data Analyst Sr,Storage Strategies Inc,"Norfolk, Norfolk City",Norwich,United Kingdom,52.5984644,1.2796717,"76,488 - 76,488",76488.45,76488.45,USD,Full-Time,"Job Description Job Description Description: SSI is seeking a Data Analyst Sr to work onsite at a Navy program in Norfolk, VA DUTIES AND RESPONSIBILITIES: Retrieve, organize and/or analyze data to support life-cycle maintenance and modernization efforts from various Government databases Support development, validation, refinement and/or cost benefit analyses of existing or proposed maintenance and modernization requirements to include assisting in Reliability Centered Maintenance related tasks …","go, r, ui",2026-05-30,https://www.adzuna.com/land/ad/5745697603?se=GtNv715c8RGbGvW-bcCcHA&utm_medium=api&utm_source=90961c1a&v=C90197347B68DADBA20195D17B347405B15F301C,Adzuna/Engineering Jobs [United States],2026-05-30T19:38:36.842502
adzuna_us_5745697513,Operations Research Analyst / Data Scientist,Apogee Integration LLC,"Chantilly, Fairfax County",Chantilly,United States,38.885219,-77.4486772,"83,246 - 83,246",83245.54,83245.54,USD,Full-Time,"Job Description Job Description Salary: Security Clearance: DHS Suitability Required Willing/Able to pass a TS/SCI w/Poly investigation is required Position Apogee'sideal Operations Research Analyst will work independently and as part of a small dynamic team of operations research analysts, data scientists, and software developers to help Apogee & our Department of Homeland Security (DHS) client build analytical systems and conduct analyses that delivers data-driven insights to enable reduction…","r, ui",2026-05-30,https://www.adzuna.com/land/ad/5745697513?se=GtNv715c8RGbGvW-bcCcHA&utm_medium=api&utm_source=90961c1a&v=1531991F22858B9AB34B4771829C37E95D058BF9,Adzuna/IT Jobs [United States],2026-05-30T19:38:40.945517
adzuna_us_5745696692,"Data Engineer (AWS, Azure, GCP)",CapTech Consulting,"Philadelphia, Philadelphia County",Philadelphia,United States,39.9527237,-75.1635262,"140,269 - 140,269",140268.89,140268.89,USD,Full-Time,"Job Description Job Description Company Description CapTech is an award-winning consulting firm that collaborates with clients to achieve what’s possible through the power of technology. At CapTech, we’re passionate about the work we do and the results we achieve for our clients. From the outset, our founders shared a collective passion to create a consultancy centered on strong relationships that would stand the test of time. Today we work alongside clients that include Fortune 100 companies, …",r,2026-05-30,https://www.adzuna.com/details/5745696692?utm_medium=api&utm_source=90961c1a,Adzuna/IT Jobs [United States],2026-05-30T19:38:40.945811
adzuna_us_5745696256,"Software Engineer, Analytics Platform",Zoox,"Foster City, San Mateo County",Foster City,United States,37.5600336,-122.2688522,"172,794 - 172,794",172793.84,172793.84,USD,Full-Time,"Job Description Job Description Zoox is transforming transportation with a mission to build autonomous robotaxis from the ground up—delivering a safer, cleaner, more reliable, and enjoyable future for all. The Analytics Platform, established in late 2024 as part of the Data Infrastructure team, has been redefining the data analysis and metrics infrastructure to enable machine learning, data science, engineering, and safety analysis using modern big data technologies. The team has been developin…","data analysis, machine learning, r, ui",2026-05-30,https://www.adzuna.com/details/5745696256?utm_medium=api&utm_source=90961c1a,Adzuna/Engineering Jobs [United States],2026-05-30T19:38:43.140471
adzuna_us_5745695952,Data Flow Engineer,Pointer Technologies,"Annapolis Junction, Anne Arundel County",Glen Burnie,United States,39.1189965,-76.7963417,"131,187 - 131,187",131187.12,131187.12,USD,Full-Time,"Job Description Job Description Pointer Technologies is seeking a talented Data Flow and ETL Engineer to design, implement, and maintain robust data pipelines and ETL processes. You will play a critical role in transforming raw data into actionable insights by ensuring data quality, integrity, and accessibility. The ideal candidate has a strong background in data engineering, a passion for optimization, and a commitment to delivering scalable and reliable data solutions. This person is diligent…","r, scala",2026-05-30,https://www.adzuna.com/details/5745695952?utm_medium=api&utm_source=90961c1a,Adzuna/IT Jobs [United States],2026-05-30T19:38:45.276368
adzuna_us_5745695468,Data Engineer (Python/PySpark/Apache Spark),Infinitive Inc,"Ashburn, Loudoun County",Ashburn,United States,39.029784,-77.4744148,"151,187 - 151,187",151187.1,151187.1,USD,Full-Time,"Job Description Job Description About Infinitive Infinitive is a data and AI consultancy that enables its clients to modernize, monetize and operationalize their data to create lasting and substantial value. We possess deep industry and technology expertise to drive and sustain adoption of new capabilities. We match our people and personalities to our clients' culture while bringing the right mix of talent and skills to enable high return on investment. Infinitive has been named “Best Small Fir…",r,2026-05-30,https://www.adzuna.com/details/5745695468?utm_medium=api&utm_source=90961c1a,Adzuna/IT Jobs [United States],2026-05-30T19:38:51.346532
adzuna_us_5745694497,Data Engineer,Forhyre,"Plano, Collin County",Plano,United States,33.0136764,-96.6925096,"131,003 - 131,003",131002.84,131002.84,USD,Full-Time,"Job Description Job Description We are looking for a passionate certified Data Engineer. The successful candidate will turn data into information, information into insight and insight into business decisions. Data analyst responsibilities include conducting full lifecycle analysis to include requirements, activities and design. Data analysts will develop analysis and reporting capabilities. They will also monitor performance and quality control plans to identify improvements. Primary skillset: …","r, ui",2026-05-30,https://www.adzuna.com/details/5745694497?utm_medium=api&utm_source=90961c1a,Adzuna/IT Jobs [United States],2026-05-30T19:38:53.478089
adzuna_us_5745694218,IT Data Engineering JG3,United Global Technologies,"Houston, Harris County",Houston,United States,29.7589382,-95.3676974,"95,675 - 95,675",95674.87,95674.87,USD,Full-Time,"Job Description Job Description We're hiring an AI Engineer with a strong data engineering foundation and excellent communication skills—ideally with commodity or financial trading experience. You'll partner with traders and trading analysts to rapidly build AI powered analytics over market pricing and fundamentals data, using Databricks and Spark to deliver value at speed. What you'll do · Design and ship AI driven analytics for front office use (seasonality, correlation, regression, forecasti…","communication, excel, r, spark, ui",2026-05-30,https://www.adzuna.com/details/5745694218?utm_medium=api&utm_source=90961c1a,Adzuna/IT Jobs [United States],2026-05-30T19:38:55.722874
adzuna_us_5745694154,Analytics Software Engineer (Core Platform Developer) - AGS 0527 SS,NavitasPartners,"Rochester, Monroe County",City of Rochester,United States,43.157285,-77.615214,"132,104 - 132,104",132103.73,132103.73,USD,Full-Time,"Job Description Job Description Job Title: Analytics Software Engineer (Core Platform Developer) Location: Multiple locations across United States Employment Type: Full-Time Note: We are looking for candidates who are eligible for Top Secret Clearance. Role Overview We are seeking a skilled Analytics Software Engineer to develop and enhance advanced analytics applications within a mission-critical data platform environment. This role focuses on building scalable analytics solutions, data pipeli…","r, scala, ui",2026-05-30,https://www.adzuna.com/details/5745694154?utm_medium=api&utm_source=90961c1a,Adzuna/IT Jobs [United States],2026-05-30T19:38:55.723157
adzuna_us_5745694030,Data Engineer II,Whoop,"Boston, Suffolk County",Boston,United States,42.3588336,-71.0578303,"102,226 - 102,226",102226.04,102226.04,USD,Full-Time,"Job Description Job Description RESPONSIBILITIES: Design, build, and operate scalable ELT pipelines using Python and PySpark, with a focus on reliability, performance, and maintainability Own and improve batch and streaming data systems using Spark and Kafka, including monitoring and resolving production data issues Develop and optimize Snowflake data models and DBT transformations to support analytics, experimentation, and trusted metrics Partner with data scientists, analysts, and product tea…","dbt, kafka, python, r, rust, scala, snowflake, spark, ui",2026-05-30,https://www.adzuna.com/details/5745694030?utm_medium=api&utm_source=90961c1a,Adzuna/IT Jobs [United States],2026-05-30T19:38:58.680572
adzuna_us_5745694055,Data Engineer III,eSimplicity,"Columbia, Howard County",Columbia,United States,39.1938429,-76.8646092,"111,347 - 111,347",111346.51,111346.51,USD,Full-Time,"Job Description Job Description Description: About Us: eSimplicity is a modern digital services company that partners with government agencies to improve the lives and protect the well-being of all Americans, from veterans and service members to children, families, and seniors. Our engineers, designers, and strategists cut through complexity to create intuitive products and services that equip federal agencies with solutions to courageously transform today for a better tomorrow. Responsibilitie…","git, go, r, ui",2026-05-30,https://www.adzuna.com/details/5745694055?utm_medium=api&utm_source=90961c1a,Adzuna/IT Jobs [United States],2026-05-30T19:38:58.680869
adzuna_us_5745694006,Project Perseus \u007C Speech & Voice AI Analyst- Swedish Speakers,Welo Data,"Los Angeles, Los Angeles County",Los Angeles,United States,34.0536909,-118.242766,"74,720 - 74,720",74719.59,74719.59,USD,Full-Time,"Job Description Job Description Overview Welo Data is looking for detail-oriented and reliable individuals to join our team as Data Labeling Analysts, supporting speech and voice AI systems. This is a high-impact production role focused on building the datasets that power real-world AI systems. You’ll be working with audio, speech, and language data — helping ensure models are trained on accurate, well-structured, and representative inputs. While this role is more execution-focused than evaluat…","r, ui",2026-05-30,https://www.adzuna.com/details/5745694006?utm_medium=api&utm_source=90961c1a,Adzuna/IT Jobs [United States],2026-05-30T19:39:03.094339
adzuna_us_5745693922,Data Engineer,Together For Talent,"New York City, New York",New York,United States,40.7127281,-74.0060152,"166,831 - 166,831",166830.97,166830.97,USD,Full-Time,"Job Description Job Description Data Engineer | Early Hire Location: New York, NY (Hybrid) Salary: $150-300k Headquartered in New York, we are a booming healthtech software start-up building an AInative physical care platform, starting with home health, to remove the massive administrative waste that drags down US healthcare. Our AI automates backoffice work, letting us serve patients who currently go untreated while operating with meaningfully higher margins than traditional providers. We’ve b…","go, r, ui",2026-05-30,https://www.adzuna.com/details/5745693922?utm_medium=api&utm_source=90961c1a,Adzuna/IT Jobs [United States],2026-05-30T19:39:05.312159
adzuna_us_5745693861,Data Engineer / ETL Engineer - AGS 0527 SS,NavitasPartners,"Phoenix, Maricopa County",Phoenix,United States,33.4484367,-112.074141,"97,916 - 97,916",97915.9,97915.9,USD,Full-Time,"Job Description Job Description Job Title: Data Engineer / ETL Engineer Location: Multiple locations across United States Job Type: Full-Time / Contract Note: We are looking for candidates who are eligible for Top Secret Clearance Position Overview We are seeking a skilled Data Engineer / ETL Engineer to design and build robust data pipelines supporting large-scale, data-intensive environments. This role focuses on ingesting, transforming, and managing diverse datasets including telemetry, sens…","r, ui",2026-05-30,https://www.adzuna.com/details/5745693861?utm_medium=api&utm_source=90961c1a,Adzuna/IT Jobs [United States],2026-05-30T19:39:05.312461
adzuna_us_5745693322,"Data Engineer (AWS, Azure, GCP)",CapTech Consulting,"Richmond, Richmond County",New York,United States,40.5739937,-74.1304203,"125,056 - 125,056",125056.24,125056.24,USD,Full-Time,"Job Description Job Description Company Description CapTech is an award-winning consulting firm that collaborates with clients to achieve what’s possible through the power of technology. At CapTech, we’re passionate about the work we do and the results we achieve for our clients. From the outset, our founders shared a collective passion to create a consultancy centered on strong relationships that would stand the test of time. Today we work alongside clients that include Fortune 100 companies, …",r,2026-05-30,https://www.adzuna.com/details/5745693322?utm_medium=api&utm_source=90961c1a,Adzuna/IT Jobs [United States],2026-05-30T19:39:07.395618
adzuna_us_5745693180,Project Perseus \u007C Data Quality Team Lead (Human-in-the-Loop AI),Welo Data,"Boston, Suffolk County",Boston,United States,42.3588336,-71.0578303,"107,214 - 107,214",107214.04,107214.04,USD,Full-Time,"Job Description Job Description Overview Welo Data is looking for a Data Quality Lead to oversee teams of Data Quality Analysts supporting AI model evaluation and improvement. This role is equal parts people leadership, quality ownership, and operational thinking . You’ll be responsible for guiding teams through fast-changing work, ensuring high-quality output, and acting as a bridge between analysts and stakeholders. This is not just about managing throughput — it’s about shaping how quality i…","leadership, r, ui",2026-05-30,https://www.adzuna.com/details/5745693180?utm_medium=api&utm_source=90961c1a,Adzuna/IT Jobs [United States],2026-05-30T19:39:10.781835
adzuna_us_5745692871,Project Perseus \u007C Speech & Voice AI Analyst - Danish Speakers,Welo Data,"Boston, Suffolk County",Boston,United States,42.3588336,-71.0578303,"79,589 - 79,589",79588.74,79588.74,USD,Full-Time,"Job Description Job Description Overview Welo Data is looking for detail-oriented and reliable individuals to join our team as Data Labeling Analysts, supporting speech and voice AI systems. This is a high-impact production role focused on building the datasets that power real-world AI systems. You’ll be working with audio, speech, and language data — helping ensure models are trained on accurate, well-structured, and representative inputs. While this role is more execution-focused than evaluat…","r, ui",2026-05-30,https://www.adzuna.com/details/5745692871?utm_medium=api&utm_source=90961c1a,Adzuna/IT Jobs [United States],2026-05-30T19:39:10.782157
adzuna_us_5745691291,Project Perseus \u007C Speech & Voice AI Analyst - French Speakers,Welo Data,"Boston, Suffolk County",Boston,United States,42.3588336,-71.0578303,"68,780 - 68,780",68779.92,68779.92,USD,Full-Time,"Job Description Job Description Overview Welo Data is looking for detail-oriented and reliable individuals to join our team as Data Labeling Analysts, supporting speech and voice AI systems. This is a high-impact production role focused on building the datasets that power real-world AI systems. You’ll be working with audio, speech, and language data — helping ensure models are trained on accurate, well-structured, and representative inputs. While this role is more execution-focused than evaluat…","r, ui",2026-05-30,https://www.adzuna.com/details/5745691291?utm_medium=api&utm_source=90961c1a,Adzuna/IT Jobs [United States],2026-05-30T19:39:10.782387
adzuna_us_5745690319,Project Perseus \u007C Speech & Voice AI Analyst - Finnish Speakers,Welo Data,"Redmond, King County",Redmond,United States,47.6694141,-122.1238767,"79,437 - 79,437",79436.62,79436.62,USD,Full-Time,"Job Description Job Description Overview Welo Data is looking for detail-oriented and reliable individuals to join our team as Data Labeling Analysts, supporting speech and voice AI systems. This is a high-impact production role focused on building the datasets that power real-world AI systems. You’ll be working with audio, speech, and language data — helping ensure models are trained on accurate, well-structured, and representative inputs. While this role is more execution-focused than evaluat…","r, ui",2026-05-30,https://www.adzuna.com/details/5745690319?utm_medium=api&utm_source=90961c1a,Adzuna/IT Jobs [United States],2026-05-30T19:39:10.782586
adzuna_us_5745690405,Senior Data Engineer / Data Integration Specialist,"ASSYST, Inc.","Austin, Travis County",Austin,United States,30.2711286,-97.7436995,"102,028 - 102,028",102027.55,102027.55,USD,Full-Time,"Job Description Job Description ASSYST is seeking a highly skilled and experienced Senior Data Engineer / Data Integration Specialist to join our client's Agile development team in Austin, Texas (Hybrid Role). The Data Engineer will support the Performance Management & Analytics System (PMAS)and will play a critical role in the Design, Development, and Implementation (DD&I) of the data integration hub. This includes automating data acquisition, building complex data pipelines, optimizing SQL mo…","agile, r, sql, ui",2026-05-30,https://www.adzuna.com/details/5745690405?utm_medium=api&utm_source=90961c1a,Adzuna/IT Jobs [United States],2026-05-30T19:39:10.782840
adzuna_us_5745689728,"Senior Data Engineer (AWS, Azure, GCP)",CapTech Consulting,"Philadelphia, Philadelphia County",Philadelphia,United States,39.9527237,-75.1635262,"161,709 - 161,709",161708.61,161708.61,USD,Full-Time,"Job Description Job Description Company Description CapTech is an award-winning consulting firm that collaborates with clients to achieve what’s possible through the power of technology. At CapTech, we’re passionate about the work we do and the results we achieve for our clients. From the outset, our founders shared a collective passion to create a consultancy centered on strong relationships that would stand the test of time. Today we work alongside clients that include Fortune 100 companies, …",r,2026-05-30,https://www.adzuna.com/details/5745689728?utm_medium=api&utm_source=90961c1a,Adzuna/IT Jobs [United States],2026-05-30T19:39:13.147627
adzuna_us_5745689669,Sr. Data Engineer / Data Visualization Analyst,OST INC,"Orlando, Orange County",Orlando,United States,28.5421218,-81.379045,"69,498 - 69,498",69498.02,69498.02,USD,Full-Time,"Job Description Job Description Optimal Solutions & Technologies (OST, Inc.) is focused on excellence. We specialize in providing Management Consulting, Information Technology, and Research Development and Engineering services. The fundamental distinction of the OST team is its business knowledge in both the public and private sectors. We serve the aerospace & transportation, association & nonprofit, defense, education, energy, financial, healthcare, and technology & telecommunications industri…","communication, excel, r",2026-05-30,https://www.adzuna.com/details/5745689669?utm_medium=api&utm_source=90961c1a,Adzuna/IT Jobs [United States],2026-05-30T19:39:13.147973
adzuna_us_5745689576,Senior Scientific Data Engineer,TetraScience,"Cambridge, Middlesex County",Cambridge,United States,42.3656347,-71.1040018,"117,306 - 117,306",117305.6,117305.6,USD,Full-Time,"Job Description Job Description About TetraScience TetraScience is the Scientific Data and AI Company building Tetra OS, the operating system for scientific intelligence. We help the world’s leading life sciences firms turn fragmented scientific data into AI-native assets and scientific workflows that accelerate discovery, development, and manufacturing. TetraScience’s growing ecosystem of strategic partners includes NVIDIA, Databricks, Thermo Fisher Scientific, Snowflake, Google, and Microsoft…","go, r, snowflake, ui",2026-05-30,https://www.adzuna.com/details/5745689576?utm_medium=api&utm_source=90961c1a,Adzuna/IT Jobs [United States],2026-05-30T19:39:16.816012
adzuna_us_5745682143,Behavior Technician (RBT),Achieving Stars Therapy,"New Boston, Hillsborough County",New Boston,United States,42.9762688,-71.6928736,"45,760 - 54,080",45760,54080,USD,Full-Time,"Achieving Stars Therapy - Behavior Technician (RBT) Job Overview Achieving Stars Therapy is seeking a dedicated Behavior Technician to join our team. As a Behavior Technician, you will play a crucial role in providing support and assistance to individuals with developmental disabilities, particularly autism, by providing in-home and community based ABA services. This position offers an opportunity to make a meaningful impact on the lives of those you work with. Responsibilities - Implement beha…",r,2026-05-30,https://www.adzuna.com/details/5745682143?utm_medium=api&utm_source=90961c1a,Adzuna/Healthcare & Nursing Jobs [United States],2026-05-30T19:39:19.683151
adzuna_us_5745669733,MSAT Scientist III (277167),ASK Consulting,"Portsmouth, Rockingham County",Portsmouth,United States,43.0751306,-70.7601826,"59,177 - 59,177",59176.64,59176.64,USD,Full-Time,"Job Description Job Description ""All candidates must be directly contracted by ASK Consulting on their payroll and cannot be subcontracted. We are unable to provide sponsorship at this moment"". Job Title: MSAT Scientist III Location: Portsmouth , NH (100% Onsite) Duration: 12 Months PR: $24-$28/hr on W2 AI On-Site 100% - Shift work: Sunday through Thursday required Job Description : Process Data Collection Specialist to support critical manufacturing data collection activities at our Portsmouth…","r, ui",2026-05-30,https://www.adzuna.com/land/ad/5745669733?se=vlb0Ll9c8RGUJNJexxfy6Q&utm_medium=api&utm_source=90961c1a&v=74D4F59672C7C9F216431E8CE4EE4CF66786F07B,Adzuna/Scientific & QA Jobs [United States],2026-05-30T19:39:22.138590
adzuna_us_5745668431,Junior Data Engineer [TMC-013-002],TMCI,"Mc Lean, Fairfax County",,,,,"92,647 - 92,647",92647.46,92647.46,USD,Full-Time,"Job Description Job Description TMCI is seeking a Junior Data Engineer to join our team, playing a role in designing, developing, and maintaining data pipelines, databases, and analytics solutions that support data-driven, decision-making and patient care improvements in the healthcare industry. Understanding of modern data warehousing concepts like data lakes and data lakehouses is preferred. The ideal candidate will be familiar with data modeling techniques such as Data Vault and Star Schema,…",r,2026-05-30,https://www.adzuna.com/land/ad/5745668431?se=vlb0Ll9c8RGUJNJexxfy6Q&utm_medium=api&utm_source=90961c1a&v=CC209AB7F95A80B8AA0FD5468202DE030BE1FB2F,Adzuna/IT Jobs [United States],2026-05-30T19:39:23.984387
adzuna_us_5745631931,Mid Level Data Analyst,HAYS,"Glendale, Denver",Glendale,United States,39.710063,-104.9359413,"75,205 - 75,205",75205.07,75205.07,USD,Full-Time,"Mid-Level Data Analyst - Contract - Greenwood Village, CO - $60.00 - $68.00/hr. The final salary or hourly wage, as applicable, paid to each candidate/applicant for this position is ultimately dependent on a variety of factors, including, but not limited to, the candidate's/applicant's qualifications, skills, and level of experience as well as the geographical location of the position. Applicants must be legally authorized to work in the United States. Sponsorship not available. Our client is s…",r,2026-05-30,https://www.adzuna.com/land/ad/5745631931?se=vlb0Ll9c8RGUJNJexxfy6Q&utm_medium=api&utm_source=90961c1a&v=00D913F5DBAF00EBCBEEA6E0BC923C8AAD1B2268,Adzuna/IT Jobs [United States],2026-05-30T19:39:25.736644
adzuna_us_5745631932,Sr Data Analyst,HAYS,"Glendale, Denver",Glendale,United States,39.710063,-104.9359413,"96,143 - 96,143",96142.71,96142.71,USD,Full-Time,"Sr Data Analyst - Contract - Greenwood Village, CO - $70.00 - $80.00/hr. The final salary or hourly wage, as applicable, paid to each candidate/applicant for this position is ultimately dependent on a variety of factors, including, but not limited to, the candidate's/applicant's qualifications, skills, and level of experience as well as the geographical location of the position. Applicants must be legally authorized to work in the United States. Sponsorship not available. Our client is seeking …",r,2026-05-30,https://www.adzuna.com/land/ad/5745631932?se=vlb0Ll9c8RGUJNJexxfy6Q&utm_medium=api&utm_source=90961c1a&v=9F4512329D5A36BDA3DB2872EE14EC8D9FFD412F,Adzuna/IT Jobs [United States],2026-05-30T19:39:27.875282
adzuna_us_5745628233,Data Analyst,TEKsystems c/o Allegis Group,"Mount Rainier, Prince George's County",Mount Rainier,United States,38.9364848,-76.9596981,"74,794 - 74,794",74794.23,74794.23,USD,Full-Time,"Description Responsible for working collaboratively with managers/senior managers on data analysis and projects, overseeing tasks delegated by managers, coordinating with appropriate employees, and ensuring that projects are progressing on time. Researches and analyzes data and produces reports and dashboards, communicates trends in the marketplace, and success of the Credit Union's existing efforts. Able to serve as a full backup for the Senior eCommerce Specialist. Complies with all Credit Un…","data analysis, r",2026-05-30,https://www.adzuna.com/land/ad/5745628233?se=vlb0Ll9c8RGUJNJexxfy6Q&utm_medium=api&utm_source=90961c1a&v=1BBB48E3B205F134DA1007B064C80502262FA10B,Adzuna/IT Jobs [United States],2026-05-30T19:39:27.875563
adzuna_us_5745624546,Sr. Data Analyst,TEKsystems c/o Allegis Group,"Schiller Park, Cook County",Schiller Park,United States,41.9558637,-87.8708965,"126,871 - 126,871",126870.62,126870.62,USD,Full-Time,"Description Collect, clean, and analyze technology data from various sources to identify trends, patterns, and anomalies. Supports the development and distribution of daily, monthly, and quarterly reports to monitor the Bank's technology metrics portfolio Develop and maintain automated processes for data extraction and transformation to streamline data workflows. Create and maintain comprehensive reports and dashboards to visualize key performance indicators (KPIs), key risk indicators (KRIs) a…",r,2026-05-30,https://www.adzuna.com/land/ad/5745624546?se=vlb0Ll9c8RGUJNJexxfy6Q&utm_medium=api&utm_source=90961c1a&v=10923137B0F28F65F5CDE3A9363DA3E3A495F681,Adzuna/IT Jobs [United States],2026-05-30T19:39:30.743935
adzuna_us_5745624548,Procurement Analyst,TEKsystems c/o Allegis Group,"Phoenix, Maricopa County",Phoenix,United States,33.4484367,-112.074141,"146,916 - 146,916",146915.73,146915.73,USD,Full-Time,"Description Role Overview Leads complex IT procurement and contract negotiations across software, SaaS, and enterprise system implementations supporting large-scale government operations. Owns cradle-to-grave acquisition lifecycle, ensuring compliance, cost optimization, and alignment with security and regulatory requirements. Acts as a strategic partner to stakeholders and vendors, balancing operational needs with legal, financial, and procurement constraints. Core Responsibilities Negotiate h…","go, negotiation, r, ui",2026-05-30,https://www.adzuna.com/land/ad/5745624548?se=vlb0Ll9c8RGUJNJexxfy6Q&utm_medium=api&utm_source=90961c1a&v=F5DC9A75F993BDC5C3B42E86FE962115E36E2014,Adzuna/IT Jobs [United States],2026-05-30T19:39:34.836268
adzuna_us_5745624529,Analyst - Master Data,Energy Transfer,"Trammells, Harris County",,,,,"86,852 - 86,852",86851.82,86851.82,USD,Full-Time,"Energy Transfer, recognized by Forbes as one of America's best large employers, is dedicated to responsibly and safely delivering America's energy. We are driven to inspire our employees to create superior value for our customers, our investors, a sustainable future and giving back to the community where we have long-standing commitments to causes including MD Anderson Children's Cancer Hospital, The Salvation Army, The American Red Cross, Ronald McDonald House and many more. We value all of ou…",r,2026-05-30,https://www.adzuna.com/land/ad/5745624529?se=vlb0Ll9c8RGUJNJexxfy6Q&utm_medium=api&utm_source=90961c1a&v=51F1022BF87B0188FB3D9BD34D76132C92DEAE42,Adzuna/IT Jobs [United States],2026-05-30T19:39:34.836569
adzuna_us_5745522573,Data Quality Analyst Lead,Xceedance,"Boston, Thomas County",Boston,United States,30.7918613,-83.7898868,"87,042 - 87,042",87041.79,87041.79,USD,Full-Time,"Job Description Who We Are Xceedance provides strategic operations support, technology, and data services to drive efficiencies for insurance organizations worldwide. We collaborate with insurers, reinsurers, MGAs, brokers, and captives to launch products, implement intelligent technology, deploy advanced analytics, and achieve business process optimization. We are committed to adding direct value in the business of insurance and help our clients to embrace change, accelerate innovation, and ac…",r,2026-05-30,https://www.adzuna.com/land/ad/5745522573?se=vlb0Ll9c8RGUJNJexxfy6Q&utm_medium=api&utm_source=90961c1a&v=2F58C83830B1C8445F936AC6D9A0447F888F10C9,Adzuna/IT Jobs [United States],2026-05-30T19:39:35.582839
adzuna_us_5745521169,Senior Civil Engineering Project Manager,Alta Planning + Design,"Wilsonville, Shelby County",Wilsonville,United States,33.234281,-86.4835916,"111,353 - 111,353",111352.56,111352.56,USD,Full-Time,"Job Description Description Alta is looking for a Senior Civil Engineering Project Manager to join our team at our headquarters in Portland . This is a fantastic opportunity for someone who believes in the importance of active, multimodal, and sustainable transportation. In this role, you will work on the design of a variety of sustainable transportation projects and work on projects focused on making a positive impact on communities around the Pacific Northwest and across the country. Engineer…",r,2026-05-30,https://www.adzuna.com/land/ad/5745521169?se=vlb0Ll9c8RGUJNJexxfy6Q&utm_medium=api&utm_source=90961c1a&v=DE850BCDB27E597D4E44B787811AFAE2340A1A83,Adzuna/Engineering Jobs [United States],2026-05-30T19:39:37.910360
adzuna_us_5745520679,Junior Data Engineer,Apex Systems,"Pimmit, Fairfax County",Pimmit Hills,United States,38.912889,-77.2008141,"71,685 - 71,685",71685.19,71685.19,USD,Full-Time,"Job: 3035213 Job Description: Apex Systems is looking for a junior Data Engineer to support our client! Please note minimum requirements below. Applicants selected will be subject to a security investigation and may need to meet eligibility requirements for access to classified information; minimum of a Secret clearance is required. Overview Ever-expanding technology like IoT, machine learning, and artificial intelligence means that there's more structured and unstructured data available today …","machine learning, r, ui",2026-05-30,https://www.adzuna.com/land/ad/5745520679?se=vlb0Ll9c8RGUJNJexxfy6Q&utm_medium=api&utm_source=90961c1a&v=7F198D8C13C7C99888EE8B5A89AF957D88D4AAE3,Adzuna/IT Jobs [United States],2026-05-30T19:39:41.389726
adzuna_us_5745516373,Transportation Engineer Project Manager,Alta Planning + Design,"Irondale, Jefferson County",Irondale,United States,33.5381601,-86.7072102,"87,963 - 87,963",87963.48,87963.48,USD,Full-Time,"Job Description Description Alta is looking for a Transportation Engineer Project Manager to join our growing design team in the Atlanta office. This mid-career role is a fantastic opportunity for someone passionate about sustainable transportation and eager to advance their career. In this position, you will work on a wide variety of projects focused on transforming communities through multimodal transportation solutions, including complete street reconfigurations, bikeway designs, complex tra…",r,2026-05-30,https://www.adzuna.com/land/ad/5745516373?se=vlb0Ll9c8RGUJNJexxfy6Q&utm_medium=api&utm_source=90961c1a&v=D2A41A6ADE3320938872D0E8A45BA920A943C95D,Adzuna/Trade & Construction Jobs [United States],2026-05-30T19:39:43.643564
adzuna_us_5745516030,Senior Data Engineer,Apex Systems,"Pimmit, Fairfax County",Pimmit Hills,United States,38.912889,-77.2008141,"91,875 - 91,875",91875.02,91875.02,USD,Full-Time,"Job: 3035215 Job Description: Apex Systems is looking for multiple cleared Senior Data Engineers to support our client. Applicants selected will be subject to a security investigation and may need to meet eligibility requirements for access to classified information; minimum of a Secret clearance is required. Overview Ever-expanding technology like IoT, machine learning, and artificial intelligence means that there's more structured and unstructured data available today than ever before. As a d…","machine learning, r, ui",2026-05-30,https://www.adzuna.com/land/ad/5745516030?se=vlb0Ll9c8RGUJNJexxfy6Q&utm_medium=api&utm_source=90961c1a&v=4329A2A4B36B868775602FDEB0CDD7095AB7827D,Adzuna/IT Jobs [United States],2026-05-30T19:39:45.896455
adzuna_us_5745514868,Spectrum Data Analyst - Journeyman,Apex Systems,"Trade, Alexandria City",,,,,"104,039 - 104,039",104039.16,104039.16,USD,Full-Time,"Job: 3034061 Job Description: Spectrum Data Analyst - Journeyman Location: Alexandria, Virginia (Onsite) Role Overview This position supports a Pentagon-level task force focused on understanding and countering adversarial drone threats. As a Spectrum Data Analyst, you will be responsible for analyzing complex data sets, developing strategic insights, and creating reports to inform policy and doctrine. The role is analyst-heavy and requires individuals who can operate effectively in a dynamic, s…","ats, go, r, ui",2026-05-30,https://www.adzuna.com/land/ad/5745514868?se=vlb0Ll9c8RGUJNJexxfy6Q&utm_medium=api&utm_source=90961c1a&v=6318A35DBD12E12DECBB941F3FCDFA6F7DEF706A,Adzuna/IT Jobs [United States],2026-05-30T19:39:45.896651
adzuna_us_5745513422,Sr. Data Analyst,TEKsystems,"Chicago, Cook County",Chicago,United States,41.8755616,-87.6244212,"97,394 - 97,394",97393.99,97393.99,USD,Full-Time,"Job Description Description • Collect, clean, and analyze technology data from various sources to identify trends, patterns, and anomalies. • Supports the development and distribution of daily, monthly, and quarterly reports to monitor the Bank’s technology metrics portfolio • Develop and maintain automated processes for data extraction and transformation to streamline data workflows. • Create and maintain comprehensive reports and dashboards to visualize key performance indicators (KPIs), key …",r,2026-05-30,https://www.adzuna.com/land/ad/5745513422?se=vlb0Ll9c8RGUJNJexxfy6Q&utm_medium=api&utm_source=90961c1a&v=318705676BDFF44ED5B0F58CEC15F6F963626421,Adzuna/IT Jobs [United States],2026-05-30T19:39:46.841894
adzuna_us_5745512676,Data Analyst - NC,Apex Systems,"Charlotte, Mecklenburg County",Charlotte,United States,35.2272086,-80.8430827,"55,487 - 55,487",55486.65,55486.65,USD,Full-Time,"Job: 3036350 Job Description: Client: Financial Services Team: TBA Job Title: Analytics Consultant 3 / Data Analyst Location: Charlotte, NC - Hybrid (3 days onsite) Contract Length: 12 months (potential to extend to 24 months) Pay Rate: $46 - $49 Top Requirements: 4 years of data analytics experience with strong SQL (MSSQL) skills Experience with data analysis, cleansing, validation, and transformation (Alteryx, SSMS) Strong experience with data documentation, data mapping, and requirements gat…","data analysis, r, sql, ui",2026-05-30,https://www.adzuna.com/land/ad/5745512676?se=vlb0Ll9c8RGUJNJexxfy6Q&utm_medium=api&utm_source=90961c1a&v=B8418B648E80B0726E32499A1B724591BB664386,Adzuna/IT Jobs [United States],2026-05-30T19:39:46.842026
adzuna_us_5745505788,Cybersecurity Data & AI Governance Specialist | Cybersecurity Data & AI Governance Specialist,Canadian Centre on Substance Abuse Careers,US,,United States,39.7837304,-100.445882,"57,600 - 64,800",57600,64800,USD,Full-Time,"Position Profile: Cybersecurity, Data and Artificial Intelligence (AI) Governance Specialist Reports to: Director, Information Systems & Web Services Reason for Vacancy: New Position About the Canadian Centre on Substance Use and Addiction The Canadian Centre on Substance Use and Addiction (CCSA) changes lives by bringing people and knowledge together to reduce the harms of alcohol and other drugs on society. We partner with organizations and diverse communities to improve the wellness of peopl…","go, r",2026-05-30,https://www.adzuna.com/land/ad/5745505788?se=vlb0Ll9c8RGUJNJexxfy6Q&utm_medium=api&utm_source=90961c1a&v=C1C5390B83E00C6F89D5D8086A9556DA5C648E08,Adzuna/IT Jobs [United States],2026-05-30T19:39:46.842140
adzuna_us_5745490313,ETL/Informatica Developer /Admin,Futran Tech Solutions Pvt. Ltd.,"Topeka, Shawnee County",Topeka,United States,39.049011,-95.677556,"61,310 - 61,310",61310.04,61310.04,USD,Full-Time,"Senior ETL Developer - SR-373504 The intent is to staff this role as soon as possible so please be sure to only submit candidates that would be available to start shortly after being selected. For this role, the preference is for the candidate to work in an SI office on a hybrid schedule. Role Details: Location: Onshore, In-Office Required: Alpharetta, GA; Boston, MA; Charlotte, NC; Chicago, IL; Colorado Springs, CO; Conshohocken, PA; Dallas, TX; Florham Park, NJ; Jacksonville, IL; Lenexa, KS; …","go, r, ui",2026-05-30,https://www.adzuna.com/details/5745490313?utm_medium=api&utm_source=90961c1a,Adzuna/IT Jobs [United States],2026-05-30T19:39:46.842247
adzuna_us_5745489763,"Senior Cost Analyst, SourceBlue",Turner Construction,"East Case, Baltimore",,,,,"168,024 - 168,024",168024.34,168024.34,USD,Full-Time,"Division: SourceBlue Project Location(s): Saddle Brook, NJ 07663 USA Minimum Years Experience: Travel Involved: Job Type: Regular Job Classification: Experienced Education: Job Family: SourceBlue Compensation: Salaried Exempt SourceBlue is a subsidiary of Turner Construction Company that has been purchasing materials and equipment for major construction projects since 2001. With a staff of 350 dedicated professionals and ~$1B in equipment and materials procured annually, we provide Clients with…","r, ui",2026-05-30,https://www.adzuna.com/details/5745489763?utm_medium=api&utm_source=90961c1a,Adzuna/Accounting & Finance Jobs [United States],2026-05-30T19:39:46.842352
adzuna_us_5745489416,Practice Leader – Building Structures,KCI Technologies,"Chelsea and Clinton, Manhattan",,,,,"165,000 - 225,000",165000,225000,USD,Full-Time,"Join us as we Rise to the Challenge At KCI, we’re building an enduring community that provides unparalleled value to our employee-owners. We make our mark designing and delivering our world-class solutions, so we invest deeply in supporting and developing our team. We reward integrity and commitment, and when we do well, you do well. Our employees have the freedom to innovate, unlimited growth, a voice that matters, a lifestyle that works, and skin in the game. Achievements are shared and celeb…","r, ui",2026-05-30,https://www.adzuna.com/details/5745489416?utm_medium=api&utm_source=90961c1a,Adzuna/Consultancy Jobs [United States],2026-05-30T19:39:48.483392
adzuna_us_5745488452,Clinical Business Data Analyst I,Sarasota Memorial Health Care System,"Lakewood Ranch, Manatee County",Manatee County,United States,27.4091912,-82.3925244,"105,935 - 105,935",105934.55,105934.55,USD,Full-Time,"Responsible for writing, teaching and consulting on report design and production. Researches, interprets and analyzes and summarizes data using clinical systems or other future databases and/or electronic health record systems. Provides support to systems analyst and systems engineer teams. Participates in upgrades and maintenance of systems used for generating reports. Generates and edits routine daily, weekly, monthly and special request ad-hoc reports. These include but are not limited to re…",r,2026-05-30,https://www.adzuna.com/details/5745488452?utm_medium=api&utm_source=90961c1a,Adzuna/IT Jobs [United States],2026-05-30T19:39:49.708705
adzuna_us_5745488170,Project Perseus | Speech & Voice AI Analyst - Russian Speakers,Welo Global,"Los Angeles, Los Angeles County",Los Angeles,United States,34.0536909,-118.242766,"54,080 - 58,240",54080,58240,USD,Full-Time,"Overview Welo Data is looking for detail-oriented and reliable individuals to join our team as Data Labeling Analysts, supporting speech and voice AI systems. This is a high-impact production role focused on building the datasets that power real-world AI systems. You’ll be working with audio, speech, and language data — helping ensure models are trained on accurate, well-structured, and representative inputs. While this role is more execution-focused than evaluation-heavy roles, it still requir…","r, ui",2026-05-30,https://www.adzuna.com/details/5745488170?utm_medium=api&utm_source=90961c1a,Adzuna/IT Jobs [United States],2026-05-30T19:39:51.603978
adzuna_us_5745486326,"Professional, Data Engineer",MVP Service,"Schenectady, Schenectady County",City of Schenectady,United States,42.8142432,-73.9395687,"93,667 - 124,576",93667,124576,USD,Full-Time,"Join Us in Shaping the Future of Health Care What’s in it for you: Growth opportunities to uplevel your career A people-centric culture embracing and celebrating diverse perspectives, backgrounds, and experiences within our team Competitive compensation and comprehensive benefits focused on well-being An opportunity to shape the future of health care by joining a team recognized as a Best Place to Work For in the NY Capital District , one of the Best Companies to Work For in New York , and an I…",r,2026-05-30,https://www.adzuna.com/details/5745486326?utm_medium=api&utm_source=90961c1a,Adzuna/IT Jobs [United States],2026-05-30T19:39:51.604365
adzuna_us_5745483784,Head of Data Science - Fraud Insights,Socure,"Carson City, Nevada",Carson City,United States,39.1663259,-119.7670374,"250,000 - 300,000",250000,300000,USD,Full-Time,"Why Socure? Socure is building the identity trust infrastructure for the digital economy — verifying 100% of good identities in real time and stopping fraud before it starts. The mission is big, the problems are complex, and the impact is felt by businesses, governments, and millions of people every day. We hire people who want that level of responsibility. People who move fast, think critically, act like owners, and care deeply about solving customer problems with precision. If you want predic…","git, go, r, rust, ui",2026-05-30,https://www.adzuna.com/details/5745483784?utm_medium=api&utm_source=90961c1a,Adzuna/Scientific & QA Jobs [United States],2026-05-30T19:39:53.713872
adzuna_us_5745483766,Science Adjunct Faculty,National Louis University,"K-Town, Chicago",Chicago,United States,41.8531026,-87.7300928,"70,012 - 70,012",70011.58,70011.58,USD,Full-Time,National Louis University’s Undergraduate College (UGC) is currently seeking Science Adjunct Instructors to join our distinguished team of dedicated instructors for our upcoming 2026 Terms. Adjunct faculty will be teaching undergraduate courses like: Physical Science Biology Anatomy & Physiology I and 2 Environmental Biology Availability: Potentially starting as soon as Summer 2026 and onward This position requires on-site teaching at the Chicago campus for daytime (between 9am and 4pm) courses…,"go, r, ui",2026-05-30,https://www.adzuna.com/details/5745483766?utm_medium=api&utm_source=90961c1a,Adzuna/Teaching Jobs [United States],2026-05-30T19:39:55.932554
adzuna_us_5745483575,Data Analyst (U.S.),apexanalytix,"Greensboro, Guilford County",Greensboro,United States,36.0726355,-79.7919754,"60,070 - 60,070",60070.43,60070.43,USD,Full-Time,Quick Take The Data Analyst is responsible for acquiring and processing the data needed for our AP audits. This includes attending and/or leading meetings to discuss the data requirements and following up with the client until we have what is required. Managing the data process from the first meeting until the data is processed and ready for audit and answering any questions the audit team may have as the audit progresses. This role can be done remotely from the U.S. (EST). First week onsite tr…,"r, ui",2026-05-30,https://www.adzuna.com/details/5745483575?utm_medium=api&utm_source=90961c1a,Adzuna/Accounting & Finance Jobs [United States],2026-05-30T19:39:58.389497
adzuna_us_5745483125,Data Engineer,Booz Allen Hamilton,"Arlington, Arlington County",Arlington,United States,38.8809358,-77.1079246,"62,000 - 141,000",62000,141000,USD,Full-Time,"Data Engineer The Opportunity: Ever-expanding technology like IoT, machine learning, and artifi cia l intelligence means that there’s more structured and unstructured data available today than ever before. As a data engineer, you know that organizing data can yield pivotal insights when it’s gathered from disparate sources. We need an experience d data engineer like you to help our clients find answers in their data to impact important missions from fraud detection to cancer research, to nation…","machine learning, r",2026-05-30,https://www.adzuna.com/land/ad/5745483125?se=vlb0Ll9c8RGUJNJexxfy6Q&utm_medium=api&utm_source=90961c1a&v=46941CE9B9830F85540F2761AF0F466282A8272E,Adzuna/IT Jobs [United States],2026-05-30T19:40:00.883480
adzuna_us_5745466702,Metadata Manager,Covestro,"Chicago, Cook County",Chicago,United States,41.8755616,-87.6244212,"89,474 - 89,474",89473.88,89473.88,USD,Full-Time,"Covetrus is a global animal-health technology and services leader dedicated to empowering veterinary practice partners to drive improved health and financial outcomes. We bring together products, services, and technology into a single platform that connects our customers to the solutions and insights they need to work best. Our passion for the well-being of animals and those who care for them drives us to advance the world of veterinary medicine. The Metadata Manager plays a critical role in en…",r,2026-05-30,https://www.adzuna.com/details/5745466702?utm_medium=api&utm_source=90961c1a,Adzuna/IT Jobs [United States],2026-05-30T19:40:00.883771
adzuna_us_5745466554,Senior Data Analyst,"RealPage, Inc.","Murphy, Collin County",Murphy,United States,33.0151208,-96.6130478,"85,200 - 145,200",85200,145200,USD,Full-Time,"We are seeking a Senior Data Analyst to play a critical role in strengthening the organization's analytics foundation through business intelligence and data analytics delivery, supported by data discovery and centralization. This role is accountable for producing high-quality, scalable analytics and dashboards that support decision-making, while also improving clarity and consistency across distributed data systems. The individual in this role serves as a trusted owner of analytical integrity, …","r, rust, scala",2026-05-30,https://www.adzuna.com/details/5745466554?utm_medium=api&utm_source=90961c1a,Adzuna/IT Jobs [United States],2026-05-30T19:40:00.884012
adzuna_us_5745466445,"Behavior Technician, Willing to Train",Proud Moments ABA,"East Vineland, Cumberland County",Buena Vista Township,United States,39.4809825,-74.9160936,"43,716 - 43,716",43715.8,43715.8,USD,Part-Time,"Proud Moments ABA is a national behavioral health organization, providing the gold standard of Applied Behavior Analysis (ABA) services for children on the autism spectrum from birth to age 21. We are looking for Behavior Technicians (BT's) to join our growing team. Our BT's are an essential part of the treatment team- providing 1-1 specialized treatment in partnership with our Board Certified Behavior Analysts to our clients in a center-based setting. If you are looking for a career that allow…","go, r",2026-05-30,https://www.adzuna.com/details/5745466445?utm_medium=api&utm_source=90961c1a,Adzuna/Social work Jobs [United States],2026-05-30T19:40:03.305716
adzuna_us_5745466449,Behavioral Technician - Willing to Train,Proud Moments ABA,"Monroe, Middlesex County",Monroe Township,United States,40.335756,-74.4334464,"50,980 - 50,980",50980.24,50980.24,USD,Part-Time,"Proud Moments ABA is a national behavioral health organization, providing the gold standard of Applied Behavior Analysis (ABA) services for children on the autism spectrum from birth to age 21. We are looking for Behavior Technicians (BT's) to join our growing team. Our BT's are an essential part of the treatment team- providing 1-1 specialized treatment in partnership with our Board Certified Behavior Analysts to our clients in a home-based setting. If you are looking for a career that allows …","go, r",2026-05-30,https://www.adzuna.com/details/5745466449?utm_medium=api&utm_source=90961c1a,Adzuna/Social work Jobs [United States],2026-05-30T19:40:05.556978
adzuna_us_5745466456,Registered Behavior Technician,Proud Moments ABA,"East Vineland, Cumberland County",Buena Vista Township,United States,39.4809825,-74.9160936,"68,240 - 68,240",68239.66,68239.66,USD,Part-Time,"Proud Moments ABA is a national behavioral health organization, providing the gold standard of Applied Behavior Analysis (ABA) services for children on the autism spectrum from birth to age 21. We are looking for Behavior Technicians (BT's) to join our growing team. Our BT's are an essential part of the treatment team- providing 1-1 specialized treatment in partnership with our Board Certified Behavior Analysts to our clients in a center-based setting. If you are looking for a career that allow…","go, r",2026-05-30,https://www.adzuna.com/details/5745466456?utm_medium=api&utm_source=90961c1a,Adzuna/Healthcare & Nursing Jobs [United States],2026-05-30T19:40:12.244938
adzuna_us_5745466458,"Behavior Technician, Willing to Train",Proud Moments ABA,"Burlington City, Burlington County",Burlington,United States,40.0705534,-74.8514487,"41,363 - 41,363",41362.93,41362.93,USD,Part-Time,"Proud Moments ABA is a national behavioral health organization, providing the gold standard of Applied Behavior Analysis (ABA) services for children on the autism spectrum from birth to age 21. We are looking for Behavior Technicians (BT's) to join our growing team. Our BT's are an essential part of the treatment team- providing 1-1 specialized treatment in partnership with our Board Certified Behavior Analysts to our clients in a center-based setting. If you are looking for a career that allow…","go, r",2026-05-30,https://www.adzuna.com/details/5745466458?utm_medium=api&utm_source=90961c1a,Adzuna/Social work Jobs [United States],2026-05-30T19:40:12.245285
adzuna_us_5745466451,Behavioral Technician - Willing to Train,Proud Moments ABA,"Monmouth Junction, Middlesex County",South Brunswick,United States,40.3840222,-74.533084,"36,081 - 36,081",36081.45,36081.45,USD,Part-Time,"Proud Moments ABA is a national behavioral health organization, providing the gold standard of Applied Behavior Analysis (ABA) services for children on the autism spectrum from birth to age 21. We are looking for Behavior Technicians (BT's) to join our growing team. Our BT's are an essential part of the treatment team- providing 1-1 specialized treatment in partnership with our Board Certified Behavior Analysts to our clients in a home-based setting. If you are looking for a career that allows …","go, r",2026-05-30,https://www.adzuna.com/details/5745466451?utm_medium=api&utm_source=90961c1a,Adzuna/Social work Jobs [United States],2026-05-30T19:40:14.775999
adzuna_us_5745466453,"Behavior Technician, Willing to train",Proud Moments ABA,"Le Roy, Genesee County",Village of LeRoy,United States,42.9612435,-77.9810266,"43,178 - 43,178",43177.54,43177.54,USD,Part-Time,"Home Setting: Monday-Friday 4pm-7pm Proud Moments ABA is a national behavioral health organization, providing the gold standard of Applied Behavior Analysis (ABA) services for children on the autism spectrum from birth to age 21. We are looking for Behavior Technicians (BT's) to join our growing team. Our BT's are an essential part of the treatment team- providing 1-1 specialized treatment in partnership with our Board Certified Behavior Analysts to our clients in a home-based setting. If you a…","go, r",2026-05-30,https://www.adzuna.com/details/5745466453?utm_medium=api&utm_source=90961c1a,Adzuna/Social work Jobs [United States],2026-05-30T19:40:16.617629
adzuna_us_5745466444,"Behavior Technician, willing to train",Proud Moments ABA,"Menlo Park, Middlesex County",Edison,United States,40.5562081,-74.3436087,"55,729 - 55,729",55728.85,55728.85,USD,Part-Time,"Proud Moments ABA is a national behavioral health organization, providing the gold standard of Applied Behavior Analysis (ABA) services for children on the autism spectrum from birth to age 21. We are looking for Behavior Technicians (BT's) to join our growing team. Our BT's are an essential part of the treatment team- providing 1-1 specialized treatment in partnership with our Board Certified Behavior Analysts to our clients in a home-based setting. If you are looking for a career that allows …","go, r",2026-05-30,https://www.adzuna.com/details/5745466444?utm_medium=api&utm_source=90961c1a,Adzuna/Social work Jobs [United States],2026-05-30T19:40:19.280602
adzuna_us_5745466448,Behavior Technician,Proud Moments ABA,"Pimmit, Fairfax County",Pimmit Hills,United States,38.912889,-77.2008141,"45,741 - 45,741",45740.99,45740.99,USD,Part-Time,"Proud Moments ABA is a national behavioral health organization, providing the gold standard of Applied Behavior Analysis (ABA) services for children on the autism spectrum from birth to age 21. We are looking for Behavior Technicians (BT's) to join our growing team. Our BT's are an essential part of the treatment team- providing 1-1 specialized treatment in partnership with our Board Certified Behavior Analysts to our clients in a home-based setting. If you are looking for a career that allows …","go, r",2026-05-30,https://www.adzuna.com/details/5745466448?utm_medium=api&utm_source=90961c1a,Adzuna/Social work Jobs [United States],2026-05-30T19:40:21.942078
adzuna_us_5745466454,Registered Behavior Technician - Center Based,Proud Moments ABA,"Burlington City, Burlington County",Burlington,United States,40.0705534,-74.8514487,"68,055 - 68,055",68054.83,68054.83,USD,Part-Time,"Proud Moments ABA is a national behavioral health organization, providing the gold standard of Applied Behavior Analysis (ABA) services for children on the autism spectrum from birth to age 21. We are looking for Behavior Technicians (BT's) to join our growing team. Our BT's are an essential part of the treatment team- providing 1-1 specialized treatment in partnership with our Board Certified Behavior Analysts to our clients in a center-based setting. If you are looking for a career that allow…","go, r",2026-05-30,https://www.adzuna.com/details/5745466454?utm_medium=api&utm_source=90961c1a,Adzuna/Healthcare & Nursing Jobs [United States],2026-05-30T19:40:21.942349
adzuna_us_5745466455,Registered Behavior Technician,Proud Moments ABA,"Garden, Chatham County",Garden City,United States,32.1023017,-81.1510888,"72,342 - 72,342",72341.88,72341.88,USD,Part-Time,"Proud Moments ABA is a national behavioral health organization, providing the gold standard of Applied Behavior Analysis (ABA) services for children on the autism spectrum from birth to age 21. We are looking for Behavior Technicians (BT's) to join our growing team. Our BT's are an essential part of the treatment team- providing 1-1 specialized treatment in partnership with our Board Certified Behavior Analysts to our clients in a center-based setting. If you are looking for a career that allow…","go, r",2026-05-30,https://www.adzuna.com/details/5745466455?utm_medium=api&utm_source=90961c1a,Adzuna/Healthcare & Nursing Jobs [United States],2026-05-30T19:40:21.942569
adzuna_us_5745466441,"Behavior Technician, Willing to train",Proud Moments ABA,"Greece, Monroe County",Town of Greece,United States,43.2581805,-77.6970101,"44,059 - 44,059",44058.88,44058.88,USD,Part-Time,"Hybrid Case: Monday/Tuesday 4:30pm-7pm (Home) Thursday/Friday 4:30pm-7pm (Center) Saturdays 1pm-3pm (Center) Proud Moments ABA is a national behavioral health organization, providing the gold standard of Applied Behavior Analysis (ABA) services for children on the autism spectrum from birth to age 21. We are looking for Behavior Technicians (BT's) to join our growing team. Our BT's are an essential part of the treatment team- providing 1-1 specialized treatment in partnership with our Board Cer…","go, r",2026-05-30,https://www.adzuna.com/details/5745466441?utm_medium=api&utm_source=90961c1a,Adzuna/Social work Jobs [United States],2026-05-30T19:40:24.195084
adzuna_us_5745466438,"Behavior Technician, willing to train",Proud Moments ABA,"Orangeburg, Rockland County",Orangeburg,United States,41.0514735,-73.9343136,"47,199 - 47,199",47199.31,47199.31,USD,Part-Time,"Proud Moments ABA is a national behavioral health organization, providing the gold standard of Applied Behavior Analysis (ABA) services for children on the autism spectrum from birth to age 21. We are looking for Behavior Technicians (BT's) to join our growing team. Our BT's are an essential part of the treatment team- providing 1-1 specialized treatment in partnership with our Board Certified Behavior Analysts to our clients in a home-based setting. If you are looking for a career that allows …","go, r",2026-05-30,https://www.adzuna.com/details/5745466438?utm_medium=api&utm_source=90961c1a,Adzuna/Social work Jobs [United States],2026-05-30T19:40:26.960703
adzuna_us_5745466416,Registered Behavior Technician,Proud Moments ABA,"Woodbridge, Prince William County",Woodbridge,United States,38.636447,-77.2676335,"93,712 - 93,712",93712.48,93712.48,USD,Part-Time,"Proud Moments ABA is a national behavioral health organization, providing the gold standard of Applied Behavior Analysis (ABA) services for children on the autism spectrum from birth to age 21. We are looking for Behavior Technicians (BT's) to join our growing team. Our BT's are an essential part of the treatment team- providing 1-1 specialized treatment in partnership with our Board Certified Behavior Analysts to our clients in a home-based setting. If you are looking for a career that allows …","go, r",2026-05-30,https://www.adzuna.com/details/5745466416?utm_medium=api&utm_source=90961c1a,Adzuna/Healthcare & Nursing Jobs [United States],2026-05-30T19:40:29.930546
adzuna_us_5745466371,Marketing Data Analyst,Genus PLC,US,,United States,39.7837304,-100.445882,"91,056 - 91,056",91055.61,91055.61,USD,Full-Time,"PIC , a Genus PLC company, has an exciting opportunity. We are looking for a Marketing Data Aanlyst. This is a 6-month, contract based position. This role will support the implementation of a Microsoft Dynamics 365 CRM integration with a future marketing technology stack. This is a contract role scoped to data readiness: auditing, cleaning, and structuring CRM data and assessing system integration requirements before any additional marketing technology is introduced. Audit and profile existing …","crm, r, ui",2026-05-30,https://www.adzuna.com/details/5745466371?utm_medium=api&utm_source=90961c1a,Adzuna/IT Jobs [United States],2026-05-30T19:40:32.387650
adzuna_us_5745465986,Data and Insights Analyst,Apex Service Partners,"Irving, Dallas",Irving,United States,32.8295183,-96.9442177,"110,000 - 125,000",110000,125000,USD,Full-Time,"Company Overview Founded in 2019, Apex Service Partners is the nationwide leader in residential home services – HVAC, plumbing, and electrical – operating in 46 states with 150 locations, and $3B in annual revenue. Apex is home to 50 leading brands within their respective markets. As part of their overarching mission, Apex is dedicated to leveraging the power of people. The organization strives to create exceptional career experiences and limitless opportunities for every teammate – whether mas…",r,2026-05-30,https://www.adzuna.com/details/5745465986?utm_medium=api&utm_source=90961c1a,"Adzuna/PR, Advertising & Marketing Jobs [United States]",2026-05-30T19:40:32.387984
adzuna_us_5745464031,Data Analyst,ComPsych Corporation,"Chicago, Cook County",Chicago,United States,41.8755616,-87.6244212,"47,618 - 47,618",47617.61,47617.61,USD,Full-Time,"ComPsych Ⓡ is the worldwide leader in organizational mental health, well-being, and absence management, dedicated to igniting human potential in workplaces across the globe. For over 40 years, we have combined the best in technology with unmatched human expertise to help individuals and their organizations thrive. Our GuidanceResources Ⓡ and AbsenceResources Ⓡ solutions deliver end-to-end mental health, well-being, work-life, health navigation, and absence support to more than 75,000 customers …","r, ui",2026-05-30,https://www.adzuna.com/details/5745464031?utm_medium=api&utm_source=90961c1a,Adzuna/IT Jobs [United States],2026-05-30T19:40:34.640756
adzuna_us_5745462878,"Principal, Analytics SE",Salesforce,"San Francisco, California",San Francisco,United States,37.7879363,-122.4075201,"173,460 - 231,980",173460,231980,USD,Full-Time,"To get the best candidate experience, please consider applying for a maximum of 3 roles within 12 months to ensure you are not duplicating efforts. Job Category Sales Job Details About Salesforce Salesforce is the 1 AI CRM, where humans with agents drive customer success together. Here, ambition meets action. Tech meets trust. And innovation isn’t a buzzword — it’s a way of life. The world of work as we know it is changing and we're looking for Trailblazers who are passionate about bettering bu…","crm, go, r, rust, salesforce",2026-05-30,https://www.adzuna.com/details/5745462878?utm_medium=api&utm_source=90961c1a,Adzuna/Sales Jobs [United States],2026-05-30T19:40:34.641086
adzuna_us_5745461569,Order Support Manager,Alfa Laval Spiral,"Greenwood, Johnson County",Greenwood,United States,39.6136987,-86.1095429,"80,000 - 115,000",80000,115000,USD,Full-Time,"Every day, we get opportunities to make a positive impact – on our colleagues, partners, customers and society. Together, we’re pioneering the solutions of the future and unlocking the full potential of precious resources. Trusted to act on initiative, we challenge conventional thinking to develop world-leading technologies that inspire progress in vital areas, including energy, food, water and shipping. As we push forward, the innovative, open spirit that fuels our 140-year-old start-up cultur…","r, rust",2026-05-30,https://www.adzuna.com/details/5745461569?utm_medium=api&utm_source=90961c1a,Adzuna/Admin Jobs [United States],2026-05-30T19:40:34.641375
adzuna_us_5745458399,Senior Data Engineer,Equifax,"Alpharetta, Fulton County",Alpharetta,United States,34.0755962,-84.2945964,"119,805 - 119,805",119805.45,119805.45,USD,Full-Time,"Equifax is where you can power your possible. If you want to achieve your true potential, chart new paths, develop new skills, collaborate with bright minds, and make a meaningful impact, we want to hear from you. Equifax is seeking a driven Senior Data Engineer to contribute to the creation of high-quality datasets that power our analytical capabilities. If you are a data enthusiast with a knack for databases and a talent for extracting meaningful insights from complex data, we encourage you t…","r, ui",2026-05-30,https://www.adzuna.com/details/5745458399?utm_medium=api&utm_source=90961c1a,Adzuna/IT Jobs [United States],2026-05-30T19:40:37.302236
adzuna_us_5745456819,Data Engineer (Power BI),CACI,US,,United States,39.7837304,-100.445882,"75,200 - 158,100",75200,158100,USD,Full-Time,Job Title: Data Engineer (Power BI) Job Category: Information Technology Time Type: Full time Minimum Clearance Required to Start: TS/SCI Employee Type: Regular Percentage of Travel Required: None Type of Travel: None * * * The Opportunity: The Office of the Deputy Assistant Secretary of War – Science & Technology Foundations (STF) Team is seeking a skilled Mid-Level Data Engineer to support the creation and sustainment of business intelligence tool. The tools you create will provide critical i…,"go, power bi, r, ui",2026-05-30,https://www.adzuna.com/land/ad/5745456819?se=XO4GX19c8RGUJNJexxfy6Q&utm_medium=api&utm_source=90961c1a&v=986BE3A362CE4E972053CCEDBE2DD263E328BD1E,Adzuna/IT Jobs [United States],2026-05-30T19:40:39.554506
adzuna_us_5745455698,Certified Cancer Registrar,Tallahassee Memorial HealthCare,"Tallahassee, Leon County",Tallahassee,United States,30.4380832,-84.2809332,"108,986 - 108,986",108986.47,108986.47,USD,Full-Time,"Tallahassee Memorial Healthcare (TMH) is a private, nonprofit community-based healthcare system that provides care to a 22-county region in North Florida and South Georgia. We are a career destination with over 6,000 colleagues who reflect the diversity of our community. TMH is the region's healthcare leader and top provider of advanced care with a 772-bed acute care hospital and the region's only: Level II Trauma Center Primary Stroke Center Level III Neonatal Intensive Care Pediatric Intensiv…",r,2026-05-30,https://www.adzuna.com/details/5745455698?utm_medium=api&utm_source=90961c1a,Adzuna/Healthcare & Nursing Jobs [United States],2026-05-30T19:40:39.554734
adzuna_us_5745455622,Provider Data Analyst,"Curana Health, Inc.",US,,United States,39.7837304,-100.445882,"50,000 - 55,000",50000,55000,USD,Full-Time,"At Curana Health, we’re on a mission to radically improve the health, happiness, and dignity of older adults—and we’re looking for passionate people to help us do it. As a national leader in value-based care, we offer senior living communities and skilled nursing facilities a wide range of solutions (including on-site primary care services, Accountable Care Organizations, and Medicare Advantage Special Needs Plans) proven to enhance health outcomes, streamline operations, and create new financi…",r,2026-05-30,https://www.adzuna.com/details/5745455622?utm_medium=api&utm_source=90961c1a,Adzuna/IT Jobs [United States],2026-05-30T19:40:42.015384
adzuna_us_5745453822,Senior Data Analyst - Asset Traceability,Bank of America,"Charlotte, Mecklenburg County",Charlotte,United States,35.2272086,-80.8430827,"85,600 - 130,000",85600,130000,USD,Full-Time,"Job Description: At Bank of America, we are guided by a common purpose to help make financial lives better through the power of every connection. We do this by driving Responsible Growth and delivering for our clients, teammates, communities and shareholders every day. Being a Great Place to Work and providing a culture of caring is core to how we drive Responsible Growth. We are intentional about fostering an inclusive workplace where every teammate has the opportunity to succeed, build a care…","r, ui",2026-05-30,https://www.adzuna.com/land/ad/5745453822?se=XO4GX19c8RGUJNJexxfy6Q&utm_medium=api&utm_source=90961c1a&v=E6BE84C8697660870CF2BCCC97DED727CFAFC9B2,Adzuna/IT Jobs [United States],2026-05-30T19:40:42.015788
adzuna_us_5745453768,SME III Technology Capabilities (Cybersecurity SME),Data Systems Analysts,"Washington, Washington, D.C.",Johnson City,United States,36.2988518,-82.3591933,"177,989 - 177,989",177989.44,177989.44,USD,Full-Time,"All hired employees are expected to have experience with Microsoft Copilot and / or an approved equivalent AI solution. Description Data Systems Analysts, Inc. is seeking a SME III Technology Capabilities (Cybersecurity SME) to fill a critical Key Personnel role supporting the Office of the Under Secretary of War for Research and Engineering (OUSW(R&E)), specifically the Assistant Secretary of War for Mission Capabilities (ASW(MC)), The candidate provides senior-level cybersecurity leadership a…","leadership, r, ui",2026-05-30,https://www.adzuna.com/details/5745453768?utm_medium=api&utm_source=90961c1a,Adzuna/IT Jobs [United States],2026-05-30T19:40:42.016148
adzuna_us_5745452209,Data Analyst,Resolution Think,"New Orleans, Orleans Parish",New Orleans,United States,29.9561422,-90.0733934,"47,602 - 47,602",47601.81,47601.81,USD,Full-Time,"Cognito Systems LLC, a Resolution Think joint venture company, is seeking a qualified Data Analyst to provide technical and administrative program support to the Gulf Coast Ecosystem Restoration Council (GCERC) under GSA RFQ 47QACA26Q0263. GCERC administers RESTORE Act funding to Gulf Coast states and federal partners for large ecosystem restoration projects that address the effects of the BP Deepwater Horizon oil spill. The successful candidate will work directly for the GCERC Programs Supervi…",r,2026-05-30,https://www.adzuna.com/details/5745452209?utm_medium=api&utm_source=90961c1a,Adzuna/Admin Jobs [United States],2026-05-30T19:40:44.675093
adzuna_us_5745449472,Business Intelligence Developer (Fabric),ICF,"Reston, Fairfax County",Reston,United States,38.953282,-77.3464516,"74,090 - 125,954",74090,125954,USD,Full-Time,"Business Intelligence (BI) Developer Growth, Engagements and Insight; IT and Product Development Location: Nationwide US (Remote - Home Office) Please read before applying: Due to the high volume of applications, we kindly ask that candidates list their specific experience with a minimum of 2 years with Fabric, Azure Databricks, or an equivalent ETL tool. Please be advised Microsoft Fabric experience is strongly preferred. At this time, ICF is unable to provide employment visa sponsorship for t…","azure, r, ui",2026-05-30,https://www.adzuna.com/details/5745449472?utm_medium=api&utm_source=90961c1a,Adzuna/IT Jobs [United States],2026-05-30T19:40:47.542266
adzuna_us_5745447323,Business Intelligence Analyst Sr,Ann & Robert H. Lurie Children's Hospital of Chicago,"Chicago, Cook County",Chicago,United States,41.8755616,-87.6244212,"83,200 - 137,280",83200,137280,USD,Full-Time,"Ann & Robert H. Lurie Children’s Hospital of Chicago provides superior pediatric care in a setting that offers the latest benefits and innovations in medical technology, research and family-friendly design. As the largest pediatric provider in the region with a 140-year legacy of excellence, kids and their families are at the center of all we do. Ann & Robert H. Lurie Children’s Hospital of Chicago is ranked in all 10 specialties by the U.S. News & World Report. Location 680 Lake Shore Drive Jo…","excel, go, r",2026-05-30,https://www.adzuna.com/details/5745447323?utm_medium=api&utm_source=90961c1a,Adzuna/IT Jobs [United States],2026-05-30T19:40:49.385720
adzuna_us_5745446726,"IT Business Intelligence Analyst, Technical Lead",Reliance Standard Life Insurance Company,"Philadelphia, Philadelphia County",Philadelphia,United States,39.9527237,-75.1635262,"113,850 - 151,990",113850,151990,USD,Full-Time,"Job Responsibilities and Requirements NextGen Data Architecture Key member of development team for RSLI’s NextGen data architecture, which incorporates a cloud-based architecture inclusive of big data, RDBMS and analytics technologies Leads in analysis and design of technical solutions that enhance NextGen Reporting and Analytics solutions Advances development team knowledge in Reporting and Analytics technologies and approaches Integrates seamlessly with implementation partner to complete conv…","r, ui",2026-05-30,https://www.adzuna.com/details/5745446726?utm_medium=api&utm_source=90961c1a,Adzuna/IT Jobs [United States],2026-05-30T19:40:49.386012
adzuna_us_5745445734,Data Coordinator I,Oklahoma State Government,"Oklahoma City, Oklahoma County",Oklahoma City,United States,35.4729886,-97.5170536,"81,205 - 81,205",81204.79,81204.79,USD,Full-Time,"Job Posting Title Data Coordinator I Agency 265 DEPARTMENT OF EDUCATION Supervisory Organization Department of Education–Oliver Hodge Education Building Job Posting End Date Refer to the date listed at the top of this posting, if available. Continuous if date is blank. Note: Applications will be accepted until 11:59 PM on the day prior to the posting end date above. Estimated Appointment End Date (Continuous if Blank) Full/Part-Time Full time Job Type Regular Compensation $45,000 Discover the B…","r, ui",2026-05-30,https://www.adzuna.com/details/5745445734?utm_medium=api&utm_source=90961c1a,Adzuna/Consultancy Jobs [United States],2026-05-30T19:40:49.386265
adzuna_us_5745443494,"Business Analyst - Trust, Safety, and Fraud Analytics",Rover.com,"Seattle, King County",Seattle,United States,47.6038321,-122.330062,"108,694 - 136,046",108694,136046,USD,Full-Time,"Who we are: At Rover, pets and their people are at the heart of everything we do. We connect pet parents with trusted pet care across the U.S., Canada, Europe, and Australia. Headquartered in Seattle and Barcelona, we’re a values driven, fast-growing tech company focused on building safe and personalized experiences tailored to the needs of each unique pet. We’re investing in AI as a business accelerator and provide every team member access to AI tools in service of creating better experiences …","r, rust, ui",2026-05-30,https://www.adzuna.com/details/5745443494?utm_medium=api&utm_source=90961c1a,Adzuna/Scientific & QA Jobs [United States],2026-05-30T19:40:51.434530
adzuna_us_5745442862,"Manager, Data Analytics",Headspace,"Los Angeles, Los Angeles County",Los Angeles,United States,34.0536909,-118.242766,"158,900 - 224,250",158900,224250,USD,Full-Time,"About the Manager, Data Analytics at Headspace: What you will do: Drive significant business outcomes by leading impactful and complex data projects that align with strategic priorities. Define and execute the vision for data analytics, ensuring alignment with company goals and objectives. Provide thought leadership by collaborating with Product, Engineering, Marketing, and Operations to translate complex business problems into scalable analytical frameworks. Recommend and implement actionable …","go, leadership, r, scala",2026-05-30,https://www.adzuna.com/details/5745442862?utm_medium=api&utm_source=90961c1a,Adzuna/IT Jobs [United States],2026-05-30T19:40:51.434878
adzuna_us_5745441170,Business Intelligence Analyst (26-27),IDEA Public Schools,"Weslaco, Hidalgo County",Weslaco,United States,26.1594305,-97.9907362,"83,465 - 83,465",83464.7,83464.7,USD,Full-Time,"Description Business Intelligence Analyst Mission: The Business Intelligence Analyst designs, builds, and maintains high-quality dashboards and reports that enable data-driven decision-making across IDEA’s schools and departments. Reporting to the Director of Business Intelligence, this role executes BI development work within established enterprise standards, leveraging certified semantic definitions and governed datasets to deliver reliable, performant, and user-friendly insights. The analyst…","go, r, ui",2026-05-30,https://www.adzuna.com/details/5745441170?utm_medium=api&utm_source=90961c1a,Adzuna/IT Jobs [United States],2026-05-30T19:40:51.435192
adzuna_us_5745429890,Senior Data Analyst,Fortegra,"Julington Creek, St. Johns County",Fruit Cove,United States,30.132677,-81.6136069,"123,636 - 123,636",123635.6,123635.6,USD,Full-Time,"The Senior Data Analyst is a member of the Data Engineering team, responsible for acquiring, managing, validating, and analyzing data as it moves through Fortegra's data ecosystem — from ingestion into Snowflake to downstream delivery into Oracle, reporting platforms, and other systems. This role serves as a critical bridge between the Data Engineering team and its key business partners in Finance and Premium Operations, translating business needs into data requirements and translating data fin…","r, snowflake, ui",2026-05-30,https://www.adzuna.com/details/5745429890?utm_medium=api&utm_source=90961c1a,Adzuna/IT Jobs [United States],2026-05-30T19:40:53.686721
adzuna_us_5745428735,Quote Support Manager,Alfa Laval Spiral,"Greenwood, Johnson County",Greenwood,United States,39.6136987,-86.1095429,"80,000 - 115,000",80000,115000,USD,Full-Time,"Every day, we get opportunities to make a positive impact – on our colleagues, partners, customers and society. Together, we’re pioneering the solutions of the future and unlocking the full potential of precious resources. Trusted to act on initiative, we challenge conventional thinking to develop world-leading technologies that inspire progress in vital areas, including energy, food, water and shipping. As we push forward, the innovative, open spirit that fuels our 140-year-old start-up cultur…","r, rust",2026-05-30,https://www.adzuna.com/details/5745428735?utm_medium=api&utm_source=90961c1a,Adzuna/Consultancy Jobs [United States],2026-05-30T19:40:56.349457
adzuna_us_5745428257,Sr. Intelligence Solutions Integrator,Amentum,"Arlington, Tarrant County",Arlington,United States,32.7355816,-97.1071186,"100,000 - 110,000",100000,110000,USD,Full-Time,"The position facilitates the access, identification, discovery, integration, and dissemination of relevant intelligence reporting, while synchronizing Army G-2, INSCOM, ASCC, COCOM, and Intelligence Community (IC) data-related efforts within a specified theater of operation. The position serves as the main point of contact between the Army Data Capabilities Division (DCD) and identified organizations for relevant intelligence knowledge management and intelligence data lifecycle/architecture iss…",r,2026-05-30,https://www.adzuna.com/details/5745428257?utm_medium=api&utm_source=90961c1a,Adzuna/IT Jobs [United States],2026-05-30T19:40:56.349823
adzuna_us_5745424541,Part Time Data Analyst - Family and Community Medicine,The Pennsylvania State University,US,,United States,39.7837304,-100.445882,"75,626 - 75,626",75626.03,75626.03,USD,Part-Time,"APPLICATION INSTRUCTIONS: CURRENT PENN STATE EMPLOYEE (faculty, staff, technical service, or student), please login to Workday to complete the internal application process . Please do not apply here, apply internally through Workday. CURRENT PENN STATE STUDENT (not employed previously at the university) and seeking employment with Penn State, please login to Workday to complete the student application process. Please do not apply here, apply internally through Workday. If you are NOT a current …",r,2026-05-30,https://www.adzuna.com/details/5745424541?utm_medium=api&utm_source=90961c1a,Adzuna/Part time Jobs [United States],2026-05-30T19:40:58.396964
adzuna_us_5745423418,"Director, Enterprise Risk & Regulatory Analytics, Marlborough, MA, Hillsboro, OR, Hybrid",DCU,"Marlborough, Middlesex County",Marlborough,United States,42.3468589,-71.5525188,"164,000 - 199,000",164000,199000,USD,Full-Time,"Schedule Mon - Fri: 8 AM - 5 PM (40 Hours) What You’ll Do Job Summary: The Director of Enterprise Risk & Regulatory Analytics leads the delivery of data and analytics capabilities that enable enterprise risk management, regulatory compliance, and risk-informed decision-making through trusted, governed single source of truth data and actionable insights. The role partners closely with the Chief Risk Officer (CRO) organization and provides thought leadership at the intersection of business and te…","go, leadership, r, risk management, rust",2026-05-30,https://www.adzuna.com/details/5745423418?utm_medium=api&utm_source=90961c1a,Adzuna/IT Jobs [United States],2026-05-30T19:40:58.397245
adzuna_us_5745422869,Graphic Design & Digital Production Specialist,New America,"Washington, D.C., US",Washington,United States,38.8950982,-77.0363849,"85,338 - 95,338",85338,95338,USD,Full-Time,"About Education & Work: Public education is a pillar of American prosperity and civic life. From birth to school, college, and work, everyone deserves the opportunity to learn. But for too many students, education is inadequate, underfunded, and disconnected from good jobs. New America’s Education & Work issue area is dedicated to providing the best of education to everyone, especially the historically marginalized, starting in the earliest years and continuing throughout their lives. About the…","go, r, ui",2026-05-30,https://www.adzuna.com/details/5745422869?utm_medium=api&utm_source=90961c1a,Adzuna/Creative & Design Jobs [United States],2026-05-30T19:41:00.957372
adzuna_us_5745414749,Data Engineering Lead,AlloBaas,"Lakewood, Cuyahoga County",Lakewood,United States,41.4819932,-81.7981908,"110,475 - 110,475",110474.52,110474.52,USD,Full-Time,"Position Summary: The Data Engineering Lead plays a critical and strategic role in advancing FMHC’s enterprise data transformation and analytics enablement efforts. This role provides technical leadership, direction, and oversight for data engineering activities across data platforms, data pipelines, integrations, data warehouse operations, middleware/Azure Enterprise Service Bus capabilities, reporting modernization, and enterprise data governance practices. In partnership with business stakeh…","azure, go, leadership, r",2026-05-30,https://www.adzuna.com/details/5745414749?utm_medium=api&utm_source=90961c1a,Adzuna/IT Jobs [United States],2026-05-30T19:41:03.722051
adzuna_us_5745413947,Data Scientist II,SWBC,"San Antonio, Bexar County",San Antonio,United States,29.4246002,-98.4951405,"134,501 - 134,501",134501.4,134501.4,USD,Full-Time,"SWBC is seeking a talented individual who will contribute to the development of machine learning models, analytical solutions, and AI-driven capabilities that directly impact business performance and client outcomes. This role works closely with the Senior Data Scientist, Analytics Engineers, and Data Analysts to design, build, and deploy data science solutions within SWBC's modern, cloud-native data ecosystem and enterprise AI/ML platform. The Data Scientist II is expected to independently lea…","machine learning, r, ui",2026-05-30,https://www.adzuna.com/details/5745413947?utm_medium=api&utm_source=90961c1a,Adzuna/IT Jobs [United States],2026-05-30T19:41:06.003926
adzuna_us_5745413892,Senior Business & Information Analyst,The Walt Disney Company,"Orlando, Orange County",Orlando,United States,28.5421218,-81.379045,"92,900 - 124,500",92900,124500,USD,Full-Time,"Job Posting Title: Senior Business & Information Analyst Req ID: 10148330 Job Description: “We Power the Magic!” That’s our motto at Disney Experiences Technology (DXT). Our team creates world-class immersive digital experiences for the Company’s premier vacation brands. We deliver experiences to consumers through Disney’s Parks & Resorts worldwide, Disney Cruise Lines, and Disney Vacation Club. We are responsible for the end-to-end digital and physical Guest experience for all technology & dig…","git, r, ui",2026-05-30,https://www.adzuna.com/land/ad/5745413892?se=XO4GX19c8RGUJNJexxfy6Q&utm_medium=api&utm_source=90961c1a&v=9E308E462773897BD63B731B2F50A3C37D54029F,Adzuna/IT Jobs [United States],2026-05-30T19:41:08.637526
adzuna_us_5745411753,Junior Data Analyst,Platinum Technologies,"Washington, Washington, D.C.",Johnson City,United States,36.2988518,-82.3591933,"87,065 - 87,065",87065.28,87065.28,USD,Full-Time,"Who we are! Platinum Technologies is a Northern Virginia based integrated solutions firm that specializes in Cybersecurity, Cloud and Digital Services to the Public Sector. Our team solves hard problems and helps our Mission Partners achieve their goals. If you are self-motivated, possess demonstrated learning agility, and are passionate about delivering high-quality work products – we want to hear from you. We lead with technical expertise, but that is just the tip of the iceberg – the ‘Why’ m…","git, go, r",2026-05-30,https://www.adzuna.com/details/5745411753?utm_medium=api&utm_source=90961c1a,Adzuna/IT Jobs [United States],2026-05-30T19:41:08.637846
adzuna_us_5745411216,Data Analyst/Records Management ( Must Be A US Citizen),BTI,"Lafayette Square, Orleans Parish",New Orleans,United States,29.9482602,-90.0703126,"67,172 - 67,172",67172.16,67172.16,USD,Full-Time,"Business Technology Integrators (BTI) is a Service-Disabled Veteran-Owned Small Business (SDVOSB) with more than 25 years of experience delivering innovative IT solutions to the Federal Government. We are committed to excellence, innovation, and supporting mission-critical programs that serve our nation. We are seeking an experience Data Analyst in support of Gulf Coast Ecosystem Restoration Council (GCERC) in New Orleans, LA this position is Fulltime/On-Site, Must be a US Citizen. Responsibili…","excel, go, r",2026-05-30,https://www.adzuna.com/details/5745411216?utm_medium=api&utm_source=90961c1a,Adzuna/Admin Jobs [United States],2026-05-30T19:41:08.638103
adzuna_us_5745409382,ML Administrator,Booz Allen Hamilton,"Doral, Miami-Dade County",Miami-Dade County,United States,25.8195424,-80.3553302,"77,500 - 176,000",77500,176000,USD,Full-Time,"ML Administrator The Opportunity: Ever-expanding technology like IoT, machine learning, and artifi cia l intelligence means that there’s more structured and unstructured data available today than ever before. As a data engineer, you know that organizing data can yield pivotal insights when it’s gathered from disparate sources. We need an experienced data engineer like you to help our clients find answers in their data to impact important missions—from fraud detection to cancer research to natio…","machine learning, r",2026-05-30,https://www.adzuna.com/land/ad/5745409382?se=XO4GX19c8RGUJNJexxfy6Q&utm_medium=api&utm_source=90961c1a&v=92993F5151FEED015591C9DB8C1C8EED967EA06F,Adzuna/IT Jobs [United States],2026-05-30T19:41:11.111148
adzuna_us_5745406410,"Data Analyst II, Reporting & Advanced Analytics (Hybrid) - 26-51",PriMed Management Consulting,"San Ramon, Contra Costa County",San Ramon,United States,37.7648021,-121.9544387,"87,000 - 113,000",87000,113000,USD,Full-Time,"We’re delighted you’re considering joining us! At Hill Physicians Medical Group, we’re shaping the healthcare of the future: actively managed care that prevents disease, supports those with chronic conditions and anticipates the needs of our members. Join Our Team! Hill Physicians has much to offer prospective employees. We’re regularly recognized as one of the “Best Places to Work in the Bay Area” and have been recognized as one of the “Healthiest Places to Work in the Bay Area.” When you join…",r,2026-05-30,https://www.adzuna.com/details/5745406410?utm_medium=api&utm_source=90961c1a,Adzuna/IT Jobs [United States],2026-05-30T19:41:14.167481
adzuna_us_5745405390,Data Analyst,Volunteers of America Los Angeles,"Los Angeles, Los Angeles County",Los Angeles,United States,34.0536909,-118.242766,"71,449 - 75,209",71449,75209,USD,Full-Time,"About Us: VOALA Helping Our Most Vulnerable Change Their Life Stories Volunteers of America is a non-profit human services organization committed to serving people in need, strengthening families, and building communities. VOALA provides a variety of social services to Los Angeles area communities such as Head Start programs, Upward Bound college prep programs, veterans� services, homeless shelters, low-income housing programs as well as drug and alcohol rehabilitation. Learn more at www.voala.…","r, ui",2026-05-30,https://www.adzuna.com/land/ad/5745405390?se=XO4GX19c8RGUJNJexxfy6Q&utm_medium=api&utm_source=90961c1a&v=861A027790796E861CCD913CD81373372A48DFE2,Adzuna/IT Jobs [United States],2026-05-30T19:41:16.624278
adzuna_us_5745400593,Data Analyst,Booz Allen Hamilton,"North Carolina, US",,United States,35.6729639,-79.0392919,"77,500 - 176,000",77500,176000,USD,Full-Time,"Data Analyst The Opportunity: As a Data Analyst, you enjoy diving into data and turning it into meaningful insights. With the abundance of structured and unstructured data, you understand the importance of transforming complex data sets into useful information to solve challenges. As a client-facing data analyst on our team, you’ll work with and guide a multi-disciplinary team of analysts, data engineers, developers, and data consumers in a fast-paced, Agile environment. You’ll use your knowled…","agile, r, ui",2026-05-30,https://www.adzuna.com/land/ad/5745400593?se=XO4GX19c8RGUJNJexxfy6Q&utm_medium=api&utm_source=90961c1a&v=14243B6D9A98B87F9D22689FCFEB8AF0E833E73D,Adzuna/IT Jobs [United States],2026-05-30T19:41:16.624554
adzuna_us_5745399798,Hadoop Developer,Bright Vision Technologies,"North Bethesda, Montgomery County",North Bethesda,United States,39.04065,-77.1233873,"142,837 - 142,837",142836.69,142836.69,USD,Full-Time,"Bright Vision Technologies is a forward-thinking software development company dedicated to building innovative solutions that help businesses automate and optimize their operations. We leverage cutting-edge technologies to create scalable, secure, and user-friendly applications. As we continue to grow, we’re looking for a skilled Hadoop Developer to join our dynamic team and contribute to our mission of transforming business processes through technology. This is a fantastic opportunity to join …","hadoop, r, scala, ui",2026-05-30,https://www.adzuna.com/details/5745399798?utm_medium=api&utm_source=90961c1a,Adzuna/IT Jobs [United States],2026-05-30T19:41:18.672049
adzuna_us_5745399652,Supply Chain Analyst – Transportation and Data Analytics,Vortex Optics,"Barneveld, Iowa County",Barneveld,United States,43.0153376,-89.8958792,"67,883 - 67,883",67882.92,67882.92,USD,Full-Time,"Full-time Description Are you someone who enjoys solving problems, digging into data, and finding clarity in complex operational challenges? Do you thrive in environments where no two days look exactly the same, and where success often comes from balancing analytical thinking with responsiveness, adaptability, and teamwork? Are you the type of person who takes ownership, follows through, and is always looking for ways to improve the experience for both customers and coworkers? If so, Vortex® ma…",r,2026-05-30,https://www.adzuna.com/details/5745399652?utm_medium=api&utm_source=90961c1a,Adzuna/Logistics & Warehouse Jobs [United States],2026-05-30T19:41:21.334824
adzuna_us_5745391632,"Software Development Engineer II, Engagement",CarGurus,"Boston, Suffolk County",Boston,United States,42.3588336,-71.0578303,"112,000 - 141,000",112000,141000,USD,Full-Time,"Who we are At CarGurus (NASDAQ: CARG), our mission is to give people the power to reach their destination. We started as a small team of developers determined to bring trust and transparency to car shopping. Since then, our history of innovation and go-to-market acceleration has driven industry-leading growth. In fact, we’re the largest and fastest-growing automotive marketplace, and we’ve been profitable for over 15 years. What we do The market is evolving, and we are too, moving the entire au…","go, r, rust",2026-05-30,https://www.adzuna.com/details/5745391632?utm_medium=api&utm_source=90961c1a,Adzuna/IT Jobs [United States],2026-05-30T19:41:23.653176
adzuna_us_5745388853,Senior Data Engineer,Amgen,"Thousand Oaks, Ventura County",Thousand Oaks,United States,34.1705609,-118.8375937,"138,325 - 172,744",138325,172744,USD,Full-Time,"Career Category Engineering Job Description Join Amgen’s Mission of Serving Patients At Amgen, if you feel like you’re part of something bigger, it’s because you are. Our shared mission—to serve patients living with serious illnesses—drives all that we do. Since 1980, we’ve helped pioneer the world of biotech in our fight against the world’s toughest diseases. With our focus on four therapeutic areas –Oncology, Inflammation, General Medicine, and Rare Disease– we reach millions of patients each…","go, r",2026-05-30,https://www.adzuna.com/details/5745388853?utm_medium=api&utm_source=90961c1a,Adzuna/IT Jobs [United States],2026-05-30T19:41:23.653478
adzuna_de_5745641014,Senior Data Engineer Medicine & Analytics (m/w(d) - Inklusiver Job,Boehringer Ingelheim,"Biberach an der Riß, Biberach (Kreis)",Oberstadion,Deutschland,48.1778215,9.6892313,,,,GBP,Full-Time,"Die Stelle Diese Rolle bietet Ihnen die Möglichkeit, die Zukunft von Data und Analytics in der Medizin aktiv mitzugestalten. Als Senior Data Engineer Medicine & Analytics werden Sie Teil des Bereichs IT Enterprise Data & Platforms, AI & Platforms sein und entwickeln sowie betreiben zuverlässige, skalierbare Data Products, die aussagekräftige Insights ermöglichen, Entscheidungsprozesse beschleunigen und letztlich die Patient*innenergebnisse verbessern. Sie leisten einen zentralen Beitrag zum Auf…",r,2026-05-30,https://www.adzuna.de/land/ad/5745641014?se=BOvsjV9c8RG1g60cORqbZQ&utm_medium=api&utm_source=90961c1a&v=28F6F6B23426534F4506BC7165B456BD59EDF154,Adzuna/Unknown [Germany],2026-05-30T19:41:31.087073
adzuna_de_5745433792,Senior HR Controller / HR Data Analyst (m/w/d),Finanz Informatik GmbH & Co. KG,"Frankfurt am Main, Hessen",Frankfurt am Main,Deutschland,50.1106444,8.6820917,,,,GBP,Full-Time,"Als einer der größten Banken-IT-Dienstleister und Digitalisierungspartner Europas sind wir der Treiber der Digitalisierung innerhalb der Sparkassen-Finanzgruppe. Mit über 5.000 Mitarbeitenden an 3 Standorten machen wir digitales Banking von heute leistungsfähig und entwickeln smarte Finanz-Services von morgen. Dabei bieten wir ein breites Aufgabenspektrum, in dem die individuellen Stärken hervorragend eingebracht werden können. Ob App-Entwicklung, Netzwerktechnologien und Serverbetrieb oder Ber…","git, r, spark",2026-05-30,https://www.adzuna.de/details/5745433792?utm_medium=api&utm_source=90961c1a,Adzuna/IT-Stellen [Germany],2026-05-30T19:41:33.211813
adzuna_de_5745279127,Working Student (f/m/d) - Platform Metadata Tool Management,SAP,Deutschland,,Deutschland,51.1638175,10.4478313,,,,GBP,Full-Time,"We help the world run better At SAP, we keep it simple: you bring your best to us, and we'll bring out the best in you. We're builders touching over 20 industries and 80% of global commerce, and we need your unique talents to help shape what's next. The work is challenging - but it matters. You'll find a place where you can be yourself, prioritize your wellbeing, and truly belong. What's in it for you? Constant learning, skill growth, great benefits, and a team that wants you to grow and succee…","r, ui",2026-05-30,https://www.adzuna.de/land/ad/5745279127?se=BOvsjV9c8RG1g60cORqbZQ&utm_medium=api&utm_source=90961c1a&v=65E6C5891FB5B3EB5B0184C49D2529195059A240,Adzuna/Unknown [Germany],2026-05-30T19:41:35.669981
adzuna_de_5744999184,Data Analyst/Engineer (f/m/d) - Limited to 24 months,Allianz Global Investors GmbH,"Westend-Nord, Frankfurt am Main",Frankfurt am Main,Deutschland,50.1263563,8.6679209,,,,GBP,Full-Time,"Data Analyst/Engineer (f/m/d) - Limited to 24 months As a Data Engineer/Analyst (f/m/d), you will support AllianzGI’s Equity investment teams by delivering high quality data engineering, analysis, and reporting capabilities. The role blends data engineering, investment focused analytics, and dashboarding, enabling the integration of quantitative research with fundamental investment processes. You will operate at the intersection of Investments and Technology, working closely with portfolio mana…","r, ui",2026-05-29,https://www.adzuna.de/details/5744999184?utm_medium=api&utm_source=90961c1a,Adzuna/Unknown [Germany],2026-05-30T19:41:37.923249
adzuna_de_5744993688,Forward Deployed Data Engineer Expert (f/m/d),SAP,"Garching bei München, München (Kreis)",,,,,,,,GBP,Full-Time,"We help the world run better At SAP, we keep it simple: you bring your best to us, and we'll bring out the best in you. We're builders touching over 20 industries and 80% of global commerce, and we need your unique talents to help shape what's next. The work is challenging – but it matters. You'll find a place where you can be yourself, prioritize your wellbeing, and truly belong. What's in it for you? Constant learning, skill growth, great benefits, and a team that wants you to grow and succee…","r, ui",2026-05-29,https://www.adzuna.de/details/5744993688?utm_medium=api&utm_source=90961c1a,Adzuna/Unknown [Germany],2026-05-30T19:41:40.102086
adzuna_de_5744974706,Senior Commercial Finance Analyst,EvolveTalent,"Bonn, Nordrhein-Westfalen",Bonn,Deutschland,50.7352621,7.1024635,,,,GBP,Full-Time,"Senior Commercial Finance Analyst (m/f/d) Location: Bonn, Germany / Hybrid: 3 days offce Employment Type: Full-time About the Opportunity Our client is a globally recognised leader in intelligent power management solutions , supporting customers across industrial, commercial, infrastructure, utilities, mobility, data centre, and energy sectors. For their German organisation, we are currently looking for a Commercial Senior Analyst – Germany (m/f/d) to strengthen the commercial excellence functi…","excel, r",2026-05-29,https://www.adzuna.de/details/5744974706?utm_medium=api&utm_source=90961c1a,Adzuna/Stellen aus Buchhaltung & Finanzwesen [Germany],2026-05-30T19:41:41.657769
adzuna_de_5744971252,Artificial Intelligence and Machine learning Business & Data Analyst,World Food Programme,"München, München (Kreis)",München,Deutschland,48.134752,11.6585715,,,,GBP,Full-Time,"DEADLINE FOR APPLICATIONS 29 June 2026-23:59-GMT01:00 Central European Time (Berlin) WFP celebrates and embraces diversity. It is committed to the principle of equal employment opportunity for all its employees and encourages qualified candidates to apply irrespective of race, colour, national origin, ethnic or social background, genetic information, gender, gender identity and/or expression, sexual orientation, religion or belief, HIV status or disability. ABOUT WFP The World Food Programme is…",r,2026-05-29,https://www.adzuna.de/details/5744971252?utm_medium=api&utm_source=90961c1a,Adzuna/IT-Stellen [Germany],2026-05-30T19:41:43.658150
adzuna_de_5744820035,"Senior Data Analyst, Customer Care Analytics",GetYourGuide,"Berlin, Deutschland",Berlin,Deutschland,52.5173885,13.3951309,,,,GBP,Full-Time,"Change the way the world travels Join the GetYourGuide journey to connect people with unforgettable travel experiences around the world. Millions look to us for unique activities they can trust, and it’s all powered by our commitment to make every single journey extraordinary - including yours. Ready to unlock your potential with a community of fellow explorers? Find your next role at our Berlin HQ or one of our local offices around the globe, from New York to Bangkok. Head to getyourguide.care…","r, rust, ui",2026-05-29,https://www.adzuna.de/details/5744820035?utm_medium=api&utm_source=90961c1a,"Adzuna/Stellen aus PR, Werbung & Marketing [Germany]",2026-05-30T19:41:46.731098
adzuna_de_5744694041,Data Analyst/Engineer (f/m/d) - Limited to 24 months,Allianz Global Investors GmbH,"Altstadt-Lehel, München",München,Deutschland,48.1378285,11.5745823,,,,GBP,Full-Time,"Data Analyst/Engineer (f/m/d) - Limited to 24 months As a Data Engineer/Analyst (f/m/d), you will support AllianzGI’s Equity investment teams by delivering high quality data engineering, analysis, and reporting capabilities. The role blends data engineering, investment focused analytics, and dashboarding, enabling the integration of quantitative research with fundamental investment processes. You will operate at the intersection of Investments and Technology, working closely with portfolio mana…","r, ui",2026-05-29,https://www.adzuna.de/details/5744694041?utm_medium=api&utm_source=90961c1a,Adzuna/Unknown [Germany],2026-05-30T19:41:48.982098
adzuna_de_5744690801,Data Analyst (M/W/D) Procurement,KNDS Deutschland,"Harleshausen, Kassel",Kassel,Deutschland,51.33537,9.440355,,,,GBP,Full-Time,"UnternehmensbeschreibungKNDS Deutschland entwickelt, fertigt und betreut als Systemhaus ein breit gestreutes Produktportfolio. Dazu zählen Kampfpanzer, hochgeschützte Radfahrzeuge, Artilleriesysteme, Militärbrücken, Kundenservice sowie Ausbildungslösungen. Als Teil der KNDS-Gruppe stehen wir für den Beginn der Konsolidierung der Industrie für militärische Landsysteme in Europa. Dabei bieten wir hochinteressante, komplexe und herausfordernde Tätigkeiten in einem kollegialen Umfeld. Das schätzen …",r,2026-05-29,https://www.adzuna.de/land/ad/5744690801?se=BOvsjV9c8RG1g60cORqbZQ&utm_medium=api&utm_source=90961c1a&v=851E85DE0733A1372B8727FC083875E6493AF03E,Adzuna/Sonstige/Allgemeine Stellen [Germany],2026-05-30T19:41:51.034139
adzuna_de_5744521029,Data Analyst (m/w/d),SPORT 2000 International GmbH,"Seligenstadt, Offenbach (Kreis)",Seligenstadt,Deutschland,50.0441828,8.9760389,,,,GBP,Full-Time,"Wir suchen dich als Data Analyst (m/w/d) am Standort Mainhausen (hybrid), um den internationalen SPORT 2000 Verbund mit datengetriebenen Insights, modernen Analytics-Systemen und hochwertiger Datenqualit&auml;t zu st&auml;rken. Deine Benefits: ✓ Hybrides Arbeiten im 60/40‑Modell ✓ Flexible und eigenverantwortliche Arbeitszeitgestaltung ✓ Individuelle Weiterbildungen &amp; ma&szlig;geschneiderte F&ouml;rderprogramme ✓ Flache Hierarchien &amp; kurze Entscheidungswege ✓ Modernes IT‑Set‑up (SAS VIY…",r,2026-05-29,https://www.adzuna.de/details/5744521029?utm_medium=api&utm_source=90961c1a,Adzuna/Unknown [Germany],2026-05-30T19:41:53.283493
adzuna_de_5744356064,"Data Analytics Engineer Campaigning (w/m/d) - Business Analysis, Datenbankentwicklung/BI, Ingenieur",freenet,"Hamburg, Deutschland",Hamburg,Deutschland,53.5501721,10.0013165,,,,GBP,Full-Time," Das erwartet dich Der Bereich Data & AI entwickelt auf einer skalierenden AWS-Infrastruktur datengetriebene Services mit signifikantem Business Impact. Dafür arbeiten Platform Engineers, Data Engineers, Data Analysts und Data Scientists gemeinsam an modernen Technologien, um unseren Fachabteilungen maßgeschneiderte, datengetriebene Services zur Verfügung zu stellen. In unserer Abteilung Data Analytics & Campaigning in Hamburg optimierst Du mit den Kolleg:innen im Team technisch und inhaltlich …","aws, r",2026-05-29,https://www.adzuna.de/details/5744356064?utm_medium=api&utm_source=90961c1a,Adzuna/Stellen für Hochschulabsolventen [Germany],2026-05-30T19:41:55.537423
adzuna_de_5744051047,SQL Data Analyst / Data Engineer (m/w/d),Peak One GmbH,"Altenlingen, Lingen (Ems)",Lingen (Ems),Deutschland,52.5415172,7.2991413,"80,000 - 80,000",80000,80000,EUR,Full-Time,"Für ein etabliertes Unternehmen aus dem Finanzsektor suchen wir eine erfahrene Fachkraft im Bereich Data Analytics & Engineering (m/w/d). In dieser Rolle gestalten Sie datenbasierte Entscheidungsgrundlagen, entwickeln moderne Datenprozesse weiter und arbeiten eng mit Fachbereichen wie Finance zusammen. Ihre Aufgaben Entwicklung, Optimierung und Automatisierung von Datenprozessen zur Unterstützung betriebswirtschaftlicher und regulatorischer Entscheidungen Extraktion, Transformation und Integrat…",r,2026-05-29,https://www.adzuna.de/details/5744051047?utm_medium=api&utm_source=90961c1a,Adzuna/IT-Stellen [Germany],2026-05-30T19:41:57.994069
adzuna_de_5743981143,(Junior) Data Analyst (m/w/d),MONTANA Energieversorgung GmbH & Co. KG,"Grünwald, München (Kreis)",,,,,,,,GBP,Full-Time,"(Junior) Data Analyst (m/w/d) Spannender Aufgabenbereich: Als Teil des Vertriebscontrolling-Teams liegt Dein Fokus auf der Analyse, Aufbereitung und Visualisierung von Daten, um fundierte Entscheidungsgrundlagen für die Vertriebs- und Geschäftsleitung bereitzustellen. Damit leistest Du einen wichtigen Beitrag zur Optimierung unserer Vertriebsaktivitäten sowie zur Weiterentwicklung unseres Produkt- und Tarifportfolios. Du arbeitest mit modernen Analyse- und Datenmanagement-Tools (u.a. Tableau Pr…","r, tableau",2026-05-28,https://www.adzuna.de/details/5743981143?utm_medium=api&utm_source=90961c1a,Adzuna/Unknown [Germany],2026-05-30T19:42:00.017496
adzuna_de_5743968111,Working Student (f/m/d) - Learning Platform Taxonomy Support,SAP,"Garching bei München, München (Kreis)",,,,,,,,GBP,Full-Time,"We help the world run better At SAP, we keep it simple: you bring your best to us, and we'll bring out the best in you. We're builders touching over 20 industries and 80% of global commerce, and we need your unique talents to help shape what's next. The work is challenging – but it matters. You'll find a place where you can be yourself, prioritize your wellbeing, and truly belong. What's in it for you? Constant learning, skill growth, great benefits, and a team that wants you to grow and succee…","r, ui",2026-05-28,https://www.adzuna.de/details/5743968111?utm_medium=api&utm_source=90961c1a,Adzuna/Unknown [Germany],2026-05-30T19:42:01.764786
adzuna_de_5743968113,Working Student (f/m/d) - Platform Metadata Tool Management,SAP,"Garching bei München, München (Kreis)",,,,,,,,GBP,Full-Time,"We help the world run better At SAP, we keep it simple: you bring your best to us, and we'll bring out the best in you. We're builders touching over 20 industries and 80% of global commerce, and we need your unique talents to help shape what's next. The work is challenging – but it matters. You'll find a place where you can be yourself, prioritize your wellbeing, and truly belong. What's in it for you? Constant learning, skill growth, great benefits, and a team that wants you to grow and succee…","r, ui",2026-05-28,https://www.adzuna.de/details/5743968113?utm_medium=api&utm_source=90961c1a,Adzuna/Unknown [Germany],2026-05-30T19:42:01.765051
adzuna_de_5743947047,Data Analyst (w/m/d),VR-Payment,Deutschland,,Deutschland,51.1638175,10.4478313,,,,GBP,Full-Time,"VR Payment ist einer der führenden Payment Provider Deutschlands und Teil der DZ BANK Gruppe. Als Spezialist für bargeldloses Bezahlen der Genossenschaftlichen FinanzGruppe Volksbanken Raiffeisenbanken bietet das Unternehmen alle Zahlungsdienstleistungen aus einer Hand. Dazu gehören der Netzbetrieb, passende Terminals und Kartenakzeptanz sowie Issuing Processing. Darüber hinaus bietet VR Payment softwarebasierte Bezahllösungen für Apps, E-Commerce und cloudgestützten Omnikanalvertrieb. Davon pr…","r, ui",2026-05-28,https://www.adzuna.de/details/5743947047?utm_medium=api&utm_source=90961c1a,Adzuna/Unknown [Germany],2026-05-30T19:42:01.765273
adzuna_de_5743939932,Data Engineer,Booz Allen Hamilton,Deutschland,,Deutschland,51.1638175,10.4478313,"176 - 77,500",176,77500,EUR,Full-Time,"Data Engineer The Opportunity: Ever-expanding technology like IoT, machine learning, and artificial intelligence means that there’s more structured and unstructured data available today than ever before. As a data engineer, you know that organizing data can yield pivotal insights when it’s gathered from disparate sources. We need an experienced data engineer like you to help our clients find answers in their data to impact important missions—from fraud detection to cancer research to national i…","machine learning, r",2026-05-28,https://www.adzuna.de/details/5743939932?utm_medium=api&utm_source=90961c1a,Adzuna/Unknown [Germany],2026-05-30T19:42:01.765528
adzuna_de_5743936703,Operational Excellence | (Junior / Mid) Data Analyst (m/w/d),Appsfactory,"Zentrum, Leipzig",Leipzig,Deutschland,51.3402743,12.376417,,,,GBP,Full-Time,"NEWISBEAUTIFUL Bei Appsfactory, Deutschlands führender Agentur für Digitale Transformation, haben wir uns zum Ziel gesetzt, maßgeschneiderte Softwarelösungen für unsere Kund:innen zu entwickeln und unsere Unternehmensgruppe erfolgreich weiter zu skalieren. Um dieses dynamische Wachstum und unsere ambitionierten Wachstumsziele operativ und profitabel abzusichern, bauen wir unser internes „Betriebssystem“ auf das nächste Level aus. Beschreibung Wenn du eine Leidenschaft für Analytics hast und sic…","git, r",2026-05-28,https://www.adzuna.de/details/5743936703?utm_medium=api&utm_source=90961c1a,Adzuna/Unknown [Germany],2026-05-30T19:42:01.765762
adzuna_de_5743798770,Product Owner (m/w/d) Short Channel Project & Operational Development,Creditplus Bank AG,"Mitte, Stuttgart",Stuttgart,Deutschland,48.7802741,9.1725247,"65,000 - 75,000",65000,75000,EUR,Full-Time,"Wir machen Wünsche machbar – unsere Mission ist es, das Leben unserer Kunden zu bereichern und mit unseren Finanzdienstleistungen Träume zu verwirklichen. Wir verstehen uns nicht als typische Bank, sondern als lebendige Gemeinschaft von Gestaltern, die keine Angst davor haben, neue Wege zu gehen . Dabei setzen wir uns alle auch noch für Themen mit Impact wie Nachhaltigkeit und Digitalisierung ein – ob in unserer Zentrale in Stuttgart, an unserem Standort in Offenbach oder deutschlandweit in uns…","git, r",2026-05-28,https://www.adzuna.de/details/5743798770?utm_medium=api&utm_source=90961c1a,Adzuna/Unknown [Germany],2026-05-30T19:42:04.366770
adzuna_de_5743732454,"Product Manager, Germany",Draivi,"Berlin, Deutschland",Berlin,Deutschland,52.5173885,13.3951309,,,,GBP,Full-Time,"With €30M revenue in 2025 and operations across the Nordics, Germany, Spain, Mexico and South Africa, Draivi is helping lenders and financial service providers acquire customers through data-driven marketing and comparison platforms. Germany's lending market is evolving fast. Consumers expect speed, transparency, and frictionless digital experiences and traditional banks are struggling to deliver. Draivi, twice recognized on the Financial Times FT1000 list of Europe's fastest-growing companies,…","git, r, ui",2026-05-28,https://www.adzuna.de/details/5743732454?utm_medium=api&utm_source=90961c1a,Adzuna/Unknown [Germany],2026-05-30T19:42:07.415301
adzuna_de_5743613604,Data & Reporting Analyst Rückversicherung P&C (m/w/d),AXA,"Köln, Nordrhein-Westfalen",Köln,Deutschland,50.938361,6.959974,,,,GBP,Full-Time,"Du fühlst dich fit im Datenmanagement und bringst ein gutes Verständnis für Zahlen mit? Gleichzeitig hast du Lust das spannende Feld der Rückversicherung kennenzulernen? Dann ist ein Einstieg bei uns genau richtig, um deine Karriere bei AXA zu starten! Dein vielfältiges Aufgabenfeld ermöglicht dir einerseits deine quantitativen Kenntnisse hervorragend einzusetzen und andererseits die Absicherungsstrategien von Versicherungsunternehmen (Rückversicherung) bei Naturkatastrophen und Großschäden im …",r,2026-05-28,https://www.adzuna.de/details/5743613604?utm_medium=api&utm_source=90961c1a,Adzuna/Unknown [Germany],2026-05-30T19:42:07.415562
adzuna_de_5743613294,(Senior) Data Scientist (all genders),,"München, München (Kreis)",München,Deutschland,48.134752,11.6585715,,,,GBP,Full-Time,"Holidu is one of the world’s fastest-growing vacation rental technology companies. Our mission is to make booking and hosting holiday homes free of doubt and full of joy, by helping hosts generate more bookings with less work and helping guests find a holiday home they truly enjoy. Our team of 700 colleagues from 60 nations shares a passion for tech, an ambition for constant improvement, and a relentless drive to bring the best experience to more than 40k vacation rental hosts and 4 million ann…",r,2026-05-28,https://www.adzuna.de/details/5743613294?utm_medium=api&utm_source=90961c1a,Adzuna/IT-Stellen [Germany],2026-05-30T19:42:10.077641
adzuna_de_5743613240,Supply Chain Expert - Data & Sourcing Analyst (f/m/d),E.ON SE,"Essen, Nordrhein-Westfalen",Essen,Deutschland,51.4582235,7.0158171,,,,GBP,Full-Time,"E.ON is one of Europe's largest operators of energy networks and infrastructure and a provider of innovative energy solutions. Our employees are constantly working to digitise the energy world, achieve net zero and connect everyone to good energy. To achieve this, we are focusing our actions on sustainability, digitalisation and growth. We strongly believe that differences make us stronger and welcome all people into our inclusive and diverse culture. We are looking for a Supply Chain Expert - …","git, go, r",2026-05-28,https://www.adzuna.de/details/5743613240?utm_medium=api&utm_source=90961c1a,Adzuna/Stellen aus Logistik & Lagerhaltung [Germany],2026-05-30T19:42:10.077940
adzuna_de_5743613086,Enterprise Corporate Sales Account Executive - Germany,,"München, München (Kreis)",München,Deutschland,48.134752,11.6585715,,,,GBP,Full-Time,"Your Impact As Enterprise Corporate Sales (ECS) Account Executive, you are in charge of handling a large volume of medium and small size opportunities within our Enterprise customers and prospects in Germany. Partnering with our most senior sales account executives, this role will suit those who are looking to take their enterprise sales skills to the next level. Manage the entire sales cycle from acquisition to signing deals through the engagement of appropriate resources such as Sales Enginee…","r, ui",2026-05-28,https://www.adzuna.de/details/5743613086?utm_medium=api&utm_source=90961c1a,Adzuna/Unknown [Germany],2026-05-30T19:42:12.361924
adzuna_de_5743612897,Solution Architect (m/f/d)*,,"München, München (Kreis)",München,Deutschland,48.134752,11.6585715,,,,GBP,Full-Time,"Munich Re is a global market leader in re-insurance, global specialty insurance and digital solutions. New technologies are disrupting the insurance value chain. Our innovative minds in IT spearhead the transformation and make change happen. We support clients with a comprehensive range of insurance and risk management products. Our goal is to become even more digital through the expertise of our IT & Tech specialists, and by leveraging data and insights to support innovation and client service…","git, go, r, risk management",2026-05-28,https://www.adzuna.de/details/5743612897?utm_medium=api&utm_source=90961c1a,Adzuna/IT-Stellen [Germany],2026-05-30T19:42:12.362194
adzuna_de_5743612733,Data Analyst / Spezialist Datenmanagement (m/w/d),Haema AG,"Leipzig, Leipzig (Kreis)",,,,,,,,GBP,Full-Time,"Job-ID: 539735-de_DE Haema ist mit 40 Standorten der größte private Blut- und Plasmaspendedienst Deutschlands. Wir sind ein Partner von Grifols, einem weltweit führenden Unternehmen der Gesundheitsbranche, das aus Plasma gewonnene Arzneimittel und andere innovative biopharmazeutische Produkte entwickelt und anbietet. Unsere gemeinsame Mission: die Gesundheit und das Wohlbefinden der Menschen weltweit zu verbessern. Data Analyst / Spezialist Datenmanagement (m/w/d) Standort: Leipzig (Hybrid) | V…",r,2026-05-28,https://www.adzuna.de/details/5743612733?utm_medium=api&utm_source=90961c1a,Adzuna/Unknown [Germany],2026-05-30T19:42:12.362419
adzuna_de_5743570984,Lead Software Architekt (m/w/d),Allianz Private Krankenversicherungs-AG,"Unterföhring, München (Kreis)",,,,,,,,GBP,Full-Time,"Seit 1890 setzt sich die Allianz als weltweit führender Versicherer, Finanzdienstleister und Vermögensverwalter für die Sicherheit unserer Kund:innen und Mitarbeitenden ein. Darüber hinaus sind wir ein ausgezeichneter Arbeitgeber: 2025 wurde die Allianz in Deutschland Preisträger bei Great Place to Work „Deutschlands Beste Arbeitgeber"". Unsere Mitarbeitenden liegen uns am Herzen, und gemeinsam schaffen wir eine bessere Lebenswelt und Zukunft für uns und unsere Kund:innen. Die Allianz Private Kr…",r,2026-05-28,https://www.adzuna.de/land/ad/5743570984?se=BOvsjV9c8RG1g60cORqbZQ&utm_medium=api&utm_source=90961c1a&v=DC88B50D92EEC2A29BE197997DAEE17CEC7706DE,Adzuna/IT-Stellen [Germany],2026-05-30T19:42:13.280019
adzuna_de_5743298754,"Referent der Geschäftsführung (m/w/d): Datenanalyse für Unternehmenssteuerung & Reporting mit SQL, Azure & Power BI",Smart Future Campus GmbH,"Elverdissen, Herford",Herford,Deutschland,52.0801326,8.6534003,,,,GBP,Full-Time,"Smart Future Campus GmbH Der Smart Future Campus ist ein wichtiger Anbieter von Weiterbildung und Qualifizierung im Bereich der IT, Industrie 4.0, KI, Unity und digitaler Transformation. Unser Fokus liegt vor allem auf innovativen Technologien wie Automatisierungstechnik, Robotik, ML aber auch Softwareentwicklung und Systemadministration. Mit praxisnahen Kursen, anerkannten Zertifikate unterstützen wir die berufliche Zukunft unserer Teilnehmer. Das lernst Du bei uns Diese 7-monatige Weiterbildu…","git, r",2026-05-28,https://www.adzuna.de/details/5743298754?utm_medium=api&utm_source=90961c1a,"Adzuna/Stellen aus PR, Werbung & Marketing [Germany]",2026-05-30T19:42:14.508324
adzuna_de_5743298763,"Referent der Geschäftsführung (m/w/d): Datenanalyse für Unternehmenssteuerung & Reporting mit SQL, Azure & Power BI",Smart Future Campus GmbH,"Flugfeld, Sindelfingen",Sindelfingen (Stadt),Deutschland,48.68819,8.9876832,,,,GBP,Full-Time,"Smart Future Campus GmbH Der Smart Future Campus ist ein wichtiger Anbieter von Weiterbildung und Qualifizierung im Bereich der IT, Industrie 4.0, KI, Unity und digitaler Transformation. Unser Fokus liegt vor allem auf innovativen Technologien wie Automatisierungstechnik, Robotik, ML aber auch Softwareentwicklung und Systemadministration. Mit praxisnahen Kursen, anerkannten Zertifikate unterstützen wir die berufliche Zukunft unserer Teilnehmer. Das lernst Du bei uns Diese 7-monatige Weiterbildu…","git, r",2026-05-28,https://www.adzuna.de/details/5743298763?utm_medium=api&utm_source=90961c1a,"Adzuna/Stellen aus PR, Werbung & Marketing [Germany]",2026-05-30T19:42:16.427646
adzuna_de_5743298764,"Referent der Geschäftsführung (m/w/d): Datenanalyse für Unternehmenssteuerung & Reporting mit SQL, Azure & Power BI",Smart Future Campus GmbH,"Hohenentringen, Tübingen (Kreis)",,,,,,,,GBP,Full-Time,"Smart Future Campus GmbH Der Smart Future Campus ist ein wichtiger Anbieter von Weiterbildung und Qualifizierung im Bereich der IT, Industrie 4.0, KI, Unity und digitaler Transformation. Unser Fokus liegt vor allem auf innovativen Technologien wie Automatisierungstechnik, Robotik, ML aber auch Softwareentwicklung und Systemadministration. Mit praxisnahen Kursen, anerkannten Zertifikate unterstützen wir die berufliche Zukunft unserer Teilnehmer. Das lernst Du bei uns Diese 7-monatige Weiterbildu…","git, r",2026-05-28,https://www.adzuna.de/details/5743298764?utm_medium=api&utm_source=90961c1a,"Adzuna/Stellen aus PR, Werbung & Marketing [Germany]",2026-05-30T19:42:18.678822
adzuna_de_5743298756,"Referent der Geschäftsführung (m/w/d): Datenanalyse für Unternehmenssteuerung & Reporting mit SQL, Azure & Power BI",Smart Future Campus GmbH,"Grünbühl, Ludwigsburg",Ludwigsburg,Deutschland,48.8800743,9.2165263,,,,GBP,Full-Time,"Smart Future Campus GmbH Der Smart Future Campus ist ein wichtiger Anbieter von Weiterbildung und Qualifizierung im Bereich der IT, Industrie 4.0, KI, Unity und digitaler Transformation. Unser Fokus liegt vor allem auf innovativen Technologien wie Automatisierungstechnik, Robotik, ML aber auch Softwareentwicklung und Systemadministration. Mit praxisnahen Kursen, anerkannten Zertifikate unterstützen wir die berufliche Zukunft unserer Teilnehmer. Das lernst Du bei uns Diese 7-monatige Weiterbildu…","git, r",2026-05-28,https://www.adzuna.de/details/5743298756?utm_medium=api&utm_source=90961c1a,"Adzuna/Stellen aus PR, Werbung & Marketing [Germany]",2026-05-30T19:42:19.830273
adzuna_de_5743298753,"Referent der Geschäftsführung (m/w/d): Datenanalyse für Unternehmenssteuerung & Reporting mit SQL, Azure & Power BI",Smart Future Campus GmbH,Deutschland,,Deutschland,51.1638175,10.4478313,,,,GBP,Full-Time,"Smart Future Campus GmbH Der Smart Future Campus ist ein wichtiger Anbieter von Weiterbildung und Qualifizierung im Bereich der IT, Industrie 4.0, KI, Unity und digitaler Transformation. Unser Fokus liegt vor allem auf innovativen Technologien wie Automatisierungstechnik, Robotik, ML aber auch Softwareentwicklung und Systemadministration. Mit praxisnahen Kursen, anerkannten Zertifikate unterstützen wir die berufliche Zukunft unserer Teilnehmer. Das lernst Du bei uns Diese 7-monatige Weiterbildu…","git, r",2026-05-28,https://www.adzuna.de/details/5743298753?utm_medium=api&utm_source=90961c1a,"Adzuna/Stellen aus PR, Werbung & Marketing [Germany]",2026-05-30T19:42:21.750985
adzuna_de_5743298752,"Referent der Geschäftsführung (m/w/d): Datenanalyse für Unternehmenssteuerung & Reporting mit SQL, Azure & Power BI",Smart Future Campus GmbH,"Mitte, Gladbeck",Gladbeck,Deutschland,51.575884,6.9963197,,,,GBP,Full-Time,"Smart Future Campus GmbH Der Smart Future Campus ist ein wichtiger Anbieter von Weiterbildung und Qualifizierung im Bereich der IT, Industrie 4.0, KI, Unity und digitaler Transformation. Unser Fokus liegt vor allem auf innovativen Technologien wie Automatisierungstechnik, Robotik, ML aber auch Softwareentwicklung und Systemadministration. Mit praxisnahen Kursen, anerkannten Zertifikate unterstützen wir die berufliche Zukunft unserer Teilnehmer. Das lernst Du bei uns Diese 7-monatige Weiterbildu…","git, r",2026-05-28,https://www.adzuna.de/details/5743298752?utm_medium=api&utm_source=90961c1a,"Adzuna/Stellen aus PR, Werbung & Marketing [Germany]",2026-05-30T19:42:21.751246
adzuna_de_5743298745,"Referent der Geschäftsführung (m/w/d): Datenanalyse für Unternehmenssteuerung & Reporting mit SQL, Azure & Power BI",Smart Future Campus GmbH,"Zentrum, Bonn",Bonn,Deutschland,50.7348187,7.0994747,,,,GBP,Full-Time,"Smart Future Campus GmbH Der Smart Future Campus ist ein wichtiger Anbieter von Weiterbildung und Qualifizierung im Bereich der IT, Industrie 4.0, KI, Unity und digitaler Transformation. Unser Fokus liegt vor allem auf innovativen Technologien wie Automatisierungstechnik, Robotik, ML aber auch Softwareentwicklung und Systemadministration. Mit praxisnahen Kursen, anerkannten Zertifikate unterstützen wir die berufliche Zukunft unserer Teilnehmer. Das lernst Du bei uns Diese 7-monatige Weiterbildu…","git, r",2026-05-28,https://www.adzuna.de/details/5743298745?utm_medium=api&utm_source=90961c1a,"Adzuna/Stellen aus PR, Werbung & Marketing [Germany]",2026-05-30T19:42:23.594629
adzuna_de_5743298757,"Referent der Geschäftsführung (m/w/d): Datenanalyse für Unternehmenssteuerung & Reporting mit SQL, Azure & Power BI",Smart Future Campus GmbH,"Innenstadt, Neubrandenburg",Neubrandenburg,Deutschland,53.5566624,13.2604964,,,,GBP,Full-Time,"Smart Future Campus GmbH Der Smart Future Campus ist ein wichtiger Anbieter von Weiterbildung und Qualifizierung im Bereich der IT, Industrie 4.0, KI, Unity und digitaler Transformation. Unser Fokus liegt vor allem auf innovativen Technologien wie Automatisierungstechnik, Robotik, ML aber auch Softwareentwicklung und Systemadministration. Mit praxisnahen Kursen, anerkannten Zertifikate unterstützen wir die berufliche Zukunft unserer Teilnehmer. Das lernst Du bei uns Diese 7-monatige Weiterbildu…","git, r",2026-05-28,https://www.adzuna.de/details/5743298757?utm_medium=api&utm_source=90961c1a,"Adzuna/Stellen aus PR, Werbung & Marketing [Germany]",2026-05-30T19:42:25.643734
adzuna_de_5743298761,"Referent der Geschäftsführung (m/w/d): Datenanalyse für Unternehmenssteuerung & Reporting mit SQL, Azure & Power BI",Smart Future Campus GmbH,"Happing, Rosenheim",Rosenheim,Deutschland,47.8294338,12.1268445,,,,GBP,Full-Time,"Smart Future Campus GmbH Der Smart Future Campus ist ein wichtiger Anbieter von Weiterbildung und Qualifizierung im Bereich der IT, Industrie 4.0, KI, Unity und digitaler Transformation. Unser Fokus liegt vor allem auf innovativen Technologien wie Automatisierungstechnik, Robotik, ML aber auch Softwareentwicklung und Systemadministration. Mit praxisnahen Kursen, anerkannten Zertifikate unterstützen wir die berufliche Zukunft unserer Teilnehmer. Das lernst Du bei uns Diese 7-monatige Weiterbildu…","git, r",2026-05-28,https://www.adzuna.de/details/5743298761?utm_medium=api&utm_source=90961c1a,"Adzuna/Stellen aus PR, Werbung & Marketing [Germany]",2026-05-30T19:42:27.894712
adzuna_de_5743298758,"Referent der Geschäftsführung (m/w/d): Datenanalyse für Unternehmenssteuerung & Reporting mit SQL, Azure & Power BI",Smart Future Campus GmbH,"Altstadt-Nord, Köln",Köln,Deutschland,50.9422647,6.9531876,,,,GBP,Full-Time,"Smart Future Campus GmbH Der Smart Future Campus ist ein wichtiger Anbieter von Weiterbildung und Qualifizierung im Bereich der IT, Industrie 4.0, KI, Unity und digitaler Transformation. Unser Fokus liegt vor allem auf innovativen Technologien wie Automatisierungstechnik, Robotik, ML aber auch Softwareentwicklung und Systemadministration. Mit praxisnahen Kursen, anerkannten Zertifikate unterstützen wir die berufliche Zukunft unserer Teilnehmer. Das lernst Du bei uns Diese 7-monatige Weiterbildu…","git, r",2026-05-28,https://www.adzuna.de/details/5743298758?utm_medium=api&utm_source=90961c1a,"Adzuna/Stellen aus PR, Werbung & Marketing [Germany]",2026-05-30T19:42:30.148572
adzuna_de_5743298751,"Referent der Geschäftsführung (m/w/d): Datenanalyse für Unternehmenssteuerung & Reporting mit SQL, Azure & Power BI",Smart Future Campus GmbH,"Altstadt, Frankfurt am Main",Frankfurt am Main,Deutschland,50.1104436,8.6823506,,,,GBP,Full-Time,"Smart Future Campus GmbH Der Smart Future Campus ist ein wichtiger Anbieter von Weiterbildung und Qualifizierung im Bereich der IT, Industrie 4.0, KI, Unity und digitaler Transformation. Unser Fokus liegt vor allem auf innovativen Technologien wie Automatisierungstechnik, Robotik, ML aber auch Softwareentwicklung und Systemadministration. Mit praxisnahen Kursen, anerkannten Zertifikate unterstützen wir die berufliche Zukunft unserer Teilnehmer. Das lernst Du bei uns Diese 7-monatige Weiterbildu…","git, r",2026-05-28,https://www.adzuna.de/details/5743298751?utm_medium=api&utm_source=90961c1a,"Adzuna/Stellen aus PR, Werbung & Marketing [Germany]",2026-05-30T19:42:31.990883
adzuna_de_5743298762,"Referent der Geschäftsführung (m/w/d): Datenanalyse für Unternehmenssteuerung & Reporting mit SQL, Azure & Power BI",Smart Future Campus GmbH,"Polsum, Marl",Marl,Deutschland,51.6264919,7.0528322,,,,GBP,Full-Time,"Smart Future Campus GmbH Der Smart Future Campus ist ein wichtiger Anbieter von Weiterbildung und Qualifizierung im Bereich der IT, Industrie 4.0, KI, Unity und digitaler Transformation. Unser Fokus liegt vor allem auf innovativen Technologien wie Automatisierungstechnik, Robotik, ML aber auch Softwareentwicklung und Systemadministration. Mit praxisnahen Kursen, anerkannten Zertifikate unterstützen wir die berufliche Zukunft unserer Teilnehmer. Das lernst Du bei uns Diese 7-monatige Weiterbildu…","git, r",2026-05-28,https://www.adzuna.de/details/5743298762?utm_medium=api&utm_source=90961c1a,"Adzuna/Stellen aus PR, Werbung & Marketing [Germany]",2026-05-30T19:42:34.038412
adzuna_de_5743298765,"Referent der Geschäftsführung (m/w/d): Datenanalyse für Unternehmenssteuerung & Reporting mit SQL, Azure & Power BI",Smart Future Campus GmbH,"Bant, Wilhelmshaven",Wilhelmshaven,Deutschland,53.5203672,8.1006677,,,,GBP,Full-Time,"Smart Future Campus GmbH Der Smart Future Campus ist ein wichtiger Anbieter von Weiterbildung und Qualifizierung im Bereich der IT, Industrie 4.0, KI, Unity und digitaler Transformation. Unser Fokus liegt vor allem auf innovativen Technologien wie Automatisierungstechnik, Robotik, ML aber auch Softwareentwicklung und Systemadministration. Mit praxisnahen Kursen, anerkannten Zertifikate unterstützen wir die berufliche Zukunft unserer Teilnehmer. Das lernst Du bei uns Diese 7-monatige Weiterbildu…","git, r",2026-05-28,https://www.adzuna.de/details/5743298765?utm_medium=api&utm_source=90961c1a,"Adzuna/Stellen aus PR, Werbung & Marketing [Germany]",2026-05-30T19:42:35.880175
adzuna_de_5743298759,"Referent der Geschäftsführung (m/w/d): Datenanalyse für Unternehmenssteuerung & Reporting mit SQL, Azure & Power BI",Smart Future Campus GmbH,"Berliner Vorstadt, Potsdam",Potsdam,Deutschland,52.4121282,13.0790917,,,,GBP,Full-Time,"Smart Future Campus GmbH Der Smart Future Campus ist ein wichtiger Anbieter von Weiterbildung und Qualifizierung im Bereich der IT, Industrie 4.0, KI, Unity und digitaler Transformation. Unser Fokus liegt vor allem auf innovativen Technologien wie Automatisierungstechnik, Robotik, ML aber auch Softwareentwicklung und Systemadministration. Mit praxisnahen Kursen, anerkannten Zertifikate unterstützen wir die berufliche Zukunft unserer Teilnehmer. Das lernst Du bei uns Diese 7-monatige Weiterbildu…","git, r",2026-05-28,https://www.adzuna.de/details/5743298759?utm_medium=api&utm_source=90961c1a,"Adzuna/Stellen aus PR, Werbung & Marketing [Germany]",2026-05-30T19:42:38.134560
adzuna_de_5743298747,"Referent der Geschäftsführung (m/w/d): Datenanalyse für Unternehmenssteuerung & Reporting mit SQL, Azure & Power BI",Smart Future Campus GmbH,"Obercastrop, Castrop-Rauxel",Castrop-Rauxel,Deutschland,51.5403542,7.3103538,,,,GBP,Full-Time,"Smart Future Campus GmbH Der Smart Future Campus ist ein wichtiger Anbieter von Weiterbildung und Qualifizierung im Bereich der IT, Industrie 4.0, KI, Unity und digitaler Transformation. Unser Fokus liegt vor allem auf innovativen Technologien wie Automatisierungstechnik, Robotik, ML aber auch Softwareentwicklung und Systemadministration. Mit praxisnahen Kursen, anerkannten Zertifikate unterstützen wir die berufliche Zukunft unserer Teilnehmer. Das lernst Du bei uns Diese 7-monatige Weiterbildu…","git, r",2026-05-28,https://www.adzuna.de/details/5743298747?utm_medium=api&utm_source=90961c1a,"Adzuna/Stellen aus PR, Werbung & Marketing [Germany]",2026-05-30T19:42:40.388851
adzuna_de_5743298695,"Deine Chance: Datenmanagement Upskilling - SQL, Microsoft Azure & Power BI für den schnellen Wiedereinstieg",Smart Future Campus GmbH,"Flugfeld, Sindelfingen",Sindelfingen (Stadt),Deutschland,48.68819,8.9876832,,,,GBP,Full-Time,"Smart Future Campus GmbH Der Smart Future Campus ist ein wichtiger Anbieter von Weiterbildung und Qualifizierung im Bereich der IT, Industrie 4.0, KI, Unity und digitaler Transformation. Unser Fokus liegt vor allem auf innovativen Technologien wie Automatisierungstechnik, Robotik, ML aber auch Softwareentwicklung und Systemadministration. Mit praxisnahen Kursen, anerkannten Zertifikate unterstützen wir die berufliche Zukunft unserer Teilnehmer. Das lernst Du bei uns Diese 7-monatige Weiterbildu…","git, r",2026-05-28,https://www.adzuna.de/details/5743298695?utm_medium=api&utm_source=90961c1a,"Adzuna/Stellen aus PR, Werbung & Marketing [Germany]",2026-05-30T19:42:42.640564
adzuna_de_5743298713,"Deine Chance: Datenmanagement Upskilling - SQL, Microsoft Azure & Power BI für den schnellen Wiedereinstieg",Smart Future Campus GmbH,"Centrum, Münster",Orléans,France,47.912341,1.9057089,,,,GBP,Full-Time,"Smart Future Campus GmbH Der Smart Future Campus ist ein wichtiger Anbieter von Weiterbildung und Qualifizierung im Bereich der IT, Industrie 4.0, KI, Unity und digitaler Transformation. Unser Fokus liegt vor allem auf innovativen Technologien wie Automatisierungstechnik, Robotik, ML aber auch Softwareentwicklung und Systemadministration. Mit praxisnahen Kursen, anerkannten Zertifikate unterstützen wir die berufliche Zukunft unserer Teilnehmer. Das lernst Du bei uns Diese 7-monatige Weiterbildu…","git, r",2026-05-28,https://www.adzuna.de/details/5743298713?utm_medium=api&utm_source=90961c1a,"Adzuna/Stellen aus PR, Werbung & Marketing [Germany]",2026-05-30T19:42:42.640861
adzuna_de_5743298709,"Deine Chance: Datenmanagement Upskilling - SQL, Microsoft Azure & Power BI für den schnellen Wiedereinstieg",Smart Future Campus GmbH,"Altenlingen, Lingen (Ems)",Lingen (Ems),Deutschland,52.5415172,7.2991413,,,,GBP,Full-Time,"Smart Future Campus GmbH Der Smart Future Campus ist ein wichtiger Anbieter von Weiterbildung und Qualifizierung im Bereich der IT, Industrie 4.0, KI, Unity und digitaler Transformation. Unser Fokus liegt vor allem auf innovativen Technologien wie Automatisierungstechnik, Robotik, ML aber auch Softwareentwicklung und Systemadministration. Mit praxisnahen Kursen, anerkannten Zertifikate unterstützen wir die berufliche Zukunft unserer Teilnehmer. Das lernst Du bei uns Diese 7-monatige Weiterbildu…","git, r",2026-05-28,https://www.adzuna.de/details/5743298709?utm_medium=api&utm_source=90961c1a,"Adzuna/Stellen aus PR, Werbung & Marketing [Germany]",2026-05-30T19:42:45.097888
adzuna_de_5743298712,"Deine Chance: Datenmanagement Upskilling - SQL, Microsoft Azure & Power BI für den schnellen Wiedereinstieg",Smart Future Campus GmbH,"Gleißbühl, Nürnberg",Nürnberg,Deutschland,49.4479123,11.0837594,,,,GBP,Full-Time,"Smart Future Campus GmbH Der Smart Future Campus ist ein wichtiger Anbieter von Weiterbildung und Qualifizierung im Bereich der IT, Industrie 4.0, KI, Unity und digitaler Transformation. Unser Fokus liegt vor allem auf innovativen Technologien wie Automatisierungstechnik, Robotik, ML aber auch Softwareentwicklung und Systemadministration. Mit praxisnahen Kursen, anerkannten Zertifikate unterstützen wir die berufliche Zukunft unserer Teilnehmer. Das lernst Du bei uns Diese 7-monatige Weiterbildu…","git, r",2026-05-28,https://www.adzuna.de/details/5743298712?utm_medium=api&utm_source=90961c1a,"Adzuna/Stellen aus PR, Werbung & Marketing [Germany]",2026-05-30T19:42:45.098148
adzuna_de_5743298698,"Deine Chance: Datenmanagement Upskilling - SQL, Microsoft Azure & Power BI für den schnellen Wiedereinstieg",Smart Future Campus GmbH,"Brühlervorstadt, Erfurt",Erfurt,Deutschland,50.9716133,10.9982227,,,,GBP,Full-Time,"Smart Future Campus GmbH Der Smart Future Campus ist ein wichtiger Anbieter von Weiterbildung und Qualifizierung im Bereich der IT, Industrie 4.0, KI, Unity und digitaler Transformation. Unser Fokus liegt vor allem auf innovativen Technologien wie Automatisierungstechnik, Robotik, ML aber auch Softwareentwicklung und Systemadministration. Mit praxisnahen Kursen, anerkannten Zertifikate unterstützen wir die berufliche Zukunft unserer Teilnehmer. Das lernst Du bei uns Diese 7-monatige Weiterbildu…","git, r",2026-05-28,https://www.adzuna.de/details/5743298698?utm_medium=api&utm_source=90961c1a,"Adzuna/Stellen aus PR, Werbung & Marketing [Germany]",2026-05-30T19:42:48.374430
adzuna_de_5743298718,"Deine Chance: Datenmanagement Upskilling - SQL, Microsoft Azure & Power BI für den schnellen Wiedereinstieg",Smart Future Campus GmbH,"Nauborn, Wetzlar",Nauborn,Deutschland,50.5313933,8.4928547,,,,GBP,Full-Time,"Smart Future Campus GmbH Der Smart Future Campus ist ein wichtiger Anbieter von Weiterbildung und Qualifizierung im Bereich der IT, Industrie 4.0, KI, Unity und digitaler Transformation. Unser Fokus liegt vor allem auf innovativen Technologien wie Automatisierungstechnik, Robotik, ML aber auch Softwareentwicklung und Systemadministration. Mit praxisnahen Kursen, anerkannten Zertifikate unterstützen wir die berufliche Zukunft unserer Teilnehmer. Das lernst Du bei uns Diese 7-monatige Weiterbildu…","git, r",2026-05-28,https://www.adzuna.de/details/5743298718?utm_medium=api&utm_source=90961c1a,"Adzuna/Stellen aus PR, Werbung & Marketing [Germany]",2026-05-30T19:42:51.651450
adzuna_de_5743298701,"Deine Chance: Datenmanagement Upskilling - SQL, Microsoft Azure & Power BI für den schnellen Wiedereinstieg",Smart Future Campus GmbH,"Wieseck, Gießen",Gießen,Deutschland,50.6052988,8.7065789,,,,GBP,Full-Time,"Smart Future Campus GmbH Der Smart Future Campus ist ein wichtiger Anbieter von Weiterbildung und Qualifizierung im Bereich der IT, Industrie 4.0, KI, Unity und digitaler Transformation. Unser Fokus liegt vor allem auf innovativen Technologien wie Automatisierungstechnik, Robotik, ML aber auch Softwareentwicklung und Systemadministration. Mit praxisnahen Kursen, anerkannten Zertifikate unterstützen wir die berufliche Zukunft unserer Teilnehmer. Das lernst Du bei uns Diese 7-monatige Weiterbildu…","git, r",2026-05-28,https://www.adzuna.de/details/5743298701?utm_medium=api&utm_source=90961c1a,"Adzuna/Stellen aus PR, Werbung & Marketing [Germany]",2026-05-30T19:42:53.494338
adzuna_de_5743298742,"Referent der Geschäftsführung (m/w/d): Datenanalyse für Unternehmenssteuerung & Reporting mit SQL, Azure & Power BI",Smart Future Campus GmbH,"Laurensberg, Aachen",Aachen,Deutschland,50.7981965,6.0614291,,,,GBP,Full-Time,"Smart Future Campus GmbH Der Smart Future Campus ist ein wichtiger Anbieter von Weiterbildung und Qualifizierung im Bereich der IT, Industrie 4.0, KI, Unity und digitaler Transformation. Unser Fokus liegt vor allem auf innovativen Technologien wie Automatisierungstechnik, Robotik, ML aber auch Softwareentwicklung und Systemadministration. Mit praxisnahen Kursen, anerkannten Zertifikate unterstützen wir die berufliche Zukunft unserer Teilnehmer. Das lernst Du bei uns Diese 7-monatige Weiterbildu…","git, r",2026-05-28,https://www.adzuna.de/details/5743298742?utm_medium=api&utm_source=90961c1a,"Adzuna/Stellen aus PR, Werbung & Marketing [Germany]",2026-05-30T19:42:59.969498
adzuna_de_5743298703,"Deine Chance: Datenmanagement Upskilling - SQL, Microsoft Azure & Power BI für den schnellen Wiedereinstieg",Smart Future Campus GmbH,"Innenstadt, Gütersloh",Halle (Westf.),Deutschland,52.059766,8.3597293,,,,GBP,Full-Time,"Smart Future Campus GmbH Der Smart Future Campus ist ein wichtiger Anbieter von Weiterbildung und Qualifizierung im Bereich der IT, Industrie 4.0, KI, Unity und digitaler Transformation. Unser Fokus liegt vor allem auf innovativen Technologien wie Automatisierungstechnik, Robotik, ML aber auch Softwareentwicklung und Systemadministration. Mit praxisnahen Kursen, anerkannten Zertifikate unterstützen wir die berufliche Zukunft unserer Teilnehmer. Das lernst Du bei uns Diese 7-monatige Weiterbildu…","git, r",2026-05-28,https://www.adzuna.de/details/5743298703?utm_medium=api&utm_source=90961c1a,"Adzuna/Stellen aus PR, Werbung & Marketing [Germany]",2026-05-30T19:43:02.300897
adzuna_de_5743298707,"Deine Chance: Datenmanagement Upskilling - SQL, Microsoft Azure & Power BI für den schnellen Wiedereinstieg",Smart Future Campus GmbH,"Bilveringsen, Iserlohn",Iserlohn,Deutschland,51.3871042,7.734738,,,,GBP,Full-Time,"Smart Future Campus GmbH Der Smart Future Campus ist ein wichtiger Anbieter von Weiterbildung und Qualifizierung im Bereich der IT, Industrie 4.0, KI, Unity und digitaler Transformation. Unser Fokus liegt vor allem auf innovativen Technologien wie Automatisierungstechnik, Robotik, ML aber auch Softwareentwicklung und Systemadministration. Mit praxisnahen Kursen, anerkannten Zertifikate unterstützen wir die berufliche Zukunft unserer Teilnehmer. Das lernst Du bei uns Diese 7-monatige Weiterbildu…","git, r",2026-05-28,https://www.adzuna.de/details/5743298707?utm_medium=api&utm_source=90961c1a,"Adzuna/Stellen aus PR, Werbung & Marketing [Germany]",2026-05-30T19:43:04.617402
adzuna_de_5743298705,"Deine Chance: Datenmanagement Upskilling - SQL, Microsoft Azure & Power BI für den schnellen Wiedereinstieg",Smart Future Campus GmbH,"Am Stapp, Dinslaken",Dinslaken,Deutschland,51.5625057,6.6979771,,,,GBP,Full-Time,"Smart Future Campus GmbH Der Smart Future Campus ist ein wichtiger Anbieter von Weiterbildung und Qualifizierung im Bereich der IT, Industrie 4.0, KI, Unity und digitaler Transformation. Unser Fokus liegt vor allem auf innovativen Technologien wie Automatisierungstechnik, Robotik, ML aber auch Softwareentwicklung und Systemadministration. Mit praxisnahen Kursen, anerkannten Zertifikate unterstützen wir die berufliche Zukunft unserer Teilnehmer. Das lernst Du bei uns Diese 7-monatige Weiterbildu…","git, r",2026-05-28,https://www.adzuna.de/details/5743298705?utm_medium=api&utm_source=90961c1a,"Adzuna/Stellen aus PR, Werbung & Marketing [Germany]",2026-05-30T19:43:06.865494
adzuna_de_5743298725,"Deine Chance: Datenmanagement Upskilling - SQL, Microsoft Azure & Power BI für den schnellen Wiedereinstieg",Smart Future Campus GmbH,"Innenstadt, Mannheim",Mannheim,Deutschland,49.4879547,8.4663083,,,,GBP,Full-Time,"Smart Future Campus GmbH Der Smart Future Campus ist ein wichtiger Anbieter von Weiterbildung und Qualifizierung im Bereich der IT, Industrie 4.0, KI, Unity und digitaler Transformation. Unser Fokus liegt vor allem auf innovativen Technologien wie Automatisierungstechnik, Robotik, ML aber auch Softwareentwicklung und Systemadministration. Mit praxisnahen Kursen, anerkannten Zertifikate unterstützen wir die berufliche Zukunft unserer Teilnehmer. Das lernst Du bei uns Diese 7-monatige Weiterbildu…","git, r",2026-05-28,https://www.adzuna.de/details/5743298725?utm_medium=api&utm_source=90961c1a,"Adzuna/Stellen aus PR, Werbung & Marketing [Germany]",2026-05-30T19:43:09.418524
adzuna_de_5743298715,"Deine Chance: Datenmanagement Upskilling - SQL, Microsoft Azure & Power BI für den schnellen Wiedereinstieg",Smart Future Campus GmbH,"Wietesch/Schleupe, Rheine",Rheine,Deutschland,52.27617,7.4340189,,,,GBP,Full-Time,"Smart Future Campus GmbH Der Smart Future Campus ist ein wichtiger Anbieter von Weiterbildung und Qualifizierung im Bereich der IT, Industrie 4.0, KI, Unity und digitaler Transformation. Unser Fokus liegt vor allem auf innovativen Technologien wie Automatisierungstechnik, Robotik, ML aber auch Softwareentwicklung und Systemadministration. Mit praxisnahen Kursen, anerkannten Zertifikate unterstützen wir die berufliche Zukunft unserer Teilnehmer. Das lernst Du bei uns Diese 7-monatige Weiterbildu…","git, r",2026-05-28,https://www.adzuna.de/details/5743298715?utm_medium=api&utm_source=90961c1a,"Adzuna/Stellen aus PR, Werbung & Marketing [Germany]",2026-05-30T19:43:11.517448
adzuna_de_5743298724,"Deine Chance: Datenmanagement Upskilling - SQL, Microsoft Azure & Power BI für den schnellen Wiedereinstieg",Smart Future Campus GmbH,"Altstadt, Konstanz",Konstanz,Deutschland,47.6588689,9.1772175,,,,GBP,Full-Time,"Smart Future Campus GmbH Der Smart Future Campus ist ein wichtiger Anbieter von Weiterbildung und Qualifizierung im Bereich der IT, Industrie 4.0, KI, Unity und digitaler Transformation. Unser Fokus liegt vor allem auf innovativen Technologien wie Automatisierungstechnik, Robotik, ML aber auch Softwareentwicklung und Systemadministration. Mit praxisnahen Kursen, anerkannten Zertifikate unterstützen wir die berufliche Zukunft unserer Teilnehmer. Das lernst Du bei uns Diese 7-monatige Weiterbildu…","git, r",2026-05-28,https://www.adzuna.de/details/5743298724?utm_medium=api&utm_source=90961c1a,"Adzuna/Stellen aus PR, Werbung & Marketing [Germany]",2026-05-30T19:43:14.384266
adzuna_de_5743298702,"Deine Chance: Datenmanagement Upskilling - SQL, Microsoft Azure & Power BI für den schnellen Wiedereinstieg",Smart Future Campus GmbH,"Heinsberg, Heinsberg (Kreis)",Heinsberg,Deutschland,51.0645183,6.0996221,,,,GBP,Full-Time,"Smart Future Campus GmbH Der Smart Future Campus ist ein wichtiger Anbieter von Weiterbildung und Qualifizierung im Bereich der IT, Industrie 4.0, KI, Unity und digitaler Transformation. Unser Fokus liegt vor allem auf innovativen Technologien wie Automatisierungstechnik, Robotik, ML aber auch Softwareentwicklung und Systemadministration. Mit praxisnahen Kursen, anerkannten Zertifikate unterstützen wir die berufliche Zukunft unserer Teilnehmer. Das lernst Du bei uns Diese 7-monatige Weiterbildu…","git, r",2026-05-28,https://www.adzuna.de/details/5743298702?utm_medium=api&utm_source=90961c1a,"Adzuna/Stellen aus PR, Werbung & Marketing [Germany]",2026-05-30T19:43:16.433197
adzuna_de_5743298721,"Deine Chance: Datenmanagement Upskilling - SQL, Microsoft Azure & Power BI für den schnellen Wiedereinstieg",Smart Future Campus GmbH,"Innenstadt, Trier",Trier,Deutschland,49.7569761,6.634988,,,,GBP,Full-Time,"Smart Future Campus GmbH Der Smart Future Campus ist ein wichtiger Anbieter von Weiterbildung und Qualifizierung im Bereich der IT, Industrie 4.0, KI, Unity und digitaler Transformation. Unser Fokus liegt vor allem auf innovativen Technologien wie Automatisierungstechnik, Robotik, ML aber auch Softwareentwicklung und Systemadministration. Mit praxisnahen Kursen, anerkannten Zertifikate unterstützen wir die berufliche Zukunft unserer Teilnehmer. Das lernst Du bei uns Diese 7-monatige Weiterbildu…","git, r",2026-05-28,https://www.adzuna.de/details/5743298721?utm_medium=api&utm_source=90961c1a,"Adzuna/Stellen aus PR, Werbung & Marketing [Germany]",2026-05-30T19:43:19.056899
adzuna_de_5743298699,"Deine Chance: Datenmanagement Upskilling - SQL, Microsoft Azure & Power BI für den schnellen Wiedereinstieg",Smart Future Campus GmbH,"Lohe, Bad Oeynhausen",Bad Oeynhausen,Deutschland,52.1811734,8.8006476,,,,GBP,Full-Time,"Smart Future Campus GmbH Der Smart Future Campus ist ein wichtiger Anbieter von Weiterbildung und Qualifizierung im Bereich der IT, Industrie 4.0, KI, Unity und digitaler Transformation. Unser Fokus liegt vor allem auf innovativen Technologien wie Automatisierungstechnik, Robotik, ML aber auch Softwareentwicklung und Systemadministration. Mit praxisnahen Kursen, anerkannten Zertifikate unterstützen wir die berufliche Zukunft unserer Teilnehmer. Das lernst Du bei uns Diese 7-monatige Weiterbildu…","git, r",2026-05-28,https://www.adzuna.de/details/5743298699?utm_medium=api&utm_source=90961c1a,"Adzuna/Stellen aus PR, Werbung & Marketing [Germany]",2026-05-30T19:43:21.143340
adzuna_de_5743298744,"Referent der Geschäftsführung (m/w/d): Datenanalyse für Unternehmenssteuerung & Reporting mit SQL, Azure & Power BI",Smart Future Campus GmbH,"Ebersteinburg, Baden-Baden",Baden-Baden,Deutschland,48.7787163,8.2710473,,,,GBP,Full-Time,"Smart Future Campus GmbH Der Smart Future Campus ist ein wichtiger Anbieter von Weiterbildung und Qualifizierung im Bereich der IT, Industrie 4.0, KI, Unity und digitaler Transformation. Unser Fokus liegt vor allem auf innovativen Technologien wie Automatisierungstechnik, Robotik, ML aber auch Softwareentwicklung und Systemadministration. Mit praxisnahen Kursen, anerkannten Zertifikate unterstützen wir die berufliche Zukunft unserer Teilnehmer. Das lernst Du bei uns Diese 7-monatige Weiterbildu…","git, r",2026-05-28,https://www.adzuna.de/details/5743298744?utm_medium=api&utm_source=90961c1a,"Adzuna/Stellen aus PR, Werbung & Marketing [Germany]",2026-05-30T19:43:23.190942
adzuna_de_5743298716,"Deine Chance: Datenmanagement Upskilling - SQL, Microsoft Azure & Power BI für den schnellen Wiedereinstieg",Smart Future Campus GmbH,"Schwäbisch Gmünd, Pfeilhalde",Schwäbisch Gmünd,Deutschland,48.7864441,9.8143141,,,,GBP,Full-Time,"Smart Future Campus GmbH Der Smart Future Campus ist ein wichtiger Anbieter von Weiterbildung und Qualifizierung im Bereich der IT, Industrie 4.0, KI, Unity und digitaler Transformation. Unser Fokus liegt vor allem auf innovativen Technologien wie Automatisierungstechnik, Robotik, ML aber auch Softwareentwicklung und Systemadministration. Mit praxisnahen Kursen, anerkannten Zertifikate unterstützen wir die berufliche Zukunft unserer Teilnehmer. Das lernst Du bei uns Diese 7-monatige Weiterbildu…","git, r",2026-05-28,https://www.adzuna.de/details/5743298716?utm_medium=api&utm_source=90961c1a,"Adzuna/Stellen aus PR, Werbung & Marketing [Germany]",2026-05-30T19:43:25.441800
adzuna_de_5743298704,"Deine Chance: Datenmanagement Upskilling - SQL, Microsoft Azure & Power BI für den schnellen Wiedereinstieg",Smart Future Campus GmbH,"Mussum, Bocholt",Bocholt,Deutschland,51.8130501,6.6061361,,,,GBP,Full-Time,"Smart Future Campus GmbH Der Smart Future Campus ist ein wichtiger Anbieter von Weiterbildung und Qualifizierung im Bereich der IT, Industrie 4.0, KI, Unity und digitaler Transformation. Unser Fokus liegt vor allem auf innovativen Technologien wie Automatisierungstechnik, Robotik, ML aber auch Softwareentwicklung und Systemadministration. Mit praxisnahen Kursen, anerkannten Zertifikate unterstützen wir die berufliche Zukunft unserer Teilnehmer. Das lernst Du bei uns Diese 7-monatige Weiterbildu…","git, r",2026-05-28,https://www.adzuna.de/details/5743298704?utm_medium=api&utm_source=90961c1a,"Adzuna/Stellen aus PR, Werbung & Marketing [Germany]",2026-05-30T19:43:27.286441
adzuna_de_5743298553,"Upskilling als Controller (m/w/d): Daten Management mit KI, Azure & Power BI – für den schnellen Wiedereinstieg",Smart Future Campus GmbH,"Gartlage, Osnabrück",Osnabrück,Deutschland,52.2803996,8.0591876,,,,GBP,Full-Time,"Smart Future Campus GmbH Der Smart Future Campus ist ein wichtiger Anbieter von Weiterbildung und Qualifizierung im Bereich der IT, Industrie 4.0, KI, Unity und digitaler Transformation. Unser Fokus liegt vor allem auf innovativen Technologien wie Automatisierungstechnik, Robotik, ML aber auch Softwareentwicklung und Systemadministration. Mit praxisnahen Kursen, anerkannten Zertifikate unterstützen wir die berufliche Zukunft unserer Teilnehmer. Das lernst Du bei uns Diese 7-monatige Weiterbildu…","git, r",2026-05-28,https://www.adzuna.de/details/5743298553?utm_medium=api&utm_source=90961c1a,"Adzuna/Stellen aus PR, Werbung & Marketing [Germany]",2026-05-30T19:43:29.745267
adzuna_de_5743298551,"Upskilling als Controller (m/w/d): Daten Management mit KI, Azure & Power BI – für den schnellen Wiedereinstieg",Smart Future Campus GmbH,"Gevelndorf, Lüdenscheid",Lüdenscheid,Deutschland,51.2411632,7.6169649,,,,GBP,Full-Time,"Smart Future Campus GmbH Der Smart Future Campus ist ein wichtiger Anbieter von Weiterbildung und Qualifizierung im Bereich der IT, Industrie 4.0, KI, Unity und digitaler Transformation. Unser Fokus liegt vor allem auf innovativen Technologien wie Automatisierungstechnik, Robotik, ML aber auch Softwareentwicklung und Systemadministration. Mit praxisnahen Kursen, anerkannten Zertifikate unterstützen wir die berufliche Zukunft unserer Teilnehmer. Das lernst Du bei uns Diese 7-monatige Weiterbildu…","git, r",2026-05-28,https://www.adzuna.de/details/5743298551?utm_medium=api&utm_source=90961c1a,"Adzuna/Stellen aus PR, Werbung & Marketing [Germany]",2026-05-30T19:43:32.202346
adzuna_de_5743298544,"Upskilling als Controller (m/w/d): Daten Management mit KI, Azure & Power BI – für den schnellen Wiedereinstieg",Smart Future Campus GmbH,"Innenstadt, Euskirchen",Euskirchen,Deutschland,50.653167,6.7935916,,,,GBP,Full-Time,"Smart Future Campus GmbH Der Smart Future Campus ist ein wichtiger Anbieter von Weiterbildung und Qualifizierung im Bereich der IT, Industrie 4.0, KI, Unity und digitaler Transformation. Unser Fokus liegt vor allem auf innovativen Technologien wie Automatisierungstechnik, Robotik, ML aber auch Softwareentwicklung und Systemadministration. Mit praxisnahen Kursen, anerkannten Zertifikate unterstützen wir die berufliche Zukunft unserer Teilnehmer. Das lernst Du bei uns Diese 7-monatige Weiterbildu…","git, r",2026-05-28,https://www.adzuna.de/details/5743298544?utm_medium=api&utm_source=90961c1a,"Adzuna/Stellen aus PR, Werbung & Marketing [Germany]",2026-05-30T19:43:34.456294
adzuna_de_5743298556,"Upskilling als Controller (m/w/d): Daten Management mit KI, Azure & Power BI – für den schnellen Wiedereinstieg",Smart Future Campus GmbH,"Lebenstedt, Salzgitter",Salzgitter,Deutschland,52.1533614,10.3301038,,,,GBP,Full-Time,"Smart Future Campus GmbH Der Smart Future Campus ist ein wichtiger Anbieter von Weiterbildung und Qualifizierung im Bereich der IT, Industrie 4.0, KI, Unity und digitaler Transformation. Unser Fokus liegt vor allem auf innovativen Technologien wie Automatisierungstechnik, Robotik, ML aber auch Softwareentwicklung und Systemadministration. Mit praxisnahen Kursen, anerkannten Zertifikate unterstützen wir die berufliche Zukunft unserer Teilnehmer. Das lernst Du bei uns Diese 7-monatige Weiterbildu…","git, r",2026-05-28,https://www.adzuna.de/details/5743298556?utm_medium=api&utm_source=90961c1a,"Adzuna/Stellen aus PR, Werbung & Marketing [Germany]",2026-05-30T19:43:36.298853
adzuna_de_5743298546,"Upskilling als Controller (m/w/d): Daten Management mit KI, Azure & Power BI – für den schnellen Wiedereinstieg",Smart Future Campus GmbH,"Ziehers-Nord, Fulda",Fulda,Deutschland,50.5629723,9.6957242,,,,GBP,Full-Time,"Smart Future Campus GmbH Der Smart Future Campus ist ein wichtiger Anbieter von Weiterbildung und Qualifizierung im Bereich der IT, Industrie 4.0, KI, Unity und digitaler Transformation. Unser Fokus liegt vor allem auf innovativen Technologien wie Automatisierungstechnik, Robotik, ML aber auch Softwareentwicklung und Systemadministration. Mit praxisnahen Kursen, anerkannten Zertifikate unterstützen wir die berufliche Zukunft unserer Teilnehmer. Das lernst Du bei uns Diese 7-monatige Weiterbildu…","git, r",2026-05-28,https://www.adzuna.de/details/5743298546?utm_medium=api&utm_source=90961c1a,"Adzuna/Stellen aus PR, Werbung & Marketing [Germany]",2026-05-30T19:43:38.549547
adzuna_de_5743298552,"Upskilling als Controller (m/w/d): Daten Management mit KI, Azure & Power BI – für den schnellen Wiedereinstieg",Smart Future Campus GmbH,"Aminghausen, Minden",Minden,Deutschland,52.3117364,8.9534417,,,,GBP,Full-Time,"Smart Future Campus GmbH Der Smart Future Campus ist ein wichtiger Anbieter von Weiterbildung und Qualifizierung im Bereich der IT, Industrie 4.0, KI, Unity und digitaler Transformation. Unser Fokus liegt vor allem auf innovativen Technologien wie Automatisierungstechnik, Robotik, ML aber auch Softwareentwicklung und Systemadministration. Mit praxisnahen Kursen, anerkannten Zertifikate unterstützen wir die berufliche Zukunft unserer Teilnehmer. Das lernst Du bei uns Diese 7-monatige Weiterbildu…","git, r",2026-05-28,https://www.adzuna.de/details/5743298552?utm_medium=api&utm_source=90961c1a,"Adzuna/Stellen aus PR, Werbung & Marketing [Germany]",2026-05-30T19:43:40.564892
adzuna_de_5743298558,"Upskilling als Controller (m/w/d): Daten Management mit KI, Azure & Power BI – für den schnellen Wiedereinstieg",Smart Future Campus GmbH,"Villingen, Villingen-Schwenningen",Villingen-Schwenningen,Deutschland,48.0596619,8.4598995,,,,GBP,Full-Time,"Smart Future Campus GmbH Der Smart Future Campus ist ein wichtiger Anbieter von Weiterbildung und Qualifizierung im Bereich der IT, Industrie 4.0, KI, Unity und digitaler Transformation. Unser Fokus liegt vor allem auf innovativen Technologien wie Automatisierungstechnik, Robotik, ML aber auch Softwareentwicklung und Systemadministration. Mit praxisnahen Kursen, anerkannten Zertifikate unterstützen wir die berufliche Zukunft unserer Teilnehmer. Das lernst Du bei uns Diese 7-monatige Weiterbildu…","git, r",2026-05-28,https://www.adzuna.de/details/5743298558?utm_medium=api&utm_source=90961c1a,"Adzuna/Stellen aus PR, Werbung & Marketing [Germany]",2026-05-30T19:43:42.586316
adzuna_de_5743298540,"Upskilling als Controller (m/w/d): Daten Management mit KI, Azure & Power BI – für den schnellen Wiedereinstieg",Smart Future Campus GmbH,"Bergkamen, Unna (Kreis)",Bergkamen,Deutschland,51.6149389,7.6362876,,,,GBP,Full-Time,"Smart Future Campus GmbH Der Smart Future Campus ist ein wichtiger Anbieter von Weiterbildung und Qualifizierung im Bereich der IT, Industrie 4.0, KI, Unity und digitaler Transformation. Unser Fokus liegt vor allem auf innovativen Technologien wie Automatisierungstechnik, Robotik, ML aber auch Softwareentwicklung und Systemadministration. Mit praxisnahen Kursen, anerkannten Zertifikate unterstützen wir die berufliche Zukunft unserer Teilnehmer. Das lernst Du bei uns Diese 7-monatige Weiterbildu…","git, r",2026-05-28,https://www.adzuna.de/details/5743298540?utm_medium=api&utm_source=90961c1a,"Adzuna/Stellen aus PR, Werbung & Marketing [Germany]",2026-05-30T19:43:46.126072
adzuna_de_5743298541,"Upskilling als Controller (m/w/d): Daten Management mit KI, Azure & Power BI – für den schnellen Wiedereinstieg",Smart Future Campus GmbH,"Innenstadt, Braunschweig",Braunschweig,Deutschland,52.265746,10.5219448,,,,GBP,Full-Time,"Smart Future Campus GmbH Der Smart Future Campus ist ein wichtiger Anbieter von Weiterbildung und Qualifizierung im Bereich der IT, Industrie 4.0, KI, Unity und digitaler Transformation. Unser Fokus liegt vor allem auf innovativen Technologien wie Automatisierungstechnik, Robotik, ML aber auch Softwareentwicklung und Systemadministration. Mit praxisnahen Kursen, anerkannten Zertifikate unterstützen wir die berufliche Zukunft unserer Teilnehmer. Das lernst Du bei uns Diese 7-monatige Weiterbildu…","git, r",2026-05-28,https://www.adzuna.de/details/5743298541?utm_medium=api&utm_source=90961c1a,"Adzuna/Stellen aus PR, Werbung & Marketing [Germany]",2026-05-30T19:43:48.187443
adzuna_de_5743298554,"Upskilling als Controller (m/w/d): Daten Management mit KI, Azure & Power BI – für den schnellen Wiedereinstieg",Smart Future Campus GmbH,"Stadtmitte, Recklinghausen",Datteln,Deutschland,51.6567184,7.3438368,,,,GBP,Full-Time,"Smart Future Campus GmbH Der Smart Future Campus ist ein wichtiger Anbieter von Weiterbildung und Qualifizierung im Bereich der IT, Industrie 4.0, KI, Unity und digitaler Transformation. Unser Fokus liegt vor allem auf innovativen Technologien wie Automatisierungstechnik, Robotik, ML aber auch Softwareentwicklung und Systemadministration. Mit praxisnahen Kursen, anerkannten Zertifikate unterstützen wir die berufliche Zukunft unserer Teilnehmer. Das lernst Du bei uns Diese 7-monatige Weiterbildu…","git, r",2026-05-28,https://www.adzuna.de/details/5743298554?utm_medium=api&utm_source=90961c1a,"Adzuna/Stellen aus PR, Werbung & Marketing [Germany]",2026-05-30T19:43:50.048558
adzuna_de_5743298547,"Upskilling als Controller (m/w/d): Daten Management mit KI, Azure & Power BI – für den schnellen Wiedereinstieg",Smart Future Campus GmbH,"Neustadt, Hildesheim",Hildesheim,Deutschland,52.1474352,9.9567883,,,,GBP,Full-Time,"Smart Future Campus GmbH Der Smart Future Campus ist ein wichtiger Anbieter von Weiterbildung und Qualifizierung im Bereich der IT, Industrie 4.0, KI, Unity und digitaler Transformation. Unser Fokus liegt vor allem auf innovativen Technologien wie Automatisierungstechnik, Robotik, ML aber auch Softwareentwicklung und Systemadministration. Mit praxisnahen Kursen, anerkannten Zertifikate unterstützen wir die berufliche Zukunft unserer Teilnehmer. Das lernst Du bei uns Diese 7-monatige Weiterbildu…","git, r",2026-05-28,https://www.adzuna.de/details/5743298547?utm_medium=api&utm_source=90961c1a,"Adzuna/Stellen aus PR, Werbung & Marketing [Germany]",2026-05-30T19:43:52.197616
adzuna_de_5743298545,"Upskilling als Controller (m/w/d): Daten Management mit KI, Azure & Power BI – für den schnellen Wiedereinstieg",Smart Future Campus GmbH,"Gronau, Borken (Kreis)",Gronau,Deutschland,52.2085731,7.0264443,,,,GBP,Full-Time,"Smart Future Campus GmbH Der Smart Future Campus ist ein wichtiger Anbieter von Weiterbildung und Qualifizierung im Bereich der IT, Industrie 4.0, KI, Unity und digitaler Transformation. Unser Fokus liegt vor allem auf innovativen Technologien wie Automatisierungstechnik, Robotik, ML aber auch Softwareentwicklung und Systemadministration. Mit praxisnahen Kursen, anerkannten Zertifikate unterstützen wir die berufliche Zukunft unserer Teilnehmer. Das lernst Du bei uns Diese 7-monatige Weiterbildu…","git, r",2026-05-28,https://www.adzuna.de/details/5743298545?utm_medium=api&utm_source=90961c1a,"Adzuna/Stellen aus PR, Werbung & Marketing [Germany]",2026-05-30T19:43:54.526438
adzuna_de_5743298542,"Upskilling als Controller (m/w/d): Daten Management mit KI, Azure & Power BI – für den schnellen Wiedereinstieg",Smart Future Campus GmbH,"Gürzenich, Düren",Düren,Deutschland,50.7932561,6.4478488,,,,GBP,Full-Time,"Smart Future Campus GmbH Der Smart Future Campus ist ein wichtiger Anbieter von Weiterbildung und Qualifizierung im Bereich der IT, Industrie 4.0, KI, Unity und digitaler Transformation. Unser Fokus liegt vor allem auf innovativen Technologien wie Automatisierungstechnik, Robotik, ML aber auch Softwareentwicklung und Systemadministration. Mit praxisnahen Kursen, anerkannten Zertifikate unterstützen wir die berufliche Zukunft unserer Teilnehmer. Das lernst Du bei uns Diese 7-monatige Weiterbildu…","git, r",2026-05-28,https://www.adzuna.de/details/5743298542?utm_medium=api&utm_source=90961c1a,"Adzuna/Stellen aus PR, Werbung & Marketing [Germany]",2026-05-30T19:43:56.368466
adzuna_de_5743298550,"Upskilling als Controller (m/w/d): Daten Management mit KI, Azure & Power BI – für den schnellen Wiedereinstieg",Smart Future Campus GmbH,"Bult, Hannover",Hannover,Deutschland,52.3636842,9.7720341,,,,GBP,Full-Time,"Smart Future Campus GmbH Der Smart Future Campus ist ein wichtiger Anbieter von Weiterbildung und Qualifizierung im Bereich der IT, Industrie 4.0, KI, Unity und digitaler Transformation. Unser Fokus liegt vor allem auf innovativen Technologien wie Automatisierungstechnik, Robotik, ML aber auch Softwareentwicklung und Systemadministration. Mit praxisnahen Kursen, anerkannten Zertifikate unterstützen wir die berufliche Zukunft unserer Teilnehmer. Das lernst Du bei uns Diese 7-monatige Weiterbildu…","git, r",2026-05-28,https://www.adzuna.de/details/5743298550?utm_medium=api&utm_source=90961c1a,"Adzuna/Stellen aus PR, Werbung & Marketing [Germany]",2026-05-30T19:43:59.393564
adzuna_de_5743298549,"Upskilling als Controller (m/w/d): Daten Management mit KI, Azure & Power BI – für den schnellen Wiedereinstieg",Smart Future Campus GmbH,"Bühl, Kempten (Allgäu)",Kempten (Allgäu),Deutschland,47.74124,10.3275775,,,,GBP,Full-Time,"Smart Future Campus GmbH Der Smart Future Campus ist ein wichtiger Anbieter von Weiterbildung und Qualifizierung im Bereich der IT, Industrie 4.0, KI, Unity und digitaler Transformation. Unser Fokus liegt vor allem auf innovativen Technologien wie Automatisierungstechnik, Robotik, ML aber auch Softwareentwicklung und Systemadministration. Mit praxisnahen Kursen, anerkannten Zertifikate unterstützen wir die berufliche Zukunft unserer Teilnehmer. Das lernst Du bei uns Diese 7-monatige Weiterbildu…","git, r",2026-05-28,https://www.adzuna.de/details/5743298549?utm_medium=api&utm_source=90961c1a,"Adzuna/Stellen aus PR, Werbung & Marketing [Germany]",2026-05-30T19:44:02.103124
adzuna_de_5743298539,"Upskilling als Controller (m/w/d): Daten Management mit KI, Azure & Power BI – für den schnellen Wiedereinstieg",Smart Future Campus GmbH,"Wennigloh, Arnsberg",Arnsberg,Deutschland,51.3834304,8.0207323,,,,GBP,Full-Time,"Smart Future Campus GmbH Der Smart Future Campus ist ein wichtiger Anbieter von Weiterbildung und Qualifizierung im Bereich der IT, Industrie 4.0, KI, Unity und digitaler Transformation. Unser Fokus liegt vor allem auf innovativen Technologien wie Automatisierungstechnik, Robotik, ML aber auch Softwareentwicklung und Systemadministration. Mit praxisnahen Kursen, anerkannten Zertifikate unterstützen wir die berufliche Zukunft unserer Teilnehmer. Das lernst Du bei uns Diese 7-monatige Weiterbildu…","git, r",2026-05-28,https://www.adzuna.de/details/5743298539?utm_medium=api&utm_source=90961c1a,"Adzuna/Stellen aus PR, Werbung & Marketing [Germany]",2026-05-30T19:44:04.969784
adzuna_de_5743298557,"Upskilling als Controller (m/w/d): Daten Management mit KI, Azure & Power BI – für den schnellen Wiedereinstieg",Smart Future Campus GmbH,"Hagen, Stade",Stade,Deutschland,53.5525066,9.4551222,,,,GBP,Full-Time,"Smart Future Campus GmbH Der Smart Future Campus ist ein wichtiger Anbieter von Weiterbildung und Qualifizierung im Bereich der IT, Industrie 4.0, KI, Unity und digitaler Transformation. Unser Fokus liegt vor allem auf innovativen Technologien wie Automatisierungstechnik, Robotik, ML aber auch Softwareentwicklung und Systemadministration. Mit praxisnahen Kursen, anerkannten Zertifikate unterstützen wir die berufliche Zukunft unserer Teilnehmer. Das lernst Du bei uns Diese 7-monatige Weiterbildu…","git, r",2026-05-28,https://www.adzuna.de/details/5743298557?utm_medium=api&utm_source=90961c1a,"Adzuna/Stellen aus PR, Werbung & Marketing [Germany]",2026-05-30T19:44:10.704606
adzuna_de_5743298548,"Upskilling als Controller (m/w/d): Daten Management mit KI, Azure & Power BI – für den schnellen Wiedereinstieg",Smart Future Campus GmbH,"Alt-Langenhagen, Langenhagen",Langenhagen,Deutschland,52.4461755,9.6464756,,,,GBP,Full-Time,"Smart Future Campus GmbH Der Smart Future Campus ist ein wichtiger Anbieter von Weiterbildung und Qualifizierung im Bereich der IT, Industrie 4.0, KI, Unity und digitaler Transformation. Unser Fokus liegt vor allem auf innovativen Technologien wie Automatisierungstechnik, Robotik, ML aber auch Softwareentwicklung und Systemadministration. Mit praxisnahen Kursen, anerkannten Zertifikate unterstützen wir die berufliche Zukunft unserer Teilnehmer. Das lernst Du bei uns Diese 7-monatige Weiterbildu…","git, r",2026-05-28,https://www.adzuna.de/details/5743298548?utm_medium=api&utm_source=90961c1a,"Adzuna/Stellen aus PR, Werbung & Marketing [Germany]",2026-05-30T19:44:13.019456
adzuna_de_5743298555,"Upskilling als Controller (m/w/d): Daten Management mit KI, Azure & Power BI – für den schnellen Wiedereinstieg",Smart Future Campus GmbH,"Haardt, Neustadt an der Weinstraße",Neustadt an der Weinstraße,Deutschland,49.3697722,8.1434276,,,,GBP,Full-Time,"Smart Future Campus GmbH Der Smart Future Campus ist ein wichtiger Anbieter von Weiterbildung und Qualifizierung im Bereich der IT, Industrie 4.0, KI, Unity und digitaler Transformation. Unser Fokus liegt vor allem auf innovativen Technologien wie Automatisierungstechnik, Robotik, ML aber auch Softwareentwicklung und Systemadministration. Mit praxisnahen Kursen, anerkannten Zertifikate unterstützen wir die berufliche Zukunft unserer Teilnehmer. Das lernst Du bei uns Diese 7-monatige Weiterbildu…","git, r",2026-05-28,https://www.adzuna.de/details/5743298555?utm_medium=api&utm_source=90961c1a,"Adzuna/Stellen aus PR, Werbung & Marketing [Germany]",2026-05-30T19:44:15.418489
adzuna_de_5743277871,Data Analyst (m/w/d),SPORT 2000 International GmbH,"Offenbach am Main, Hessen",Offenbach am Main,Deutschland,50.1055002,8.7610698,,,,GBP,Full-Time,"Wir suchen dich als Data Analyst (m/w/d) am Standort Mainhausen (hybrid), um den internationalen SPORT 2000 Verbund mit datengetriebenen Insights, modernen Analytics-Systemen und hochwertiger Datenqualität zu stärken. Deine Benefits: ✓ Hybrides Arbeiten im 60/40‑Modell ✓ Flexible und eigenverantwortliche Arbeitszeitgestaltung ✓ Individuelle Weiterbildungen & maßgeschneiderte Förderprogramme ✓ Flache Hierarchien & kurze Entscheidungswege ✓ Modernes IT‑Set‑up (SAS VIYA, Power BI, Cloud-Tools) ✓ J…","power bi, r",2026-05-28,https://www.adzuna.de/land/ad/5743277871?se=zOgKw19c8RGbGvW-bcCcHA&utm_medium=api&utm_source=90961c1a&v=3C0A96168B50441956632E6D1ABD77BD5DC7F8DA,Adzuna/Stellen aus Gastronomie & Catering [Germany],2026-05-30T19:44:17.876675
adzuna_de_5743197580,Data Engineer,XFactor Jobs in Europe,"Frankfurt am Main, Hessen",Frankfurt am Main,Deutschland,50.1106444,8.6820917,,,,GBP,Full-Time,"We are noticing many open positions in Europe with SPA Technical / Techno-Functional skills. Are you open to an international career and considering relocating to Europe? Share your CV and connect with us. About the Role We are seeking a skilled and driven Data Engineer to join a high-growth international team based in Europe. In this role, you will design, build, and maintain robust data pipelines and infrastructure that power business intelligence and advanced analytics. You will work closely…","r, ui",2026-05-28,https://www.adzuna.de/details/5743197580?utm_medium=api&utm_source=90961c1a,Adzuna/Unknown [Germany],2026-05-30T19:44:20.332633
adzuna_de_5743190134,"(Junior) Data Analyst Campaigning (w/m/d) - Business Analysis, Datenbankentwicklung/BI, Ingenieur",freenet,"Hamburg, Deutschland",Hamburg,Deutschland,53.5501721,10.0013165,,,,GBP,Full-Time," Das erwartet dich Der Bereich Data & AI entwickelt auf einer skalierenden AWS-Infrastruktur datengetriebene Services mit signifikantem Business Impact. Dafür arbeiten Platform Engineers, Data Engineers, Data Analysts und Data Scientists an leading-edge Technologien, um Fachbereichen ML- und AI-getriebene Lösungen zur Verfügung zu stellen. In dem Kontext der Stelle wird in diesem Umfeld der Bereich des Kampagnenmanagements optimiert.  Deine Aufgaben - In unserer Abteilung Data Analytics & Campa…","aws, r",2026-05-28,https://www.adzuna.de/details/5743190134?utm_medium=api&utm_source=90961c1a,Adzuna/Stellen für Hochschulabsolventen [Germany],2026-05-30T19:44:20.332916
adzuna_de_5743022718,(Senior) Data Analyst (m/f/d),StepStone Group,"Düsseldorf, Nordrhein-Westfalen",Düsseldorf,Deutschland,51.2254018,6.7763137,,,,GBP,Full-Time,"Job Description This role sits at the intersection of analytics engineering and SEO strategy. You'll spend as much time designing data models as you do interpreting experiments and debugging tracking issues. What You'll Do Own SEO data pipelines end-to-end. Design, build, and maintain automated pipelines that power all SEO analytics, from ingestion through transformation to dashboarding. Build internal linking optimization models. Develop end-to-end data models using Glue and Python to optimize…","python, r, ui",2026-05-28,https://www.adzuna.de/details/5743022718?utm_medium=api&utm_source=90961c1a,Adzuna/Sonstige/Allgemeine Stellen [Germany],2026-05-30T19:44:20.333146
adzuna_de_5743022460,Data Operations Specialist,Sportradar,"Leipzig, Leipzig (Kreis)",,,,,,,,GBP,Full-Time,"Job Description Content Operations is the backbone of Sportradar's content ecosystem, responsible for the full lifecycle of sports data and audiovisual content. Our dedicated teams span content creation, pre-match planning, live event execution, data collection, audio visual production and quality assurance, ensuring every stage is delivered seamlessly and to the highest standard. We’re hiring an Data Operations Specialist to support our Content Operations teams in executing strategies, coordin…",r,2026-05-28,https://www.adzuna.de/details/5743022460?utm_medium=api&utm_source=90961c1a,Adzuna/Technikerstellen [Germany],2026-05-30T19:44:22.381198
adzuna_de_5742828607,Projektmanager – Data Analytics / Data Science (m/w/d),Alpha-Engineering KG,"München, München (Kreis)",München,Deutschland,48.134752,11.6585715,,,,GBP,Full-Time,"Dein neuer Job im Bereich Engineering, IT & Office Werde jetzt Teil eines starken Teams! Wir suchen ab sofort in München eine/n Projektmanager – Data Analytics / Data Science (m/w/d). € 47.000 - € 57.000 p.a. bei 35h pro Woche Profil - Mehrjährige Berufserfahrung im Projektmanagement, idealerweise im Data-/Analytics-Umfeld - Fundiertes Verständnis von Data-Science-Methoden (konzeptionell) - Erfahrung mit interdisziplinären, datengetriebenen Projekten - Kenntnisse agiler und klassischer Projektm…","agile, r",2026-05-28,https://www.adzuna.de/details/5742828607?utm_medium=api&utm_source=90961c1a,Adzuna/Unknown [Germany],2026-05-30T19:44:22.381457
adzuna_de_5742448304,"Referent der Geschäftsführung (m/w/d): Datenanalyse für Unternehmenssteuerung & Reporting mit SQL, Azure & Power BI",Smart Future Campus GmbH,"Rosenheim, Rosenheim (Kreis)",Raubling,Deutschland,47.7846623,12.1015712,,,,GBP,Full-Time,"Smart Future Campus GmbH Der Smart Future Campus ist ein wichtiger Anbieter von Weiterbildung und Qualifizierung im Bereich der IT, Industrie 4.0, KI, Unity und digitaler Transformation. Unser Fokus liegt vor allem auf innovativen Technologien wie Automatisierungstechnik, Robotik, ML aber auch Softwareentwicklung und Systemadministration. Mit praxisnahen Kursen, anerkannten Zertifikate unterstützen wir die berufliche Zukunft unserer Teilnehmer. Das lernst Du bei uns Diese 7-monatige Weiterbildu…","git, r",2026-05-27,https://www.adzuna.de/details/5742448304?utm_medium=api&utm_source=90961c1a,Adzuna/Unknown [Germany],2026-05-30T19:44:22.381694
adzuna_de_5742448306,"Referent der Geschäftsführung (m/w/d): Datenanalyse für Unternehmenssteuerung & Reporting mit SQL, Azure & Power BI",Smart Future Campus GmbH,"Potsdam, Brandenburg",Potsdam,Deutschland,52.4009309,13.0591397,,,,GBP,Full-Time,"Smart Future Campus GmbH Der Smart Future Campus ist ein wichtiger Anbieter von Weiterbildung und Qualifizierung im Bereich der IT, Industrie 4.0, KI, Unity und digitaler Transformation. Unser Fokus liegt vor allem auf innovativen Technologien wie Automatisierungstechnik, Robotik, ML aber auch Softwareentwicklung und Systemadministration. Mit praxisnahen Kursen, anerkannten Zertifikate unterstützen wir die berufliche Zukunft unserer Teilnehmer. Das lernst Du bei uns Diese 7-monatige Weiterbildu…","git, r",2026-05-27,https://www.adzuna.de/details/5742448306?utm_medium=api&utm_source=90961c1a,Adzuna/Unknown [Germany],2026-05-30T19:44:24.634529
adzuna_de_5742448292,"Referent der Geschäftsführung (m/w/d): Datenanalyse für Unternehmenssteuerung & Reporting mit SQL, Azure & Power BI",Smart Future Campus GmbH,"Castrop-Rauxel, Recklinghausen (Kreis)",Castrop-Rauxel,Deutschland,51.5646195,7.3106175,,,,GBP,Full-Time,"Smart Future Campus GmbH Der Smart Future Campus ist ein wichtiger Anbieter von Weiterbildung und Qualifizierung im Bereich der IT, Industrie 4.0, KI, Unity und digitaler Transformation. Unser Fokus liegt vor allem auf innovativen Technologien wie Automatisierungstechnik, Robotik, ML aber auch Softwareentwicklung und Systemadministration. Mit praxisnahen Kursen, anerkannten Zertifikate unterstützen wir die berufliche Zukunft unserer Teilnehmer. Das lernst Du bei uns Diese 7-monatige Weiterbildu…","git, r",2026-05-27,https://www.adzuna.de/details/5742448292?utm_medium=api&utm_source=90961c1a,Adzuna/Unknown [Germany],2026-05-30T19:44:26.682109
adzuna_de_5742448302,"Referent der Geschäftsführung (m/w/d): Datenanalyse für Unternehmenssteuerung & Reporting mit SQL, Azure & Power BI",Smart Future Campus GmbH,"Ludwigsburg, Ludwigsburg (Kreis)",Waabs,Deutschland,54.511466,9.925302,,,,GBP,Full-Time,"Smart Future Campus GmbH Der Smart Future Campus ist ein wichtiger Anbieter von Weiterbildung und Qualifizierung im Bereich der IT, Industrie 4.0, KI, Unity und digitaler Transformation. Unser Fokus liegt vor allem auf innovativen Technologien wie Automatisierungstechnik, Robotik, ML aber auch Softwareentwicklung und Systemadministration. Mit praxisnahen Kursen, anerkannten Zertifikate unterstützen wir die berufliche Zukunft unserer Teilnehmer. Das lernst Du bei uns Diese 7-monatige Weiterbildu…","git, r",2026-05-27,https://www.adzuna.de/details/5742448302?utm_medium=api&utm_source=90961c1a,Adzuna/Unknown [Germany],2026-05-30T19:44:28.849756
adzuna_de_5742448303,"Referent der Geschäftsführung (m/w/d): Datenanalyse für Unternehmenssteuerung & Reporting mit SQL, Azure & Power BI",Smart Future Campus GmbH,"Oberursel (Taunus), Hochtaunuskreis",Oberursel (Taunus),Deutschland,50.2032927,8.5833676,,,,GBP,Full-Time,"Smart Future Campus GmbH Der Smart Future Campus ist ein wichtiger Anbieter von Weiterbildung und Qualifizierung im Bereich der IT, Industrie 4.0, KI, Unity und digitaler Transformation. Unser Fokus liegt vor allem auf innovativen Technologien wie Automatisierungstechnik, Robotik, ML aber auch Softwareentwicklung und Systemadministration. Mit praxisnahen Kursen, anerkannten Zertifikate unterstützen wir die berufliche Zukunft unserer Teilnehmer. Das lernst Du bei uns Diese 7-monatige Weiterbildu…","git, r",2026-05-27,https://www.adzuna.de/details/5742448303?utm_medium=api&utm_source=90961c1a,Adzuna/Unknown [Germany],2026-05-30T19:44:31.114590
adzuna_de_5742448297,"Referent der Geschäftsführung (m/w/d): Datenanalyse für Unternehmenssteuerung & Reporting mit SQL, Azure & Power BI",Smart Future Campus GmbH,"Herford, Herford (Kreis)",Herford-Stadt,Deutschland,52.1152245,8.6711118,,,,GBP,Full-Time,"Smart Future Campus GmbH Der Smart Future Campus ist ein wichtiger Anbieter von Weiterbildung und Qualifizierung im Bereich der IT, Industrie 4.0, KI, Unity und digitaler Transformation. Unser Fokus liegt vor allem auf innovativen Technologien wie Automatisierungstechnik, Robotik, ML aber auch Softwareentwicklung und Systemadministration. Mit praxisnahen Kursen, anerkannten Zertifikate unterstützen wir die berufliche Zukunft unserer Teilnehmer. Das lernst Du bei uns Diese 7-monatige Weiterbildu…","git, r",2026-05-27,https://www.adzuna.de/details/5742448297?utm_medium=api&utm_source=90961c1a,Adzuna/Unknown [Germany],2026-05-30T19:44:33.440160
adzuna_de_5742448291,"Referent der Geschäftsführung (m/w/d): Datenanalyse für Unternehmenssteuerung & Reporting mit SQL, Azure & Power BI",Smart Future Campus GmbH,"Baden-Baden, Baden-Württemberg",Baden-Baden,Deutschland,48.7610716,8.239959,,,,GBP,Full-Time,"Smart Future Campus GmbH Der Smart Future Campus ist ein wichtiger Anbieter von Weiterbildung und Qualifizierung im Bereich der IT, Industrie 4.0, KI, Unity und digitaler Transformation. Unser Fokus liegt vor allem auf innovativen Technologien wie Automatisierungstechnik, Robotik, ML aber auch Softwareentwicklung und Systemadministration. Mit praxisnahen Kursen, anerkannten Zertifikate unterstützen wir die berufliche Zukunft unserer Teilnehmer. Das lernst Du bei uns Diese 7-monatige Weiterbildu…","git, r",2026-05-27,https://www.adzuna.de/details/5742448291?utm_medium=api&utm_source=90961c1a,Adzuna/Unknown [Germany],2026-05-30T19:44:35.280470
adzuna_de_5742448298,"Referent der Geschäftsführung (m/w/d): Datenanalyse für Unternehmenssteuerung & Reporting mit SQL, Azure & Power BI",Smart Future Campus GmbH,"Gladbeck, Recklinghausen (Kreis)",Gladbeck,Deutschland,51.5718665,6.9877343,,,,GBP,Full-Time,"Smart Future Campus GmbH Der Smart Future Campus ist ein wichtiger Anbieter von Weiterbildung und Qualifizierung im Bereich der IT, Industrie 4.0, KI, Unity und digitaler Transformation. Unser Fokus liegt vor allem auf innovativen Technologien wie Automatisierungstechnik, Robotik, ML aber auch Softwareentwicklung und Systemadministration. Mit praxisnahen Kursen, anerkannten Zertifikate unterstützen wir die berufliche Zukunft unserer Teilnehmer. Das lernst Du bei uns Diese 7-monatige Weiterbildu…","git, r",2026-05-27,https://www.adzuna.de/details/5742448298?utm_medium=api&utm_source=90961c1a,Adzuna/Unknown [Germany],2026-05-30T19:44:37.328550
adzuna_de_5742448305,"Referent der Geschäftsführung (m/w/d): Datenanalyse für Unternehmenssteuerung & Reporting mit SQL, Azure & Power BI",Smart Future Campus GmbH,"Neubrandenburg, Mecklenburgische Seenplatte (Kreis)",,,,,,,,GBP,Full-Time,"Smart Future Campus GmbH Der Smart Future Campus ist ein wichtiger Anbieter von Weiterbildung und Qualifizierung im Bereich der IT, Industrie 4.0, KI, Unity und digitaler Transformation. Unser Fokus liegt vor allem auf innovativen Technologien wie Automatisierungstechnik, Robotik, ML aber auch Softwareentwicklung und Systemadministration. Mit praxisnahen Kursen, anerkannten Zertifikate unterstützen wir die berufliche Zukunft unserer Teilnehmer. Das lernst Du bei uns Diese 7-monatige Weiterbildu…","git, r",2026-05-27,https://www.adzuna.de/details/5742448305?utm_medium=api&utm_source=90961c1a,Adzuna/Unknown [Germany],2026-05-30T19:44:39.405072
adzuna_de_5742448299,"Referent der Geschäftsführung (m/w/d): Datenanalyse für Unternehmenssteuerung & Reporting mit SQL, Azure & Power BI",Smart Future Campus GmbH,"Kaarst, Rhein-Kreis Neuss",Kaarst,Deutschland,51.226675,6.6193924,,,,GBP,Full-Time,"Smart Future Campus GmbH Der Smart Future Campus ist ein wichtiger Anbieter von Weiterbildung und Qualifizierung im Bereich der IT, Industrie 4.0, KI, Unity und digitaler Transformation. Unser Fokus liegt vor allem auf innovativen Technologien wie Automatisierungstechnik, Robotik, ML aber auch Softwareentwicklung und Systemadministration. Mit praxisnahen Kursen, anerkannten Zertifikate unterstützen wir die berufliche Zukunft unserer Teilnehmer. Das lernst Du bei uns Diese 7-monatige Weiterbildu…","git, r",2026-05-27,https://www.adzuna.de/details/5742448299?utm_medium=api&utm_source=90961c1a,Adzuna/Unknown [Germany],2026-05-30T19:44:40.529003
adzuna_de_5742448312,"Referent der Geschäftsführung (m/w/d): Datenanalyse für Unternehmenssteuerung & Reporting mit SQL, Azure & Power BI",Smart Future Campus GmbH,"Tübingen, Tübingen (Kreis)",Tübingen,Deutschland,48.522188,9.0592007,,,,GBP,Full-Time,"Smart Future Campus GmbH Der Smart Future Campus ist ein wichtiger Anbieter von Weiterbildung und Qualifizierung im Bereich der IT, Industrie 4.0, KI, Unity und digitaler Transformation. Unser Fokus liegt vor allem auf innovativen Technologien wie Automatisierungstechnik, Robotik, ML aber auch Softwareentwicklung und Systemadministration. Mit praxisnahen Kursen, anerkannten Zertifikate unterstützen wir die berufliche Zukunft unserer Teilnehmer. Das lernst Du bei uns Diese 7-monatige Weiterbildu…","git, r",2026-05-27,https://www.adzuna.de/details/5742448312?utm_medium=api&utm_source=90961c1a,Adzuna/Unknown [Germany],2026-05-30T19:44:42.449147
adzuna_de_5742448290,"Referent der Geschäftsführung (m/w/d): Datenanalyse für Unternehmenssteuerung & Reporting mit SQL, Azure & Power BI",Smart Future Campus GmbH,"Bonn, Nordrhein-Westfalen",Bonn,Deutschland,50.7352621,7.1024635,,,,GBP,Full-Time,"Smart Future Campus GmbH Der Smart Future Campus ist ein wichtiger Anbieter von Weiterbildung und Qualifizierung im Bereich der IT, Industrie 4.0, KI, Unity und digitaler Transformation. Unser Fokus liegt vor allem auf innovativen Technologien wie Automatisierungstechnik, Robotik, ML aber auch Softwareentwicklung und Systemadministration. Mit praxisnahen Kursen, anerkannten Zertifikate unterstützen wir die berufliche Zukunft unserer Teilnehmer. Das lernst Du bei uns Diese 7-monatige Weiterbildu…","git, r",2026-05-27,https://www.adzuna.de/details/5742448290?utm_medium=api&utm_source=90961c1a,Adzuna/Unknown [Germany],2026-05-30T19:44:44.701325
adzuna_de_5742448295,"Referent der Geschäftsführung (m/w/d): Datenanalyse für Unternehmenssteuerung & Reporting mit SQL, Azure & Power BI",Smart Future Campus GmbH,"Frankfurt am Main, Hessen",Frankfurt am Main,Deutschland,50.1106444,8.6820917,,,,GBP,Full-Time,"Smart Future Campus GmbH Der Smart Future Campus ist ein wichtiger Anbieter von Weiterbildung und Qualifizierung im Bereich der IT, Industrie 4.0, KI, Unity und digitaler Transformation. Unser Fokus liegt vor allem auf innovativen Technologien wie Automatisierungstechnik, Robotik, ML aber auch Softwareentwicklung und Systemadministration. Mit praxisnahen Kursen, anerkannten Zertifikate unterstützen wir die berufliche Zukunft unserer Teilnehmer. Das lernst Du bei uns Diese 7-monatige Weiterbildu…","git, r",2026-05-27,https://www.adzuna.de/details/5742448295?utm_medium=api&utm_source=90961c1a,Adzuna/Unknown [Germany],2026-05-30T19:44:48.473097
adzuna_de_5742448309,"Referent der Geschäftsführung (m/w/d): Datenanalyse für Unternehmenssteuerung & Reporting mit SQL, Azure & Power BI",Smart Future Campus GmbH,"Wilhelmshaven, Niedersachsen",Wilhelmshaven,Deutschland,53.5278793,8.106301,,,,GBP,Full-Time,"Smart Future Campus GmbH Der Smart Future Campus ist ein wichtiger Anbieter von Weiterbildung und Qualifizierung im Bereich der IT, Industrie 4.0, KI, Unity und digitaler Transformation. Unser Fokus liegt vor allem auf innovativen Technologien wie Automatisierungstechnik, Robotik, ML aber auch Softwareentwicklung und Systemadministration. Mit praxisnahen Kursen, anerkannten Zertifikate unterstützen wir die berufliche Zukunft unserer Teilnehmer. Das lernst Du bei uns Diese 7-monatige Weiterbildu…","git, r",2026-05-27,https://www.adzuna.de/details/5742448309?utm_medium=api&utm_source=90961c1a,Adzuna/Unknown [Germany],2026-05-30T19:44:48.473352
adzuna_de_5742448307,"Referent der Geschäftsführung (m/w/d): Datenanalyse für Unternehmenssteuerung & Reporting mit SQL, Azure & Power BI",Smart Future Campus GmbH,"Sindelfingen, Böblingen (Kreis)",,,,,,,,GBP,Full-Time,"Smart Future Campus GmbH Der Smart Future Campus ist ein wichtiger Anbieter von Weiterbildung und Qualifizierung im Bereich der IT, Industrie 4.0, KI, Unity und digitaler Transformation. Unser Fokus liegt vor allem auf innovativen Technologien wie Automatisierungstechnik, Robotik, ML aber auch Softwareentwicklung und Systemadministration. Mit praxisnahen Kursen, anerkannten Zertifikate unterstützen wir die berufliche Zukunft unserer Teilnehmer. Das lernst Du bei uns Diese 7-monatige Weiterbildu…","git, r",2026-05-27,https://www.adzuna.de/details/5742448307?utm_medium=api&utm_source=90961c1a,Adzuna/Unknown [Germany],2026-05-30T19:44:50.193593
adzuna_de_5742448296,"Referent der Geschäftsführung (m/w/d): Datenanalyse für Unternehmenssteuerung & Reporting mit SQL, Azure & Power BI",Smart Future Campus GmbH,"Halle (Saale), Sachsen-Anhalt",Halle (Saale),Deutschland,51.4824354,11.9712985,,,,GBP,Full-Time,"Smart Future Campus GmbH Der Smart Future Campus ist ein wichtiger Anbieter von Weiterbildung und Qualifizierung im Bereich der IT, Industrie 4.0, KI, Unity und digitaler Transformation. Unser Fokus liegt vor allem auf innovativen Technologien wie Automatisierungstechnik, Robotik, ML aber auch Softwareentwicklung und Systemadministration. Mit praxisnahen Kursen, anerkannten Zertifikate unterstützen wir die berufliche Zukunft unserer Teilnehmer. Das lernst Du bei uns Diese 7-monatige Weiterbildu…","git, r",2026-05-27,https://www.adzuna.de/details/5742448296?utm_medium=api&utm_source=90961c1a,Adzuna/Unknown [Germany],2026-05-30T19:44:51.383137
adzuna_de_5742448293,"Referent der Geschäftsführung (m/w/d): Datenanalyse für Unternehmenssteuerung & Reporting mit SQL, Azure & Power BI",Smart Future Campus GmbH,"Dorsten, Recklinghausen (Kreis)",Dorsten,Deutschland,51.6604071,6.9647431,,,,GBP,Full-Time,"Smart Future Campus GmbH Der Smart Future Campus ist ein wichtiger Anbieter von Weiterbildung und Qualifizierung im Bereich der IT, Industrie 4.0, KI, Unity und digitaler Transformation. Unser Fokus liegt vor allem auf innovativen Technologien wie Automatisierungstechnik, Robotik, ML aber auch Softwareentwicklung und Systemadministration. Mit praxisnahen Kursen, anerkannten Zertifikate unterstützen wir die berufliche Zukunft unserer Teilnehmer. Das lernst Du bei uns Diese 7-monatige Weiterbildu…","git, r",2026-05-27,https://www.adzuna.de/details/5742448293?utm_medium=api&utm_source=90961c1a,Adzuna/Unknown [Germany],2026-05-30T19:44:53.303156
adzuna_de_5742448294,"Referent der Geschäftsführung (m/w/d): Datenanalyse für Unternehmenssteuerung & Reporting mit SQL, Azure & Power BI",Smart Future Campus GmbH,"Erkrath, Düsseldorf",Düsseldorf,Deutschland,51.1919009,6.9110302,,,,GBP,Full-Time,"Smart Future Campus GmbH Der Smart Future Campus ist ein wichtiger Anbieter von Weiterbildung und Qualifizierung im Bereich der IT, Industrie 4.0, KI, Unity und digitaler Transformation. Unser Fokus liegt vor allem auf innovativen Technologien wie Automatisierungstechnik, Robotik, ML aber auch Softwareentwicklung und Systemadministration. Mit praxisnahen Kursen, anerkannten Zertifikate unterstützen wir die berufliche Zukunft unserer Teilnehmer. Das lernst Du bei uns Diese 7-monatige Weiterbildu…","git, r",2026-05-27,https://www.adzuna.de/details/5742448294?utm_medium=api&utm_source=90961c1a,Adzuna/Unknown [Germany],2026-05-30T19:44:55.351068
adzuna_de_5742448301,"Referent der Geschäftsführung (m/w/d): Datenanalyse für Unternehmenssteuerung & Reporting mit SQL, Azure & Power BI",Smart Future Campus GmbH,"Marl, Diepholz (Kreis)",,,,,,,,GBP,Full-Time,"Smart Future Campus GmbH Der Smart Future Campus ist ein wichtiger Anbieter von Weiterbildung und Qualifizierung im Bereich der IT, Industrie 4.0, KI, Unity und digitaler Transformation. Unser Fokus liegt vor allem auf innovativen Technologien wie Automatisierungstechnik, Robotik, ML aber auch Softwareentwicklung und Systemadministration. Mit praxisnahen Kursen, anerkannten Zertifikate unterstützen wir die berufliche Zukunft unserer Teilnehmer. Das lernst Du bei uns Diese 7-monatige Weiterbildu…","git, r",2026-05-27,https://www.adzuna.de/details/5742448301?utm_medium=api&utm_source=90961c1a,Adzuna/Unknown [Germany],2026-05-30T19:44:58.010729
adzuna_de_5742448300,"Referent der Geschäftsführung (m/w/d): Datenanalyse für Unternehmenssteuerung & Reporting mit SQL, Azure & Power BI",Smart Future Campus GmbH,"Köln, Nordrhein-Westfalen",Köln,Deutschland,50.938361,6.959974,,,,GBP,Full-Time,"Smart Future Campus GmbH Der Smart Future Campus ist ein wichtiger Anbieter von Weiterbildung und Qualifizierung im Bereich der IT, Industrie 4.0, KI, Unity und digitaler Transformation. Unser Fokus liegt vor allem auf innovativen Technologien wie Automatisierungstechnik, Robotik, ML aber auch Softwareentwicklung und Systemadministration. Mit praxisnahen Kursen, anerkannten Zertifikate unterstützen wir die berufliche Zukunft unserer Teilnehmer. Das lernst Du bei uns Diese 7-monatige Weiterbildu…","git, r",2026-05-27,https://www.adzuna.de/details/5742448300?utm_medium=api&utm_source=90961c1a,Adzuna/Unknown [Germany],2026-05-30T19:44:59.576235
adzuna_de_5742448289,"Referent der Geschäftsführung (m/w/d): Datenanalyse für Unternehmenssteuerung & Reporting mit SQL, Azure & Power BI",Smart Future Campus GmbH,"Aachen, Aachen (Kreis)",Aachen,Deutschland,50.7936069,6.100773,,,,GBP,Full-Time,"Smart Future Campus GmbH Der Smart Future Campus ist ein wichtiger Anbieter von Weiterbildung und Qualifizierung im Bereich der IT, Industrie 4.0, KI, Unity und digitaler Transformation. Unser Fokus liegt vor allem auf innovativen Technologien wie Automatisierungstechnik, Robotik, ML aber auch Softwareentwicklung und Systemadministration. Mit praxisnahen Kursen, anerkannten Zertifikate unterstützen wir die berufliche Zukunft unserer Teilnehmer. Das lernst Du bei uns Diese 7-monatige Weiterbildu…","git, r",2026-05-27,https://www.adzuna.de/details/5742448289?utm_medium=api&utm_source=90961c1a,Adzuna/Unknown [Germany],2026-05-30T19:44:59.576642
adzuna_de_5742448268,"Deine Chance: Datenmanagement Upskilling - SQL, Microsoft Azure & Power BI für den schnellen Wiedereinstieg",Smart Future Campus GmbH,"Wetzlar, Lahn-Dill-Kreis",Lahn-Dill-Kreis,Deutschland,50.570561,8.531245,,,,GBP,Full-Time,"Smart Future Campus GmbH Der Smart Future Campus ist ein wichtiger Anbieter von Weiterbildung und Qualifizierung im Bereich der IT, Industrie 4.0, KI, Unity und digitaler Transformation. Unser Fokus liegt vor allem auf innovativen Technologien wie Automatisierungstechnik, Robotik, ML aber auch Softwareentwicklung und Systemadministration. Mit praxisnahen Kursen, anerkannten Zertifikate unterstützen wir die berufliche Zukunft unserer Teilnehmer. Das lernst Du bei uns Diese 7-monatige Weiterbildu…","git, r",2026-05-27,https://www.adzuna.de/details/5742448268?utm_medium=api&utm_source=90961c1a,Adzuna/Unknown [Germany],2026-05-30T19:45:01.398488
adzuna_de_5742448267,"Deine Chance: Datenmanagement Upskilling - SQL, Microsoft Azure & Power BI für den schnellen Wiedereinstieg",Smart Future Campus GmbH,"Rheine, Steinfurt (Kreis)",Rheine,Deutschland,52.2797707,7.4373615,,,,GBP,Full-Time,"Smart Future Campus GmbH Der Smart Future Campus ist ein wichtiger Anbieter von Weiterbildung und Qualifizierung im Bereich der IT, Industrie 4.0, KI, Unity und digitaler Transformation. Unser Fokus liegt vor allem auf innovativen Technologien wie Automatisierungstechnik, Robotik, ML aber auch Softwareentwicklung und Systemadministration. Mit praxisnahen Kursen, anerkannten Zertifikate unterstützen wir die berufliche Zukunft unserer Teilnehmer. Das lernst Du bei uns Diese 7-monatige Weiterbildu…","git, r",2026-05-27,https://www.adzuna.de/details/5742448267?utm_medium=api&utm_source=90961c1a,Adzuna/Unknown [Germany],2026-05-30T19:45:04.157518
adzuna_de_5742448258,"Deine Chance: Datenmanagement Upskilling - SQL, Microsoft Azure & Power BI für den schnellen Wiedereinstieg",Smart Future Campus GmbH,"Iserlohn, Märkischer Kreis",Iserlohn,Deutschland,51.3746778,7.6999713,,,,GBP,Full-Time,"Smart Future Campus GmbH Der Smart Future Campus ist ein wichtiger Anbieter von Weiterbildung und Qualifizierung im Bereich der IT, Industrie 4.0, KI, Unity und digitaler Transformation. Unser Fokus liegt vor allem auf innovativen Technologien wie Automatisierungstechnik, Robotik, ML aber auch Softwareentwicklung und Systemadministration. Mit praxisnahen Kursen, anerkannten Zertifikate unterstützen wir die berufliche Zukunft unserer Teilnehmer. Das lernst Du bei uns Diese 7-monatige Weiterbildu…","git, r",2026-05-27,https://www.adzuna.de/details/5742448258?utm_medium=api&utm_source=90961c1a,Adzuna/Unknown [Germany],2026-05-30T19:45:06.819672
adzuna_de_5742448265,"Deine Chance: Datenmanagement Upskilling - SQL, Microsoft Azure & Power BI für den schnellen Wiedereinstieg",Smart Future Campus GmbH,"Münster, Nordrhein-Westfalen",Münster,Deutschland,51.9625101,7.6251879,,,,GBP,Full-Time,"Smart Future Campus GmbH Der Smart Future Campus ist ein wichtiger Anbieter von Weiterbildung und Qualifizierung im Bereich der IT, Industrie 4.0, KI, Unity und digitaler Transformation. Unser Fokus liegt vor allem auf innovativen Technologien wie Automatisierungstechnik, Robotik, ML aber auch Softwareentwicklung und Systemadministration. Mit praxisnahen Kursen, anerkannten Zertifikate unterstützen wir die berufliche Zukunft unserer Teilnehmer. Das lernst Du bei uns Diese 7-monatige Weiterbildu…","git, r",2026-05-27,https://www.adzuna.de/details/5742448265?utm_medium=api&utm_source=90961c1a,Adzuna/Unknown [Germany],2026-05-30T19:45:08.849630
adzuna_de_5742448264,"Deine Chance: Datenmanagement Upskilling - SQL, Microsoft Azure & Power BI für den schnellen Wiedereinstieg",Smart Future Campus GmbH,"Schwäbisch Gmünd, Ostalbkreis",Schwäbisch Gmünd,Deutschland,48.7999036,9.7977584,,,,GBP,Full-Time,"Smart Future Campus GmbH Der Smart Future Campus ist ein wichtiger Anbieter von Weiterbildung und Qualifizierung im Bereich der IT, Industrie 4.0, KI, Unity und digitaler Transformation. Unser Fokus liegt vor allem auf innovativen Technologien wie Automatisierungstechnik, Robotik, ML aber auch Softwareentwicklung und Systemadministration. Mit praxisnahen Kursen, anerkannten Zertifikate unterstützen wir die berufliche Zukunft unserer Teilnehmer. Das lernst Du bei uns Diese 7-monatige Weiterbildu…","git, r",2026-05-27,https://www.adzuna.de/details/5742448264?utm_medium=api&utm_source=90961c1a,Adzuna/Unknown [Germany],2026-05-30T19:45:10.710900
adzuna_de_5742448256,"Deine Chance: Datenmanagement Upskilling - SQL, Microsoft Azure & Power BI für den schnellen Wiedereinstieg",Smart Future Campus GmbH,"Frankenthal (Pfalz), Frankenthal (Kreis)",Frankenthal (Pfalz),Deutschland,49.5693498,8.3826543,,,,GBP,Full-Time,"Smart Future Campus GmbH Der Smart Future Campus ist ein wichtiger Anbieter von Weiterbildung und Qualifizierung im Bereich der IT, Industrie 4.0, KI, Unity und digitaler Transformation. Unser Fokus liegt vor allem auf innovativen Technologien wie Automatisierungstechnik, Robotik, ML aber auch Softwareentwicklung und Systemadministration. Mit praxisnahen Kursen, anerkannten Zertifikate unterstützen wir die berufliche Zukunft unserer Teilnehmer. Das lernst Du bei uns Diese 7-monatige Weiterbildu…","git, r",2026-05-27,https://www.adzuna.de/details/5742448256?utm_medium=api&utm_source=90961c1a,Adzuna/Unknown [Germany],2026-05-30T19:45:12.554594
adzuna_de_5742448250,"Deine Chance: Datenmanagement Upskilling - SQL, Microsoft Azure & Power BI für den schnellen Wiedereinstieg",Smart Future Campus GmbH,"Dinslaken, Wesel (Kreis)",Dinslaken,Deutschland,51.5623618,6.7345106,,,,GBP,Full-Time,"Smart Future Campus GmbH Der Smart Future Campus ist ein wichtiger Anbieter von Weiterbildung und Qualifizierung im Bereich der IT, Industrie 4.0, KI, Unity und digitaler Transformation. Unser Fokus liegt vor allem auf innovativen Technologien wie Automatisierungstechnik, Robotik, ML aber auch Softwareentwicklung und Systemadministration. Mit praxisnahen Kursen, anerkannten Zertifikate unterstützen wir die berufliche Zukunft unserer Teilnehmer. Das lernst Du bei uns Diese 7-monatige Weiterbildu…","git, r",2026-05-27,https://www.adzuna.de/details/5742448250?utm_medium=api&utm_source=90961c1a,Adzuna/Unknown [Germany],2026-05-30T19:45:15.216585
adzuna_de_5742448260,"Deine Chance: Datenmanagement Upskilling - SQL, Microsoft Azure & Power BI für den schnellen Wiedereinstieg",Smart Future Campus GmbH,"Lingen (Ems), Emsland (Kreis)",,,,,,,,GBP,Full-Time,"Smart Future Campus GmbH Der Smart Future Campus ist ein wichtiger Anbieter von Weiterbildung und Qualifizierung im Bereich der IT, Industrie 4.0, KI, Unity und digitaler Transformation. Unser Fokus liegt vor allem auf innovativen Technologien wie Automatisierungstechnik, Robotik, ML aber auch Softwareentwicklung und Systemadministration. Mit praxisnahen Kursen, anerkannten Zertifikate unterstützen wir die berufliche Zukunft unserer Teilnehmer. Das lernst Du bei uns Diese 7-monatige Weiterbildu…","git, r",2026-05-27,https://www.adzuna.de/details/5742448260?utm_medium=api&utm_source=90961c1a,Adzuna/Unknown [Germany],2026-05-30T19:45:17.058157
adzuna_de_5742448263,"Deine Chance: Datenmanagement Upskilling - SQL, Microsoft Azure & Power BI für den schnellen Wiedereinstieg",Smart Future Campus GmbH,"Mannheim, Baden-Württemberg",Mannheim,Deutschland,49.4892913,8.4673098,,,,GBP,Full-Time,"Smart Future Campus GmbH Der Smart Future Campus ist ein wichtiger Anbieter von Weiterbildung und Qualifizierung im Bereich der IT, Industrie 4.0, KI, Unity und digitaler Transformation. Unser Fokus liegt vor allem auf innovativen Technologien wie Automatisierungstechnik, Robotik, ML aber auch Softwareentwicklung und Systemadministration. Mit praxisnahen Kursen, anerkannten Zertifikate unterstützen wir die berufliche Zukunft unserer Teilnehmer. Das lernst Du bei uns Diese 7-monatige Weiterbildu…","git, r",2026-05-27,https://www.adzuna.de/details/5742448263?utm_medium=api&utm_source=90961c1a,Adzuna/Unknown [Germany],2026-05-30T19:45:18.621521
adzuna_de_5742448266,"Deine Chance: Datenmanagement Upskilling - SQL, Microsoft Azure & Power BI für den schnellen Wiedereinstieg",Smart Future Campus GmbH,"Trier, Rheinland-Pfalz",Trier,Deutschland,49.7596208,6.6441878,,,,GBP,Full-Time,"Smart Future Campus GmbH Der Smart Future Campus ist ein wichtiger Anbieter von Weiterbildung und Qualifizierung im Bereich der IT, Industrie 4.0, KI, Unity und digitaler Transformation. Unser Fokus liegt vor allem auf innovativen Technologien wie Automatisierungstechnik, Robotik, ML aber auch Softwareentwicklung und Systemadministration. Mit praxisnahen Kursen, anerkannten Zertifikate unterstützen wir die berufliche Zukunft unserer Teilnehmer. Das lernst Du bei uns Diese 7-monatige Weiterbildu…","git, r",2026-05-27,https://www.adzuna.de/details/5742448266?utm_medium=api&utm_source=90961c1a,Adzuna/Unknown [Germany],2026-05-30T19:45:21.565103
adzuna_de_5742448248,"Deine Chance: Datenmanagement Upskilling - SQL, Microsoft Azure & Power BI für den schnellen Wiedereinstieg",Smart Future Campus GmbH,"Bad Oeynhausen, Minden-Lübbecke (Kreis)",Minden,Deutschland,52.2860343,8.9088796,,,,GBP,Full-Time,"Smart Future Campus GmbH Der Smart Future Campus ist ein wichtiger Anbieter von Weiterbildung und Qualifizierung im Bereich der IT, Industrie 4.0, KI, Unity und digitaler Transformation. Unser Fokus liegt vor allem auf innovativen Technologien wie Automatisierungstechnik, Robotik, ML aber auch Softwareentwicklung und Systemadministration. Mit praxisnahen Kursen, anerkannten Zertifikate unterstützen wir die berufliche Zukunft unserer Teilnehmer. Das lernst Du bei uns Diese 7-monatige Weiterbildu…","git, r",2026-05-27,https://www.adzuna.de/details/5742448248?utm_medium=api&utm_source=90961c1a,Adzuna/Unknown [Germany],2026-05-30T19:45:24.023209
adzuna_de_5742448262,"Deine Chance: Datenmanagement Upskilling - SQL, Microsoft Azure & Power BI für den schnellen Wiedereinstieg",Smart Future Campus GmbH,"Pinneberg, Pinneberg (Kreis)",Pinneberg,Deutschland,53.6550342,9.7976864,,,,GBP,Full-Time,"Smart Future Campus GmbH Der Smart Future Campus ist ein wichtiger Anbieter von Weiterbildung und Qualifizierung im Bereich der IT, Industrie 4.0, KI, Unity und digitaler Transformation. Unser Fokus liegt vor allem auf innovativen Technologien wie Automatisierungstechnik, Robotik, ML aber auch Softwareentwicklung und Systemadministration. Mit praxisnahen Kursen, anerkannten Zertifikate unterstützen wir die berufliche Zukunft unserer Teilnehmer. Das lernst Du bei uns Diese 7-monatige Weiterbildu…","git, r",2026-05-27,https://www.adzuna.de/details/5742448262?utm_medium=api&utm_source=90961c1a,Adzuna/Unknown [Germany],2026-05-30T19:45:25.865528
adzuna_de_5742448261,"Deine Chance: Datenmanagement Upskilling - SQL, Microsoft Azure & Power BI für den schnellen Wiedereinstieg",Smart Future Campus GmbH,"Nürnberg, Bayern",Nürnberg,Deutschland,49.453872,11.077298,,,,GBP,Full-Time,"Smart Future Campus GmbH Der Smart Future Campus ist ein wichtiger Anbieter von Weiterbildung und Qualifizierung im Bereich der IT, Industrie 4.0, KI, Unity und digitaler Transformation. Unser Fokus liegt vor allem auf innovativen Technologien wie Automatisierungstechnik, Robotik, ML aber auch Softwareentwicklung und Systemadministration. Mit praxisnahen Kursen, anerkannten Zertifikate unterstützen wir die berufliche Zukunft unserer Teilnehmer. Das lernst Du bei uns Diese 7-monatige Weiterbildu…","git, r",2026-05-27,https://www.adzuna.de/details/5742448261?utm_medium=api&utm_source=90961c1a,Adzuna/Unknown [Germany],2026-05-30T19:45:28.119308
adzuna_de_5742448249,"Deine Chance: Datenmanagement Upskilling - SQL, Microsoft Azure & Power BI für den schnellen Wiedereinstieg",Smart Future Campus GmbH,"Böblingen, Böblingen (Kreis)",Böblingen,Deutschland,48.6797212,8.9942126,,,,GBP,Full-Time,"Smart Future Campus GmbH Der Smart Future Campus ist ein wichtiger Anbieter von Weiterbildung und Qualifizierung im Bereich der IT, Industrie 4.0, KI, Unity und digitaler Transformation. Unser Fokus liegt vor allem auf innovativen Technologien wie Automatisierungstechnik, Robotik, ML aber auch Softwareentwicklung und Systemadministration. Mit praxisnahen Kursen, anerkannten Zertifikate unterstützen wir die berufliche Zukunft unserer Teilnehmer. Das lernst Du bei uns Diese 7-monatige Weiterbildu…","git, r",2026-05-27,https://www.adzuna.de/details/5742448249?utm_medium=api&utm_source=90961c1a,Adzuna/Unknown [Germany],2026-05-30T19:45:30.371429
adzuna_de_5742448252,"Deine Chance: Datenmanagement Upskilling - SQL, Microsoft Azure & Power BI für den schnellen Wiedereinstieg",Smart Future Campus GmbH,"Bocholt, Borken (Kreis)",Bocholt,Deutschland,51.8382715,6.6148669,,,,GBP,Full-Time,"Smart Future Campus GmbH Der Smart Future Campus ist ein wichtiger Anbieter von Weiterbildung und Qualifizierung im Bereich der IT, Industrie 4.0, KI, Unity und digitaler Transformation. Unser Fokus liegt vor allem auf innovativen Technologien wie Automatisierungstechnik, Robotik, ML aber auch Softwareentwicklung und Systemadministration. Mit praxisnahen Kursen, anerkannten Zertifikate unterstützen wir die berufliche Zukunft unserer Teilnehmer. Das lernst Du bei uns Diese 7-monatige Weiterbildu…","git, r",2026-05-27,https://www.adzuna.de/details/5742448252?utm_medium=api&utm_source=90961c1a,Adzuna/Unknown [Germany],2026-05-30T19:45:33.855601
adzuna_de_5742448259,"Deine Chance: Datenmanagement Upskilling - SQL, Microsoft Azure & Power BI für den schnellen Wiedereinstieg",Smart Future Campus GmbH,"Konstanz, Konstanz (Kreis)",Radolfzell,Deutschland,47.751295,8.955099,,,,GBP,Full-Time,"Smart Future Campus GmbH Der Smart Future Campus ist ein wichtiger Anbieter von Weiterbildung und Qualifizierung im Bereich der IT, Industrie 4.0, KI, Unity und digitaler Transformation. Unser Fokus liegt vor allem auf innovativen Technologien wie Automatisierungstechnik, Robotik, ML aber auch Softwareentwicklung und Systemadministration. Mit praxisnahen Kursen, anerkannten Zertifikate unterstützen wir die berufliche Zukunft unserer Teilnehmer. Das lernst Du bei uns Diese 7-monatige Weiterbildu…","git, r",2026-05-27,https://www.adzuna.de/details/5742448259?utm_medium=api&utm_source=90961c1a,Adzuna/Unknown [Germany],2026-05-30T19:45:36.105443
adzuna_de_5742448253,"Deine Chance: Datenmanagement Upskilling - SQL, Microsoft Azure & Power BI für den schnellen Wiedereinstieg",Smart Future Campus GmbH,"Gießen, Gießen (Kreis)",Allendorf,Deutschland,50.5665968,8.6172314,,,,GBP,Full-Time,"Smart Future Campus GmbH Der Smart Future Campus ist ein wichtiger Anbieter von Weiterbildung und Qualifizierung im Bereich der IT, Industrie 4.0, KI, Unity und digitaler Transformation. Unser Fokus liegt vor allem auf innovativen Technologien wie Automatisierungstechnik, Robotik, ML aber auch Softwareentwicklung und Systemadministration. Mit praxisnahen Kursen, anerkannten Zertifikate unterstützen wir die berufliche Zukunft unserer Teilnehmer. Das lernst Du bei uns Diese 7-monatige Weiterbildu…","git, r",2026-05-27,https://www.adzuna.de/details/5742448253?utm_medium=api&utm_source=90961c1a,Adzuna/Unknown [Germany],2026-05-30T19:45:38.154954
adzuna_de_5742448255,"Deine Chance: Datenmanagement Upskilling - SQL, Microsoft Azure & Power BI für den schnellen Wiedereinstieg",Smart Future Campus GmbH,"Gütersloh, Gütersloh (Kreis)",Gütersloh,Deutschland,51.9063997,8.3782078,,,,GBP,Full-Time,"Smart Future Campus GmbH Der Smart Future Campus ist ein wichtiger Anbieter von Weiterbildung und Qualifizierung im Bereich der IT, Industrie 4.0, KI, Unity und digitaler Transformation. Unser Fokus liegt vor allem auf innovativen Technologien wie Automatisierungstechnik, Robotik, ML aber auch Softwareentwicklung und Systemadministration. Mit praxisnahen Kursen, anerkannten Zertifikate unterstützen wir die berufliche Zukunft unserer Teilnehmer. Das lernst Du bei uns Diese 7-monatige Weiterbildu…","git, r",2026-05-27,https://www.adzuna.de/details/5742448255?utm_medium=api&utm_source=90961c1a,Adzuna/Unknown [Germany],2026-05-30T19:45:39.998315
adzuna_de_5742448254,"Deine Chance: Datenmanagement Upskilling - SQL, Microsoft Azure & Power BI für den schnellen Wiedereinstieg",Smart Future Campus GmbH,"Erfurt, Erfurt (Kreis)",Erfurt,Deutschland,50.9055971,11.0087115,,,,GBP,Full-Time,"Smart Future Campus GmbH Der Smart Future Campus ist ein wichtiger Anbieter von Weiterbildung und Qualifizierung im Bereich der IT, Industrie 4.0, KI, Unity und digitaler Transformation. Unser Fokus liegt vor allem auf innovativen Technologien wie Automatisierungstechnik, Robotik, ML aber auch Softwareentwicklung und Systemadministration. Mit praxisnahen Kursen, anerkannten Zertifikate unterstützen wir die berufliche Zukunft unserer Teilnehmer. Das lernst Du bei uns Diese 7-monatige Weiterbildu…","git, r",2026-05-27,https://www.adzuna.de/details/5742448254?utm_medium=api&utm_source=90961c1a,Adzuna/Unknown [Germany],2026-05-30T19:45:42.250243
adzuna_de_5742448149,"Upskilling als Controller (m/w/d): Daten Management mit KI, Azure & Power BI – für den schnellen Wiedereinstieg",Smart Future Campus GmbH,"Euskirchen, Euskirchen (Kreis)",Euskirchen,Deutschland,50.66129,6.7871681,,,,GBP,Full-Time,"Smart Future Campus GmbH Der Smart Future Campus ist ein wichtiger Anbieter von Weiterbildung und Qualifizierung im Bereich der IT, Industrie 4.0, KI, Unity und digitaler Transformation. Unser Fokus liegt vor allem auf innovativen Technologien wie Automatisierungstechnik, Robotik, ML aber auch Softwareentwicklung und Systemadministration. Mit praxisnahen Kursen, anerkannten Zertifikate unterstützen wir die berufliche Zukunft unserer Teilnehmer. Das lernst Du bei uns Diese 7-monatige Weiterbildu…","git, r",2026-05-27,https://www.adzuna.de/details/5742448149?utm_medium=api&utm_source=90961c1a,Adzuna/Unknown [Germany],2026-05-30T19:45:44.093255
adzuna_de_5742448161,"Upskilling als Controller (m/w/d): Daten Management mit KI, Azure & Power BI – für den schnellen Wiedereinstieg",Smart Future Campus GmbH,"Salzgitter, Niedersachsen",Salzgitter,Deutschland,52.1503721,10.3593147,,,,GBP,Full-Time,"Smart Future Campus GmbH Der Smart Future Campus ist ein wichtiger Anbieter von Weiterbildung und Qualifizierung im Bereich der IT, Industrie 4.0, KI, Unity und digitaler Transformation. Unser Fokus liegt vor allem auf innovativen Technologien wie Automatisierungstechnik, Robotik, ML aber auch Softwareentwicklung und Systemadministration. Mit praxisnahen Kursen, anerkannten Zertifikate unterstützen wir die berufliche Zukunft unserer Teilnehmer. Das lernst Du bei uns Diese 7-monatige Weiterbildu…","git, r",2026-05-27,https://www.adzuna.de/details/5742448161?utm_medium=api&utm_source=90961c1a,Adzuna/Unknown [Germany],2026-05-30T19:45:46.141730
adzuna_de_5742448158,"Upskilling als Controller (m/w/d): Daten Management mit KI, Azure & Power BI – für den schnellen Wiedereinstieg",Smart Future Campus GmbH,"Osnabrück, Osnabrück (Kreis)",Osnabrück,Deutschland,52.2802188,8.0528735,,,,GBP,Full-Time,"Smart Future Campus GmbH Der Smart Future Campus ist ein wichtiger Anbieter von Weiterbildung und Qualifizierung im Bereich der IT, Industrie 4.0, KI, Unity und digitaler Transformation. Unser Fokus liegt vor allem auf innovativen Technologien wie Automatisierungstechnik, Robotik, ML aber auch Softwareentwicklung und Systemadministration. Mit praxisnahen Kursen, anerkannten Zertifikate unterstützen wir die berufliche Zukunft unserer Teilnehmer. Das lernst Du bei uns Diese 7-monatige Weiterbildu…","git, r",2026-05-27,https://www.adzuna.de/details/5742448158?utm_medium=api&utm_source=90961c1a,Adzuna/Unknown [Germany],2026-05-30T19:45:48.189525
adzuna_de_5742448164,"Upskilling als Controller (m/w/d): Daten Management mit KI, Azure & Power BI – für den schnellen Wiedereinstieg",Smart Future Campus GmbH,"Wolfsburg, Niedersachsen",Wolfsburg,Deutschland,52.4205588,10.7861682,,,,GBP,Full-Time,"Smart Future Campus GmbH Der Smart Future Campus ist ein wichtiger Anbieter von Weiterbildung und Qualifizierung im Bereich der IT, Industrie 4.0, KI, Unity und digitaler Transformation. Unser Fokus liegt vor allem auf innovativen Technologien wie Automatisierungstechnik, Robotik, ML aber auch Softwareentwicklung und Systemadministration. Mit praxisnahen Kursen, anerkannten Zertifikate unterstützen wir die berufliche Zukunft unserer Teilnehmer. Das lernst Du bei uns Diese 7-monatige Weiterbildu…","git, r",2026-05-27,https://www.adzuna.de/details/5742448164?utm_medium=api&utm_source=90961c1a,Adzuna/Unknown [Germany],2026-05-30T19:45:50.647369
adzuna_de_5742448148,"Upskilling als Controller (m/w/d): Daten Management mit KI, Azure & Power BI – für den schnellen Wiedereinstieg",Smart Future Campus GmbH,"Düren, Düren (Kreis)",Düren,Deutschland,50.8100625,6.4831958,,,,GBP,Full-Time,"Smart Future Campus GmbH Der Smart Future Campus ist ein wichtiger Anbieter von Weiterbildung und Qualifizierung im Bereich der IT, Industrie 4.0, KI, Unity und digitaler Transformation. Unser Fokus liegt vor allem auf innovativen Technologien wie Automatisierungstechnik, Robotik, ML aber auch Softwareentwicklung und Systemadministration. Mit praxisnahen Kursen, anerkannten Zertifikate unterstützen wir die berufliche Zukunft unserer Teilnehmer. Das lernst Du bei uns Diese 7-monatige Weiterbildu…","git, r",2026-05-27,https://www.adzuna.de/details/5742448148?utm_medium=api&utm_source=90961c1a,Adzuna/Unknown [Germany],2026-05-30T19:45:52.695033
adzuna_de_5742448152,"Upskilling als Controller (m/w/d): Daten Management mit KI, Azure & Power BI – für den schnellen Wiedereinstieg",Smart Future Campus GmbH,"Hildesheim, Hildesheim (Kreis)",,,,,,,,GBP,Full-Time,"Smart Future Campus GmbH Der Smart Future Campus ist ein wichtiger Anbieter von Weiterbildung und Qualifizierung im Bereich der IT, Industrie 4.0, KI, Unity und digitaler Transformation. Unser Fokus liegt vor allem auf innovativen Technologien wie Automatisierungstechnik, Robotik, ML aber auch Softwareentwicklung und Systemadministration. Mit praxisnahen Kursen, anerkannten Zertifikate unterstützen wir die berufliche Zukunft unserer Teilnehmer. Das lernst Du bei uns Diese 7-monatige Weiterbildu…","git, r",2026-05-27,https://www.adzuna.de/details/5742448152?utm_medium=api&utm_source=90961c1a,Adzuna/Unknown [Germany],2026-05-30T19:45:55.279511
adzuna_de_5742448157,"Upskilling als Controller (m/w/d): Daten Management mit KI, Azure & Power BI – für den schnellen Wiedereinstieg",Smart Future Campus GmbH,"Minden, Minden-Lübbecke (Kreis)",Minden,Deutschland,52.2905618,8.9344598,,,,GBP,Full-Time,"Smart Future Campus GmbH Der Smart Future Campus ist ein wichtiger Anbieter von Weiterbildung und Qualifizierung im Bereich der IT, Industrie 4.0, KI, Unity und digitaler Transformation. Unser Fokus liegt vor allem auf innovativen Technologien wie Automatisierungstechnik, Robotik, ML aber auch Softwareentwicklung und Systemadministration. Mit praxisnahen Kursen, anerkannten Zertifikate unterstützen wir die berufliche Zukunft unserer Teilnehmer. Das lernst Du bei uns Diese 7-monatige Weiterbildu…","git, r",2026-05-27,https://www.adzuna.de/details/5742448157?utm_medium=api&utm_source=90961c1a,Adzuna/Unknown [Germany],2026-05-30T19:45:56.509882
adzuna_de_5742448145,"Upskilling als Controller (m/w/d): Daten Management mit KI, Azure & Power BI – für den schnellen Wiedereinstieg",Smart Future Campus GmbH,"Arnsberg, Hochsauerlandkreis",Arnsberg,Deutschland,51.4002384,8.0605908,,,,GBP,Full-Time,"Smart Future Campus GmbH Der Smart Future Campus ist ein wichtiger Anbieter von Weiterbildung und Qualifizierung im Bereich der IT, Industrie 4.0, KI, Unity und digitaler Transformation. Unser Fokus liegt vor allem auf innovativen Technologien wie Automatisierungstechnik, Robotik, ML aber auch Softwareentwicklung und Systemadministration. Mit praxisnahen Kursen, anerkannten Zertifikate unterstützen wir die berufliche Zukunft unserer Teilnehmer. Das lernst Du bei uns Diese 7-monatige Weiterbildu…","git, r",2026-05-27,https://www.adzuna.de/details/5742448145?utm_medium=api&utm_source=90961c1a,Adzuna/Unknown [Germany],2026-05-30T19:45:58.634140
adzuna_de_5742448153,"Upskilling als Controller (m/w/d): Daten Management mit KI, Azure & Power BI – für den schnellen Wiedereinstieg",Smart Future Campus GmbH,Deutschland,,Deutschland,51.1638175,10.4478313,,,,GBP,Full-Time,"Smart Future Campus GmbH Der Smart Future Campus ist ein wichtiger Anbieter von Weiterbildung und Qualifizierung im Bereich der IT, Industrie 4.0, KI, Unity und digitaler Transformation. Unser Fokus liegt vor allem auf innovativen Technologien wie Automatisierungstechnik, Robotik, ML aber auch Softwareentwicklung und Systemadministration. Mit praxisnahen Kursen, anerkannten Zertifikate unterstützen wir die berufliche Zukunft unserer Teilnehmer. Das lernst Du bei uns Diese 7-monatige Weiterbildu…","git, r",2026-05-27,https://www.adzuna.de/details/5742448153?utm_medium=api&utm_source=90961c1a,Adzuna/Unknown [Germany],2026-05-30T19:46:00.478057
adzuna_de_5742448154,"Upskilling als Controller (m/w/d): Daten Management mit KI, Azure & Power BI – für den schnellen Wiedereinstieg",Smart Future Campus GmbH,"Kempten (Allgäu), Bayern",Kempten (Allgäu),Deutschland,47.7267063,10.3168835,,,,GBP,Full-Time,"Smart Future Campus GmbH Der Smart Future Campus ist ein wichtiger Anbieter von Weiterbildung und Qualifizierung im Bereich der IT, Industrie 4.0, KI, Unity und digitaler Transformation. Unser Fokus liegt vor allem auf innovativen Technologien wie Automatisierungstechnik, Robotik, ML aber auch Softwareentwicklung und Systemadministration. Mit praxisnahen Kursen, anerkannten Zertifikate unterstützen wir die berufliche Zukunft unserer Teilnehmer. Das lernst Du bei uns Diese 7-monatige Weiterbildu…","git, r",2026-05-27,https://www.adzuna.de/details/5742448154?utm_medium=api&utm_source=90961c1a,Adzuna/Unknown [Germany],2026-05-30T19:46:00.478331
adzuna_de_5742448160,"Upskilling als Controller (m/w/d): Daten Management mit KI, Azure & Power BI – für den schnellen Wiedereinstieg",Smart Future Campus GmbH,"Recklinghausen, Recklinghausen (Kreis)",Recklinghausen,Deutschland,51.6115789,7.2003104,,,,GBP,Full-Time,"Smart Future Campus GmbH Der Smart Future Campus ist ein wichtiger Anbieter von Weiterbildung und Qualifizierung im Bereich der IT, Industrie 4.0, KI, Unity und digitaler Transformation. Unser Fokus liegt vor allem auf innovativen Technologien wie Automatisierungstechnik, Robotik, ML aber auch Softwareentwicklung und Systemadministration. Mit praxisnahen Kursen, anerkannten Zertifikate unterstützen wir die berufliche Zukunft unserer Teilnehmer. Das lernst Du bei uns Diese 7-monatige Weiterbildu…","git, r",2026-05-27,https://www.adzuna.de/details/5742448160?utm_medium=api&utm_source=90961c1a,Adzuna/Unknown [Germany],2026-05-30T19:46:02.730165
adzuna_de_5742448150,"Upskilling als Controller (m/w/d): Daten Management mit KI, Azure & Power BI – für den schnellen Wiedereinstieg",Smart Future Campus GmbH,"Hannover, Region Hannover (Kreis)",Hannover,Deutschland,52.3859298,9.7254521,,,,GBP,Full-Time,"Smart Future Campus GmbH Der Smart Future Campus ist ein wichtiger Anbieter von Weiterbildung und Qualifizierung im Bereich der IT, Industrie 4.0, KI, Unity und digitaler Transformation. Unser Fokus liegt vor allem auf innovativen Technologien wie Automatisierungstechnik, Robotik, ML aber auch Softwareentwicklung und Systemadministration. Mit praxisnahen Kursen, anerkannten Zertifikate unterstützen wir die berufliche Zukunft unserer Teilnehmer. Das lernst Du bei uns Diese 7-monatige Weiterbildu…","git, r",2026-05-27,https://www.adzuna.de/details/5742448150?utm_medium=api&utm_source=90961c1a,Adzuna/Unknown [Germany],2026-05-30T19:46:04.861974
adzuna_de_5742448156,"Upskilling als Controller (m/w/d): Daten Management mit KI, Azure & Power BI – für den schnellen Wiedereinstieg",Smart Future Campus GmbH,"Neustadt an der Weinstraße, Rheinland-Pfalz",Neustadt an der Weinstraße,Deutschland,49.3536057,8.1360247,,,,GBP,Full-Time,"Smart Future Campus GmbH Der Smart Future Campus ist ein wichtiger Anbieter von Weiterbildung und Qualifizierung im Bereich der IT, Industrie 4.0, KI, Unity und digitaler Transformation. Unser Fokus liegt vor allem auf innovativen Technologien wie Automatisierungstechnik, Robotik, ML aber auch Softwareentwicklung und Systemadministration. Mit praxisnahen Kursen, anerkannten Zertifikate unterstützen wir die berufliche Zukunft unserer Teilnehmer. Das lernst Du bei uns Diese 7-monatige Weiterbildu…","git, r",2026-05-27,https://www.adzuna.de/details/5742448156?utm_medium=api&utm_source=90961c1a,Adzuna/Unknown [Germany],2026-05-30T19:46:07.441325
adzuna_de_5742448155,"Upskilling als Controller (m/w/d): Daten Management mit KI, Azure & Power BI – für den schnellen Wiedereinstieg",Smart Future Campus GmbH,"Langenhagen, Region Hannover (Kreis)",,,,,,,,GBP,Full-Time,"Smart Future Campus GmbH Der Smart Future Campus ist ein wichtiger Anbieter von Weiterbildung und Qualifizierung im Bereich der IT, Industrie 4.0, KI, Unity und digitaler Transformation. Unser Fokus liegt vor allem auf innovativen Technologien wie Automatisierungstechnik, Robotik, ML aber auch Softwareentwicklung und Systemadministration. Mit praxisnahen Kursen, anerkannten Zertifikate unterstützen wir die berufliche Zukunft unserer Teilnehmer. Das lernst Du bei uns Diese 7-monatige Weiterbildu…","git, r",2026-05-27,https://www.adzuna.de/details/5742448155?utm_medium=api&utm_source=90961c1a,Adzuna/Unknown [Germany],2026-05-30T19:46:09.489516
adzuna_de_5742448163,"Upskilling als Controller (m/w/d): Daten Management mit KI, Azure & Power BI – für den schnellen Wiedereinstieg",Smart Future Campus GmbH,"Villingen-Schwenningen, Schwarzwald-Baar-Kreis",Villingen-Schwenningen,Deutschland,48.063152,8.4929618,,,,GBP,Full-Time,"Smart Future Campus GmbH Der Smart Future Campus ist ein wichtiger Anbieter von Weiterbildung und Qualifizierung im Bereich der IT, Industrie 4.0, KI, Unity und digitaler Transformation. Unser Fokus liegt vor allem auf innovativen Technologien wie Automatisierungstechnik, Robotik, ML aber auch Softwareentwicklung und Systemadministration. Mit praxisnahen Kursen, anerkannten Zertifikate unterstützen wir die berufliche Zukunft unserer Teilnehmer. Das lernst Du bei uns Diese 7-monatige Weiterbildu…","git, r",2026-05-27,https://www.adzuna.de/details/5742448163?utm_medium=api&utm_source=90961c1a,Adzuna/Unknown [Germany],2026-05-30T19:46:10.643982
adzuna_de_5742448162,"Upskilling als Controller (m/w/d): Daten Management mit KI, Azure & Power BI – für den schnellen Wiedereinstieg",Smart Future Campus GmbH,"Stade, Stade (Kreis)",Olpe,Deutschland,51.0581933,7.8415185,,,,GBP,Full-Time,"Smart Future Campus GmbH Der Smart Future Campus ist ein wichtiger Anbieter von Weiterbildung und Qualifizierung im Bereich der IT, Industrie 4.0, KI, Unity und digitaler Transformation. Unser Fokus liegt vor allem auf innovativen Technologien wie Automatisierungstechnik, Robotik, ML aber auch Softwareentwicklung und Systemadministration. Mit praxisnahen Kursen, anerkannten Zertifikate unterstützen wir die berufliche Zukunft unserer Teilnehmer. Das lernst Du bei uns Diese 7-monatige Weiterbildu…","git, r",2026-05-27,https://www.adzuna.de/details/5742448162?utm_medium=api&utm_source=90961c1a,Adzuna/Unknown [Germany],2026-05-30T19:46:12.561494
adzuna_de_5742448147,"Upskilling als Controller (m/w/d): Daten Management mit KI, Azure & Power BI – für den schnellen Wiedereinstieg",Smart Future Campus GmbH,"Dachau, Dachau (Kreis)",Eisolzried,Deutschland,48.2598406,11.3349343,,,,GBP,Full-Time,"Smart Future Campus GmbH Der Smart Future Campus ist ein wichtiger Anbieter von Weiterbildung und Qualifizierung im Bereich der IT, Industrie 4.0, KI, Unity und digitaler Transformation. Unser Fokus liegt vor allem auf innovativen Technologien wie Automatisierungstechnik, Robotik, ML aber auch Softwareentwicklung und Systemadministration. Mit praxisnahen Kursen, anerkannten Zertifikate unterstützen wir die berufliche Zukunft unserer Teilnehmer. Das lernst Du bei uns Diese 7-monatige Weiterbildu…","git, r",2026-05-27,https://www.adzuna.de/details/5742448147?utm_medium=api&utm_source=90961c1a,Adzuna/Unknown [Germany],2026-05-30T19:46:15.018622
adzuna_de_5742448151,"Upskilling als Controller (m/w/d): Daten Management mit KI, Azure & Power BI – für den schnellen Wiedereinstieg",Smart Future Campus GmbH,"Fulda, Fulda (Kreis)",Bensheim,Deutschland,49.6733906,8.6108911,,,,GBP,Full-Time,"Smart Future Campus GmbH Der Smart Future Campus ist ein wichtiger Anbieter von Weiterbildung und Qualifizierung im Bereich der IT, Industrie 4.0, KI, Unity und digitaler Transformation. Unser Fokus liegt vor allem auf innovativen Technologien wie Automatisierungstechnik, Robotik, ML aber auch Softwareentwicklung und Systemadministration. Mit praxisnahen Kursen, anerkannten Zertifikate unterstützen wir die berufliche Zukunft unserer Teilnehmer. Das lernst Du bei uns Diese 7-monatige Weiterbildu…","git, r",2026-05-27,https://www.adzuna.de/details/5742448151?utm_medium=api&utm_source=90961c1a,Adzuna/Unknown [Germany],2026-05-30T19:46:16.888102
adzuna_de_5742448159,"Upskilling als Controller (m/w/d): Daten Management mit KI, Azure & Power BI – für den schnellen Wiedereinstieg",Smart Future Campus GmbH,"Lüdenscheid, Märkischer Kreis",Lüdenscheid,Deutschland,51.218137,7.6396975,,,,GBP,Full-Time,"Smart Future Campus GmbH Der Smart Future Campus ist ein wichtiger Anbieter von Weiterbildung und Qualifizierung im Bereich der IT, Industrie 4.0, KI, Unity und digitaler Transformation. Unser Fokus liegt vor allem auf innovativen Technologien wie Automatisierungstechnik, Robotik, ML aber auch Softwareentwicklung und Systemadministration. Mit praxisnahen Kursen, anerkannten Zertifikate unterstützen wir die berufliche Zukunft unserer Teilnehmer. Das lernst Du bei uns Diese 7-monatige Weiterbildu…","git, r",2026-05-27,https://www.adzuna.de/details/5742448159?utm_medium=api&utm_source=90961c1a,Adzuna/Unknown [Germany],2026-05-30T19:46:18.865152
adzuna_de_5742448146,"Upskilling als Controller (m/w/d): Daten Management mit KI, Azure & Power BI – für den schnellen Wiedereinstieg",Smart Future Campus GmbH,"Braunschweig, Niedersachsen",Braunschweig,Deutschland,52.2646577,10.5236066,,,,GBP,Full-Time,"Smart Future Campus GmbH Der Smart Future Campus ist ein wichtiger Anbieter von Weiterbildung und Qualifizierung im Bereich der IT, Industrie 4.0, KI, Unity und digitaler Transformation. Unser Fokus liegt vor allem auf innovativen Technologien wie Automatisierungstechnik, Robotik, ML aber auch Softwareentwicklung und Systemadministration. Mit praxisnahen Kursen, anerkannten Zertifikate unterstützen wir die berufliche Zukunft unserer Teilnehmer. Das lernst Du bei uns Diese 7-monatige Weiterbildu…","git, r",2026-05-27,https://www.adzuna.de/details/5742448146?utm_medium=api&utm_source=90961c1a,Adzuna/Unknown [Germany],2026-05-30T19:46:23.824856
adzuna_de_5741905621,Staff Data Analyst,Delivery Hero,"Berlin, Deutschland",Berlin,Deutschland,52.5173885,13.3951309,,,,GBP,Full-Time,"Job Description We are on the lookout for a Staff Data Analyst to join the Vendor Strategic Programs team. As part of this team, you will be working on some of the most exciting and strategically critical projects supporting our restaurant partners. For instance, we improve the affordability of millions of dishes on a daily basis, providing actionable insights to optimize the pricing strategy of hundreds of thousands of vendors globally. As part of our broader Vendor Team, we jointly contribute…",r,2026-05-27,https://www.adzuna.de/details/5741905621?utm_medium=api&utm_source=90961c1a,Adzuna/IT-Stellen [Germany],2026-05-30T19:46:27.305754
adzuna_de_5741738116,Senior Data Engineer (d/m/w) Banking / Data Analytics Personalisierung,S Rating und Risikosysteme GmbH,"Mitte, Berlin",Berlin,Deutschland,52.5178855,13.4040601,,,,GBP,Full-Time,"Die Sparkassen Rating und Risikosysteme (SR) ist der zentrale Dienstleister für Verfahren des Risiko­manage­ments in der Sparkassen-Finanzgruppe. Wir unterstützen die Institute mit Standardlösungen in den Bereichen der Risiko­messung und-steuerung, der regulatorischen Banksteuerung sowie im Vertrieb mit Data-Analytics-Lösungen. Gemeinsam mit unseren Partnern bieten wir den Instituten, von der Konzeption der Verfahren, über deren Weiterentwicklung, IT-Umsetzung und Umsetzungsunterstützung, zentr…","r, spark",2026-05-27,https://www.adzuna.de/details/5741738116?utm_medium=api&utm_source=90961c1a,Adzuna/Unknown [Germany],2026-05-30T19:46:27.306131
adzuna_fr_5745674169,Data Analyst Sénior H/F (CDI),LEA Recrutement,"Hérault, Occitanie",Hérault,France,43.591422,3.3553309,,,,GBP,Full-Time,"Le Pôle IT se tient à disposition pour échanger avec vous ! La confidentialité de votre candidature est assurée. LEA Recrutement présente une nouvelle offre d'emploi : CDI chez client final. Notre client, entreprise spécialisée en Data, Analytics et Intelligence Artificielle, recrute un Data Analyst Sénior H/F à Montpellier. Votre rôle et missions : * Piloter des missions data de bout en bout : cadrage, analyse, restitution et recommandations stratégiques. * Réaliser des analyses avancées sur d…",r,2026-05-30,https://www.adzuna.fr/land/ad/5745674169?se=sjeHQ2Bc8RGbGvW-bcCcHA&utm_medium=api&utm_source=90961c1a&v=84D9C22CCDE228FF9006A8373B3A612F2D9437DB,Adzuna/Unknown [France],2026-05-30T19:46:35.215886
adzuna_fr_5745492190,Data Analyst (H/F) - Aéronautique,ATEXIS,"Malakoff, Antony",Malakoff,France,48.8211559,2.3019814,,,,GBP,Full-Time,"Description du poste intégré au sein du service Supply Chain , vos responsabilités seront : Gestion de l'outil (via Power BI ) permettant le suivi des matières premières consommées par chaque filiale du groupe ; Communication avec les différents services ; Harmonisation des datas sur l'outil ; Réalisation des RETEX sur les consommations au cours de l'année.","communication, power bi, r, ui",2026-05-30,https://www.adzuna.fr/details/5745492190?utm_medium=api&utm_source=90961c1a,Adzuna/Emplois Ingénierie [France],2026-05-30T19:46:37.308591
adzuna_fr_5745492056,Business Analyst Data Product [Luxe-Retail],Adone Conseil,"Paris, Ile-de-France",Paris,France,48.8534951,2.3483915,,,,GBP,Full-Time,"Description du poste En tant que Business Analyst Data Product , vous accompagnerez les clients d’Adone Conseil dans la mise en place gestion optimale de l’expérience produit. Cette transformation digitale passe par la mise en place de catalogues de produits ou de services, l’adaptation des processus et des outils mais surtout par le changement de l’approche Data / Référentiels / MDM au sein de l’entreprise. De la production de la donnée à son utilisation omnicanale (print / web / GDSN / retail…","git, r, ui",2026-05-30,https://www.adzuna.fr/details/5745492056?utm_medium=api&utm_source=90961c1a,Adzuna/Emplois Consultants [France],2026-05-30T19:46:39.594504
adzuna_fr_5745461292,Product Manager BI - Chanel Europe (Manufacturing Activities domains),Upward,France,,France,46.603354,1.8883335,,,,GBP,Full-Time,"Upward, a direct approach recruitment agency with 15 areas of expertise including Data & AI, has been appointed by Chanel Europe to recruit a Product Manager BI for the Manufacturing Activities domains (permanent contract). Job Title : Product Manager BI - Manufacturing Activities domains Reporting to : Analytics & AI Manager Location : Paris Role & context: At Chanel, the digital transformation of our operational and management models is accelerating, especially within our Digital Europe teams…","git, r, ui",2026-05-30,https://www.adzuna.fr/land/ad/5745461292?se=sjeHQ2Bc8RGbGvW-bcCcHA&utm_medium=api&utm_source=90961c1a&v=2143ACCE599E04126BF7D6F19C969CE3943A057D,Adzuna/Unknown [France],2026-05-30T19:46:42.864765
adzuna_fr_5745459684,Data Analyst Facility Management,ACTISS Partners Management de transition,"Yvelines, Ile-de-France",Yvelines,France,48.7620374,1.8871376,,,,GBP,Full-Time,"Actiss Partners, Cabinet de Management de Transition et Recrutement, accompagne l’un de ses clients, acteur majeur du Facility Management et de la Maintenance Multitechnique, dans le recrutement d’un(e) : Data Analyst Facility Management / GMAO F/H. En tant que Data Analyst / Chef(fe) de Projet Digital - GMAO, vous êtes garant(e) de l’intégrité, de la fiabilité et de la valorisation de la Data des contrats nationaux, et vous accompagnez les pilotes nationaux dans la mise en œuvre et le suivi de…","ats, git, r, ui, ux",2026-05-30,https://www.adzuna.fr/land/ad/5745459684?se=sjeHQ2Bc8RGbGvW-bcCcHA&utm_medium=api&utm_source=90961c1a&v=D722E84CAF85B63CDA3B22C3D0A87D6EC5A7DAF6,Adzuna/Unknown [France],2026-05-30T19:46:45.944380
adzuna_fr_5745459178,Data analyst (H/F),Infotel,"Ile-de-France, France",,France,48.6443057,2.7537863,,,,GBP,Full-Time,"Le Groupe Depuis plus de 45 ans, Infotel accompagne les grandes entreprises dans leurs enjeux IT et de transformation digitale. Avec plus de 3 400 collaborateurs et chiffre d’affaires de 294,5 M€ en 2025, le groupe intervient sur des projets structurants dans des secteurs clés tels que la banque, l’assurance et l’industrie. Sa force repose sur un modèle intégré combinant expertises techniques et métiers : OAIO, cabinet de conseil en transformation digitale, innovation et accompagnement au chang…","git, r, ui, ux",2026-05-30,https://www.adzuna.fr/land/ad/5745459178?se=sjeHQ2Bc8RGbGvW-bcCcHA&utm_medium=api&utm_source=90961c1a&v=AE5FFA7471FCDE51F16EEF48A0568E574705539C,Adzuna/Unknown [France],2026-05-30T19:46:48.035419
adzuna_fr_5745458702,Alternant(e) Ingénieur Analytics (Data Analyst & Data Engineer),APTISKILLS,"Levallois-Perret, Nanterre",Levallois-Perret,France,48.892956,2.2881683,,,,GBP,Full-Time,"AptiSkills, c’est l’ingénierie en évolution. C’est aussi 12 ans d’expertise dans la Construction, le Ferroviaire, les Energies, et l’ASD avec un accompagnement partout en France grâce à nos agences locales. C'est surtout des histoires humaines fortes, des collaborateurs engagés, des opportunités dans des secteurs à haute valeur ajoutée, un environnement agile qui encourage les idées, ainsi que nos équipes qui œuvrent chaque jour à la réussite et à l’épanouissement de chacun. Chez AptiSkills, ch…","agile, r, ui",2026-05-30,https://www.adzuna.fr/land/ad/5745458702?se=sjeHQ2Bc8RGbGvW-bcCcHA&utm_medium=api&utm_source=90961c1a&v=3609913058D1ED147CC7FC2EA64D757422773139,Adzuna/Unknown [France],2026-05-30T19:46:50.448404
adzuna_fr_5745458678,data analyst,Infotel,"Neuilly-sur-Seine, Nanterre",Neuilly-sur-Seine,France,48.884683,2.2695658,,,,GBP,Full-Time,"Data analyst (H/F) Île-de-France Disponibilité : selon préavis Le Groupe Depuis plus de 45 ans, Infotel accompagne les grandes entreprises dans leurs enjeux IT et de transformation digitale. Avec plus de 3 400 collaborateurs et chiffre d’affaires de 294,5 M€ en 2025, le groupe intervient sur des projets structurants dans des secteurs clés tels que la banque, l’assurance et l’industrie. Sa force repose sur un modèle intégré combinant expertises techniques et métiers : OAIO, cabinet de conseil en…","git, r, ui, ux",2026-05-30,https://www.adzuna.fr/land/ad/5745458678?se=sjeHQ2Bc8RGbGvW-bcCcHA&utm_medium=api&utm_source=90961c1a&v=B0C8EBE31106DBF59E6CAB74FAB5C74CC26D2BB1,Adzuna/Unknown [France],2026-05-30T19:46:52.700798
adzuna_fr_5745458362,Junior Analyst,Code Craft,France,,France,46.603354,1.8883335,,,,GBP,Full-Time,"Junior Analyst  Location: France (On-site / Hybrid / Remote options available) We are looking for a motivated Junior Analyst to support data analysis, reporting, and business insights across ongoing projects. This role is ideal for early-career candidates who are analytical, detail-oriented, and eager to develop their skills in a professional environment. Key Responsibilities Collect, organize, and analyze data from multiple sources Prepare reports, dashboards, and presentations Identify trends…","data analysis, go, r",2026-05-30,https://www.adzuna.fr/land/ad/5745458362?se=sjeHQ2Bc8RGbGvW-bcCcHA&utm_medium=api&utm_source=90961c1a&v=06CDC5E0FDEE8A01EA3E9C37C46E140962159C0F,Adzuna/Unknown [France],2026-05-30T19:46:54.544578
adzuna_fr_5745427538,Ingénieur / Développeur Big Data F/H,RANDSTAD DIGITAL FRANCE,"Issy-les-Moulineaux, Boulogne-Billancourt",Issy-les-Moulineaux,France,48.8250508,2.273457,"45,000 - 50,000",45000,50000,EUR,Full-Time,"Vos Missions Intégré(e) au sein de nos équipes Data ou directement chez l'un de nos clients grands comptes en Île-de-France, vous participerez à la conception et à l'optimisation de plateformes de traitement de données massives. Vos principales responsabilités seront : Développement & Traitement : Concevoir, développer et optimiser des pipelines de traitement de données complexes en utilisant Java et Scala . Ordonnancement & Workflow : Gérer, planifier et monitorer les flux de travaux (workflow…","java, r, scala, ui, ux",2026-05-30,https://www.adzuna.fr/details/5745427538?utm_medium=api&utm_source=90961c1a,Adzuna/Emplois Informatique [France],2026-05-30T19:46:54.544984
adzuna_fr_5745427557,Data analyst SAP BO (H-F) F/H,AMILTONE,"Villeurbanne, Lyon",Villeurbanne,France,45.7660581,4.8796267,"30,000 - 35,000",30000,35000,EUR,Full-Time,"Vos missions En tant que Data Analyst (H/F), vous serez au cœur de l'analyse et de la valorisation des données, garant de la qualité, de la cohérence et de la pertinence des indicateurs mis à disposition des métiers. Vous interviendrez sur l'ensemble du cycle de traitement de la donnée, de la collecte des besoins à la restitution des analyses. Recueillir, analyser et prioriser les besoins métiers et utilisateurs Concevoir, développer et maintenir des reportings et tableaux de bord adaptés aux e…","r, tableau, ux",2026-05-30,https://www.adzuna.fr/details/5745427557?utm_medium=api&utm_source=90961c1a,Adzuna/Emplois Informatique [France],2026-05-30T19:46:57.616479
adzuna_fr_5745368653,Business Analyst Data / Snowflake H/F,KLANIK,"Haute-Garonne, Occitanie",Haute-Garonne,France,43.3054546,0.9716792,,,,GBP,Full-Time,"Depuis sa création, KLANIK s'est donnée pour mission de conjuguer expertise technologique et authenticité. Ce pari audacieux, né à Marseille en 2011, en France, s'est transformé en une aventure internationale qui compte aujourd'hui plus de 800 collaborateurs, des implantations dans 10 pays et des filiales innovantes. Nous rejoignons en 2026 le groupe ALTEN, acteur mondial de l'ingénierie et des services numériques. Notre rôle : recruter les meilleurs talents & les connecter à nos clients pour l…","r, ui, ux",2026-05-30,https://www.adzuna.fr/details/5745368653?utm_medium=api&utm_source=90961c1a,Adzuna/Emplois Informatique [France],2026-05-30T19:46:59.869266
adzuna_fr_5745368089,CDI - Data Product Manager Analytics & AI - Retail (H/F),Hermes,"Pantin, Bobigny",Pantin,France,48.8965023,2.4019804,,,,GBP,Full-Time,"Contexte Au sein de la Direction Analytics & IA de la DSI Hermès, nous accélérons la transformation data et intelligence artificielle au service des métiers de la Maison. Dans ce cadre, nous recherchons un Data Product Manager Analytics & IA dédié aux enjeux Retail. Véritable interface entre les équipes métiers, la stratégie data de l'entreprise et les équipes techniques, vous pilotez un portefeuille de produits data à fort impact business. Vous intervenez sur l'ensemble du cycle de vie produit…","r, ui, ux",2026-05-30,https://www.adzuna.fr/details/5745368089?utm_medium=api&utm_source=90961c1a,"Adzuna/Emplois RP, Publicité et Marketing [France]",2026-05-30T19:47:01.916751
adzuna_fr_5745253668,Alternance : ALTERNANCE- Assistant(e) Data analyst H/F,TotalEnergies,"Hauts-de-Seine, Ile-de-France",Hauts-de-Seine,France,48.8401859,2.19863,,,,GBP,Full-Time,"Le poste, rattaché au département Stratégie Marketing et Assistance Technique, joue un rôle central dans la gestion de la donnée commerciale chez TotalEnergies Lubrifiants Automotive France contribuant ainsi à optimiser le pilotage et la performance de l'entité. Leader de marché, Lub France compte 350 collaborateurs et commercialise des lubrifiants destinés aux véhicules légers et industriels dans tous les canaux de vente par le biais de 4 entités commerciales : Entreprise (transporteurs, entre…","r, ux",2026-05-30,https://www.adzuna.fr/details/5745253668?utm_medium=api&utm_source=90961c1a,Adzuna/Emplois Diplômés [France],2026-05-30T19:47:03.760973
adzuna_fr_5745190919,Business Manager IT H/F,Astek,"Antibes, Grasse",Antibes,France,43.5813878,7.1236966,"35,000 - 35,000",35000,35000,EUR,Full-Time,"Votre mission ( si vous l'acceptez !) : En tant que Business Manager, votre mission est de développer l'activité commerciale, de piloter des équipes et de recruter les meilleurs talents pour accompagner la croissance. Notre objectif : « être un partenaire mondial indispensable à la transformation de nos clients, en leur offrant les meilleures expertises et les dernières innovations partout dans le monde."" Votre quotidien sera rythmé par : Acteur clé dans la transformation technologique de nos c…","r, ui",2026-05-30,https://www.adzuna.fr/details/5745190919?utm_medium=api&utm_source=90961c1a,Adzuna/Unknown [France],2026-05-30T19:47:05.809559
adzuna_fr_5745181672,Responsable Commercial - Alternance H/F,Pigier St Quentin en Yvelines,"Montigny-le-Bretonneux, Versailles",Montigny-le-Bretonneux,France,48.7698937,2.0381228,"21,876 - 21,876",21876,21876,EUR,Full-Time,"Le campus Pigier est un établissement d'enseignement supérieur spécialisé dans les formations en commerce, management, ressources humaines et gestion. Dans le cadre de son développement, le campus recherche pour l'une de ses entreprises partenaires un(e) alternant(e) MBA Commerce & Data. Cette offre est à pourvoir pour la rentrée Septembre 2026. Missions : Ici, tu deviens un profil business & stratégique nouvelle génération - Exploiter les données pour piloter la performance commerciale - Const…",r,2026-05-30,https://www.adzuna.fr/details/5745181672?utm_medium=api&utm_source=90961c1a,Adzuna/Unknown [France],2026-05-30T19:47:08.470543
adzuna_fr_5745175409,Analyste Développeur Data H/F,Samsic Emploi,"Saint-Malo-Sud, Saint-Malo",Saint-Malo,France,48.6491817,-2.0116279,12 - 14,12,14,EUR,Full-Time,Vous recherchez une nouvelle étape professionnelle dans le domaine de la gestion des données ? Nous avons une opportunité captivante pour vous en tant qu'Analyste Développeur Data (H/F/D) à Saint-Malo. Description du poste Notre client recrute un(e) Analyste Développeur Data pour intégrer son équipe informatique en présentiel à Saint-Malo. Vous serez chargé d'assurer l'analyse et la compréhension des besoins liés à l'ERP SAGE X3 et d'accomplir les missions suivantes : - Recueillir et analyser l…,"r, ui",2026-05-30,https://www.adzuna.fr/details/5745175409?utm_medium=api&utm_source=90961c1a,Adzuna/Unknown [France],2026-05-30T19:47:10.724708
adzuna_fr_5745135182,Growth Product Manager Senior Level H/F,Joko,"Paris, Ile-de-France",Paris,France,48.8534951,2.3483915,"64,000 - 64,000",64000,64000,EUR,Full-Time,"At Joko, we help consumers shop smarter. Our mission is to revolutionize shopping, empowering people to find what they need, make informed decisions, and save money. Founded in Paris, Joko is a tech company and certified B Corp with over 90 talents across Paris, Barcelona, and New York (and beyond). More than 6 million users already save money every day at 10,000 merchants with Joko. From cashback and automatic coupons to price alerts and carbon tracking, we keep expanding our products to make …",r,2026-05-30,https://www.adzuna.fr/details/5745135182?utm_medium=api&utm_source=90961c1a,Adzuna/Unknown [France],2026-05-30T19:47:13.181447
adzuna_fr_5745132756,Expert SEO H/F,Flair Agency,"Paris, Ile-de-France",Paris,France,48.8534951,2.3483915,"32,000 - 36,000",32000,36000,EUR,Full-Time,"Flair Agency recherche sa nouvelle pépite SEO ! Tu es dynamique, ambitieux et le SEO n'a (presque) plus de secrets pour toi ? Alors rejoins l'aventure tout de suite. L'agence en quelques mots : Flair Agency est une agence SEO indépendante fondée par deux femmes : Marilou Rudel et Kate Herchuez. Un binôme féminin et dynamique animé par l'envie de faire rayonner les femmes (et les hommes !) dans l'univers SEO. Notre ambition ? Faire des agences un écosystème épanouissant et bienveillant. Bref, re…","r, ui, ux",2026-05-30,https://www.adzuna.fr/details/5745132756?utm_medium=api&utm_source=90961c1a,Adzuna/Emplois Autres/Général [France],2026-05-30T19:47:13.181761
adzuna_fr_5745084118,Business Analyst Data & API à Tours (37) - Freelance,Collective.work,"Indre-et-Loire, Centre",Indre-et-Loire,France,47.2232046,0.6866703,400 - 400,400,400,EUR,Full-Time,"Description du poste Taux journalier (TJM): 400 Contexte Pour le compte d'une mutuelle de premier plan, nous recherchons un Business Analyst Data pour renforcer la tribu « Vie du Client » sur le produit Automatisation Data Services. Intégré à une Squad, vous faites le lien entre le métier et la technique dans un environnement 100% Agile. Missions Cadrer, analyser et modéliser les processus métiers et les besoins fonctionnels. Alimenter le backlog, rédiger les User Stories et participer aux ritu…","agile, r, ui, ux",2026-05-30,https://www.adzuna.fr/details/5745084118?utm_medium=api&utm_source=90961c1a,Adzuna/Unknown [France],2026-05-30T19:47:13.182005
adzuna_fr_5745083767,Business Analyst Data / AMOA Senior - Freelance,Collective.work,"Levallois-Perret, Nanterre",Levallois-Perret,France,48.892956,2.2881683,510 - 510,510,510,EUR,Full-Time,"Description du poste Taux journalier (TJM): 510 Contexte : Dans le cadre de Solutions Data, nous avons besoins d’un profil de Business Analyst DATA/ AMOA Senior pour intervenir rapidement et venir renforcer l’équipe Conseil et Valorisation Data Levallois. Principales missions : - Assurer une proximité et accompagner les direction métiers sur les usages autour de la donnée - Réaliser les études et apporter le bon conseil vers les métiers sur le volet Data - Assurer le support et l’assistance mét…","r, ui, ux",2026-05-30,https://www.adzuna.fr/details/5745083767?utm_medium=api&utm_source=90961c1a,Adzuna/Unknown [France],2026-05-30T19:47:15.363208
adzuna_fr_5745083679,Data product manager - circularity - Freelance,Collective.work,"8ème Arrondissement, Paris",Paris,France,48.8773641,2.317352,,,,GBP,Full-Time,"Job description A Senior Data Product Manager at our organization is pivotal in driving the development and success of data-driven products that meet the evolving needs of our customers and business. You will act as a vital link between business objectives, user experience, and technical execution, ensuring that our data products deliver value and innovation. You will be responsible to develop a portfolio of Analytics solutions / Dashboards, within the resource optimization domain and especiall…",r,2026-05-30,https://www.adzuna.fr/details/5745083679?utm_medium=api&utm_source=90961c1a,Adzuna/Unknown [France],2026-05-30T19:47:15.363549
adzuna_fr_5745071756,Data Analyst F/H,Guarani Lyon,"Rhône, Auvergne-Rhône-Alpes",Rhône,France,45.8802348,4.5645336,"38,000 - 50,000",38000,50000,EUR,Full-Time,"Nous recherchons actuellement un Data Analyst pour l'un de nos clients. Vous rejoindrez une équipe dynamique et collaborative, au sein de laquelle vous interviendrez sur des projets à forte valeur ajoutée. Vos principales missions seront les suivantes : - Recueillir, traiter et analyser les données statistiques afin de produire des insights pertinents et des recommandations opérationnelles pour les équipes métiers. - Concevoir, maintenir et faire évoluer les rapports issus des outils de Busines…","r, ui",2026-05-30,https://www.adzuna.fr/details/5745071756?utm_medium=api&utm_source=90961c1a,Adzuna/Emplois Informatique [France],2026-05-30T19:47:17.687650
adzuna_fr_5745070441,Data Analyst IT,Proxiad,"Aix en Provence Sud-Ouest, Aix-en-Provence",,,,,"42,000 - 43,000",42000,43000,EUR,Full-Time,"Dans le cadre du renforcement d'une équipe Data & IA au sein d'un grand compte du secteur bancaire, nous recherchons un(e) Data Analyst IT pour intervenir sur des projets à forte valeur ajoutée autour de l'analyse de données, de la détection de fraude et des usages Data Science / IA. Votre mission Au sein d'une équipe experte Data & IA, vous contribuerez à l'analyse et à l'exploitation de données stratégiques afin d'accompagner les métiers dans l'instruction et l'amélioration des cas d'usage li…","r, ui",2026-05-30,https://www.adzuna.fr/details/5745070441?utm_medium=api&utm_source=90961c1a,Adzuna/Emplois Informatique [France],2026-05-30T19:47:20.349466
adzuna_fr_5745069865,Data Analyst BI F/H - En alternance,King Jouet - Recrutement,"Rives, Grenoble",Rives,France,45.3501289,5.5047411,,,,GBP,Full-Time,"King Jouet c'est avant un tout une entreprise familiale en pleine croissance, avec des équipes ayant pour envie commune, d'accompagner les parents et faire rêver les enfants. Vous aimez les nouveaux challenges ? Alors, c'est parti on joue ! Le but du jeu : Vous avez le rôle de Data Analyst F/H - en alternance, Les conditions : Au sein du Pôle IT, intégré(e) dans le service BI & Data, vous serez rattaché(e) à Boris, Data Analyst. Pour gagner la partie, vous devrez : Data & Reporting - Création e…","r, ui, ux",2026-05-30,https://www.adzuna.fr/details/5745069865?utm_medium=api&utm_source=90961c1a,Adzuna/Emplois Informatique [France],2026-05-30T19:47:21.708416
adzuna_fr_5745069904,Data Analyst RH H/F,Sintel,"1er Arrondissement, Paris",Paris,France,48.8646144,2.334396,,,,GBP,Full-Time,"SINTEL recherche pour l'un de ses clients, grande Maison française de Luxe au rayonnement international, un(e) Data Analyst RH Au sein des équipes Talent Development Opérations, vous contribuez au pilotage et au déploiement des dispositifs de Talent Development en combinant analyse de données, coordination opérationnelle et communication interne. À l'interface des équipes RH, Talent et métiers, vous jouez un rôle clé dans la transformation des données en insights actionnables, la fiabilisation …","communication, r, ui, ux",2026-05-30,https://www.adzuna.fr/details/5745069904?utm_medium=api&utm_source=90961c1a,Adzuna/Emplois Informatique [France],2026-05-30T19:47:24.035757
adzuna_fr_5745035059,Coordinateur Business analyst (Data),Next-Link,"Niort, Deux-Sèvres",Niort,France,46.3239233,-0.4646064,,,,GBP,Full-Time,"Nextlink is seeking a Coordinateur Business analyst (Data). As part of the expansion of its Data & AI division, our client — a leading player in the insurance industry — is looking for a highly experienced Senior Data & Information Systems Consultant to support strategic initiatives and high-impact business and technology studies. This role will primarily focus on Data, Artificial Intelligence, and Information Systems , while also offering opportunities to contribute across broader business tra…",r,2026-05-30,https://www.adzuna.fr/details/5745035059?utm_medium=api&utm_source=90961c1a,Adzuna/Emplois Informatique [France],2026-05-30T19:47:26.084846
adzuna_fr_5744995894,Alternance - Data Analyst - H/F,BNP Paribas Mission Handicap,"Jarnac, Cognac",Jarnac,France,45.6791182,-0.1740904,,,,GBP,Full-Time,"AU QUOTIDIEN ÇA DONNE QUOI ? Au sein de BNP Paribas Personal Finance, filiale à 100 % du Groupe BNP Paribas et spécialisée dans le financement aux particuliers en France et en Europe au travers de ses activités de crédit à la consommation, nous travaillons dans un environnement international et multiculturel. Vous intégrerez la Direction des Opérations France, au sein de l’équipe de chargés d’études composée de 7 personnes, rattachée au pôle Analyse et Outils Décisionnels (AOD). Vous travailler…","r, ui, ux",2026-05-29,https://www.adzuna.fr/details/5744995894?utm_medium=api&utm_source=90961c1a,Adzuna/Emplois Diplômés [France],2026-05-30T19:47:28.388630
adzuna_fr_5744970921,ALTERNANCE - Data Analyst - F/H,Thales,"Vélizy-Villacoublay, Versailles",Vélizy-Villacoublay,France,48.7809496,2.1900052,,,,GBP,Full-Time,"Lieu : Vélizy-Villacoublay, France Construisons ensemble un avenir de confiance Thales est un leader mondial des hautes technologies spécialisé dans trois secteurs d'activité : Défense & Sécurité, Aéronautique & Spatial, et Cyber & Digital. Il développe des produits et solutions qui contribuent à un monde plus sûr, plus respectueux de l'environnement et plus inclusif. Le Groupe investit près de 4,5 milliards d'euros par an en Recherche & Développement, notamment dans des domaines clés de l'inno…","git, r, ui, ux",2026-05-29,https://www.adzuna.fr/details/5744970921?utm_medium=api&utm_source=90961c1a,Adzuna/Unknown [France],2026-05-30T19:47:30.586729
adzuna_fr_5744961332,Junior Data Analyst Circularity - Apprenticeship (f/m/d),Decathlon Digital EN,"Villeneuve-d'Ascq, Lille",Villeneuve-d'Ascq,France,50.6193174,3.1314002,,,,GBP,Full-Time,"Our Circular Analytics Team is looking for a Junior Data Analyst - Circular Economy (f/m/d) on an apprenticeship contract, based in Lille . At the heart of the Circularity domain, our team of 25 data experts (BI Engineers, Data Analysts, Data Scientists) builds the intelligence that drives Decathlon's sustainable transformation. We bridge the gap between raw data and concrete action to make repairing, renting, and second-hand as natural as buying new. Our challenge? Reducing environmental footp…","r, ui",2026-05-29,https://www.adzuna.fr/details/5744961332?utm_medium=api&utm_source=90961c1a,Adzuna/Unknown [France],2026-05-30T19:47:33.047622
adzuna_fr_5744958660,Data Analyst H/F,Crédit Agricole CIB,France,,France,46.603354,1.8883335,,,,GBP,Full-Time,"Informations générales Entité Rejoignez les équipes de Crédit Agricole CIB, la banque de financement et d'investissement du groupe Crédit Agricole, 10e groupe bancaire mondial en taille de bilan*. Nous accompagnons les grandes entreprises et institutions financières dans leur développement et le financement de leurs projets. Pionniers dans la finance responsable, l'engagement social et environnemental sont au cœur de nos activités. Intégrer nos équipes c'est contribuer au développement d'une éc…","r, ui",2026-05-29,https://www.adzuna.fr/details/5744958660?utm_medium=api&utm_source=90961c1a,Adzuna/Unknown [France],2026-05-30T19:47:34.890843
adzuna_fr_5744958534,Analyste data risque de crédit H/F,Crédit Agricole,France,,France,46.603354,1.8883335,,,,GBP,Full-Time,"Informations générales Entité Crédit Agricole Personal Finance & Mobility, filiale à 100% du Groupe Crédit Agricole, est un leader du financement personnel et un fournisseur d'accès à toutes les solutions de mobilités en Europe. Il distribue ces solutions en direct auprès des particuliers, sur les lieux de vente ou sur les plateformes e-commerce de ses partenaires, une gamme étendue de solutions de financement. Ces solutions de crédit amortissable, crédit renouvelable, leasing et rachat de créd…","r, ux",2026-05-29,https://www.adzuna.fr/details/5744958534?utm_medium=api&utm_source=90961c1a,Adzuna/Emplois Comptabilité et Finance [France],2026-05-30T19:47:34.891107
adzuna_fr_5744957622,Data Analyst H/F,Crédit Agricole,France,,France,46.603354,1.8883335,,,,GBP,Full-Time,"Informations générales Entité Rejoignez les équipes de Crédit Agricole CIB, la banque de financement et d'investissement du groupe Crédit Agricole, 10e groupe bancaire mondial en taille de bilan*. Nous accompagnons les grandes entreprises et institutions financières dans leur développement et le financement de leurs projets. Pionniers dans la finance responsable, l'engagement social et environnemental sont au cœur de nos activités. Intégrer nos équipes c'est contribuer au développement d'une éc…","r, ui",2026-05-29,https://www.adzuna.fr/details/5744957622?utm_medium=api&utm_source=90961c1a,Adzuna/Unknown [France],2026-05-30T19:47:34.891329
adzuna_fr_5744923805,STAGE - Consultant(e) Sales junior en hôtellerie à partir de septembre 2026,Oversight,"Paris, Ile-de-France",Paris,France,48.8534951,2.3483915,,,,GBP,Full-Time,"À propos de Oversight Oversight est un cabinet de conseil et de gestion hôtelière dont la mission est de construire l’avenir de l’hôtellerie indépendante  Nous nous appuyons sur un modèle de gestion décentralisé inspiré du Lean management et structuré autour de trois piliers fondamentaux : Le management horizontal  : les fonctions clés (marketing, ventes, sales) sont assurées au sein de l’hôtel par 3 co-dirigeants – les Officers – focalisés sur leur mission. Les outils digitaux : une sélection …","git, r, ui, ux",2026-05-29,https://www.adzuna.fr/details/5744923805?utm_medium=api&utm_source=90961c1a,Adzuna/Emplois Consultants [France],2026-05-30T19:47:34.891542
adzuna_fr_5744899282,APPRENTI(E) Data Analyste et Développement BOT F/H,Air France,France,,France,46.603354,1.8883335,,,,GBP,Full-Time,"Informations générales Entité de rattachement Avec le premier réseau long-courrier au départ de l'Europe, le groupe Air France /KLM est un acteur majeur du transport aérien mondial. Ses principaux métiers sont le transport aérien de passagers, de fret et la maintenance aéronautique. Référence 2026-24478 Intitulé du poste APPRENTI(E) Data Analyste et Développement BOT F/H Métier Digital - e-Analyse Présentation du contexte Avec le premier réseau long-courrier au départ de l'Europe, le groupe Air…","git, r, ux",2026-05-29,https://www.adzuna.fr/details/5744899282?utm_medium=api&utm_source=90961c1a,Adzuna/Unknown [France],2026-05-30T19:47:34.891771
adzuna_fr_5744891934,Stage Data Analyst Power BI H/F,LCL,France,,France,46.603354,1.8883335,,,,GBP,Full-Time,Informations générales Entité Nous sommes la banque de celles et ceux qui transforment leurs rêves en projets et leurs projets en réalité. Nous souhaitons faire de notre banque le leader de l'accompagnement des français·es qui entreprennent. C'est grâce à nos 16 400 collaborateur·rices que LCL a été élu Service Client de l'Année 2026 dans la catégorie « Banque de réseau pour les particuliers » : une reconnaissance de notre ambition d'être N°1 de la satisfaction client. En tant que Banque nation…,"go, r, ui, ux",2026-05-29,https://www.adzuna.fr/details/5744891934?utm_medium=api&utm_source=90961c1a,Adzuna/Unknown [France],2026-05-30T19:47:34.891977
adzuna_fr_5744875508,Data Analyst Junior (H/F),Junot,"17ème Arrondissement, Paris",Paris,France,48.8845114,2.322296,,,,GBP,Full-Time,"Description Maison Junot est un groupe familial fondé en 1984, membre des Leading Real Estate Companies of the World et du réseau Forbes. Nous fournissons des services haut de gamme pour la vente, la location et la gestion de biens immobiliers de prestige et nous garantissons à nos clients un accompagnement de qualité et sur-mesure. Avec 24 agences à Paris, dans l'Ouest parisien, à Lille et désormais à Bruxelles, nous comptons aujourd'hui 240 collaborateurs qui vendent plus de 900 biens par an …","r, ui, ux",2026-05-29,https://www.adzuna.fr/details/5744875508?utm_medium=api&utm_source=90961c1a,Adzuna/Unknown [France],2026-05-30T19:47:34.892183
adzuna_fr_5744863028,Senior Conseil Média (H/F) - CDI - Paris,un emploi de Senior Conseil Média,"9ème Arrondissement, Paris",Paris,France,48.8734832,2.3397879,,,,GBP,Full-Time,"Qui sommes-nous ? Artefact est une nouvelle génération de société spécialisée dans le conseil en data et en marketing digital data-driven, dont les 2000 employés répartis sur 26 pays ont pour mission de transformer tous types de data chez nos clients en impact business. Nous offrons une large gamme de solutions data-driven, que nous customisons selon les besoins spécifiques de nos clients, que ce soit des projets IA pour l'automatisation des process internes à chaque étape de leur value chain, …","git, r, ui",2026-05-29,https://www.adzuna.fr/details/5744863028?utm_medium=api&utm_source=90961c1a,Adzuna/Emplois Consultants [France],2026-05-30T19:47:37.142653
adzuna_fr_5744861909,ALTERNANCE - Sales Data Analyst F/H,Thales,"Vélizy-Villacoublay, Versailles",Vélizy-Villacoublay,France,48.7809496,2.1900052,,,,GBP,Full-Time,"Lieu : Vélizy-Villacoublay, France Construisons ensemble un avenir de confiance Thales est un leader mondial des hautes technologies spécialisé dans trois secteurs d’activité : Défense & Sécurité, Aéronautique & Spatial, et Cyber & Digital. Il développe des produits et solutions qui contribuent à un monde plus sûr, plus respectueux de l’environnement et plus inclusif. Le Groupe investit près de 4,5 milliards d’euros par an en Recherche & Développement, notamment dans des domaines clés de l’inno…","git, r, ui, ux",2026-05-29,https://www.adzuna.fr/details/5744861909?utm_medium=api&utm_source=90961c1a,Adzuna/Unknown [France],2026-05-30T19:47:38.984872
adzuna_fr_5744851097,Transport & Data Analyst Apprentice,Sonoco,France,,France,46.603354,1.8883335,,,,GBP,Full-Time,"OFFRE D’APPRENTISSAGE Apprenti Analyste Transport et Base de données Sonoco – Saint-Ouen - France APERCU DE L'ENTREPRISE Sonoco, via ses filiales est un fournisseur mondial de premier plan de produits d’emballage pour l'alimentaire, des équipements et des services à un large éventail de marchés finaux. Avec 22 000 employés répartis sur 300 sites de production dans 33 pays. Sonoco, un des leaders de l'industrie de l'emballage dont l'innovation et le développement durable sont au cœur des préoccu…","r, ui, ux",2026-05-29,https://www.adzuna.fr/details/5744851097?utm_medium=api&utm_source=90961c1a,Adzuna/Unknown [France],2026-05-30T19:47:38.984982
adzuna_fr_5744848594,Senior AI Platform Engineer - Data Factory (f/m/d),Decathlon Digital FR,France,,France,46.603354,1.8883335,,,,GBP,Full-Time,"L'équipe Data Platform recherche un·e Senior AI Platform Engineer basé·e·s à Lille/Paris. Au cœur de l’entité Decathlon Digital, nous recherchons un·e Senior AI Platform Engineer pour rejoindre les équipes Data Factory. Cette plateforme technologique, globale à tout le groupe de manière internationale, soutient le développement de l’usage de la Data chez Decathlon, du calcul du chiffre d’affaires à l’aide de conception de produits innovants. Nous opérons une Modern Data Stack de pointe, avec un…","git, r, ui",2026-05-29,https://www.adzuna.fr/details/5744848594?utm_medium=api&utm_source=90961c1a,Adzuna/Emplois Informatique [France],2026-05-30T19:47:38.985066
adzuna_fr_5744840713,Responsable domaine ERP - Commercial & Supply Chain H/F,Externatic,"Montaigu, La Roche-sur-Yon",Montaigu-Vendée,France,46.9761793,-1.312169,"50,000 - 55,000",50000,55000,EUR,Full-Time,"Présentation de la société Crée il y a 15 ans, Externatic est l'un des 1ers cabinets de recrutement spécialisés ""Informatique, Data & Cybersécurité"" à voir le jour en France. Notre credo est simple : ""permettre à nos candidats, via notre réseau, d'accéder au marché caché et d'être recruté uniquement au sein d'entreprises finales (0% d'ESN) "" . Externatic en bref : 15 ans de professionnalisme sur le recrutement ""tech"" externalisé pour des entreprises HORS ESN Près de 300 postes ouverts en perman…","ats, r",2026-05-29,https://www.adzuna.fr/details/5744840713?utm_medium=api&utm_source=90961c1a,Adzuna/Unknown [France],2026-05-30T19:47:38.985163
adzuna_fr_5744836631,Data analyst - chargé d'études sur les formations sociales F/H,Choisir le Service Public,France,,France,46.603354,1.8883335,,,,GBP,Full-Time,"Informations générales Organisme de rattachement Direction de la Recherche, des Etudes, de l'Evaluation et des Statistiques (DREES) Référence 2026-2292180 Date de début de diffusion 28/05/2026 Date de parution 28/05/2026 Date de fin de diffusion 27/06/2026 Intitulé long de l'offre Data analyst - chargé d'études sur les formations sociales F/H Employeur Créée par décret en 1998, la Drees fait partie du service statistique public. Nature du contrat CDD de 3 ans Versant Fonction Publique de l'Etat…",r,2026-05-29,https://www.adzuna.fr/details/5744836631?utm_medium=api&utm_source=90961c1a,Adzuna/Unknown [France],2026-05-30T19:47:41.030111
adzuna_fr_5744834720,Responsable QA et Recette Applicative H/F,Externatic,"Loire-Atlantique, Pays de la Loire",Loire-Atlantique,France,47.3481615,-1.8727461,"50,000 - 60,000",50000,60000,EUR,Full-Time,"Présentation de la société Crée il y a 15 ans, Externatic est l'un des 1ers cabinets de recrutement spécialisés ""Informatique, Data & Cybersécurité"" à voir le jour en France. Notre credo est simple : ""permettre à nos candidats, via notre réseau, d'accéder au marché caché et d'être recruté uniquement au sein d'entreprises finales (0% d'ESN) "" . Externatic en bref : 15 ans de professionnalisme sur le recrutement ""tech"" externalisé pour des entreprises HORS ESN Près de 300 postes ouverts en perman…","ats, r",2026-05-29,https://www.adzuna.fr/details/5744834720?utm_medium=api&utm_source=90961c1a,Adzuna/Emplois Informatique [France],2026-05-30T19:47:41.030414
adzuna_fr_5744786153,Alternance - Data Analyst – Mastère Expert IT en apprentissage H/F,ENACO Business School,"Roubaix, Lille",Roubaix,France,50.6915893,3.1741734,,,,GBP,Full-Time,"[ 2 Postes à pourvoir en APPRENTISSAGE uniquement , pas de CDD ou CDI] ENACO, 1ère école de commerce 100 % en ligne, recherche pour l’un de ses partenaires, en contrat d’apprentissage : un(e) Data Quality Manager pour évoluer dans le secteur de l'assurance et de la gestion de patrimoine. Formez-vous en alternance avec ENACO en Mastère européen Expert IT Applications intelligentes et Big Data , un diplôme de niveau Bac5 (Mastère), reconnu par l’État, tout en bénéficiant d’une véritable expérienc…",r,2026-05-29,https://www.adzuna.fr/details/5744786153?utm_medium=api&utm_source=90961c1a,Adzuna/Unknown [France],2026-05-30T19:47:43.287462
adzuna_fr_5744728418,Alternance - Quantitative Analyst H/F,BNP PARIBAS,"Rueil-Malmaison, Nanterre",Rueil-Malmaison,France,48.87778,2.1802832,,,,GBP,Full-Time,"AU QUOTIDIEN CA DONNE QUOI ? Créée en 1989 et filiale à 100% de BNP Paribas, Arval est le spécialiste de la location de véhicules d'entreprise. Conseil d'expert et qualité de service, qui constituent les fondements de la promesse de marque d'Arval, sont délivrés dans 29 pays par plus de 8 000 collaborateurs. BNP Paribas à travers sa filiale Arval propose à ses clients professionnels, PME et grands Groupes internationaux des solutions dédiées visant à optimiser la mobilité de leurs collaborateur…","r, ui, ux",2026-05-29,https://www.adzuna.fr/details/5744728418?utm_medium=api&utm_source=90961c1a,Adzuna/Unknown [France],2026-05-30T19:47:45.540116
adzuna_fr_5744686434,Data Analyst - Centre d'Hypervision F/H,Angers Loire métropole,"Maine-et-Loire, Pays de la Loire",Maine-et-Loire,France,47.3886305,-0.3909097,,,,GBP,Full-Time,"Le poste de Data Analyst - Centre d'Hypervision F/H Transformez les données du territoire en outils d'aide à la décision Au sein de la direction Territoire Intelligent, le centre d'Hypervision d'Angers Loire Métropole collecte, supervise et exploite des données issues des équipements et services du territoire : éclairage public, signalisation lumineuse tricolore, arrosage des espaces verts, consommation d'énergie du patrimoine bâtimentaire En tant que Data Analyst du Centre d'Hypervision, vous …","r, ui",2026-05-29,https://www.adzuna.fr/details/5744686434?utm_medium=api&utm_source=90961c1a,Adzuna/Unknown [France],2026-05-30T19:47:48.203144
adzuna_fr_5744685292,Ingénieur Data Analyst Supply S&OP F/H (CDI),MBDA,"Cher, Centre",Cher,France,47.0248824,2.5753334,,,,GBP,Full-Time,"MBDA est le seul groupe européen capable de concevoir et de produire des missiles et systèmes de missiles complexes pour répondre à toute la gamme des besoins opérationnels présents et futurs des trois forces armées (Terre, Marine, Air et Espace). Leader européen et acteur mondial, MBDA se positionne au coeur de la souveraineté de nos nations européennes et de leurs alliés en leur fournissant les capacités militaires indispensables à la protection de leur sécurité nationale et permettant leur i…","r, ui",2026-05-29,https://www.adzuna.fr/land/ad/5744685292?se=sjeHQ2Bc8RGbGvW-bcCcHA&utm_medium=api&utm_source=90961c1a&v=12876B71D7E4FD9F11622E794CA7AB1B15E5F764,Adzuna/Unknown [France],2026-05-30T19:47:51.464879
adzuna_fr_5744647348,Chargé e de Mission RH - Data Analyst H/F,KARA,"Paris, Ile-de-France",Paris,France,48.8534951,2.3483915,,,,GBP,Full-Time,"Au sein des équipes RH Opérations, vous contribuez au suivi des dispositifs Talent Development en combinant analyse de données, coordination opérationnelle et communication. Votre rôle sera essentiel pour transformer les données en insights actionnables, assurer le bon déroulement des processus clés et faciliter la communication interne. Missions et Responsabilités : 1. Data Analyse & Visualisation : Suivi d'une enquête pour l'ensemble du périmètre Opérations : • Suivre le taux de réponse de l'…","communication, r, ui, ux",2026-05-29,https://www.adzuna.fr/details/5744647348?utm_medium=api&utm_source=90961c1a,Adzuna/Unknown [France],2026-05-30T19:47:53.731608
adzuna_fr_5744555334,Data Analyst - Centre d'Hypervision F/H,Angers Loire métropole,"Angers-Ouest, Angers",Montréal,Canada,45.4668128,-73.584146,,,,GBP,Full-Time,"Le poste de Data Analyst - Centre d'Hypervision F/H Transformez les données du territoire en outils d'aide à la décision Au sein de la direction Territoire Intelligent, le centre d'Hypervision d'Angers Loire Métropole collecte, supervise et exploite des données issues des équipements et services du territoire : éclairage public, signalisation lumineuse tricolore, arrosage des espaces verts, consommation d'énergie du patrimoine bâtimentaire En tant que Data Analyst du Centre d'Hypervision, vous …","r, ui",2026-05-29,https://www.adzuna.fr/details/5744555334?utm_medium=api&utm_source=90961c1a,Adzuna/Unknown [France],2026-05-30T19:47:58.164757
adzuna_fr_5744555336,Data Analyst - Centre d'Hypervision F/H,Angers Loire métropole,"Angers-Est, Angers",Gatineau,Canada,45.5448309,-75.4141483,,,,GBP,Full-Time,"Le poste de Data Analyst - Centre d'Hypervision F/H Transformez les données du territoire en outils d'aide à la décision Au sein de la direction Territoire Intelligent, le centre d'Hypervision d'Angers Loire Métropole collecte, supervise et exploite des données issues des équipements et services du territoire : éclairage public, signalisation lumineuse tricolore, arrosage des espaces verts, consommation d'énergie du patrimoine bâtimentaire En tant que Data Analyst du Centre d'Hypervision, vous …","r, ui",2026-05-29,https://www.adzuna.fr/details/5744555336?utm_medium=api&utm_source=90961c1a,Adzuna/Unknown [France],2026-05-30T19:48:00.285547
adzuna_fr_5744555335,Data Analyst - Centre d'Hypervision F/H,Angers Loire métropole,"Loire-Authion, Angers",Loire-Authion,France,47.469642,-0.3825314,,,,GBP,Full-Time,"Le poste de Data Analyst - Centre d'Hypervision F/H Transformez les données du territoire en outils d'aide à la décision Au sein de la direction Territoire Intelligent, le centre d'Hypervision d'Angers Loire Métropole collecte, supervise et exploite des données issues des équipements et services du territoire : éclairage public, signalisation lumineuse tricolore, arrosage des espaces verts, consommation d'énergie du patrimoine bâtimentaire En tant que Data Analyst du Centre d'Hypervision, vous …","r, ui",2026-05-29,https://www.adzuna.fr/details/5744555335?utm_medium=api&utm_source=90961c1a,Adzuna/Unknown [France],2026-05-30T19:48:02.129323
adzuna_fr_5744555328,Data Analyst - Centre d'Hypervision F/H,Angers Loire métropole,"Angers-Nord-Ouest, Angers",,,,,,,,GBP,Full-Time,"Le poste de Data Analyst - Centre d'Hypervision F/H Transformez les données du territoire en outils d'aide à la décision Au sein de la direction Territoire Intelligent, le centre d'Hypervision d'Angers Loire Métropole collecte, supervise et exploite des données issues des équipements et services du territoire : éclairage public, signalisation lumineuse tricolore, arrosage des espaces verts, consommation d'énergie du patrimoine bâtimentaire En tant que Data Analyst du Centre d'Hypervision, vous …","r, ui",2026-05-29,https://www.adzuna.fr/details/5744555328?utm_medium=api&utm_source=90961c1a,Adzuna/Unknown [France],2026-05-30T19:48:04.381795
adzuna_fr_5744474916,Business Analyst / Proxy Product Owner – Data / IA (H-F),K-LAGAN France,"Nantes, Loire-Atlantique",Nantes,France,47.2186371,-1.5541362,,,,GBP,Full-Time," Chez K-LAGAN, nous faisons vivre chaque projet grâce aux talents qui le portent, en alliant expertise technique et accompagnement personnalisé. Aujourd'hui, nous recherchons un.e Business Analyst / Proxy Product Owner – Data / IA pour rejoindre l'un de nos clients basé à Nantes .  Le contexte Notre client opère dans un environnement Data & IA en pleine transformation. Les projets portent sur des systèmes intelligents à fort impact business : agents autonomes, interfaces IA, pipelines ML en pro…","r, ui, ux",2026-05-29,https://www.adzuna.fr/land/ad/5744474916?se=yK6RdGBc8RG1g60cORqbZQ&utm_medium=api&utm_source=90961c1a&v=0A297EB0A7A2A22935790F9DFFDC0130AA03BC72,Adzuna/Unknown [France],2026-05-30T19:48:05.732995
adzuna_fr_5744474706,Business Intelligence (BI) Analyst,THE UGANDA INSTITUTE OF BANKING & FINANCIAL SERVICES,"Paris, Ile-de-France",Paris,France,48.8534951,2.3483915,,,,GBP,Full-Time,"Business Intelligence (BI) AnalystRole Description We are seeking a detail-oriented and analytical Business Intelligence (BI) Analyst to support data-driven decision-making through insightful reporting, dashboard development, and business performance analysis. The ideal candidate is passionate about transforming complex datasets into clear, actionable insights that improve operational efficiency and strategic planning. In this role, you will collect, analyze, and interpret data from multiple bu…",r,2026-05-29,https://www.adzuna.fr/land/ad/5744474706?se=yK6RdGBc8RG1g60cORqbZQ&utm_medium=api&utm_source=90961c1a&v=A8DB80BB560B22ED4F55B5F593D6EDC3637BFEEE,Adzuna/Emplois Comptabilité et Finance [France],2026-05-30T19:48:08.019996
adzuna_fr_5744473707,Business Data Analyst (Development & Marketing)- Stage Bilingue Français & Anglais (H/F),RC Group,"Boulogne-Billancourt, Hauts-de-Seine",Boulogne-Billancourt,France,48.8356649,2.240206,,,,GBP,Full-Time,"Description RC Group rassemble les compétences et expertises de plus de 650 collaborateurs autour des métiers de l’image, au service des plus grandes marques du luxe . Le groupe conçoit, fabrique et installe les outils de communication qui assurent la promotion des marques sur les points de vente, qu’ils soient physiques ou digitaux. Ses savoir-faire s’articulent autour de 5 grands métiers : PLV, Print, Vitrines & Displays, Digital, Événementiel. RC Group e st un groupe familial, créé il y a pl…","communication, git, r, ui, ux",2026-05-29,https://www.adzuna.fr/land/ad/5744473707?se=yK6RdGBc8RG1g60cORqbZQ&utm_medium=api&utm_source=90961c1a&v=A783B0C561CC32CBDFB05763AD2ADA234CE89B93,Adzuna/Unknown [France],2026-05-30T19:48:08.020276
adzuna_fr_5744473510,Consultant Data Analyst - Lyon (F/H),NOVENCIA Group,France,,France,46.603354,1.8883335,,,,GBP,Full-Time,"Novencia accompagne ses clients dans leurs projets de transformation Data et IA afin de valoriser leur patrimoine data et améliorer la prise de décision. Nos équipes interviennent sur toute la chaîne de valeur : Data Strategy, Data Science, Data Engineering, Gouvernance, Architecture et Analytics. Nous renforçons notre communauté Data avec un·e Data Analyst expérimenté·e souhaitant relever de nouveaux défis et contribuer à des projets analytiques concrets. Ta mission Rattaché·e à la practice da…","go, r, ui, ux",2026-05-29,https://www.adzuna.fr/land/ad/5744473510?se=yK6RdGBc8RG1g60cORqbZQ&utm_medium=api&utm_source=90961c1a&v=55D35F1707F1CF32D0B3BE9801E488329BE003EF,Adzuna/Unknown [France],2026-05-30T19:48:10.525371
adzuna_fr_5744472747,数据工程师,Ingenico,France,,France,46.603354,1.8883335,,,,GBP,Full-Time,"About the Company Ingenico Cloud Platform is dedicated to providing reliable and efficient data solutions. Our mission is to ensure data reliability, accuracy, and consistency across the platform, supporting critical business and analytics use cases. We foster a culture of collaboration and innovation, where every team member plays a vital role in our success. About the Role You will join the Data Platform team as a Data Engineer with a strong focus on Data Quality and QA practices. You will be…",r,2026-05-29,https://www.adzuna.fr/land/ad/5744472747?se=yK6RdGBc8RG1g60cORqbZQ&utm_medium=api&utm_source=90961c1a&v=CAD4463791F682E0892DF8FB1A7BAC5FA28F65DB,Adzuna/Unknown [France],2026-05-30T19:48:10.525639
adzuna_fr_5744472693,"RevOps Lead, PMM Data & Stratégie Go-to-Market",Orah Talent,"Paris, Ile-de-France",Paris,France,48.8534951,2.3483915,,,,GBP,Full-Time,"Orah Talent accompagne un groupe structuré autour de plusieurs sociétés et marques spécialisées dans le conseil B2B sur la création d’un poste hybride et stratégique, pour leur développement. Au croisement de la Data , du CRM (HubSpot) et du Product Marketing , votre rôle sera de faire parler les données clients pour détecter des opportunités business insoupçonnées, puis de concevoir et marketter les offres de demain. Vous êtes le pont entre la technique et le business. Là où d'autres ne voient…","crm, r, ui",2026-05-29,https://www.adzuna.fr/land/ad/5744472693?se=yK6RdGBc8RG1g60cORqbZQ&utm_medium=api&utm_source=90961c1a&v=430B87EB26AB81CD37B235B9880F285AAD90408E,Adzuna/Unknown [France],2026-05-30T19:48:10.525910
adzuna_fr_5744472521,Alternance - Apprenti(e) Business Analyst - BI et Market Intelligence - FR,MICHELIN Connected Fleet,"Boulogne-Billancourt, Hauts-de-Seine",Boulogne-Billancourt,France,48.8356649,2.240206,,,,GBP,Full-Time,"Rejoignez l’aventure de la mobilité durable chez MICHELIN Connected Fleet (à partir de Septembre 2026) Vous êtes passionné(e) par la Data, la Business Intelligence et la stratégie de marché ? Vous cherchez une alternance responsabilisante au cœur de l'optimisation des flottes et l'amélioration de la performance de nos clients? L'équipe Marketing de Michelin Connected Fleet recrute un(e) Apprenti(e) Business Analyst - BI et Market Intelligence ! Localisation : Paris Niveau : Bac4 / Bac5 (Contrat…","r, ui",2026-05-29,https://www.adzuna.fr/land/ad/5744472521?se=yK6RdGBc8RG1g60cORqbZQ&utm_medium=api&utm_source=90961c1a&v=F2259E2C9B84FE5D7562E7AF980BAB3794C1CD89,Adzuna/Unknown [France],2026-05-30T19:48:10.526137
adzuna_fr_5744472128,Business Analyst professional - Spot quote Data and project management,CEVA Logistics,"Courbevoie, Nanterre",Courbevoie,France,48.8953328,2.2561602,,,,GBP,Full-Time,"CEVA Logistics provides global supply chain solutions to connect people, products, and providers all around the world. Present in 170 countries and with more than 110,000 employees spread over 1,500 sites, we are proud to be a Top 5 global 3PL. We believe that our employees are the key to our success. We want to engage and empower our diverse, global team to co-create value with our customers through our solutions in contract logistics and air, ocean, ground, and finished vehicle transport. Tha…",r,2026-05-29,https://www.adzuna.fr/land/ad/5744472128?se=yK6RdGBc8RG1g60cORqbZQ&utm_medium=api&utm_source=90961c1a&v=0E93D904F1CA92006194DD0F3B46C70BA7642A2D,Adzuna/Unknown [France],2026-05-30T19:48:10.526350
adzuna_fr_5744471982,Développeur·se Fullstack Java / Vue3,SHAPE IT,"Lille, Nord",Lille,France,50.6365654,3.0635282,,,,GBP,Full-Time,"[shape it] est une ESN verte et sociale créée en 2020, embarquant plus de 100 salarié·es engagé·es pour un IT plus responsable, réparti·es sur toute la France. Le conseil en IT, autrement !  En tant que société à mission , au sens de la Loi PACTE, notre raison d’être est inscrite dans nos statuts et nous répondons également à des objectifs sociétaux : neutralité carbone, éco-citoyenneté, construction d’un modèle d’entreprise plus durable, …  Intégrer [shape it], c'est vivre une expérience co-co…","r, ux",2026-05-29,https://www.adzuna.fr/land/ad/5744471982?se=yK6RdGBc8RG1g60cORqbZQ&utm_medium=api&utm_source=90961c1a&v=D1AA817AFF512938B65E6FF01B00FCB56C77BA10,Adzuna/Unknown [France],2026-05-30T19:48:12.368362
adzuna_fr_5744471952,Business Analyst – Spécialiste Data / BI (H/F),Extia,France,,France,46.603354,1.8883335,,,,GBP,Full-Time,"Vous savez parler le ""Business"" mais votre premier réflexe face à un problème est d'ouvrir une console SQL ? Vous aimez autant concevoir une User Story claire que faire parler la donnée pour orienter les décisions produit ? Nous recherchons notre futur(e) Business Analyst / Product Owner ayant un solide background ou une première expérience réussie en tant que Data Analyst . Au carrefour des équipes Métier, Data et Tech, votre rôle sera de transformer des besoins fonctionnels complexes en produ…","r, sql, ui",2026-05-29,https://www.adzuna.fr/land/ad/5744471952?se=yK6RdGBc8RG1g60cORqbZQ&utm_medium=api&utm_source=90961c1a&v=095A42FB29CE17A82F0758C43CDCCF9D1EA05F4F,Adzuna/Unknown [France],2026-05-30T19:48:14.223482
adzuna_fr_5744471861,Data Engineer,SHAPE IT,"Lille, Nord",Lille,France,50.6365654,3.0635282,,,,GBP,Full-Time,"[shape it] est une ESN verte et sociale créée en 2020, embarquant plus de 100 salarié·es engagé·es pour un IT plus responsable, réparti·es sur toute la France. Le conseil en IT, autrement !  En tant que société à mission , au sens de la Loi PACTE, notre raison d’être est inscrite dans nos statuts et nous répondons également à des objectifs sociétaux : neutralité carbone, éco-citoyenneté, construction d’un modèle d’entreprise plus durable, …  Intégrer [shape it], c'est vivre une expérience co-co…","r, ux",2026-05-29,https://www.adzuna.fr/land/ad/5744471861?se=yK6RdGBc8RG1g60cORqbZQ&utm_medium=api&utm_source=90961c1a&v=1470AE52F91606A2897D7496ED50FD1487EB8956,Adzuna/Unknown [France],2026-05-30T19:48:14.223813
adzuna_fr_5744471699,Business Data Analyst,Antalis,"Boulogne-Billancourt, Hauts-de-Seine",Boulogne-Billancourt,France,48.8356649,2.240206,,,,GBP,Full-Time,"En tant que Business Data Analyst , votre rôle consiste à fournir aux équipes commerciales et support l’ensemble des tableaux de bord nécessaires au pilotage de leurs activités, à les accompagner dans le suivi des KPI clés et à améliorer en continu les reportings existants afin de soutenir le développement du business. Au sein du département Digital du siège d’Antalis et rattaché au Directeur BI & CRM Groupe , vous pilotez et gérez les projets innovants de Business Analytics en collaboration av…","crm, git, r, tableau, ui, ux",2026-05-29,https://www.adzuna.fr/land/ad/5744471699?se=yK6RdGBc8RG1g60cORqbZQ&utm_medium=api&utm_source=90961c1a&v=C63AC340D5BD2D72DBD90D2A0E713CDB2AEF747B,Adzuna/Unknown [France],2026-05-30T19:48:14.224058
adzuna_fr_5744471504,Poste Interne - Data Engineer / Data Architect / GCP H/F,mc2i,"Paris, Ile-de-France",Paris,France,48.8534951,2.3483915,,,,GBP,Full-Time,"Rejoignez la Direction des Systèmes d’Information (DSI), au sein du pôle Développement & Data, où la donnée est au cœur de notre stratégie de transformation. Nous recherchons un talent passionné pour nous accompagner dans la construction et l'optimisation de notre écosystème data. Vous évoluerez dans un environnement stimulant où vos contributions auront un impact direct sur la prise de décision et l'efficacité de nos opérations. L’équipe se compose actuellement d’un responsable de pôle, d’un d…","r, ui",2026-05-29,https://www.adzuna.fr/land/ad/5744471504?se=yK6RdGBc8RG1g60cORqbZQ&utm_medium=api&utm_source=90961c1a&v=DC09D7B372528D3FFA28842B1C0A1F8C7DAF2D58,Adzuna/Unknown [France],2026-05-30T19:48:14.224293
adzuna_fr_5744432422,Data Analyst - Contrôleur de gestion social F/H,JOB LINK,"Paris, Ile-de-France",Paris,France,48.8534951,2.3483915,,,,GBP,Full-Time,"Job Link, cabinet de recrutement spécialisé CDD/CDI et intérim, recrute pour son client, établissement financier public : DATA ANALYST RH - CONTRÔLEUR DE GESTION SOCIAL F/H - INTÉRIM DE 2 MOIS à pourvoir ASAP, basée à PARIS 7ÈME (M°12 SOLFÉRINO/ASSEMBLÉE NATIONALE OU RER C MUSÉE D'ORSAY), Au sein de la direction des ressources humaines, vous intégrez le département dédié à l'accompagnement des fonctions financières et risques. Cette équipe de 20 collaborateurs accompagne au quotidien environ 12…","r, ui",2026-05-29,https://www.adzuna.fr/details/5744432422?utm_medium=api&utm_source=90961c1a,Adzuna/Emplois Comptabilité et Finance [France],2026-05-30T19:48:14.224511
adzuna_fr_5744427433,Gestionnaire Masterdata F/H,CD Consulting,"Arras, Pas-de-Calais",Arras,France,50.291048,2.7772211,"35,000 - 40,000",35000,40000,EUR,Full-Time,"Envie de rejoindre une entreprise dynamique et dotée de très belles valeurs? Notre client est une très belle PME industrielle basée dans le Pas de Calais à environ 1h d'Arras ou d'Amiens Vos missions: Directement rattaché.e à la supply chain vos missions principales sont les suivantes Animer la collecte et le maintien des données nécessaires au bon fonctionnement du système d'information Garantir la qualité et la cohérence des données ( articles, gammes et nomenclatures) Créer, modifier et gére…","r, ui",2026-05-29,https://www.adzuna.fr/details/5744427433?utm_medium=api&utm_source=90961c1a,Adzuna/Emplois Fabrication [France],2026-05-30T19:48:14.224845
adzuna_fr_5744424225,Adjoint Responsable Marchés de service F/H,Groupe ADP,"Orly, Créteil",Ormesson-sur-Marne,France,48.7798514,2.5234196,,,,GBP,Full-Time,"Au sein du pôle Expérience Clients Passagers & Marchés de services de l'aéroport Paris-Orly, vous serez rattaché(e) au Responsable du pôle Transport & Logistique. Ce pôle pilote divers marchés de services tels que le transport inter-parcs, la régulation de la base-arrière-taxis, le recyclage des chariots et prestations annexes, le service Valet, la lutte contre les nuisibles, le piquetage des déchets légers et le balayage mécanisé de la voirie. Votre principale mission est d'assurer en collabor…","r, ui",2026-05-29,https://www.adzuna.fr/details/5744424225?utm_medium=api&utm_source=90961c1a,Adzuna/Emplois Distribution et Entrepôts [France],2026-05-30T19:48:16.817841
adzuna_fr_5744414169,IMH - Alternant(e) Data Analyst H/F,IMH,"Schiltigheim, Strasbourg-Campagne",,,,,"20,000 - 20,000",20000,20000,EUR,Full-Time,Vous êtes à la recherche d'une alternance enrichissante dans le domaine de l'analyse de la donnée ? Rejoignez notre équipe Statistiques et Performance et participez activement à des projets structurants pour l'entreprise. IMH recherche un(e) Data Analyst en alternance afin d'accompagner l'équipe dans la gestion quotidienne des activités du service. Votre mission : - Contribuer au pilotage et à la performance de l'entreprise au travers de demandes ou de projets ponctuels (internes ou externes). …,"r, ui",2026-05-29,https://www.adzuna.fr/details/5744414169?utm_medium=api&utm_source=90961c1a,Adzuna/Emplois Comptabilité et Finance [France],2026-05-30T19:48:18.717592
adzuna_fr_5744381723,Data analyst SAP BO (H-F),AMILTONE,"Villeurbanne, Lyon",Villeurbanne,France,45.7660581,4.8796267,,,,GBP,Full-Time,"Vos missions En tant que Data Analyst (H/F), vous serez au cœur de l'analyse et de la valorisation des données, garant de la qualité, de la cohérence et de la pertinence des indicateurs mis à disposition des métiers. Vous interviendrez sur l'ensemble du cycle de traitement de la donnée, de la collecte des besoins à la restitution des analyses. Recueillir, analyser et prioriser les besoins métiers et utilisateurs Concevoir, développer et maintenir des reportings et tableaux de bord adaptés aux e…","r, tableau, ux",2026-05-29,https://www.adzuna.fr/details/5744381723?utm_medium=api&utm_source=90961c1a,Adzuna/Emplois Informatique [France],2026-05-30T19:48:19.665395
adzuna_fr_5744357977,Data analyst SAP BO H/F,AMILTONE,"Villeurbanne, Lyon",Villeurbanne,France,45.7660581,4.8796267,,,,GBP,Full-Time,"nous ? Nous sommes passionnés par les nouvelles technologies, et vous ? Rejoindre Amiltone, c'est intégrer des équipes dynamiques et soudées dans le cadre de projets novateurs et ambitieux. Nous relevons les challenges techniques de nos clients et les accompagnons dans leur transformation digitale. Pourquoi choisir Amiltone Amiltone, plus qu'une entreprise, un état d'esprit ! Notre objectif ? Votre épanouissement professionnel ! Nous avons à cœur de : Vous accompagner au mieux au travers d'un s…","git, r, ui, ux",2026-05-29,https://www.adzuna.fr/details/5744357977?utm_medium=api&utm_source=90961c1a,Adzuna/Emplois Informatique [France],2026-05-30T19:48:19.665683
adzuna_fr_5744357713,Alternance Data Analyste Web - Paris H/F,ISCOD,"19ème Arrondissement, Paris",Paris,France,48.8830031,2.3821661,,,,GBP,Full-Time,"L'ISCOD, spécialiste de la formation en Digital Learning, recherche pour son entreprise partenaire, spécialiste des Vacances, un(e) Data Analyste Web en contrat d'apprentissage, pour préparer l'une de nos formations diplômantes reconnues par l'Etat, de niveau 5 à niveau 7 (Bac2, Bachelor/Bac3 ou Mastère/Bac5). Optez pour l'alternance nouvelle génération avec l'ISCOD ! LES MISSIONS Tu es passionné(e) par la data et l'univers du tourisme ? Tu souhaites apprendre au sein d'une équipe dynamique et …","git, r, ui",2026-05-29,https://www.adzuna.fr/details/5744357713?utm_medium=api&utm_source=90961c1a,Adzuna/Emplois Comptabilité et Finance [France],2026-05-30T19:48:19.665932
adzuna_fr_5744357677,Alternance Ingénieur Analytics (Data Analyst & Data Engineer) - Levallois-Perret H/F,ISCOD,"Levallois-Perret, Nanterre",Levallois-Perret,France,48.892956,2.2881683,,,,GBP,Full-Time,"L'ISCOD, spécialiste de la formation en Digital Learning, recherche pour son entreprise partenaire, une société de conseil en ingénierie, un(e) Ingénieur Analytics (Data Analyst & Data Engineer) , pour préparer l'une de nos formations diplômantes reconnues par l'Etat de niveau 5 à niveau 7 (Bac2, Bachelor/Bac3 et Mastère/Bac5) Optez pour l'alternance nouvelle génération avec l'ISCOD ! LES MISSIONS Data Engineering Concevoir et maintenir des pipelines de données (ingestion, transformation, stock…","git, r",2026-05-29,https://www.adzuna.fr/details/5744357677?utm_medium=api&utm_source=90961c1a,Adzuna/Emplois Ingénierie [France],2026-05-30T19:48:21.993313
adzuna_fr_5744357686,Alternance Chef de projet DATA / CRM - Chaville H/F,ISCOD,"Chaville, Boulogne-Billancourt",Chaville,France,48.8086297,2.1882897,,,,GBP,Full-Time,"L'ISCOD, spécialiste de la formation en Digital Learning, recherche pour son entreprise partenaire, spécialisée dans le secteur des télécommunications, un Chef de projet DATA/CRM en contrat d'apprentissage, pour préparer l'une de nos formations diplômantes reconnues par l'Etat, de niveau 5 à niveau 7 (Bac2, Bachelor/Bac3 ou Mastère/Bac5). Optez pour l'alternance nouvelle génération avec l'ISCOD ! LES MISSIONS Dans le cadre des activités de pilotage et d'optimisation des campagnes CRM, l'alterna…","communication, crm, git, r",2026-05-29,https://www.adzuna.fr/details/5744357686?utm_medium=api&utm_source=90961c1a,Adzuna/Emplois Ingénierie [France],2026-05-30T19:48:21.993532
adzuna_fr_5744287943,APPRENTI(E) Data Analyste et Développement BOT F/H,AIR FRANCE,"Val-d'Oise, Ile-de-France",Val-d'Oise,France,49.0750705,2.2098114,,,,GBP,Full-Time,"Détail de l'offre Informations générales Entité de rattachement Avec le premier réseau long-courrier au départ de l'Europe, le groupe Air France /KLM est un acteur majeur du transport aérien mondial. Ses principaux métiers sont le transport aérien de passagers, de fret et la maintenance aéronautique. Référence 2026-24478 Description du poste Intitulé du poste APPRENTI(E) Data Analyste et Développement BOT F/H Métier Digital - e-Analyse Présentation du contexte Avec le premier réseau long-courri…","git, r, ux",2026-05-29,https://www.adzuna.fr/details/5744287943?utm_medium=api&utm_source=90961c1a,Adzuna/Emplois Voyages [France],2026-05-30T19:48:23.837764
adzuna_fr_5744279186,Alternance : Alternance - Analyste Risques Financiers et Crédit H/F,Groupe BPCE,France,,France,46.603354,1.8883335,,,,GBP,Full-Time,"Description de l'entreprise Envie d'une aventure à taille humaine au sein d'un collectif animé par la satisfaction de nos sociétaires ? Rejoignez la CASDEN Banque Populaire, Banque coopérative de la Fonction Publique. Outre nos activités bancaires - épargne, crédit et caution - nous menons une politique d'engagement sociétal forte, notamment dans l'éducation, la recherche, la culture, la santé, et l'économie sociale et solidaire. L'appartenance au Groupe BPCE vous permettra de construire votre …","r, ui",2026-05-29,https://www.adzuna.fr/details/5744279186?utm_medium=api&utm_source=90961c1a,Adzuna/Emplois Diplômés [France],2026-05-30T19:48:25.714511
adzuna_fr_5744239582,Consultant Paid Social (H-F),Arcane,"Paris, Ile-de-France",Paris,France,48.8534951,2.3483915,,,,GBP,Full-Time,"Description du poste En tant que Consultant Paid Social (SMA) tes missions seront de : Définir une stratégie Social Media sur les différents secteurs d’activité de tes clients. Construire et développer des roadmaps opérationnelles précises et évolutives pour la mettre en oeuvre. Mettre en place et optimiser au quotidien des campagnes Social (Facebook, Instagram, LinkedIn, Youtube, ) sur nos différents comptes clients avec des problématiques de performance variées (Branding / Trafic qualifié / l…","r, ui",2026-05-29,https://www.adzuna.fr/details/5744239582?utm_medium=api&utm_source=90961c1a,Adzuna/Emplois Consultants [France],2026-05-30T19:48:25.714858
adzuna_fr_5744200610,Consultant Bi For IA - Data Analyst - Niji H/F,Niji,"Betton, Rennes",Betton,France,48.1817122,-1.6414898,,,,GBP,Full-Time,"Le pôle Data de Niji c'est avant tout une équipe à taille humaine et pluridisciplinaire, composée de consultants et experts qui conseillent et appuient nos clients sur toutes les étapes du cycle des données : - de la collecte à la valorisation dans des services innovants, - en passant par les architectures de stockage et de services. Nos consultants sont basés en Ile-de-France et en régions (Nantes, Rennes, Lille, Lyon et Bordeaux). Nos 3 directeurs : experts confirmés de la gouvernance des don…","go, r, ui, ux",2026-05-29,https://www.adzuna.fr/details/5744200610?utm_medium=api&utm_source=90961c1a,Adzuna/Unknown [France],2026-05-30T19:48:25.715092
adzuna_fr_5744199696,Développeur·se Data Senior Spark Scala - Transport - Nantes H/F,Sopra Steria,"Saint-Herblain, Nantes",Saint-Herblain,France,47.2233007,-1.6346964,,,,GBP,Full-Time,"En qualité d'ingénieur Développeur(se) Senior, vous êtes rattaché(e) à l'agence « Data & IA », consacrée à nos clients du Transport et basée à Nantes. L'agence regroupe environ 80 collaborateurs et adresse plusieurs clients majeurs du transport (ferroviaire, routier et postal). Vous intégrez une entreprise dans laquelle règnent un esprit entrepreneurial fort et une atmosphère propice à votre évolution. Vous participez à une transformation numérique durable au coeur d'une aventure humaine au sei…",r,2026-05-29,https://www.adzuna.fr/details/5744199696?utm_medium=api&utm_source=90961c1a,Adzuna/Unknown [France],2026-05-30T19:48:27.933772
adzuna_fr_5744196519,Stage - Data Analyst H/F,Safran,"Malakoff, Antony",Malakoff,France,48.8211559,2.3019814,,,,GBP,Full-Time,"Description La Direction Qualité Digitale GROUPE est à la recherche d'un-e stagiaire : La maîtrise de la qualité des données issues des systèmes d'information (outils qualité, BI, API) constitue un levier clé pour : - Garantir la fiabilité des indicateurs, - Sécuriser la prise de décision, - Accompagner la transformation digitale des métiers qualité. Ce stage s'inscrit dans cette dynamique et vise à renforcer un pilotage data-driven, robuste et pérenne, au service de la performance qualité. Obj…","git, r",2026-05-29,https://www.adzuna.fr/details/5744196519?utm_medium=api&utm_source=90961c1a,Adzuna/Emplois Fabrication [France],2026-05-30T19:48:30.391581
adzuna_fr_5744187191,Alternance Data Analyste Web - Paris H/F,ISCOD,"Paris, Ile-de-France",Paris,France,48.8534951,2.3483915,"492 - 1,823",492,1823,EUR,Full-Time,"Description : L'ISCOD, spécialiste de la formation en Digital Learning, recherche pour son entreprise partenaire, spécialiste des Vacances, un(e) Data Analyste Web en contrat d'apprentissage, pour préparer l'une de nos formations diplômantes reconnues par l'Etat, de niveau 5 à niveau 7 (Bac 2, Bachelor/Bac 3 ou Mastère/Bac 5). Optez pour l'alternance nouvelle génération avec l'ISCOD ! Missions : Tu es passionné(e) par la data et l'univers du tourisme ? Tu souhaites apprendre au sein d'une équip…","git, r, ui",2026-05-29,https://www.adzuna.fr/details/5744187191?utm_medium=api&utm_source=90961c1a,Adzuna/Emplois Enseignement [France],2026-05-30T19:48:30.391904
adzuna_fr_5744187023,Data Analyst RH H/F,EPSI Paris,France,,France,46.603354,1.8883335,"1,400 - 1,700",1400,1700,EUR,Full-Time,"Seuls les candidats intéressés par une formation chez EPSI Paris pourront être présentés à notre partenaire et bénéficier de nos offres partenaires (une offre par semaine). Pas de frais à prévoir pour le candidat retenu. EPSI Paris recherche un Data Analyst RH-F/H en Alternance pour une de ses entreprises partenaires, spécialisée dans dans le secteur de l'assurance. Vous travaillerez en relation avec la finance et les différentes fonctions des ressources humaines afin de procéder au nettoyage d…","ats, r",2026-05-29,https://www.adzuna.fr/details/5744187023?utm_medium=api&utm_source=90961c1a,Adzuna/Unknown [France],2026-05-30T19:48:30.392152
adzuna_fr_5744186958,Alternance Chef de Projet Data - CRM - Chaville H/F,ISCOD,"Chaville, Boulogne-Billancourt",Chaville,France,48.8086297,2.1882897,"492 - 1,823",492,1823,EUR,Full-Time,"Description : L'ISCOD, spécialiste de la formation en Digital Learning, recherche pour son entreprise partenaire, spécialisée dans le secteur des télécommunications, un Chef de projet DATA/CRM en contrat d'apprentissage, pour préparer l'une de nos formations diplômantes reconnues par l'Etat, de niveau 5 à niveau 7 (Bac 2, Bachelor/Bac 3 ou Mastère/Bac 5). Optez pour l'alternance nouvelle génération avec l'ISCOD ! Missions : Dans le cadre des activités de pilotage et d'optimisation des campagnes…","communication, crm, git, r",2026-05-29,https://www.adzuna.fr/details/5744186958?utm_medium=api&utm_source=90961c1a,Adzuna/Emplois Enseignement [France],2026-05-30T19:48:30.392384
adzuna_fr_5744186962,Alternance Ingénieur Analytics Data Analyst & Data Engineer - Levallois-Perret H/F,ISCOD,"Levallois-Perret, Nanterre",Levallois-Perret,France,48.892956,2.2881683,"492 - 1,823",492,1823,EUR,Full-Time,"Optez pour l'alternance nouvelle génération avec l'ISCOD ! Missions : - Data Engineering - Concevoir et maintenir des pipelines de données (ingestion, transformation, stockage) via des Notebook Python Spark - Travailler sur l'environnement Microsoft Fabric - Assurer la qualité, la fiabilité et la disponibilité des données - Data Analysis BI - Créer des tableaux de bord et reportings dynamiques sous Power BI - Analyser les données pour produire des insights actionnables - Participer à la définit…","data analysis, power bi, python, r, spark, tableau, ui, ux",2026-05-29,https://www.adzuna.fr/details/5744186962?utm_medium=api&utm_source=90961c1a,Adzuna/Emplois Enseignement [France],2026-05-30T19:48:30.392615
adzuna_fr_5744178170,Manager Expertise Conseil - Data IA & Transformation H/F,RSM,"9ème Arrondissement, Paris",Paris,France,48.8734832,2.3397879,,,,GBP,Full-Time,"Rejoignez RSM et participez à une aventure humaine et entrepreneuriale ! RSM est devenu 6ème réseau mondial en Audit, Expertise Comptable et Conseil grâce à l'engagement de nos équipes. Dans notre bureau de Paris, 600 experts et expertes évoluent au quotidien dans un environnement bienveillant et en constante évolution, où autonomie et prise d'initiatives sont valorisées. Ils témoignent : « Ce qui me plaît chez RSM, c'est que le cabinet place l'humain au coeur de tous nos projets. » - Sihem, Ma…","r, ui",2026-05-29,https://www.adzuna.fr/details/5744178170?utm_medium=api&utm_source=90961c1a,Adzuna/Emplois Comptabilité et Finance [France],2026-05-30T19:48:30.392868
adzuna_fr_5744088698,Sénior Data Analyst - Freelance - Freelance,Collective.work,"La-Madeleine, Lille",La Madeleine,France,50.654401,3.0733338,600 - 600,600,600,EUR,Full-Time,"Description du poste Taux journalier (TJM): 600€/jour Contexte L'équipe est composée d'environ 15 personnes au service de 12 univers . Afin de créer plus de valeur, nous souhaitons créer des produits analytics avancés pour rendre nos métiers autonomes sur l’analyse de leurs données. Pour cela, nous avons une équipe d'experts pluridisciplinaires : BI, DA, DS, AE et MLE. Nous recherchons un Sénior Data Analyst qui aura pour mission de supporter des initiatives stratégiques (souvent exploratoires)…","r, ui, ux",2026-05-29,https://www.adzuna.fr/details/5744088698?utm_medium=api&utm_source=90961c1a,Adzuna/Unknown [France],2026-05-30T19:48:30.393101
adzuna_fr_5744088443,Développeur Full Stack Java / Angular - Expertise Text Mining / IA - Freelance,Collective.work,"1er-Arrondissement, Lyon",Lyon,France,45.7701426,4.8297127,480 - 480,480,480,EUR,Full-Time,"Description du poste Taux journalier (TJM): 480 Contexte de la mission Dans le cadre d'un développement produit data, nous recherchons un développeur full stack disposant d'une expertise spécifique en extraction et traitement de données non structurées assisté par IA, au sein d'une équipe Agile. Charge : temps plein Activités principales Développement du produit : réalisation des User Stories du backlog Conception et mise en œuvre de traitements de text mining et de parsing de fichiers non stru…","agile, r, ui, ux",2026-05-29,https://www.adzuna.fr/details/5744088443?utm_medium=api&utm_source=90961c1a,Adzuna/Unknown [France],2026-05-30T19:48:32.817538
adzuna_fr_5744088488,Mission freelance – AI & Data Program Lead / Senior Data Science Project Manager - Freelance,Collective.work,"8ème Arrondissement, Paris",Paris,France,48.8773641,2.317352,,,,GBP,Full-Time,"Description du poste Nous recherchons un profil freelance senior pour accompagner la structuration, le pilotage et le déploiement de programmes Data & IA à fort impact business. Contexte de la mission Dans le cadre d’une transformation data et IA, le consultant interviendra sur des projets stratégiques impliquant les équipes métier, data, IT et produit. L’objectif est de construire, cadrer et déployer des cas d’usage Data / IA autour de sujets marketing, sales, pricing, procurement ou performan…","r, ui",2026-05-29,https://www.adzuna.fr/details/5744088488?utm_medium=api&utm_source=90961c1a,Adzuna/Unknown [France],2026-05-30T19:48:35.102876
adzuna_fr_5744088448,Développeur Full Stack Java / Angular (Paris) - Freelance,Collective.work,"8ème Arrondissement, Paris",Paris,France,48.8773641,2.317352,450 - 450,450,450,EUR,Full-Time,"Description du poste Taux journalier (TJM): 450 Contexte de la mission Dans le cadre du développement d'un produit data, nous recherchons un développeur full stack pour renforcer une équipe Agile en charge de la réalisation des fonctionnalités du backlog produit. Activités principales Développement du produit : réalisation des User Stories du backlog Coordination avec les Data Analysts pour la définition et l'exploitation des requêtes SQL Participation aux rituels Agile de l'équipe Compétences …","agile, r, sql, ui, ux",2026-05-29,https://www.adzuna.fr/details/5744088448?utm_medium=api&utm_source=90961c1a,Adzuna/Unknown [France],2026-05-30T19:48:35.103170
adzuna_fr_5744088493,Développeur Full Stack Java / Angular - Expertise Text Mining / IA - Freelance,Collective.work,"8ème Arrondissement, Paris",Paris,France,48.8773641,2.317352,480 - 480,480,480,EUR,Full-Time,"Description du poste Taux journalier (TJM): 480 Contexte de la mission Dans le cadre d'un développement produit data, nous recherchons un développeur full stack disposant d'une expertise spécifique en extraction et traitement de données non structurées assisté par IA, au sein d'une équipe Agile. Charge : temps plein Activités principales Développement du produit : réalisation des User Stories du backlog Conception et mise en œuvre de traitements de text mining et de parsing de fichiers non stru…","agile, r, ui, ux",2026-05-29,https://www.adzuna.fr/details/5744088493?utm_medium=api&utm_source=90961c1a,Adzuna/Unknown [France],2026-05-30T19:48:35.103403
adzuna_fr_5744088439,Développeur Full Stack Java / Angular (Lyon) - Freelance,Collective.work,"1er-Arrondissement, Lyon",Lyon,France,45.7701426,4.8297127,450 - 450,450,450,EUR,Full-Time,"Description du poste Taux journalier (TJM): 450 Contexte de la mission Dans le cadre du développement d'un produit data, nous recherchons un développeur full stack pour renforcer une équipe Agile en charge de la réalisation des fonctionnalités du backlog produit. Activités principales Développement du produit : réalisation des User Stories du backlog Coordination avec les Data Analysts pour la définition et l'exploitation des requêtes SQL Participation aux rituels Agile de l'équipe Compétences …","agile, r, sql, ui, ux",2026-05-29,https://www.adzuna.fr/details/5744088439?utm_medium=api&utm_source=90961c1a,Adzuna/Unknown [France],2026-05-30T19:48:35.103625
adzuna_fr_5744088176,Senior BI Engineer for Digital Instore - Freelance,Collective.work,"8ème Arrondissement, Paris",Paris,France,48.8773641,2.317352,,,,GBP,Full-Time,"Description du poste Rejoins nos équipes Digitales Notre groupe accélère sa transformation digitale avec pour mission de devenir LA plateforme numérique de référence dans notre secteur qui permettra aux clients de découvrir notre univers à travers de nombreuses expériences locales centrées sur nos services. Notre but est de créer un écosystème ouvert afin de connecter de nombreux acteurs et services tiers, de manière sûre et performante. Nos équipes digitales basées sur nos différents sites de …","git, r, ui, ux",2026-05-29,https://www.adzuna.fr/details/5744088176?utm_medium=api&utm_source=90961c1a,Adzuna/Unknown [France],2026-05-30T19:48:35.103861
adzuna_fr_5744076898,Alternance - Data Analyst,ENI PLENITUDE FRANCE S.A.S,"Levallois-Perret, Nanterre",Levallois-Perret,France,48.892956,2.2881683,"21,876 - 21,876",21876,21876,EUR,Full-Time,"Vous interviendrez en appui de l'équipe Data sur les missions suivantes : - Collecter, structurer et analyser des données issues de différentes sources (CRM, ERP, plateformes digitales, etc.). - Construire des tableaux de bord et des reportings opérationnels pour les équipes métiers sur Power BI. - Réaliser des analyses ad hoc pour aider à la prise de décision (performance commerciale, analyse client, etc.). - Participer à la fiabilisation et la documentation des flux de données. - Contribuer à…","crm, git, power bi, r, tableau, ui, ux",2026-05-29,https://www.adzuna.fr/details/5744076898?utm_medium=api&utm_source=90961c1a,Adzuna/Emplois Informatique [France],2026-05-30T19:48:35.104093
adzuna_fr_5744076808,Data analyst (Analyste de données),IT MATES,"Bouches-du-Rhône, Provence-Alpes-Côte d'Azur",Bouches-du-Rhône,France,43.5424182,5.0343236,"40,000 - 45,000",40000,45000,EUR,Full-Time,"Dans le cadre du renforcement de son pôle Data, notre client recherche un(e) Data Analyst / BI afin de contribuer à l'évolution et à l'optimisation de sa Business Intelligence. Le poste s'inscrit dans une architecture data centralisée reposant sur une Master Data Platform (SQL Server, SSIS, SSAS, Power BI), avec de forts enjeux autour : - Production de dashboards décisionnels, - Amélioration de la qualité des données, - Diffusion des usages data auprès des métiers. Missions principales Analyse …","power bi, r, sql, ux",2026-05-29,https://www.adzuna.fr/details/5744076808?utm_medium=api&utm_source=90961c1a,Adzuna/Emplois Informatique [France],2026-05-30T19:48:35.104322
adzuna_fr_5744076079,Master Data Analyst,ADM.,"Morbihan, Bretagne",Morbihan,France,47.8259812,-2.7633493,,,,GBP,Full-Time,"Master Data Analyst / Data Governance CDD - 1 an (démarrage souhaité : dès que possible) Basé à Saint-Nolff (déplacements à prévoir sur les autres sites du groupe en France) Rattaché(e) au service Pricing Interactions régulières avec les équipes IT, Formulation, Achats, Controlling, Opérations et Commerce Contexte & enjeux Dans un contexte de structuration et de fiabilisation des données au service du pricing, nous recherchons un profil capable de mettre en place une gouvernance des données rob…","ats, go, r, ui, ux",2026-05-29,https://www.adzuna.fr/details/5744076079?utm_medium=api&utm_source=90961c1a,Adzuna/Emplois Informatique [France],2026-05-30T19:48:37.150112
adzuna_fr_5744038081,Data Analyst Power BI en alternance (H/F),AVANCIAL,"Gironde, Nouvelle-Aquitaine",Gironde,France,44.8839021,-0.6046439,,,,GBP,Full-Time,"Vous rejoindrez l'équipe Support Utilisateurs distribution. En collaboration avec votre tuteur, vos missions principales seront : Reporting et visualisation (Power BI) Comprendre le besoin utilisateur et proposer des solutions BI orientés décisionnel ; Concevoir et développer des rapports Power BI performants, ergonomiques et adaptés aux enjeux métiers (suivi de la performance globale et individuelle) ; Optimiser des jeux de données et appliquer les bonnes pratiques Power BI et ses composants ;…","go, power bi, r, ui, ux",2026-05-29,https://www.adzuna.fr/details/5744038081?utm_medium=api&utm_source=90961c1a,Adzuna/Emplois Hospitalité et Restauration [France],2026-05-30T19:48:43.207871
adzuna_fr_5744025237,Data Analyst H/F,Crédit Agricole CIB,"Montrouge, Antony",Montrouge,France,48.8188544,2.3194375,,,,GBP,Full-Time,"Vous recherchez une alternance en data et vous avez un intérêt pour la finance ? Alors cette offre est faite pour vous ! Global Financing Division (GFD) regroupe sous une bannière unique toutes les activités de financements de la Banque : Corporate & Leveraged Finance (CLF), Distribution & Asset Rotation (DAR), Debt restructuring & Advisory Services (DAS), Energy & Real Assets (ERA), Financing & Client Services (FCS) et International Trade & Transaction Banking (ITB). Ceci permet d'avoir une ap…",r,2026-05-29,https://www.adzuna.fr/details/5744025237?utm_medium=api&utm_source=90961c1a,Adzuna/Emplois Comptabilité et Finance [France],2026-05-30T19:48:45.404511
adzuna_fr_5744024036,Data Automation & Reporting Analyst (F/H) (CDI),MICHAEL PAGE,"Puteaux, Nanterre",Puteaux,France,48.8841522,2.2368863,,,,GBP,Full-Time,"Notre client est un groupe international, acteur majeur sur son secteur d'activité. En tant que Data Automation & Reporting Analyst H/F, rattaché(e) à la direction administrative et financière, vos responsabilités consisteront à : * Concevoir et maintenir des tableaux de bord sous Power BI de bout en bout : cadrage, modélisation, publication, gouvernance * Automatiser les reportings via Power Query / PowerBI/  * Mettre en place des contrôles de qualité de données et des restitutions, documentat…","go, power bi, r, tableau, ux",2026-05-29,https://www.adzuna.fr/details/5744024036?utm_medium=api&utm_source=90961c1a,Adzuna/Unknown [France],2026-05-30T19:48:51.210616
adzuna_fr_5744023103,Alternance Data Analyste Web - Paris (F/H),ISCOD ALTERNANCE,"Paris, Ile-de-France",Paris,France,48.8534951,2.3483915,,,,GBP,Full-Time,"Tu es passionné(e) par la data et l'univers du tourisme ? Tu souhaites apprendre au sein d'une équipe dynamique et à taille humaine, tout en travaillant sur des marques variées, en France comme à l'international ? À la fois rigoureux(se), curieux(se) et à l'aise avec les chiffres, tu sais poser les bonnes questions pour comprendre les enjeux métier. Alors ce poste est fait pour toi ! Voici les missions qui t'attendent : Collecte & traitement de la donnée Participer à l'extraction et à la struct…","go, r, ui, ux",2026-05-29,https://www.adzuna.fr/details/5744023103?utm_medium=api&utm_source=90961c1a,Adzuna/Unknown [France],2026-05-30T19:48:53.377938
adzuna_fr_5743999051,Data manager / Analyste des données d'activité hospitalières au DIM - H/F,GROUPE HOSPITALIER FONDATION VALLEE - PAUL GUIRAUD,"Val-de-Marne, Ile-de-France",Val-de-Marne,France,48.7744893,2.4543321,,,,GBP,Full-Time,"Data manager / Analyste des données d'activité hospitalières au DIM - H/F 206599 Titulaire ou Contractuel Rejoignez un département de l'information médicale dynamique et sympathique et soyez au cœur des enjeux stratégiques de l'information médicale et de l'analyse des données de santé en psychiatrie. Le poste concerne le site support à Villejuif, des aménagements sont possibles en fonction du candidat. Le DIM support est composé d'un médecin DIM et de huit ingénieurs et techniciens (dont le pos…","r, ui, ux",2026-05-29,https://www.adzuna.fr/details/5743999051?utm_medium=api&utm_source=90961c1a,Adzuna/Emplois Soins de santé et infirmiers [France],2026-05-30T19:48:53.378214
adzuna_fr_5743980479,Data Analyst Senior H/F,Harmonie Mutuelle,"Paris, Ile-de-France",Paris,France,48.8534951,2.3483915,,,,GBP,Full-Time,"En tant que Data Analyst Senior h/f , vous rejoindrez l'équipe Pilotage et Analyse Data dont la mission est d'extraire, traiter et exploiter les données afin de piloter nos plans d'action et tirer ainsi des conclusions pertinentes permettant de faciliter la prise de décision. Vous rejoignez une équipe de 6 personnes. Ce poste est basé à Paris. Vos missions principales : Vous participez au développement de cette équipe avec pour mission principale l'élaboration de modélisations, de projections s…","r, ui",2026-05-28,https://www.adzuna.fr/details/5743980479?utm_medium=api&utm_source=90961c1a,"Adzuna/Emplois RP, Publicité et Marketing [France]",2026-05-30T19:48:55.635936
adzuna_fr_5743976886,Alternance - Business Manager H/F,BNP Paribas Mission Handicap,"Hauts-de-Seine, Ile-de-France",Hauts-de-Seine,France,48.8401859,2.19863,,,,GBP,Full-Time,"Alternance – Business Manager H/F AU QUOTIDIEN ÇA DONNE QUOI ? Ce rôle rapporte au Global Business Manager au sein de l'équipe rapprochée du top management. Vous serez en lien avec le responsable des ventes Monde et le Chief of Staff. L'équipe Business Management se compose de 5 personnes : le Global Business Manager, 1 data analyst, 1 Coordinateur OPC et 2 CRM platform data regional managers (1 à Londres et 1 à HK). Vos principales missions seront : Analyser l'activité commerciale : réalisatio…","crm, r, ui",2026-05-28,https://www.adzuna.fr/details/5743976886?utm_medium=api&utm_source=90961c1a,Adzuna/Emplois Diplômés [France],2026-05-30T19:48:55.636199
adzuna_fr_5743953975,"Développeur/se Data Senior (Spark, Scala) - Transport - Nantes",Sopra Steria,"Saint-Herblain, Nantes",Saint-Herblain,France,47.2233007,-1.6346964,,,,GBP,Full-Time,"Description de l'entreprise Sopra Steria , acteur majeur de la Tech en Europe, avec 51 000 collaborateurs dans près de 30 pays, est reconnu pour ses activités de conseil, de services et solutions numériques. Il aide ses clients à mener leur transformation digitale et à obtenir des bénéfices concrets et durables. Le Groupe apporte une réponse globale aux enjeux de compétitivité des grandes entreprises et organisations, en combinant une connaissance approfondie des secteurs d’activité et des tech…","git, r, ux",2026-05-28,https://www.adzuna.fr/details/5743953975?utm_medium=api&utm_source=90961c1a,Adzuna/Unknown [France],2026-05-30T19:48:55.636424
adzuna_fr_5743936735,Alternant(e) Data Analyst – Pôle Performance Cargo F/H,Air France,France,,France,46.603354,1.8883335,,,,GBP,Full-Time,"Informations générales Entité de rattachement Avec le premier réseau long-courrier au départ de l'Europe, le groupe Air France /KLM est un acteur majeur du transport aérien mondial. Ses principaux métiers sont le transport aérien de passagers, de fret et la maintenance aéronautique. Référence 2026-24599 Intitulé du poste Alternant(e) Data Analyst – Pôle Performance Cargo F/H Métier Stratégie et développement - Etudes et Performance Présentation du contexte Intéressé par le transport aérien de f…","go, r, ux",2026-05-28,https://www.adzuna.fr/details/5743936735?utm_medium=api&utm_source=90961c1a,Adzuna/Unknown [France],2026-05-30T19:48:55.636649
adzuna_fr_5743932063,Data Analyst – Modèle de Lutte contre la fraude H/F,Crédit Agricole,France,,France,46.603354,1.8883335,,,,GBP,Full-Time,"Informations générales Entité Filiale du groupe Crédit Agricole, Crédit Agricole Payment Services, leader des services de paiement en France avec près de 30% de part de marché, conçoit des solutions de paiement destinées aux entités du groupe. Au cœur de la relation client, les paiements font partie des usages quotidiens et évoluent sur un marché dynamique en perpétuelle transformation. Pilote de la stratégie paiement du Groupe, Crédit Agricole Payment Services conçoit le processing des transac…","r, ux",2026-05-28,https://www.adzuna.fr/details/5743932063?utm_medium=api&utm_source=90961c1a,Adzuna/Unknown [France],2026-05-30T19:48:55.636920
adzuna_fr_5743912497,Data Analyst - Pôle Data Central Opération - H/F - CDD,Pierre Fabre,France,,France,46.603354,1.8883335,,,,GBP,Full-Time,"Who we are ? We are Pierre Fabre Laboratories, a global leader combining pharmaceutical expertise with dermo-cosmetics to support consumers and patients at every stage of their care journey. Our portfolio includes several medical franchises and international brands such as Eau Thermale Avène, Ducray, A-Derma, Klorane, René Furterer, and Pierre Fabre Oral Care. By joining us, you become part of a meaningful company where the human dimension is essential. You become a participant in the ""We Care …",r,2026-05-28,https://www.adzuna.fr/details/5743912497?utm_medium=api&utm_source=90961c1a,Adzuna/Unknown [France],2026-05-30T19:48:55.637138
adzuna_fr_5743895756,Data analyst / Chef/fe de projet AMOA H/F,Dekra,France,,France,46.603354,1.8883335,,,,GBP,Full-Time,"Informations générales Entité de rattachement EXPERTISE - MOP DEKRA est un groupe d'origine allemande, fondé en 1925, qui compte plus de 48 000 collaborateurs dans le monde. DEKRA est l'un des leaders mondiaux de l'inspection, de la certification, des services et de la gestion des sinistres, dans les secteurs de l'automobile, du transport et de l'industrie. DEKRA est organisée sous la forme d'une association (DEKRA e.V.), ce qui confère à ses actions une certaine indépendance et renforce son en…","r, ui, ux",2026-05-28,https://www.adzuna.fr/details/5743895756?utm_medium=api&utm_source=90961c1a,Adzuna/Unknown [France],2026-05-30T19:48:55.637354
adzuna_fr_5743869403,Ingénieur système / architecte infra (pas d'astreintes),Externatic,"Loire-Atlantique, Pays de la Loire",Loire-Atlantique,France,47.3481615,-1.8727461,"45,000 - 60,000",45000,60000,EUR,Full-Time,"Présentation de la société Crée il y a 15 ans, Externatic est l'un des 1ers cabinets de recrutement spécialisés ""Informatique, Data & Cybersécurité"" à voir le jour en France. Notre credo est simple : ""permettre à nos candidats, via notre réseau, d'accéder au marché caché et d'être recruté uniquement au sein d'entreprises finales (0% d'ESN) "" . Externatic en bref : 15 ans de professionnalisme sur le recrutement ""tech"" externalisé pour des entreprises HORS ESN Près de 300 postes ouverts en perman…","ats, r",2026-05-28,https://www.adzuna.fr/details/5743869403?utm_medium=api&utm_source=90961c1a,Adzuna/Unknown [France],2026-05-30T19:48:55.637606
adzuna_fr_5743845500,VALRHONA/ FSP - Alternance Data Analyst Finance - H/F,Groupe Savencia,"Bourg-lès-Valence, Valence",Bourg-lès-Valence,France,44.9528222,4.8953847,,,,GBP,Full-Time,"Description La Direction Financière FSP mène aujourd’hui des projets de transformation concrets pour moderniser ses outils de pilotage, de contrôle et d’analyse. C’est dans ce cadre que s’inscrit cette alternance, au plus près des enjeux actuels de la finance et de la data. Au sein du pôle Outils Digital Finance, vous participerez à des sujets concrets, utiles au quotidien des équipes Finance FSP. Cette mission vous permettra de découvrir comment les données sont utilisées pour aider au pilotag…","git, r, ui, ux",2026-05-28,https://www.adzuna.fr/details/5743845500?utm_medium=api&utm_source=90961c1a,Adzuna/Emplois Comptabilité et Finance [France],2026-05-30T19:48:55.637859
adzuna_fr_5743805965,Data analyst (h/f),Mailinblack,"Allauch, Marseille",Allauch,France,43.3359044,5.482175,,,,GBP,Full-Time,"À propos de Mailinblack Rejoignez Mailinblack, le leader français de la cybersécurité.  Depuis 2003, nous protégeons les entreprises en plaçant l’humain au cœur de la cybersécurité. Avec U-Cyber 360 , notre offre phare, nous accompagnons plus de 22 500 clients et avons bloqué près de 150 millions de cyberattaques en 2025 . Nous sommes aujourd’hui 110 collaborateurs à Marseille, et nous cultivons un environnement où l’innovation , le respect et la confiance guident chacune de nos actions. Pour a…","r, ui",2026-05-28,https://www.adzuna.fr/details/5743805965?utm_medium=api&utm_source=90961c1a,Adzuna/Unknown [France],2026-05-30T19:48:58.858921
adzuna_fr_5743771100,Data Analyst - Alternance - H/F,Pierre Fabre,France,,France,46.603354,1.8883335,,,,GBP,Part-Time,"Who we are ? We are Pierre Fabre Laboratories, a global leader combining pharmaceutical expertise with dermo-cosmetics to support consumers and patients at every stage of their care journey. Our portfolio includes several medical franchises and international brands such as Eau Thermale Avène, Ducray, A-Derma, Klorane, René Furterer, and Pierre Fabre Oral Care. By joining us, you become part of a meaningful company where the human dimension is essential. You become a participant in the ""We Care …",r,2026-05-28,https://www.adzuna.fr/details/5743771100?utm_medium=api&utm_source=90961c1a,Adzuna/Unknown [France],2026-05-30T19:49:01.521049
adzuna_fr_5743764291,Alternance - Data Analyst (Investment Risk) - H/F,Amundi,France,,France,46.603354,1.8883335,,,,GBP,Full-Time,"Informations générales Entité Premier gérant d'actifs européen parmi les 10 premiers acteurs mondiaux (1), Amundi propose à ses 100 millions de clients - particuliers, institutionnels et entreprises - une gamme complète de solutions d'épargne et d'investissement en gestion active et passive, en actifs traditionnels ou réels. Cette offre est enrichie de services et d'outils technologiques qui permettent de couvrir toute la chaîne de valeur de l'épargne. Filiale du groupe Crédit Agricole, Amundi …","r, ui, ux",2026-05-28,https://www.adzuna.fr/details/5743764291?utm_medium=api&utm_source=90961c1a,Adzuna/Unknown [France],2026-05-30T19:49:01.521319
adzuna_fr_5743727334,Senior AI Platform Engineer Data Factory (f/m/d),DECATHLON,"Paris, Ile-de-France",Paris,France,48.8534951,2.3483915,,,,GBP,Full-Time,"L'équipe Data Platform recherche un e Senior AI Platform Engineer basé e s à Lille/Paris. Au c ur de l'entité Decathlon Digital, nous recherchons un e Senior AI Platform Engineer pour rejoindre les équipes Data Factory. Cette plateforme technologique, globale à tout le groupe de manière internationale, soutient le développement de l'usage de la Data chez Decathlon, du calcul du chiffre d'affaires à l'aide de conception de produits innovants. Nous opérons une Modern Data Stack de pointe, avec un…","git, r, ui",2026-05-28,https://www.adzuna.fr/details/5743727334?utm_medium=api&utm_source=90961c1a,Adzuna/Emplois Vente [France],2026-05-30T19:49:01.521544
adzuna_fr_5743714382,Alternance Ingénieur Analytics (Data Analyst & Data Engineer) - Levallois-Perret (F/H),ISCOD ALTERNANCE,"Levallois-Perret, Nanterre",Levallois-Perret,France,48.892956,2.2881683,,,,GBP,Full-Time,"Data Engineering Concevoir et maintenir des pipelines de données (ingestion, transformation, stockage) via des Notebook Python Spark Travailler sur l'environnement Microsoft Fabric Assurer la qualité, la fiabilité et la disponibilité des données Data Analysis & BI Créer des tableaux de bord et reportings dynamiques sous Power BI Analyser les données pour produire des insights actionnables Participer à la définition des KPI et à leur suivi Contribution stratégique Collaborer avec les équipes mét…","data analysis, power bi, python, r, spark, tableau, ui, ux",2026-05-28,https://www.adzuna.fr/details/5743714382?utm_medium=api&utm_source=90961c1a,Adzuna/Unknown [France],2026-05-30T19:49:01.521794
adzuna_fr_5743714336,Alternance Chef de projet DATA / CRM - Chaville (F/H),ISCOD ALTERNANCE,"Chaville, Boulogne-Billancourt",Chaville,France,48.8086297,2.1882897,,,,GBP,Full-Time,"Dans le cadre des activités de pilotage et d'optimisation des campagnes CRM, l'alternant en gestion de projet DATA/CRM intervient, au sein de l'équipe CRM, sur l'ensemble des actions nécessaires à la mise en œuvre opérationnelle des campagnes multicanales : Participation à l'ensemble de la chaîne de production des campagnes multicanales : brief, ciblage, création graphique, rédaction des messages clients ; Vérification et intégration des Kits HTML travaillés avec nos prestataires externes ; Coo…","crm, r, ui",2026-05-28,https://www.adzuna.fr/details/5743714336?utm_medium=api&utm_source=90961c1a,Adzuna/Unknown [France],2026-05-30T19:49:01.522025
adzuna_fr_5743707023,Alternance Data Analyste Web - Paris (F/H),ISCOD,"19ème Arrondissement, Paris",Paris,France,48.8830031,2.3821661,,,,GBP,Full-Time,"Description de l'offre d'emploi: L’ISCOD, spécialiste de la formation en Digital Learning, recherche pour son entreprise partenaire, spécialiste des Vacances, un(e) Data Analyste Web en contrat d'apprentissage, pour préparer l’une de nos formations diplômantes reconnues par l'Etat, de niveau 5 à niveau 7 (Bac2, Bachelor/Bac3 ou Mastère/Bac5). Optez pour l’alternance nouvelle génération avec l'ISCOD ! : Profil: Vos qualités sont : Expérience avec un outil de data visualisation, idéalement Tablea…","git, r",2026-05-28,https://www.adzuna.fr/details/5743707023?utm_medium=api&utm_source=90961c1a,Adzuna/Unknown [France],2026-05-30T19:49:01.522240
adzuna_fr_5743615808,"Global Planning Data Specialist, Softgoods",Salomon,"Annecy, Haute-Savoie",Annecy,France,45.8992348,6.1288847,,,,GBP,Full-Time,"Job Description Position Overview The Global Planning Data Specialist is responsible for elevating and harmonizing planning data & performance across all Softgoods Business Units and regions. By structuring reliable data, clear analytical frameworks and actionable dashboards, this role drives process excellence to improve inbound visibility, anticipate risks, secure availability for strategic commercial moments, and enable fast and consistent decision-making. The role acts as a central control …","excel, go, r",2026-05-28,https://www.adzuna.fr/details/5743615808?utm_medium=api&utm_source=90961c1a,Adzuna/Emplois Distribution et Entrepôts [France],2026-05-30T19:49:01.522688
adzuna_fr_5743596231,Analyste Process & Data Management (P&DM) F/H (CDI),Orano SA,"Pierrelatte, Nyons",Pierrelatte,France,44.3778474,4.6976609,,,,GBP,Full-Time,"Contribuer à relever les défis actuels et futurs pour préserver notre monde et construire celui de demain tout en prenant soin de la santé de chacun, c'est stimulant pour vous. Pour nous aussi. En rejoignant le groupe Orano, acteur international de référence dans le nucléaire, vous êtes au bon endroit. Chaque jour nous nous mobilisons pour produire une énergie bas carbone efficace, pour lutter contre le réchauffement climatique, pour trouver des solutions économes en ressources naturelles et pa…","r, ui",2026-05-28,https://www.adzuna.fr/land/ad/5743596231?se=Bi1qlGBc8RGUJNJexxfy6Q&utm_medium=api&utm_source=90961c1a&v=ABDF336EE5D94EFD9B0337ACF96BACFB1B427E35,Adzuna/Unknown [France],2026-05-30T19:49:04.183138
adzuna_fr_5743549311,Analyste data risque de crédit H/F,Credit Agricole CIB,"Massy, Palaiseau",Massy,France,48.730158,2.2766735,,,,GBP,Full-Time,"En tant que Data Analyste confirm\u00e9 \u2013 Risque de cr\u00e9dit, vous serez un acteur cl\u00e9 de la cha\u00eene data risque, de l\u2019extraction et la structuration des donn\u00e9es jusqu\u2019\u00e0 leur restitution en comit\u00e9s ex\u00e9cutifs. Vous interviendrez au croisement : des \u00e9quipes Risques des m\u00e9tiers des syst\u00e8mes d\u2019information avec une forte visibilit\u00e9 aupr\u00e8s du management Risques Groupe \u00a0Vos principales missions :\u00a0 Production et indu…","r, ui",2026-05-28,https://www.adzuna.fr/details/5743549311?utm_medium=api&utm_source=90961c1a,Adzuna/Unknown [France],2026-05-30T19:49:08.850094
adzuna_fr_5743452831,Alternance Ingénieur Analytics (Data Analyst & Data Engineer) - Levallois-Perret (F/H),ISCOD,"Levallois-Perret, Nanterre",Levallois-Perret,France,48.892956,2.2881683,,,,GBP,Full-Time,"Description de l'offre d'emploi: L’ISCOD, spécialiste de la formation en Digital Learning, recherche pour son entreprise partenaire, une société de conseil en ingénierie, un(e) Ingénieur Analytics (Data Analyst & Data Engineer) , pour préparer l’une de nos formations diplômantes reconnues par l'Etat de niveau 5 à niveau 7 (Bac2, Bachelor/Bac3 et Mastère/Bac5) Optez pour l’alternance nouvelle génération avec l'ISCOD ! : Profil: Étudiant(e) en formation supérieure (Bac4/5) en data, informatique, …","git, r",2026-05-28,https://www.adzuna.fr/details/5743452831?utm_medium=api&utm_source=90961c1a,Adzuna/Unknown [France],2026-05-30T19:49:15.795058
adzuna_fr_5743452802,Alternance Chef de projet DATA / CRM - Chaville (F/H),ISCOD,"Chaville, Boulogne-Billancourt",Chaville,France,48.8086297,2.1882897,,,,GBP,Full-Time,"Description de l'offre d'emploi: L’ISCOD, spécialiste de la formation en Digital Learning, recherche pour son entreprise partenaire, spécialisée dans le secteur des télécommunications, un Chef de projet DATA/CRM en contrat d'apprentissage, pour préparer l’une de nos formations diplômantes reconnues par l'Etat, de niveau 5 à niveau 7 (Bac2, Bachelor/Bac3 ou Mastère/Bac5). Optez pour l’alternance nouvelle génération avec l'ISCOD ! : Profil: Première expérience marketing appréciéeCulture financièr…","communication, crm, git, r",2026-05-28,https://www.adzuna.fr/details/5743452802?utm_medium=api&utm_source=90961c1a,Adzuna/Unknown [France],2026-05-30T19:49:15.795334
adzuna_fr_5743420395,Data Automation & Reporting Analyst (F/H),MICHAEL PAGE,"Puteaux, Nanterre",Puteaux,France,48.8841522,2.2368863,,,,GBP,Full-Time,"Le poste de Data Automation & Reporting Analyst (F/H) En tant que Data Automation & Reporting Analyst H/F, rattaché(e) à la direction administrative et financière, vos responsabilités consisteront à : * Concevoir et maintenir des tableaux de bord sous Power BI de bout en bout : cadrage, modélisation, publication, gouvernance * Automatiser les reportings via Power Query / PowerBI/ * Mettre en place des contrôles de qualité de données et des restitutions, documentation des règles de gestion et am…","go, power bi, r, tableau, ux",2026-05-28,https://www.adzuna.fr/details/5743420395?utm_medium=api&utm_source=90961c1a,Adzuna/Unknown [France],2026-05-30T19:49:15.795569
adzuna_fr_5743270427,Data analyste F/H,UNIVERSITE DE STRASBOURG,"Strasbourg, Strasbourg-Ville",Strasbourg,France,48.5691027,7.7524924,,,,GBP,Full-Time,"CDD 16 mois Démarrage à compter du 01/09/2026 Catégorie : A Corps : Ingénieur d'études Emploi ouvert aux agents contractuels uniquement Rémunération selon grille de la Fonction Publique Afin de renforcer l'équipe du département DATA de la direction du Pilotage et de l'amélioration continue, nous recherchons un(e) Data-analyste pour contribuer au développement du système d'information décisionnel (SID) de l'établissement, dans le cadre du consortium SIROCCO qui associe 9 universités. En tant que…","go, r, ui, ux",2026-05-28,https://www.adzuna.fr/details/5743270427?utm_medium=api&utm_source=90961c1a,Adzuna/Emplois Enseignement [France],2026-05-30T19:49:15.795828
adzuna_fr_5743269984,Data Analyst F/H,STACKWAZE,"Paris, Ile-de-France",Paris,France,48.8534951,2.3483915,,,,GBP,Full-Time,"Nous recherchons un(e) Data Analyst passionné(e) par les données pour rejoindre notre équipe et contribuer à la transformation de l’information en décisions stratégiques. Vous participerez à l’analyse, au traitement et à la visualisation des données pour soutenir les projets et objectifs de l’entreprise. Missions principales : Collecter, nettoyer et analyser des données provenant de différentes sources. Concevoir et générer des tableaux de bord et rapports (Power BI, Tableau, Qlik, etc.). Ident…","power bi, r, tableau, ui, ux",2026-05-28,https://www.adzuna.fr/details/5743269984?utm_medium=api&utm_source=90961c1a,Adzuna/Emplois Informatique [France],2026-05-30T19:49:18.315198
adzuna_fr_5743269969,Gestionnaire Comptable Supply Chain F/H,CRIT PAU Tertiaire Industrie Aéro,France,,France,46.603354,1.8883335,"20,000 - 20,000",20000,20000,EUR,Full-Time,"Missions principales Rattaché(e) au périmètre Supply Chain, vos principales responsabilités sont les suivantes : Gestion comptable fournisseurs & clients - Traiter les litiges de factures fournisseurs - Assurer les relances de retards de paiement auprès des clients et des fournisseurs, et suivre les actions correctives associées. - Gérer les demandes d'avoir sur commandes fournisseurs Support aux activités Supply Chain - Réaliser la saisie et le suivi des demandes d'achat dans l'ERP. - Collecte…","r, ui, ux",2026-05-28,https://www.adzuna.fr/details/5743269969?utm_medium=api&utm_source=90961c1a,Adzuna/Emplois Comptabilité et Finance [France],2026-05-30T19:49:18.315497
adzuna_fr_5743268027,Analyste & Administrateur Data F/H,BPAuvergneRhoneAlpe,France,,France,46.603354,1.8883335,,,,GBP,Full-Time,"Poste et missions Rejoindre ce poste, c'est intervenir au cœur des enjeux data et décisionnels de la Banque Populaire Auvergne Rhône Alpes, dans une fonction à la fois opérationnelle, transverse et structurante. En tant qu' Analyste & Administrateur Data expérimenté(e) , vous contribuez directement à la production de solutions utiles aux métiers tout en participant à la fiabilisation et à l'évolution de l'environnement technique de l'équipe. Vous concevez et faites évoluer des solutions décisio…","r, ui, ux",2026-05-28,https://www.adzuna.fr/details/5743268027?utm_medium=api&utm_source=90961c1a,Adzuna/Emplois Informatique [France],2026-05-30T19:49:18.315753
adzuna_fr_5743265440,Data analyst F/H,Mailinblack,"Marseille, Bouches-du-Rhône",Marseille,France,43.2963986,5.3777888,"40,000 - 43,000",40000,43000,EUR,Full-Time,"Votre rôle Vous transformez des besoins métier en KPIs et dashboards utiles, fiables et exploitables. En transverse avec les équipes métier, Produit, Tech et ponctuellement le CODIR, vous travaillez pour améliorer le pilotage opérationnel et la prise de décision. Vous jouez un rôle clé dans la structuration de la couche analytique métier et dans le développement de la culture data de l’entreprise. Vos missions Construction et pilotage des KPIs ; Concevoir, structurer et maintenir des KPIs métie…","r, ui",2026-05-28,https://www.adzuna.fr/details/5743265440?utm_medium=api&utm_source=90961c1a,Adzuna/Emplois Informatique [France],2026-05-30T19:49:18.315987
adzuna_fr_5743262167,DATA ANALYST F/H,UNION DES GROUPEMENTS D'ACHATS PUBLICS,"Champs-sur-Marne, Torcy",Champs-sur-Marne,France,48.8526892,2.6027219,,,,GBP,Full-Time,"Rejoignez-nous en tant que Data Analyst Sénior (F/H) - SAP BW ! Lieu : Champs-sur-Marne| Contrat : CDI | Postulez dès maintenant ! L'UGAP, acteur majeur du secteur public, recherche un Data Analyst Senior SAP BW pour rejoindre la Direction générale adjointe numérique et contribuer à la valorisation des données au sein du pôle BI du département DATA. Votre mission principale ? Accompagner la transformation en améliorant la gestion et l'analyse des données à travers des outils décisionnels perfor…",r,2026-05-28,https://www.adzuna.fr/details/5743262167?utm_medium=api&utm_source=90961c1a,Adzuna/Emplois Autres/Général [France],2026-05-30T19:49:20.772223
adzuna_fr_5743236758,Alternance Chargé de communication et marketing digital - Orgeval (F/H),ISCOD ALTERNANCE,France,,France,46.603354,1.8883335,,,,GBP,Full-Time,"Au sein de l'équipe communication & marketing, vous travaillerez en mode projets de manière autonome mais aussi en groupe avec l'ensemble des personnes du service :DATA ANALYST :Création et/ou mise à jour de nouvelles bases de données sous MailPro pour nos campagnes emailings Gestion des retours automatiques des campagnes emailing et mise à jour du CRM Suivre et analyser des performances (quantitatives qualitatives) de nos campagnes emailings Accompagner les équipes business dans le pilotage de…","communication, crm, r, ui",2026-05-28,https://www.adzuna.fr/details/5743236758?utm_medium=api&utm_source=90961c1a,Adzuna/Unknown [France],2026-05-30T19:49:23.247957
adzuna_fr_5743234352,Alternance Analyste fonctionnel & Data - Saint-Sébastien-sur-Loire (F/H),ISCOD ALTERNANCE,"Saint-Sébastien-sur-Loire, Saint-Herblain",,,,,,,,GBP,Full-Time,Administration & optimisation ERP / CRM •Assurer l'administration niveau 1 de l'ERP/CRM •Garantir le maintien en condition opérationnelle (MCO - niveau 1) de l'outil •Optimiser le paramétrage fonctionnel de la solution •Suivre et contribuer aux projets d'optimisation de l'outil •Analyser le fonctionnement métier de l'ERP/CRM •Collaborer avec les référents métier •Préparer et animer les points d'échange liés aux projets Développements & MCO Power BI •Concevoir et réaliser des tableaux de bord et…,"crm, power bi, r, tableau, ui, ux",2026-05-28,https://www.adzuna.fr/details/5743234352?utm_medium=api&utm_source=90961c1a,Adzuna/Unknown [France],2026-05-30T19:49:23.248247
adzuna_fr_5743233778,Alternance Data Analyst en alternance - Lille (F/H),ISCOD ALTERNANCE,"Lille, Nord",Lille,France,50.6365654,3.0635282,,,,GBP,Full-Time,"Collecter, nettoyer et analyser des données issues de multiples sources (SQL, Oracle, Microsoft SQL Server…)Concevoir et optimiser des bases de données et des modèles adaptés aux besoins analytiquesCréer et maintenir des dashboards interactifs (Power BI, Tableau, etc.) pour rendre la data lisible et actionnableMettre en place des processus ETL pour structurer et fiabiliser les flux de donnéesAutomatiser les traitements et analyses via Python, R, VBA ou BashParticiper à des projets en mode Agile…","agile, power bi, python, r, sql, tableau, ux, vba",2026-05-28,https://www.adzuna.fr/details/5743233778?utm_medium=api&utm_source=90961c1a,Adzuna/Unknown [France],2026-05-30T19:49:24.381688
adzuna_fr_5743233392,Alternance Data Engineer - Toulouse (F/H),ISCOD ALTERNANCE,"Toulouse, Haute-Garonne",,,,,,,,GBP,Full-Time,"Intégré(e) à une équipe data, vous contribuerez à la conception et à l'exploitation des pipelines de données.Vos missions principales seront :Concevoir et maintenir des pipelines de données (collecte, transformation, stockage).Participer à l'intégration de données issues de sources multiples.Structurer et modéliser les données pour les besoins analytiques et BI.Assurer la qualité, la fiabilité et la disponibilité des données.Optimiser les performances des traitements de données.Collaborer avec …","r, ui",2026-05-28,https://www.adzuna.fr/details/5743233392?utm_medium=api&utm_source=90961c1a,Adzuna/Unknown [France],2026-05-30T19:49:24.382015
adzuna_fr_5743232548,Alternance Data analyst - Clichy (F/H),ISCOD ALTERNANCE,"Clichy, Nanterre",,,,,,,,GBP,Full-Time,"En tant que membre de l'équipe Data, vos objectifs seront concrets et vos responsabilités stimulantes. Vous participerez activement à : L'analyse et l'exploration de données : Vous collecterez, nettoierez et explorerez des ensembles de données complexes pour identifier des tendances, des insights et des opportunités d'optimisation pour nos marques et nos business units. La construction de modèles prédictifs et d'apprentissage automatique : Vous contribuerez au développement et à l'évaluation de…","r, ui",2026-05-28,https://www.adzuna.fr/details/5743232548?utm_medium=api&utm_source=90961c1a,Adzuna/Unknown [France],2026-05-30T19:49:32.396044
adzuna_fr_5743232387,Alternance Data Analyst - Paris (F/H),ISCOD ALTERNANCE,"Paris, Ile-de-France",Paris,France,48.8534951,2.3483915,,,,GBP,Full-Time,"Au sein de la direction financière et plus particulièrement au sein du pôle Direction du Risque Financier Client, vous serez au sein de l'équipe ""Pilotage par la donnée"", vous jouerez un rôle clé pour transformer nos vastes ensembles de données en décisions stratégiques. Votre mission est de donner du sens à la donnée et de la rendre accessible et actionnable pour l'ensemble de nos partenaires métiers. Pour cela, vous serez amené(e) à : Traduire les enjeux métiers en questions analytiques : Col…","r, ui, ux",2026-05-28,https://www.adzuna.fr/details/5743232387?utm_medium=api&utm_source=90961c1a,Adzuna/Unknown [France],2026-05-30T19:49:32.404013
adzuna_fr_5743232382,Alternance Data Analyst - Grenoble (F/H),ISCOD ALTERNANCE,"Grenoble, Isère",,,,,,,,GBP,Full-Time,"Au sein de l'équipe Propriété Intellectuelle, vous participerez au développement et à l'optimisation des outils de pilotage permettant de valoriser le portefeuille de brevets du Groupe. Vous rejoindrez une équipe dynamique, engagée dans la digitalisation et l'amélioration continue de ses processus IP. Vos missions principales 1. Création et optimisation du tableau de bord IP Vous aurez pour rôle clé de : Concevoir un dashboard visuel complet à partir des données issues de nos outils IP Dashboar…","git, r, tableau, ui",2026-05-28,https://www.adzuna.fr/details/5743232382?utm_medium=api&utm_source=90961c1a,Adzuna/Unknown [France],2026-05-30T19:49:32.404331
adzuna_fr_5743191855,Product Owner Data H/F,KLANIK,"Allauch, Marseille",Allauch,France,43.3359044,5.482175,,,,GBP,Full-Time,"un collectif où chacun peut trouver sa place. En témoignent nos filiales : * Klanik Esport : club Esport & agence de gamification; * Korner : incubateur de startups tech; * Kampus : organisme de formation certifié Qualiopi * l'Act'In Klanik, rôles qui permettent à nos collaborateurs d'enrichir leur expérience et de faire vivre leurs passions, au-delà de leurs missions. Notre culture est résumée par cette phrase, souvent apposée sous notre logo : Human-Made Technology. La tech oui, mais une tech…","go, r, ui",2026-05-28,https://www.adzuna.fr/details/5743191855?utm_medium=api&utm_source=90961c1a,Adzuna/Emplois Informatique [France],2026-05-30T19:49:32.414790
adzuna_fr_5743191862,Chef de projet Data H/F,KLANIK,"Allauch, Marseille",Allauch,France,43.3359044,5.482175,,,,GBP,Full-Time,"un collectif où chacun peut trouver sa place. En témoignent nos filiales : * Klanik Esport : club Esport & agence de gamification; * Korner : incubateur de startups tech; * Kampus : organisme de formation certifié Qualiopi * l'Act'In Klanik, rôles qui permettent à nos collaborateurs d'enrichir leur expérience et de faire vivre leurs passions, au-delà de leurs missions. Notre culture est résumée par cette phrase, souvent apposée sous notre logo : Human-Made Technology. La tech oui, mais une tech…","go, r, ui",2026-05-28,https://www.adzuna.fr/details/5743191862?utm_medium=api&utm_source=90961c1a,Adzuna/Emplois Informatique [France],2026-05-30T19:49:32.415039
adzuna_fr_5743099961,Data Analyst en alternance F/H,Auchan Retail France,"Villeneuve-d'Ascq, Lille",Villeneuve-d'Ascq,France,50.6193174,3.1314002,,,,GBP,Full-Time,"✨Nous sommes… Auchan Retail France, une entreprise de distribution de plus de 50 000 collaborateurs au service de millions de clients chaque année. Ce que nous voulons, c'est aider nos clients à bien manger et vivre mieux, tout en préservant la planète. Que l'on soit en entrepôt, en magasin ou sur des fonctions support, notre point commun à tous, c'est de faire en sorte que nos clients aient plaisir à faire leurs courses chez nous. Parce que nos collaborateurs sont aussi nos premiers clients, n…","r, ux",2026-05-28,https://www.adzuna.fr/details/5743099961?utm_medium=api&utm_source=90961c1a,Adzuna/Unknown [France],2026-05-30T19:49:32.415263
adzuna_fr_5743099293,Alternance Data Management Analyst – H/F,BNP PARIBAS,"Pantin, Bobigny",Pantin,France,48.8965023,2.4019804,,,,GBP,Full-Time,"Alternance Data Management Analyst - H/F AU QUOTIDIEN, ÇA DONNE QUOI ? En intégrant l'équipe Data Office de la fonction Procurement & Performance, vous participerez activement aux travaux de gouvernance de la donnée au sein d'un environnement international. Cette fonction a pour mission de définir la stratégie achats hors production du Groupe, de piloter les processus d'achats et de paiements et de s'appuyer sur des outils groupe en lien avec les différents métiers. À ce titre, vos missions pri…","ats, go, r, ui, ux",2026-05-28,https://www.adzuna.fr/details/5743099293?utm_medium=api&utm_source=90961c1a,Adzuna/Unknown [France],2026-05-30T19:49:32.415478
adzuna_fr_5743098077,Apprenti- Data Analyst Financier f/h,SIEMENS,"Courbevoie, Nanterre",Courbevoie,France,48.8953328,2.2561602,,,,GBP,Full-Time,"Branche de financement B2B de Siemens, Siemens Financial Services n'est pas qu'un simple établissement financier mais un acteur clé de la transformation technologique et durable de l'économie mondiale. Notre mission ? Rendre accessibles les technologies qui façonnent l'avenir, de la transition énergétique à la santé, en passant par les infrastructures intelligentes, grâce à des solutions de financement sur mesure. En intégrant nos équipes, vous combinez expertise financière, vision stratégique …","r, ui",2026-05-28,https://www.adzuna.fr/details/5743098077?utm_medium=api&utm_source=90961c1a,Adzuna/Unknown [France],2026-05-30T19:49:32.415736
adzuna_fr_5743085444,Alternant(e) Data Analyst,RATP,"Paris, Ile-de-France",Paris,France,48.8534951,2.3483915,,,,GBP,Full-Time,"01. Poste et Missions Alternant(e) Data Analyst Direction Marketing et Commerciale - Unité B2C La Direction L'unité Marketing B2C du département Marketing et Commercial (DMC) de la RATP déploie une approche marketing fondée sur la personnalisation et la connaissance client. Elle s'appuie sur un socle de données structuré autour du référentiel voyageur unique Data Client 360 qui centralise les données client pour permettre une vision unifiée du voyageur, quel que soit le canal. Dans ce cadre, l'…","r, ui",2026-05-28,https://www.adzuna.fr/details/5743085444?utm_medium=api&utm_source=90961c1a,Adzuna/Unknown [France],2026-05-30T19:49:32.416030
adzuna_fr_5743083941,Chargé(e) Power BI - Alternance (H/F),DERICHEBOURG Facility,"Créteil, Val-de-Marne",,,,,,,,GBP,Full-Time,- Concevoir et déployer des dashboards performants avec Power BI pour aider nos équipes à piloter leur activité. - Gérer et optimiser nos bases de données pour garantir la fiabilité et la performance des informations. - Collaborer avec les métiers pour comprendre leurs besoins et proposer des solutions adaptées. - Gérer des projets stratégiques en Business Intelligence et Data Management. - Un environnement dynamique où la data est au coeur des décisions. - Des formations continues pour dévelop…,"power bi, r, ui",2026-05-28,https://www.adzuna.fr/details/5743083941?utm_medium=api&utm_source=90961c1a,Adzuna/Unknown [France],2026-05-30T19:49:32.416321
adzuna_fr_5743083018,Zenith Business Data Analyst Finance,THALES,"Vélizy-Villacoublay, Versailles",Vélizy-Villacoublay,France,48.7809496,2.1900052,,,,GBP,Full-Time,"Lieu : Vélizy-Villacoublay, France Construisons ensemble un avenir de confiance Thales est un leader mondial des hautes technologies spécialisé dans trois secteurs d'activité : Défense & Sécurité, Aéronautique & Spatial, et Cyber & Digital. Il développe des produits et solutions qui contribuent à un monde plus sûr, plus respectueux de l'environnement et plus inclusif. Le Groupe investit près de 4,5 milliards d'euros par an en Recherche & Développement, notamment dans des domaines clés de l'inno…","git, r, ui, ux",2026-05-28,https://www.adzuna.fr/details/5743083018?utm_medium=api&utm_source=90961c1a,Adzuna/Unknown [France],2026-05-30T19:49:32.426118
adzuna_fr_5743081072,ALTERNANCE - Data Management / Data Gouvernance - F/H,THALES,"Meudon, Boulogne-Billancourt",,,,,,,,GBP,Full-Time,"Lieu : Meudon, France Construisons ensemble un avenir de confiance Thales est un leader mondial des hautes technologies spécialisé dans trois secteurs d'activité : Défense & Sécurité, Aéronautique & Spatial, et Cyber & Digital. Il développe des produits et solutions qui contribuent à un monde plus sûr, plus respectueux de l'environnement et plus inclusif. Le Groupe investit près de 4,5 milliards d'euros par an en Recherche & Développement, notamment dans des domaines clés de l'innovation tels q…","git, r, ui, ux",2026-05-28,https://www.adzuna.fr/details/5743081072?utm_medium=api&utm_source=90961c1a,Adzuna/Unknown [France],2026-05-30T19:49:32.426372
adzuna_fr_5743070251,Data Engineer en charge de la base de référence,Ministère des Armées,"Creil, Senlis",,,,,,,,GBP,Full-Time,"- S'assurer de la maitrise de la donnée et être le garant de la qualité de son utilisation (référencement, normalisation, et qualification) afin d'en faciliter l'exploitation par les équipes (Data Analysts et Data Scientists). - Participer à la définition de la politique de la donnée et à la structuration de son cycle de vie en veillant à respecter les règlementations en vigueur. - Participer à l'animation de la communauté qui met en œuvre les dispositifs prévus ou nécessaires à l'application d…","r, ui",2026-05-28,https://www.adzuna.fr/details/5743070251?utm_medium=api&utm_source=90961c1a,Adzuna/Unknown [France],2026-05-30T19:49:32.433173
adzuna_fr_5743069052,Data Engineer - H/F,E.Leclerc,"Castelnaudary, Carcassonne",,,,,,,,GBP,Full-Time,"Dans le cadre de son développement et de l'évolution de ses outils de pilotage, SOCAMIL recrute un(e) Data Engineer pour rejoindre son équipe Informatique. Le métier de Data Engineer Véritable acteur clé du Big Data, votre rôle permet de transformer de vastes volumes de données brutes en ressources exploitables, soutenant ainsi l'innovation, la stratégie et la prise de décision. Vous travaillez en étroite collaboration avec le data analyst pour créer des pipelines de données performants et sécu…","r, ui",2026-05-28,https://www.adzuna.fr/details/5743069052?utm_medium=api&utm_source=90961c1a,Adzuna/Unknown [France],2026-05-30T19:49:32.441140
