Location,Rating,Review
Oasis Mall Salalah,Positive,Good
Oasis Mall Salalah,Positive,مكان ظخم اسعار منافسه
Oasis Mall Salalah,Positive,Good
Oasis Mall Salalah,Positive,"Great place to watch movie,"
Oasis Mall Salalah,Positive,🔥
Oasis Mall Salalah,Positive,طاقم العمل رائع تنوع ف الافلام فقط التطبيق يحتاج الى اضافة خيارات اكثير
Oasis Mall Salalah,Neutral,"23 136020
All is good but, given contact never receive calls___🥲
How can we contact......"
Oasis Mall Salalah,Positive,المكان رائع
Oman Avenues Mall,Positive,"Seats Amazing, Children play area is appreciating,  guidance to proper Screen NO"
Oman Avenues Mall,Positive,"One of the best movie halls in Oman, everything about it is world class, ticket rates are also affordable"
Oman Avenues Mall,Negative,Air condition👎🏻
Oman Avenues Mall,Positive,"My all time favorite cinema, they run nice offers & promotions. Sound quality is impressive. Great staff."
Oman Avenues Mall,Positive,Good popcorn.. And good offers for movie tickets
Oman Avenues Mall,Positive,Good movie theatre but expensive
Oman Avenues Mall,Negative,"Dear

I would like to raise a formal complaint regarding my recent experience at Cinepolis, Oman Avenues Mall.

Yesterday, I visited your theatre to watch a Malayalam movie Aadu 3
Screen 2 , but unfortunately, it turned out to be one of the worst experiences I have ever had in a cinema. The audio quality was extremely poor — the sound was almost inaudible throughout the movie. Neither the background music nor the dialogues could be clearly heard, which completely ruined the entire movie experience.

As a cinema lover, this was very disappointing. It is not just about the money I spent, but also about losing the opportunity to properly enjoy a film I was looking forward to. I also noticed that several other customers had raised complaints at the theatre itself, yet no effective action was taken to resolve the issue.

I work hard to earn my money, and I expect a basic level of quality and service when I pay for a movie ticket. Unfortunately, that expectation was not met.

I kindly request you to take this matter seriously, investigate the issue, and ensure such incidents do not happen again. I would also appreciate appropriate compensation or resolution for this inconvenience.

Thank you for your attention to this matter."
Oman Avenues Mall,Negative,"Extremely disappointed with Cinépolis Cinemas. Yesterday during the **ICC Men's T20 World Cup final between India national cricket team and New Zealand national cricket team, the cinema suddenly stopped the screen immediately after the match ended. Because of this, we were unable to watch the trophy presentation, which is the most important and emotional moment for cricket fans.

People came to the theater to enjoy the full final experience, but stopping the broadcast at that critical moment completely ruined it. This shows a total lack of consideration for customers and cricket fans. Very, very poor management and extremely bad service.

I will not recommend this cinema for live sports screenings. 👎😡"
Oman Avenues Mall,Negative,"Yesterday I watched the India vs New Zealand T20 World Cup Final at Cinépolis Oman. The match was fantastic and India won the title, which was a proud and emotional moment for all Indian fans. The most important part of such a historic match is the award ceremony and trophy presentation.

Unfortunately, the theatre stopped the live streaming immediately after the match ended. Because of this, we missed the winning celebrations and the award ceremony on the big screen. This was extremely disappointing. Many of us came to the theatre specifically to experience the full final, including the presentation ceremony.

Stopping the broadcast at that moment shows very poor management and lack of understanding of what fans expect. This was a very bad decision and completely ruined the final moment of the experience. Very, very disappointing. 👎"
Oasis Mall Salalah,Positive,Very very very good person👏🏽👏🏽👏🏽👏🏽👏🏽
Oasis Mall Salalah,Negative,"شوف الفلم في بيتك افضل
اصوات السينما جدا سيئة ولا كأنه سينما كأنها سماعة منزلية مافي اجواء سينما
وكذلك تعامل الموظفين سيئ
في حال أخطأ في نوع من الاكل يخليك تدفع سعر جديد يحاول يطلع منك مبلغ بأي طريقه"
Oasis Mall Salalah,Negative,"لايوجد تجاوب في الرد على المكالمات
أسعار الاكل مبالغ فيه"
Oasis Mall Salalah,Negative,"I watched 3 movies from cinepolis, Oasis mall. The resolution size of the movie is not fit with theatre screen. I cant see movie in the full resolution. Whether the upper part is not fit or lower part of the screen is not fit with the screen. Very disappointing about this experience."
Oasis Mall Salalah,Positive,من تجربتي في سينما سينيبوليس الواحه مول صلاله  كمعامله من قبل موظفي السينما ومن خدمات ومكان ونظافه وخدمات بصراحه روعه وبالتوفيق للجميع
Oasis Mall Salalah,Positive,The sales associate was truly exceptional! Their friendly attitude and quick service made my experience so much smoother and more enjoyable. Always ready to assist with professionalism and a smile! 👏🏼
Oasis Mall Salalah,Positive,The service was excellent.  Mr. Jayant was very friendly customer focused and he enquired and ensured that I'm bot allergic to peanut when I ordered M&M chocolate.
Oasis Mall Salalah,Positive,The customer service was excellent
Oasis Mall Salalah,Negative,"حصلت لاكثر من مره في فرعي صلالة، يتم حجب المقاعد التي عليها طلب على انها محجوزه - مقاعد Recliner &  Deluxe - حتى لا يتم الاستفادة من الخصومات المتاحه اون لاين، ولكن عند طلب الحجز من الفرع نتفاجأ بوجود المقاعد !!
اذا الهدف من هالطريقة عدم إعطاء الفرصة من الاستفادة من الخصومات لان المبلغ  لا يخدم ادارة السينما، يفضل ان تلغوا برنامج الخصومات.."
Oasis Mall Salalah,Negative,تجربة سيئة، القاعة مافيها مكيف وما حاولوا يصلحوا المشكلة
Oasis Mall Salalah,Negative,Very bad experience from a male Filipino staff in oasis mall Cinepolis. Very rude behaviour.
Oasis Mall Salalah,Positive,Very good
Oasis Mall Salalah,Positive,Awesome experience 👌👍
Oasis Mall Salalah,Negative,الاكل والوجبات مبالغ فيها...ما عندهم شاشات للحجز و وخاصه في فرع جاردنز...الموظفين تعاملهم غير احترافي
Oasis Mall Salalah,Positive,We watch two movies this week utilizing the great offers from Cinépolis
Oasis Mall Salalah,Positive,Good
Oasis Mall Salalah,Positive,مول كبير يوفر العديد من المحلات التجارية المختلفة والمقاهي تحت سقف واحد...
Oasis Mall Salalah,Positive,Good cinema
Oasis Mall Salalah,Positive,"Cinepolis Excellent service, Good environment."
Oman Avenues Mall,Negative,"The screen is extremely dark, to the point that characters are not even recognizable. I raised a complaint regarding this issue; however, I was informed that it is normal. This response reflects a lack of responsibility on the part of the staff.I watch the jeethu Joseph movie tonight."
Oman Avenues Mall,Negative,"I visited Cinepolis with my family, and the experience was very disappointing. The staff were extremely rude and did not handle customers properly. I will not be visiting again."
Oman Avenues Mall,Neutral,Decent place and convenient for kids.
Oman Avenues Mall,Neutral,I wish to share my experiences with you. During the show time of Avatar ' fire and ash' they didn't allow a break were the movie was 3h and 20mns. We very much suffered in the show time at late night.
Oman Avenues Mall,Positive,Oman Muscatcinema screen
Oman Avenues Mall,Positive,م جالي دخلتها بس شكلها فنان🦋
Oman Avenues Mall,Positive,Better customer service and better food than its competitor. Keep it up! 🎥🎞🍿🌭🥤
Oman Avenues Mall,Negative,horrible management. whoever was in charge of scanning the tickets on the 26th of December 2025 (night time specifically) was such a rude person. Incompetent and unprofessional. Very disrespectful towards everyone and lacks management skills. This was such an upsetting experience for my family and i. we will not be coming back to this cinema again.
Oman Avenues Mall,Neutral,"The Cinepolis 4DX experience was exciting and immersive, with seat movements and effects like wind and water syncing well with the movie. Action scenes felt more engaging and realistic. Sound quality and the screen visibility was good. Seats were comfortable. However, the staff could be a little more approachable and courteous, which would improve the overall experience."
Oman Avenues Mall,Positive,"Nice cinema, wonderful place, reasonable price but the outside waiting seating area is a joke. Someone in management needs to wake up and make physical calculations, total inside capacity should have some relevance in the outside waiting area capacity. I was left standing with my wife due to insufficient space. It should be less aesthetically pleasing and bring more functionality/operation to customer."
Oman Avenues Mall,Negative,"الشاشه جدا سيئة اللون الاحمر فيها بزياده يعني المشاهد الي فيها ظلام او لون اسود طالع باللون الاحمر وباهت جدا غير ان جودة الفلم اصلا سيئة
ماقدرت استمتع بالفلم ابدا"
Oman Avenues Mall,Negative,My wife ordered a slushy but they gave her a plain fanta and when i went to change it they refused to do it i think that is not fair for a big corporation to do that to their customers and the staff was rude
Oasis Mall Salalah,Positive,رائعة ويمكنك الاستفادة من العروض في التطبيقه المقدمة لحاملي بنعض بطاقات البنوك
Oasis Mall Salalah,Positive,من أفضل المولات في صلالة
Oasis Mall Salalah,Positive,Great cinema but the movie selection was limited
Oasis Mall Salalah,Positive,Nice
Oasis Mall Salalah,Positive,Good experience.....
Oasis Mall Salalah,Neutral,Worst screen quality. Pic cover with humidity in projection glass and I personally went twice to clean the glass
Oasis Mall Salalah,Positive,Only minimum screens available. Good staff available to support
Oasis Mall Salalah,Negative,"انقطع علينا الصوت في منتصف مشاهدة الفلم

وتقريبا انتظرنا حوالي ٣٠ دقيقة حتى تم حل المشكلة"
Oasis Mall Salalah,Positive,Expensive
Oasis Mall Salalah,Neutral,Very nice
Oasis Mall Salalah,Negative,"سينما لاباس بها معاملة غير جيده
عند استرجاع المبلغ التذاكر تم الرفض لسبب طارئ
لاتوجد عندهم المرونه لزبون.."
Oman Avenues Mall,Positive,"Mr. Shahrukh, the manager of Cinepolis at Muscat Avenues Mall and the whole Cinepolis team  provided exceptional support in arranging the first-ever private screening of an Assamese film, Roi Roi Binale, in Muscat, Oman. We are truly grateful for his assistance."
Oman Avenues Mall,Negative,Had a very unpleasant experience today at Cinepolis Avenues Mall. The staff stopped us from entering the theater asking us to pay for our baby who is 2.6 yrs old by asking us to take tickets while their website clearly states free entry for less than 3 year old. The staff were rude and adamant despite showing the passport of our baby. And they had the audacity to teach us how to talk despite trying to fool ppl and play the victim card when questioned. We were a group of 15 ppl and this will be our last visit to this place.
Oman Avenues Mall,Neutral,"The overall experience at Cinépolis Avenues Mall was decent — good ambience and facilities, though there’s room for improvement in service efficiency."
Oman Avenues Mall,Positive,Good experience
Oman Avenues Mall,Negative,Very very very bad service  it doesn't even desirve  1 stars  and they gave me the wrong movie and thank you for the very  bad service
Oman Avenues Mall,Negative,Thank you for the very bad service
Oasis Mall Salalah,Positive,"Greetings, friends. Cinepolis is located inside the oman Oasis Mall in salalah. Ticket printing machine working in this place properly comparatively with other cinemas. Very neat and clean place. Staff working in this place are very much friendly and helpful. If you are booking bulk tickets you can get best offers with snacks."
Oasis Mall Salalah,Negative,"في المواقف الارضيه لاتوجد مقاعد للإنتظار
رغم وجود المساحه الكافيه"
Oasis Mall Salalah,Negative,My favorite
Oasis Mall Salalah,Positive,متعة السياحة
Oasis Mall Salalah,Positive,ممتعة ومريحة
Oasis Mall Salalah,Positive,السينما تحفة حضرت فيلم الدشاش 👌🏻❤️
Oasis Mall Salalah,Negative,لا تعليق
Oasis Mall Salalah,Negative,"I would like some clarification regarding the policy on bringing personal drinking water into the cinema. At times, it seems to be allowed, but at other times it is not.

Additionally, I’ve noticed that hot water is not available at the cafeteria, which adds to the inconvenience for us, who may need it. Could you kindly provide clear guidelines on this matter?"
Oasis Mall Salalah,Positive,Beautiful ❤️
Oasis Mall Salalah,Positive,"Good sound effects,  comfort"
Oasis Mall Salalah,Negative,"Worst sound experience...Pricey..feel... cheated completly....
Worst theater in Oman..."
Oasis Mall Salalah,Neutral,"Ambiance is good
But sound system not worth it"
Oasis Mall Salalah,Positive,تجربة رائعة
Oasis Mall Salalah,Negative,Salalah branch - the volume is the worst experience you can ever try 🌚
Oasis Mall Salalah,Neutral,لاباس به
Oasis Mall Salalah,Positive,Nice movie environment
Oman Avenues Mall,Positive,Luxurious world class cinema experience at its best.
Oman Avenues Mall,Positive,Cinepolis Cinemas in Avenues mall. Very good theatre
Oman Avenues Mall,Positive,Nice
Oman Avenues Mall,Positive,Good
Oman Avenues Mall,Positive,Use the roof floor car park above ikea
Oman Avenues Mall,Positive,One of the best cinemas in Muscat and there is a play zone area for kinds inside theatre.
Oasis Mall Salalah,Positive,مناسب جدا وهادئ
Oasis Mall Salalah,Negative,تجربة جميلة فقط  المبلغة في اسعار السناك
Oasis Mall Salalah,Positive,Good theatre with comfortable chairs. Good refreshments area
Oasis Mall Salalah,Positive,Nice ambience
Oasis Mall Salalah,Positive,All are good sounds and pictures services
Oman Avenues Mall,Negative,"Worst experience with the staff at the entrance. They are very arrogent and not treating as customers. They should understand that it's only entertainment and nothing must have. They fought with me and family for food (2 piece banana) for my baby and didn't allow. They are saying it's municipality rule, which is incorrect. Very worst experience and never ever again here.."
Oman Avenues Mall,Negative,"Worst experience! They made us leave our water bottles at the entry and was assured we would get it once we return, and when we returned, staff admitted they might've drank them. Highly unprofessional and irresponsible."
Oman Avenues Mall,Positive,سينما بخدمات ممتازة في افنيوز مول.
Oman Avenues Mall,Positive,Good cinema Hall 🎥
Oman Avenues Mall,Positive,Always a delight to be here
Oman Avenues Mall,Positive,We met the customer service Mr Sharukh and he was excellent.  He went out of the way to help us with our online tickets due to a technical glitch . Awesome service by him and kudos to Cineplois .
Oman Avenues Mall,Positive,Big screen.. nice audio. Recliners r add on bonus!
Oman Avenues Mall,Neutral,"I enjoyed my experience at Cinépolis greatly, the only reason my review isn't a 4 or even a 5, is because of an issue with the 4D experience. I watched the F1 movie in Europe during my vacation, and then again here with 4D effects. During the showing the 4D wasn't used until around 20 minutes in, where they stopped the movie because I assume management realized they hadn't turned the effects on. We then rewatched those 20 minutes, now with effects.

However this wasn't a huge disruption. The main issue was with part of the movie that had to be cut out. It was an inappropriate scene that I did see in cinemas in Europe. That's why it came to mind when I thought about the issue. It was obviously not shown here in Oman. However, due to this, the 4D effects were delayed by the duration of that erased scene.

I hope there is a way to review this issue. I'm not suggesting the scene is shown, however the delay disrupted the 4D effects. The effects for a crash occured a minute after the actual shown scene. That was my only complaint. Otherwise, buying tickets online, and watching the first half of the movie was perfect. I've recommend going to this cinema to friends. :)"
Oman Avenues Mall,Positive,اجمل سينما في عمان الكراسي جدا مريحه وممتازه
Oman Avenues Mall,Positive,Very good and quite
Oman Avenues Mall,Negative,"I watched Final destination from here..(On June 5th) really extremely disappointing screen quality and sound.. the screen wasn't focus at all.. It felt like we're watching a 3D movie without glasses.. only closeup shots are clear.. there was this problem even when they started showing ads in the beginning but I thought the problem is with the ads quality and expected it would be better when the movie started.. so it was because of projector setting may be for that show..
I Couldn't enjoy the movie at all.. I thought about complaining during the interval, coz I didn't watch missing the scenes.. but unfortunately there was no interval..!
the movie experience would be lot better when watch after OTT release on my phone even with 720p resolution..

also, even before starting the movie, there was really bad experience from the beginning itself.. when I entered there was no light at all.. and there was nobody.. it was just 10 mins before the show time, so I thought may be it's wrong screen, then I saw one more family is confused coz there was no light.. so they confirmed from the counter the screen, so there were only few of us in the whole screen, and we waited until the start time, but that time also passed and the screen as well as room is completely off.. no lights at all.. then after waiting 10 more mins I went to counter to complain, just when I reached counter, they said just then the screen is on, so even the lights were turned on after 10 mins of actual movie starting time.. we're using our flashlights to enter and exit the room before...  never ever visit here to watch movie.. may be it was one time technical problem.. but how do we know..."
Oman Avenues Mall,Positive,"Oman Avenues mall Cinépolis is truly a great place to enjoy movies – the seating is comfortable, the screens are clear, and the sound quality is top-notch. The ambience is clean and well-maintained, making it a pleasant experience for families and movie lovers. Staff are generally courteous and the overall environment feels premium.

However, one small concern is that they don't allow even a personal water bottle inside the screen, which can be inconvenient, especially for those who prefer carrying their own water for health or personal reasons. It would be great if they could consider a more flexible policy on this."
Oman Avenues Mall,Negative,"أسوأ تجربة سينما عشتها في حياتي!
الكراسي غير مريحة نهائياً وتكسر الظهر، الحرارة داخل الصالة لا تطاق، السماعات تعبانة والصوت مزعج وغير واضح، وحتى جودة الشاشة والوضوح جداً سيئة! مستحيل أرجع لهالمكان مرة ثانية"
Oman Avenues Mall,Negative,"Disappointing Visual Experience in Screen 9 – 18th July 2025

I went to see JSK in Screen 9 on 18th July 2025, and unfortunately, the display quality was well below expectations. The screen was unusually dim, making it hard to enjoy visually rich scenes, and the colors looked faded and lifeless. There were moments when the picture appeared out of focus, suggesting an issue with the projector’s setup or maintenance.

It was frustrating to sit through a movie that should have been visually engaging, only to be distracted by technical shortcomings. For the price of a ticket, viewers deserve a crisp, bright, and properly projected film. I sincerely hope the theater takes immediate action to fix these issues in Screen 9."
Oman Avenues Mall,Positive,Use their App to purchase movie tickets and get more offers on your favourite movies.. Especially on Tuesday's its only cost OMR:2.00 for a person. Always try to choose Macro or Screen 5 for better experience
Oasis Mall Salalah,Positive,روعة
Oasis Mall Salalah,Positive,Good place
Oasis Mall Salalah,Negative,Expensive and I had a few bad experiences here. The screens aren’t very clear either?
Oasis Mall Salalah,Positive,Nice theater
Oasis Mall Salalah,Positive,Excellent place to watch a movie with your family and friends.
Oasis Mall Salalah,Positive,تجربه مميزه
Oasis Mall Salalah,Neutral,Staff didn't know about their jobs. Quality of movie was good and environment was clean. Seats were comfortable.
Oasis Mall Salalah,Positive,رووعة
Oasis Mall Salalah,Positive,Good
Oasis Mall Salalah,Positive,Great
Oasis Mall Salalah,Negative,"السينماء بشكل عام تحتاج الى اهتمام اكثر بالزبون ،
حاجز كل شيء اونلاين ، رفضوا يمشوني بحجة انه لازم اطبع التذكرة وانتظر الطابور ، و الاكل كذلك مافيه توصيل الى الكرسي فقط عليك تصف في الطابور واستلام الاكل ( على حسب كلام الموظف ) ، اذا حجزت اونلاين يتم اضافة رسوم على الخدمة في كل تذكرة واذا بغيت اكل كذلك تزيد رسوم ،،

بخصوص المكان ، دخلت اكثر من مره ، التبريد يكون سيء
والفيلم عربي والصوت خافت جدا ،، اتمنى من تحسين جودة السينماء خصوصا في صلالة .."
Oasis Mall Salalah,Neutral,It's okay great movies recommende it need more workers because of very long queue
Oasis Mall Salalah,Positive,مكان جديد جدا ورائعه جدا جدآ جدآ جدآ جدآ جدآ جدآ جدآ جدآ جدآ جدآ جدآ جدآ جدآ جدآ شكراً لك على هذا الموضوع
Oasis Mall Salalah,Negative,Not a good mall in town it says cinema is open but its closed
Oasis Mall Salalah,Positive,I Saw It In Incliner (Grrr Malayalam Movie) And the experience Was Awsome
Oasis Mall Salalah,Neutral,حلوو بس غالي تذكر
Oasis Mall Salalah,Neutral,Ambience ok but screen is very small
Oasis Mall Salalah,Positive,Thanks.. Suresh👍
Oasis Mall Salalah,Positive,خدمه ممتازه
Oman Avenues Mall,Negative,"We made two transactions for tickets booking. I haven't gotten any tickets, yet the ticket cost has been taken out of my account. I received a failed transaction email from Cinepolis, but my bank account was charged for the amount and I have yet to get a refund.
I phoned customer service, but they didn't answer. Extremely unprofessional conduct.
really poor management.
I will never suggest Cinepolis to my friends or relatives.
This lack of professionalism cannot be tolerated."
Oman Avenues Mall,Negative,"4D was shit, huge delay in the effects !!! Everyone should got a refund !"
Oman Avenues Mall,Negative,At the end of the movie the sound died
Oman Avenues Mall,Positive,"Good,sound is comparatively less.."
Oman Avenues Mall,Positive,روعة
Oman Avenues Mall,Negative,"Unfortunately, this was a disappointing experience. The venue was quite warm and not well-prepared in terms of comfort. The air conditioning was very poor, and the area where we were seated was extremely hot  to the point that our clothes became damp. The “Deluxe” seats were far from comfortable . we truly struggled to enjoy the movie. I had booked 9 tickets with high expectations, but sadly, I left feeling regretful. This was my first and likely my last visit to this branch."
Oman Avenues Mall,Negative,"The worst movie experience ever, first the movie audio is very low, second worst customer service making a big deal out bringing a bottle of water in the movie, thried,  the chair is not comfortable at all. Fourth, the food is expensive. I don’t recommend ."
Oman Avenues Mall,Positive,"Ample amount of screens. Comfortable seating. Some screen seating arrangements need to improve, but could be compromised."
Oman Avenues Mall,Negative,"They show too much attitude in letting in even a water bottle for a baby girl.

The staff act as if they are doing a favour."
Oasis Mall Salalah,Positive,"Nice place, neat and clean friendly staff, good pictures and enjoying a lot"
Oasis Mall Salalah,Positive,"A best place to enjoy your favorite movies!
Seats are comfortable,food is great,neat washrooms and friendly staff.
The best cinema in Salalah!"
Oasis Mall Salalah,Positive,Tamil movie awesome. Good people kind
Oasis Mall Salalah,Positive,Nice place clean. Gud staff
Oasis Mall Salalah,Positive,i engoyed good served
Oasis Mall Salalah,Positive,Great service. Enjoyed the movie
Oasis Mall Salalah,Positive,Staff is very friendly and accommodating.
Oasis Mall Salalah,Positive,"Excellent customer service,  explains all offers.

All the best ."
Oasis Mall Salalah,Positive,هل سوف يعاد بث فلم كونان 27 مرة اخرى بعد شهر 6؟ اتمنى الاجابة بسرعة
Oasis Mall Salalah,Positive,"الله يعطيهم العافيه الشباب ماقصروا
حجزت فلم وللامانه الغلط مني عندي اطفال تحت 15 سنه والفلم يسمح للي أعمارهم فوق ال15 والشباب الي يجزيهم خير كانوا جدا متساعدين وعطوني اكثر من خيار وبنفس الوقت عطوني تذكرتين ب المجان الله يجزيهم خير"
Oasis Mall Salalah,Positive,Fantastic support from the staff... Great experience.. 👍 👌
Oasis Mall Salalah,Positive,It's a wonderful experience always to be at Cinepolis. The staff is excellent especially quick to attend the customers..I give 5 star for their kind gesture.
Oasis Mall Salalah,Positive,خدمة ممتازه تعامل طيب
Oman Avenues Mall,Positive,"Nice place to catch movies. But always book your tickets online and visit, that costs u less with all coupons."
Oman Avenues Mall,Positive,"Awesome theaters, clean, good quality audio, very good customer service."
Oman Avenues Mall,Positive,Super
Oman Avenues Mall,Positive,One of the best multiplex in Oman
Oman Avenues Mall,Neutral,"We’ve been to Al Cinepolis at Oasis Mall more than four times this year—and it’s always been a nice experience. The place has plenty of screens, so you’ve got a lot of choices when it comes to show timings and movies.

What I really appreciate is how neat and clean everything is—from the lobby to the washrooms and especially the comfortable seating in the theaters. You can actually relax and enjoy the movie without distractions.

Another bonus? They often have good offers when you pay with select bank cards, which makes it even more worth it.

Overall, it’s become my preferred place to catch a movie in Muscat. Highly recommended for regular moviegoers looking for comfort and value!"
Oman Avenues Mall,Negative,The customer service is appalling. The staff there will not attend keep you waiting for like 10 mins standing and doing nothing. They asked me what I want I said popcorn and straight way billed and pointed to the card machine. I wanted to order more when asked for fries they said it will take a lot of time. May be 15 mins. It’s like they did not want me to order. I asked which screen they just said go in you will find it.
Oman Avenues Mall,Negative,"I’m writing this out of my frustration after facing the same issue during my last four visits to your theater – including the movie  I  watched yesterday(Good Bad Ugly).
The air conditioning inside the screen was completely off . Despite informing your staff multiple times and being told it would be addressed, nothing was done. I filed two complaints yesterday alone, yet there was no follow-up and no resolution. Everyone in the screen was clearly uncomfortable and suffocating, and it seems your team either doesn’t care or is completely unbothered by customer experience.

This level of negligence is absolutely unacceptable. I expect basic amenities like AC when paying for a movie  – this is the basic request If this is the kind of experience you continue to offer, I see no reason to return or recommend your theater to anyone."
Oman Avenues Mall,Negative,Very very bad sound effects like television good bad ugly tamil movie screen no 5
Oman Avenues Mall,Negative,"The staff are very rude—they don’t allow us to bring our own water bottles, even though we have kids with us. Water is essential, and every other cinema allows it except Cinepolis.

Additionally, the theater’s quality and seats are much worse compared to other cinemas"
Oman Avenues Mall,Positive,"Multiple theater rooms with good service, excellent staff, and variety of foods."
Oman Avenues Mall,Neutral,"⭐⭐⭐☆☆ (3/5)

Cinépolis at Oman Avenues Mall offers a decent movie experience, but there are areas that need improvement. Parking on the rooftop is the best option since it provides direct access to the cinema, which is quite convenient.

However, I found the display quality disappointing—it leans towards the darker side, making it difficult to fully enjoy the visual effects. The sound system is average and doesn’t provide the immersive experience expected from a premium theater.

I watched Empuraan (Malayalam movie) on Screen 6, and the experience was just okay. Food items and bags are not allowed inside, which can be inconvenient.

The deluxe seating is quite hard, lacking proper cushioning, making it uncomfortable for longer movies. The temperature is set to a normal level, which might be a plus for some, but I personally expected a more chilled environment.

The food section has multiple counters, but during the interval, long queues form, and staff seem insufficient to handle the rush. That said, the staff is very attentive and professional, ensuring smooth service despite the crowd.

Overall, Cinépolis Oman Avenues Mall is average—convenient parking and good staff, but the display, sound quality, and seating comfort could be significantly improved. Would consider visiting again if these issues are addressed."
Oman Avenues Mall,Positive,Great
Oman Avenues Mall,Neutral,"Cinepolis Oman has a great Macro XE screen, which offers an excellent viewing experience. However, the other screens are below average, with poor color calibration, a dull and dark tone, and a lack of vibrancy in the visuals."
Oman Avenues Mall,Positive,Their 4d screen cinema is more of a motion ride than 4d screen. Picture quality is average.
Oman Avenues Mall,Positive,Saud Al Marhoobi was very kind such a great customer service. All the best
Oasis Mall Salalah,Positive,Good gob
Oasis Mall Salalah,Positive,Cinépolis cinema my favourite place to watch recent movies the vibe and staffs very kind and helpful thanks Mr. JAYANT help us today keep it up 👏
Oasis Mall Salalah,Neutral,"Not many people can watch movies in Salalah. Because we are all employees and we have different types of shift times. As many people like me do night shifts, we cannot watch movies in the evening. So if you schedule a morning show, it might be helpful for many people"
Oasis Mall Salalah,Positive,"It was a great experience.
All the top brands are available here."
Oasis Mall Salalah,Negative,if i could rate it less than one star i would
Oasis Mall Salalah,Negative,"very poor customer service, poor app& website, no movie versatility"
Oasis Mall Salalah,Positive,جيد للتسوق والترفيه
Oasis Mall Salalah,Negative,غير مهتم في التجربه
Oasis Mall Salalah,Positive,ممتاز ممتاز
Oasis Mall Salalah,Negative,I'm really disappointed of replacing the cheese flavored from liquid to powder. Where the taste are totally different and because of that I have totally shifted my interest to competitor of because of the this reason. I hope you your revised your decision because your customer deserve better experience. Please engage for more better customer satisfaction.
Oasis Mall Salalah,Positive,Good for entertainment and very near to the town
Oasis Mall Salalah,Neutral,Its a good theater
Oasis Mall Salalah,Positive,Nice 🙂
Oasis Mall Salalah,Positive,Loved it
Oasis Mall Salalah,Negative,"Screen 2 Sound system was very poor. I went there for the movie Avesham , i feel like im watching the movie on my phone ,such a poor and bass less sound."
Oasis Mall Salalah,Negative,"Awful experience, I was going to watch ""the first omen"" movie today, and 10 minutes before the movie starts we purchased the tickets and food, and later they told us the movie got delayed for 10-15 minutes because of some technical issues, and then we've waited for a whole hour and we got no apologies from the manger for what happened, and after the movie starts there was an issue with the subtitles during the movie, so we got out the movie and issued a refund, they agreed to refund the tickets but not the food, and after arguing for 10 minutes the refunded the whole thing, the staff were not great handling this situation."
Oasis Mall Salalah,Positive,One and only movie theater in Salalah...
Oasis Mall Salalah,Negative,Watched a late night movie. Asked to Have volume turned up. And when looking for staff for assistance no one was available. 🥺
Oasis Mall Salalah,Positive,اجواء جميله وهدوء تااام
Oasis Mall Salalah,Neutral,Very good service they have
Oasis Mall Salalah,Negative,ممتاز
Oasis Mall Salalah,Negative,Poor quality
Oman Avenues Mall,Positive,All is well
Oman Avenues Mall,Negative,"Theatres very nice, credit card offer not available all category"
Oman Avenues Mall,Negative,"It is one of the worst places to watch movies, horrible experience, and the staff is the worst of all"
Oman Avenues Mall,Negative,Staff is very rud and not good for a visitor
Oman Avenues Mall,Positive,"Excellent 👌🏿
Home of entertainment"
Oman Avenues Mall,Positive,അടിപൊളി 🔥🔥
Oman Avenues Mall,Negative,"We had a very experience there, I strongly don’t recommend it to anyone."
Oman Avenues Mall,Negative,Sound quality and picture quality not good
Oman Avenues Mall,Positive,"Screen 1's awesome for a movie, it's huge compared to the others!  I'd pick that one for the best experience.  The sound's great everywhere, though.  Everything about it is perfect."
Oman Avenues Mall,Positive,Wow..
Oman Avenues Mall,Positive,"Lot of Screens, Spacious, Managed well, Neat and Clean, good seats, recliner is the best, Good offers with Bank Cards…"
Oman Avenues Mall,Negative,No sound quality 🤦‍♂️🤦‍♂️🤦‍♂️🤦‍♂️
Oman Avenues Mall,Negative,Very bad experience..sound quality and screen quality is very bad..don’t waste your money.
Oasis Mall Salalah,Positive,It's a very good place for movie goers. They are the best as of now in Salalah. They do give 50% off on bank muscat and other credit cards. Use them if you can. I watched more than 25 movies here but never had any issues. Ample parking space is available and the ambience is good.
Oasis Mall Salalah,Positive,Very Good experience.
Oasis Mall Salalah,Positive,Good
Oasis Mall Salalah,Positive,ممتاز
Oasis Mall Salalah,Negative,More than 60% or 70% are indian  movies and the rest for Arabic or Holywood movies as if we are in India. No varieties except for indian nationals. In muscat you can find more varieties.   Very poor management
Oasis Mall Salalah,Positive,جيدة
Oasis Mall Salalah,Positive,"جميل جدا ورائع والخدمة ممتازة
ولكن لا يوجد افلام كثيره متوفرة"
Oasis Mall Salalah,Positive,Office
Oasis Mall Salalah,Positive,"Good but not like inox, imax"
Oasis Mall Salalah,Positive,"Recliner seat was so comfortable, cozzy, relaxing"
Oasis Mall Salalah,Positive,Good theater experience and. Well arranged seeting 🥰
Oasis Mall Salalah,Positive,كانت تجربة رائعه مشاهدة الفيلم مع العائلة والوجبات أسعارها معقوله
Oasis Mall Salalah,Positive,Good
Oasis Mall Salalah,Positive,High class ambience. Excellent audio. Food is very good with service at your seat
Oasis Mall Salalah,Positive,Nice experience
Oasis Mall Salalah,Positive,"Clean and neat,  good sound and good seating.  Outside food not allowed even water."
Oman Avenues Mall,Positive,Great experience
Oman Avenues Mall,Negative,"The sound quality was very poor. Cinema 1, which is the largest screen, was where we watched the movie Marco. Unfortunately, the sound was comparable to that of an average grade-C theater."
Oman Avenues Mall,Negative,"I have to select one star to write the review, but i wish to select zero star. Very bad experience. Security staff is very rude and have disrespectful behaviour. They dont even know how to speak. I would prefer going to VOX cinemas."
Oman Avenues Mall,Positive,Good
Oman Avenues Mall,Negative,"No Dolby atmos
Macro XE is fake
No video clarity"
Oman Avenues Mall,Negative,Good theatre... the only problem is their online booking media.. THE WORST APP experience and Website experience
Oman Avenues Mall,Negative,"I attended a 10:50 PM showing at Cinepolis, but the screen stayed off until 10:55 PM with no communication from staff. The delay disrupted the experience, and I hope the management improves punctuality and communication in the future.

In Addition,  the standard seats are so uncomfortable!"
Oman Avenues Mall,Negative,The worst cinema ever do come the app is hanging and the.p
Oasis Mall Salalah,Positive,Very good shopping mall
Oasis Mall Salalah,Positive,Very good theatre experience and excellent staff support 👌👌
Oasis Mall Salalah,Positive,"Nice place to watch movies, good experience"
Oasis Mall Salalah,Positive,خدمة الوجبات كنت بطيئه جداا
Oasis Mall Salalah,Neutral,عين دما، هي عين ماء تقع بمحميه جبل قهوان.
Oasis Mall Salalah,Negative,"Today i come to watch the movie kannur squad with my family.  3 hours film litterlay needs a half time for more than 10 minute,if you go for rest room their is a normal que and then i just go to buy some popcorn staff told me to follow the line. Following the rule is not a problem. Problem was more than 25 people in a row for buying tickets for the next show . If iam following the line, i will miss the movie scenes.i just came back to watch movies without buying popcorn movie was already  started."
Oasis Mall Salalah,Positive,مكان جميل ومقاعد مريحة .. للاسف اصبح المكان الوحيد المتوفر كسينما بصلالة ..
Oasis Mall Salalah,Positive,Nice
Oasis Mall Salalah,Positive,Good facilities
Oasis Mall Salalah,Positive,ممتاز
Oasis Mall Salalah,Neutral,Not bad
Oman Avenues Mall,Positive,"Good sound quality as well as viewing experience
Their seats are really good specially premium"
Oman Avenues Mall,Positive,"This is an excellent cinema theatre and especially a great experience for children. Apart from watching films, children can play on the slides and the play area built around the screen. The seats are also great and the place is neatly maintained. Washrooms and snack areas and options are good. We can also celebrate birthdays here. Overall a great experience."
Oman Avenues Mall,Positive,One of the best Cinema in Oman with good hospitality and with full comfortable sits and good Housekeeping.
Oman Avenues Mall,Positive,It's good
Oman Avenues Mall,Positive,المكان مرتب وجدا ممتاز
Oman Avenues Mall,Positive,Very nice and flexible and helpful
Oman Avenues Mall,Positive,"Good Theatres,Macro, Kids, Luxury, with big parking available at Avenues roof top"
Oman Avenues Mall,Positive,CINE POLIS  cinemas is very good ambience and snacks
Oman Avenues Mall,Positive,"Lovely experience..... I watched Oppenheimer and Furiosa at this place.  It's a quality place, and they have lots of screens for different movies. Sound and picture quality was good. I had a comfortable movie experience. Highly recommend this place...."
Oman Avenues Mall,Positive,Good
Oman Avenues Mall,Negative,One of the waste google sites in my experience
Oman Avenues Mall,Negative,"Hi,
I'm have tried to call the customer service in Oman avenues mall but no answer.
Regarding my ticket money refund (Ref no: 105009632084), I have booked on 22/08 worth 6.8 OMR but the ticket booking was failed, also they debit the amount from my account.
As they promised in the attached statement with refund reference number, now it's been more than 20 days but no refund yet.

Please credit the same account to my bank account or you may have to answer legally which affect the reputation."
Oasis Mall Salalah,Negative,The taste and smell of popcorn has changed since 1 month. Smells horrible and weird. The only reason people still go here is because currently they have no competition. Its just a sad state of affairs. Can't wait for another cinema to open in grand mall salalah. Will never order again.
Oasis Mall Salalah,Positive,Nice experience
Oasis Mall Salalah,Positive,Super 👌
Oasis Mall Salalah,Neutral,جيد
Oasis Mall Salalah,Positive,مكان راقي وجميل
Oman Avenues Mall,Neutral,Good Theatre with all features but only thing  which troubled me there is Air conditioning.Ac was  not working properly and we struggle if it's a houseful show.
Oman Avenues Mall,Positive,"More pilipino movies to be shown
Thank you ms. Olivia and ms. Christina to assist us❤️"
Oman Avenues Mall,Positive,"thank you for having the filipino movie “unhappy for you”. watching it makes me feel just like home. cinepolis-Oman avenues branch really has great, approachable and smiling staff… most especially Ms. Khristina and Ms Olivia… they are so friendly and can suggests great movies… thats why every weekend we make sure to watch movies in Cinepolis Avenues mall…"
Oman Avenues Mall,Positive,"Someone has to do it 😔 -ZY
Clean place with comfy seats."
Oman Avenues Mall,Negative,All non indian movies have very bad schedule or non-standard cinema. Cinema is nice
Oman Avenues Mall,Positive,"Kudos & Big Applause to the booking team, especially Mr. Rutendo who helped to reschedule the tickets due to my unfortunate situation. He is very polite and supportive and I would recommend cinepolis Oman for it's quality and friendly after sales support staff like Mr. Rutendo."
Oman Avenues Mall,Neutral,Screens are standard size (comparatively screen size is short) and among 10 to 11 screens only 1 macro XE screen is available
Oman Avenues Mall,Positive,Nice architecture
Oman Avenues Mall,Positive,قاعات فخمة وسعر لا بأس به
Oasis Mall Salalah,Negative,الكراسي غير مريحه
Oasis Mall Salalah,Positive,The only cinima complex in salalah as on 15aug23... But it's worthit
Oasis Mall Salalah,Positive,Ok
Oasis Mall Salalah,Positive,الواحة مول وجهة التسوق العائلي
Oasis Mall Salalah,Positive,Excellent atmosphere... I loved it
Oasis Mall Salalah,Positive,مول كبير ورائع
Oasis Mall Salalah,Positive,محل تجاري جميل
Oasis Mall Salalah,Positive,تجربة ممتعة ومذهلة
Oasis Mall Salalah,Positive,جميل وسوق هادي بس الملاحظ ماكان فية زباين كلهم او ٩٠% سينما
Oasis Mall Salalah,Positive,Love it so cool
Oasis Mall Salalah,Neutral,"The amenities are excellent ; the seating , toilets, food/drinks and staff but I'm not really satisfied with the sound system ( I believe they don't have Dolby Atmos) and the screens and avg to say the least. Not the best viewing experience tbh"
Oasis Mall Salalah,Positive,"السينما الوحيده بصلاله،
مكان جميل و مثيل لأفرع السينما بالسعودية
الاسعار جيدة والكراسي مريحه وأبرز مايميزها الهدوء مافيه إزعاج ممكن تدخل فيلم لوحدك بالقاعة.."
Oasis Mall Salalah,Positive,جيد جدا
Oasis Mall Salalah,Negative,سيئة جدا
Oasis Mall Salalah,Positive,"Food prices are exceptionally higher, ticket prices are regular, almost all bank's credit cards are eligible for discount but I am wondered why not debit cards, 3 hours film litterlay needs half time if you go for rest room you will miss movie scenes."
Oasis Mall Salalah,Neutral,كراسيه ليست مريحة
Oasis Mall Salalah,Positive,"contact informartion not provided , i suggest that it could be added in your website as well as google maps social media account . thanks"
Oasis Mall Salalah,Positive,"Everything is awesome, the snacks,halls Everything"
Oasis Mall Salalah,Positive,ممتازة
Oasis Mall Salalah,Positive,رهيب جدا
Oasis Mall Salalah,Negative,"أسوأ صالة سينما جربتها الكراسي غير مريحة أبدآ
موقع الكرسي الصف الأخير سيء ومزعج لأنه جوار غرفة التحكم صوت مراوح التبريد"
Oasis Mall Salalah,Positive,So good
Oasis Mall Salalah,Negative,"POOR CUSTOMER SERVICE , front office representative - Daryl ,with the attitude of a “Founder”.

Need to give provide proper counseling and training to enhance the service sector."
Oasis Mall Salalah,Positive,Very good experience.
Oman Avenues Mall,Positive,"Super screens.
You will get a Good movie tickets deal online, good movies make your day good"
Oman Avenues Mall,Negative,Average experience. Look and Ambience are good . Neat and tiny cinema. But Sound and and picture quality is not enough to get a best cinema experience. Sound system not impressed. Projectors are low in brightness and resolution. A multiplex in muscat city is just this?
Oman Avenues Mall,Positive,Had a great time watching Deadpool and Wolverine! The service and food was superb! The staff are very friendly and helpful especially the lady in the cashier named Kristina.
Oman Avenues Mall,Positive,Enjoyed to the max!
Oman Avenues Mall,Positive,✨✨✨✨✨
Oman Avenues Mall,Positive,Good and nice
Oman Avenues Mall,Positive,Celine is the best service we had she is very expert and very sweet and lovely .. 5 starts .. thank you
Oasis Mall Salalah,Positive,"Family mall, part of landmark group."
Oasis Mall Salalah,Positive,Nice
Oasis Mall Salalah,Positive,رووعه
Oasis Mall Salalah,Positive,Best place in Salalah to enjoy the movie
Oasis Mall Salalah,Positive,Friendly staff good ambiance and the food is awesome especially the chicken fingers
Oasis Mall Salalah,Positive,جيد
Oasis Mall Salalah,Positive,الفشار لذيذ والمقاعد جيده
Oasis Mall Salalah,Positive,Classic theater. Quality sounds and screen
Oasis Mall Salalah,Positive,"Excellent cinema, staff, price, cleanliness ..,. But it's FREEZING cold in the auditorium. Please turn down the A/C!"
Oasis Mall Salalah,Positive,ممتاز
Oasis Mall Salalah,Positive,"One of the nicest movie theatres in the Dhofar region. Neat, clean, good seats and well-lit steps. Overall a good experience.."
Oasis Mall Salalah,Positive,سينما لعرض الافلام الحديثه نظيفه داخل المول
Oasis Mall Salalah,Negative,"This is the second time they have done this, that the website doesn't work for some unknown reason, so you book the tickets for more over the counter. They do this on purpose when there is a high demand on any movie. This needs to be flagged to consumer protection authority!!"
Oasis Mall Salalah,Positive,Best cinema hall
Oasis Mall Salalah,Positive,Very nice cinema 👍🏻
Oasis Mall Salalah,Positive,افضل سينما في صلالة
Oasis Mall Salalah,Positive,السينما حلوه و جميله جدا و لطف الموظفين غير و تنوع كراسي السينما و أهم شيء الأكلات والفشار و المشروبات كل شيء حلو اختصار لازم تزورون المكان ولو مرة واحدة مع اني انصحكم انه تشاهدون الأفلام في سينابولس سينما.
Oasis Mall Salalah,Positive,"Very clean and tidy, seats, sound effects are fine, kiosk and tickets counter always easy to access."
Oasis Mall Salalah,Positive,Good 👍👍
Oasis Mall Salalah,Positive,Very nice
Oman Avenues Mall,Positive,"Friendly staff, Celine was a great help."
Oman Avenues Mall,Positive,طاقم متساعد و لطيف جدا
Oman Avenues Mall,Positive,Excellent service provided by Celine she was very helpful and extremely responsive the movie theater was very good and comfortable
Oman Avenues Mall,Positive,ممتاز
Oman Avenues Mall,Positive,Good cinema .. online offers are great
Oman Avenues Mall,Positive,Best staff I have ever seen specially the Omani national... I remember Abdulaziz and. Girl who was so so sooooo helpful... Million thanks for making our day
Oasis Mall Salalah,Positive,Had great experience.  Cenima Hall was empty.
Oasis Mall Salalah,Positive,Very Nice Place
Oasis Mall Salalah,Positive,مكان جميل جداً
Oasis Mall Salalah,Positive,ممتاز
Oasis Mall Salalah,Positive,"I enjoyed going to this place. The movies start on time. The chairs are comfy, and the snacks are good. You don't have to pay for the 3d glasses; you only take them and give them back. I found this environmentally freindly and convenient."
Oasis Mall Salalah,Positive,Cinepolis offers the  Best Cinematic Experience in Town.
Oasis Mall Salalah,Positive,كسينما إبدااااع
Oasis Mall Salalah,Neutral,جميل
Oasis Mall Salalah,Positive,Great atmosphere and amazing experience.
Oman Avenues Mall,Positive,السنما فضيع وتعامل راقي وساعدتنا كثير سيلين ع الحجز ❤️❤️😍
Oman Avenues Mall,Positive,Excellent experience during my recent visit. Theatre is neat and clean with comfortable seats. There are discount offers on weekdays.
Oman Avenues Mall,Positive,"Great experience, 🩷"
Oman Avenues Mall,Negative,"Worst movie theatre of the country.
Screen 1: Watched Kalki on 28-jun-24. Poor screen quality, pathetic sound and horrible air condition.

Oman Cinépolis is ruining the brand name"
Oman Avenues Mall,Positive,ممتازه جدا ً✨🤍🤍
Oman Avenues Mall,Positive,"Big screen and best sound , watched  vikram movie here,Cinépolis Cinemas at Oman Avenues Mall provides a cinematic experience like no other. The plush seating, crisp audio, and vibrant screens enhance the movie-watching pleasure. The variety of snacks and courteous staff add to the overall enjoyment. The clean and well-maintained facilities make it a top choice for film enthusiasts. A great place to unwind and immerse yourself in the magic of cinema.
Watched Captain miller &
Kalki"
Oman Avenues Mall,Positive,Loved how the assistant was so sweet and smiling 🤍
Oasis Mall Salalah,Positive,Nice experience good sound
Oasis Mall Salalah,Positive,Very nice sitting arrangement and comfortable place to watch movies
Oasis Mall Salalah,Neutral,Good
Oasis Mall Salalah,Positive,A cool experience in watching a movie with family.
Oasis Mall Salalah,Positive,very good 👍
Oasis Mall Salalah,Positive,Nice experience
Oasis Mall Salalah,Positive,مكان جميل تقضي فيه وقت مع العائلة ❤️❤️
Oasis Mall Salalah,Positive,رااااائع جدا جدا جدا
Oasis Mall Salalah,Positive,"كانت تجربة ممتازة♥️♥️♥️
وأفضل مكان للسينما♥️♥️
اولا للخدمات ممتازة و الصالات نظيفة والكراسي مريحة♥️♥️♥️
ومن احب الأماكن لي♥️♥️
ودايما أزور سينما بوليس ♥️♥️♥️♥️♥️

عند زيارتي الاخير من اسبوع في موظفة فليبينة تكون على جهاز ماسح التذاكر اسلوبها زفت و ماعندها طريقة تعامل  😓😓😡🤬🤬"
Oasis Mall Salalah,Positive,Super
Oasis Mall Sohar,Positive,ممتاز
Oasis Mall Sohar,Neutral,جيد
Oasis Mall Sohar,Positive,ممتاز جدا
Oasis Mall Sohar,Positive,راقية واسعارها ارخص مقارنه بالموجود في صحار والكراسي جدا مريحه
Oasis Mall Salalah,Positive,Nicely maintained.
Oasis Mall Salalah,Positive,المول مافيه شيء غير السينما وهوم سنتر
Oasis Mall Salalah,Negative,"مكان جميل واسعار التذاكر مناسبة جدا
الصدمة فية اسعار الاكل جدا غالية اذا غرشة ماي أروى نص ريال ليش ماعرف ولو مكان سياحي"
Oasis Mall Salalah,Neutral,أنصح بزيارة المكان
Oasis Mall Salalah,Positive,Best VIP
Oman Avenues Mall,Positive,"Good place for wach movies, food service also good 😊"
Oasis Mall Sohar,Negative,ليس جيدا
Oasis Mall Sohar,Positive,ممتازة
Oasis Mall Salalah,Positive,سينماء جميله جدا
Oasis Mall Salalah,Positive,Good Service
Oasis Mall Salalah,Negative,All was well until we met one of your employee named Daryl! Not the first with her as it has been noticed by our circle that she has a opinionated behaviour with the locals and expats! We asked her for basic info and she throws so much attitude and such poor gestures! She needs to learn how to be in a hospitality line as we don’t come for free sponsored by cinepolis do we?
Oasis Mall Salalah,Positive,جميل
Oasis Mall Salalah,Positive,ممتاز
Oasis Mall Salalah,Positive,Nice
Oasis Mall Salalah,Positive,ممتااااااااز
Oasis Mall Salalah,Neutral,Good
Oasis Mall Salalah,Positive,رووعه
Oman Avenues Mall,Positive,جميل
Oman Avenues Mall,Positive,جميله جداً خدمة رائعة ❤️❤️
Oman Avenues Mall,Positive,ممتع جدا
Oman Avenues Mall,Positive,تجربة رائعة ،أسعار رمزية ،وخدمة عملاء مميزة من قِبل العاملين في السينما.
Oman Avenues Mall,Negative,جميل جدا والخدمه سريعه ولطافه طاقم الاستقبالزوالخدمه في منتهى الروعه شكرا لكم
Oman Avenues Mall,Positive,"Best Cinema in City, Staff is very good and polite."
Oasis Mall Salalah,Negative,"Service not good, have to wait a lot for a tea add more customer services people"
Oasis Mall Salalah,Positive,"Air condition should be regulated. With the theatre at 15% occupancy, we were freezing. Otherwise well maintained."
Oasis Mall Salalah,Positive,رائع بكل تفاصيله
Oasis Mall Salalah,Positive,Nice place to visit in Salalah
Oasis Mall Sohar,Positive,"It's inside Oasis Mall 3rd Floor- ambiance is good,not crowded."
Oasis Mall Sohar,Positive,هادئة و فخمة
Oasis Mall Sohar,Negative,"تاريخ العرض 19/10/2025
الساعة 6.30pm
سمبوسة وجباتي

للأسف، كانت الترجمة في الفيلم غير واضحة، حيث ظهرت بشكل مقطّع وغير مكتمل في أسفل الشاشة، مما أثر سلبًا على فهم المحتوى والاستمتاع بالعرض.

أتساءل إن كان من المعقول عدم وجود جهة مختصة تتابع جودة العرض وحالة الترجمة أثناء تشغيل الفيلم، خاصة وأن هذه التفاصيل تؤثر بشكل مباشر على تجربة المشاهد.

آمل أن يتم النظر في هذه الملاحظة واتخاذ الإجراءات اللازمة لضمان جودة الترجمة في العروض القادمة.

مع خالص الشكر والتقدير،"
Oasis Mall Sohar,Negative,"Totally disappointment!!!!

We went to the cinema after checking the film timing in their website

We were shocked that the movie has already started 20 mins earlier.

After discussing with the manager, he claimed that this might be a syncing issue with the website!!! How come!!!!????"
Oasis Mall Sohar,Positive,تمام
Oasis Mall Salalah,Positive,"Una buena experiencia, para mi tendrían que pasar las peliculas en inglës y subtituladas en inglés para que se puedan entender por más personas"
Oasis Mall Salalah,Neutral,مجمع تجاري
Oasis Mall Salalah,Positive,"رائع ..
الموقع و نظام السينما ..
التوفيق لهم دائما"
Oasis Mall Salalah,Positive,جميل
Oasis Mall Salalah,Positive,"Cinema screen 1, is the best and food counter are with varities."
Oasis Mall Salalah,Positive,Nice
Oasis Mall Salalah,Positive,Good theatre.
Oasis Mall Salalah,Positive,Good theatre
Oasis Mall Salalah,Positive,"Hermoso diseño del lugar muy bien ambientado, la temperatura es muy agradable, la limpieza del lugar es excelente!!!"
Oasis Mall Salalah,Positive,قاعة السينما راقيه و جيده جدا ً
Oman Avenues Mall,Negative,"ONE OF THE WORST CINEMA EXPERIENCES EVER.

The first time the movie started while the lights were still on, like what, if I didn't go to call someone from outside we would have been left like that, completely unacceptable! The deluxe seats are supposed to be comfortable but they are absolutely bad. The AC was off the entire movie, super annoying! Lesson learnt, I was giving a second chance today and they just proved that they didn't deserve it."
Oman Avenues Mall,Positive,deserves more than 5 stars
Oasis Mall Sohar,Positive,قسم بالله فنان
Oasis Mall Sohar,Positive,"مميزه من ناحية المقاعد مريحه اكثر مقارنه بالمنافس ..
بخصوص الاكل يحتبر جيد والاسعار جيده"
Oasis Mall Sohar,Negative,"This was my first time at this cinema, and it will definitely be the last. Our experience was disappointing — Vox Cinema is far better in every way."
Oasis Mall Sohar,Positive,Superb experience..
Oasis Mall Sohar,Positive,Like it
Oasis Mall Sohar,Positive,مكان ممتاز و راقي و خدماتهم حلوة و أسعار مناسبة بس ما سريعين في تحديث الأفلام
Oasis Mall Sohar,Positive,تجربة سينمائية رائعه بفكر واعي وتصميم جذاب
Oasis Mall Sohar,Positive,"Excellent cinema in sohar oasis mall, we can enjoy with family"
Oasis Mall Salalah,Positive,جيدة
Oasis Mall Salalah,Positive,Good place but Hindi pitchers no more seats and sounds system Thater was nice
Oasis Mall Salalah,Positive,very good experience ..good seats amazing sound effects overall awesome
Oasis Mall Salalah,Positive,انسجاااام
Oasis Mall Salalah,Positive,تجربه ممتازه
Oasis Mall Salalah,Positive,يعد من افضل المراكز التجارية في صلالة يظم مجموعة شركات سنتر بوينت للتسوق مع وجود سينماء ومركز العاب للاطفال ومطاعم .
Oasis Mall Salalah,Neutral,حلو
Oasis Mall Salalah,Positive,"مكان جمبل
رائع للتسوق بوجد ماكس اطفال كبار سنتربوينت
واماكن أخرى الاهم بالنسبة لنا كان السينما اختيارهم للأفلام جميل جدا يوجد خصم في السينما على بطاقة شكرا  كراسي ال vip والسينما الماكرو خيالية وساحرة
👌👍👏 تجربة ممتعة ورائعة ♥️"
Oasis Mall Salalah,Positive,"It's in Oasis Mall ,nice to watch movies in Cinipolis."
Oasis Mall Salalah,Positive,Good place and quality
Oman Avenues Mall,Positive,"Great management and experience, thank you Mr Adarsh for making it such a memorable time for the family."
Oman Avenues Mall,Negative,Rude staff with extremely bad attitude. Don't know how to treat customers.
Oman Avenues Mall,Positive,Best Cinema with Great Customers Service
Oasis Mall Salalah,Negative,"Very rude behavior. There is a girl working there . She don't allow us to change seats even if there was not anyone booked on that seat. She just randomly come and demand for out ticket and indirectly says ""get some money peasants"""
Oasis Mall Salalah,Neutral,"Watched KGF2 .. Nice experience ...

Thank you Oman"
Oasis Mall Salalah,Positive,My first experience of watching a movie in the mall.
Oasis Mall Salalah,Positive,Very good
Oasis Mall Salalah,Positive,Nice to enjoy witjwithFamily and frnds..  I watchd KGF 2  Superbb mall 😎😎
Oasis Mall Salalah,Positive,Comfortable seats and one of the best cinema experience.
Oasis Mall Salalah,Positive,Good
Oasis Mall Salalah,Positive,"Went to view the screening of RRR.
Nice ambience,well managed hall."
Oasis Mall Salalah,Negative,Good
Oasis Mall Salalah,Negative,😩😩😩
Oasis Mall Sohar,Positive,"Cinepolis offers a great movie experience. The seats are comfy, the sound is clear, and the screen is perfect. The staff is always friendly and helpful. I normally visit most weekends and always enjoy my time here. However, the food and drinks are too expensive. A small 500ml water costs 500 Baiza, while in supermarkets it's usually just 60 to 70 Baiza."
Oasis Mall Sohar,Positive,Good place for cinemas. And not very crowded
Oasis Mall Sohar,Positive,"Good Theatre with great Ambiance in Sohar city. You can roam around in the mall too having some coffee.

But if you are Indian you'll be disappointed with the Sound Experience in the theatre 🎭"
Oasis Mall Sohar,Positive,"Review of Cinepolis Theatre in English and Telugu (Oasis Mall, Sohar)

తెలుగులో సినీ పోలీస్ థియేటర్ రివ్యూ (సోహార్, ఓయాసిస్ మాల్)

సోహార్‌లోని ఓయాసిస్ మాల్‌లో ఉన్న సినీ పోలీస్ మూవీ థియేటర్‌ను సందర్శించిన అనుభవం నిజంగా అద్భుతమైనది. ఈ థియేటర్‌లో సినిమా చూసే ప్రతి క్షణం అసాధారణమైన అనుభూతిని అందిస్తుంది. థియేటర్‌లోని సౌండ్ సిస్టమ్ అత్యుత్తమ నాణ్యతతో, సినిమా అనుభవాన్ని మరింత ఆకర్షణీయంగా మార్చింది. స్క్రీన్‌ల నాణ్యత, శుభ్రత, మరియు వాతావరణం అన్నీ అత్యంత ఆకర్షణీయంగా ఉన్నాయి.

ముఖ్యంగా, సిబ్బంది ప్రవర్తన చాలా సహకార ధోరణితో మరియు స్నేహపూర్వకంగా ఉంది, ఇది సందర్శకులకు సౌకర్యవంతమైన అనుభవాన్ని అందిస్తుంది. టికెట్ బుకింగ్ కోసం అందుబాటులో ఉన్న టచ్ స్క్రీన్ మానిటర్‌లు స్వయం సేవను సులభతరం చేస్తాయి, ఇది సమయాన్ని ఆదా చేస్తుంది. ఈ థియేటర్‌లో మొత్తం ఎనిమిది స్క్రీన్‌లు ఉన్నాయి, ఇందులో భారతదేశంలోని వివిధ రీజనల్ భాషల సినిమాలతో పాటు హాలీవుడ్ చిత్రాలు కూడా ప్రదర్శితమవుతాయి, ఇది విభిన్న రుచులను ఆకర్షిస్తుంది.

ఓయాసిస్ మాల్‌లో షాపింగ్ అనుభవం కూడా అద్భుతంగా ఉంది. ఫుట్‌వేర్, దుస్తులు, పుస్తకాలు, కాస్మెటిక్స్, బేకరీ ఐటమ్స్, ఫుడ్ కోర్ట్‌లు ఇలా అన్ని రకాల షాపింగ్ సౌకర్యాలు ఒకే చోట అందుబాటులో ఉన్నాయి. మొత్తంగా, సినీ పోలీస్ థియేటర్ మరియు ఓయాసిస్ మాల్ సందర్శన సినిమా ప్రియులకు మరియు షాపింగ్ ఔత్సాహికులకు ఒక అసాధారణ అనుభవాన్ని అందిస్తుంది.

Visiting the Cinepolis Movie Theatre at Oasis Mall in Sohar was an absolutely delightful experience. The theatre offers a remarkable cinematic experience, with top-notch sound quality and screen visuals that elevate the movie-watching experience to another level. The cleanliness, ambiance, and overall environment are impeccable, creating a welcoming and comfortable atmosphere for visitors.

A standout feature is the exceptional behavior of the staff, who are highly cooperative, friendly, and professional, ensuring a seamless experience. The self-service touch screen monitors for ticket booking are a convenient addition, making the process quick and efficient. With a total of eight screens, the theatre showcases a diverse range of films, including Indian regional language movies and Hollywood blockbusters, catering to a wide audience.

Beyond the theatre, Oasis Mall itself offers a fantastic shopping experience. From footwear and clothing to books, cosmetics, bakery items, and a variety of food options, the mall has it all, making it a one-stop destination for shopping and entertainment. Overall, Cinepolis at Oasis Mall delivers an outstanding experience for moviegoers and shoppers alike."
Oasis Mall Sohar,Neutral,"عطيتها 3 نجوم لأن المكان هاديء.
الصوت مقبول، والصورة غير نقية، حتى لاحظت إنعكاس البروجكتر على الشاشة"
Oasis Mall Sohar,Positive,Good cinema and entertainment
Oasis Mall Sohar,Negative,اسعارهم غاليه،، وخاصه ايام الويكين 3.200 ريال عماني  للشخص واذا تحجز عن طريق الموقع 4.5دبل
Oasis Mall Sohar,Positive,"Good ,not crowded"
Oasis Mall Salalah,Positive,جميل يستحق الزيارة
Oasis Mall Salalah,Positive,nice place
Oasis Mall Salalah,Positive,Very nice
Oasis Mall Salalah,Neutral,good show...its give you another option in the city 💗
Oasis Mall Salalah,Positive,Nice to join with loves one
Oasis Mall Salalah,Negative,"Very bad sound quality, bad food outside"
Oasis Mall Salalah,Positive,Best discounts for cinemas in salalah
Oasis Mall Salalah,Negative,سعر المياه والأشياء مرتفع جدآ😒
Oasis Mall Salalah,Positive,Best place ever
Oman Avenues Mall,Positive,"Perfect , and they are one guy they work in reception his name saud very kindly men"
Oman Avenues Mall,Negative,"The worst cinema app I’ve experienced. So laggy and heavy, doesn’t give you confirmation of booking unless an email maybe or not comes to you 20 mins later. Every single time there’s an issue either with the food or the AC or the 4D emotion where there is no emotion neither 4D. Shocking such customer experience coming from such a a chain"
Oman Avenues Mall,Positive,Experience the cinema at luxury
Oman Avenues Mall,Positive,شكراً سنبوليس على الخدمه 💙💙.
Oman Avenues Mall,Positive,Great service
Oman Avenues Mall,Positive,خدمة عملاء ممتازة
Oasis Mall Salalah,Positive,👍🏽
Oasis Mall Salalah,Negative,ذهبت  الساعه ٥ وكان مغلق
Oasis Mall Salalah,Positive,Superb experience .nice ambience. Acoustics at the most advanced level..good sound clarity nice seating position . overall a good experience .enjoyed better . looking forward to go for good movies to watch .easy to access near salalah new industrial area faced toward the highway road
Oasis Mall Salalah,Positive,Poli....
Oasis Mall Salalah,Positive,"Great place to watch movies, A ticket machine was in a windows desktop"
Oasis Mall Salalah,Positive,Good Theatre
Oasis Mall Sohar,Positive,مكان جميل وممتع
Oasis Mall Sohar,Positive,جيد جدا
Oasis Mall Sohar,Positive,Good location good sound for theatre
Oasis Mall Sohar,Positive,تعامل مميز والموظف متميز
Oasis Mall Sohar,Positive,"Cinépolis Sohar offers a clean, modern cinema experience with comfortable seating and great sound quality. The Junior Theatre is perfect for kids, and the food options are varied and tasty. A bit pricey, but worth it for a premium movie night."
Oasis Mall Sohar,Positive,ممتاز
Oasis Mall Sohar,Positive,Really Enjoyed a Movie
Oasis Mall Salalah,Positive,Amazing Cinema.. if you are a cinema lover and you fine your self in Salalah then there is no other place to catch fun than Cinépolis Oasis mall Salalah. 8 screens multiplex with a specialised junior auditorium for your kids. And a bonus the staffs and very kind and friendly
Oasis Mall Salalah,Positive,Good
Oasis Mall Salalah,Positive,Nice cinema experience. Newly opened.
Oasis Mall Salalah,Positive,Gud movie experience in salalah location.
Oasis Mall Salalah,Positive,Great cinematic experience and cordial staff! 💯 would recommend to people!
Oasis Mall Salalah,Positive,Nice mall for time pass
Oasis Mall Salalah,Positive,Excellent 👌
Oman Avenues Mall,Positive,Great
Oman Avenues Mall,Positive,Nice
Oman Avenues Mall,Positive,He is very helpful & kindly.. he give a high quality service.. his behaviour very  polite
Oman Avenues Mall,Positive,Actually we have great experience and good attitude great person to deal with.. keep the good work
Oman Avenues Mall,Positive,"Nice facilities, clean and good food .
Good place to visit. The kids room is  good fun"
Oman Avenues Mall,Negative,"Great experience, if you want a noisy movie room with tons of kids jumping around"
Oman Avenues Mall,Positive,Great service
Oman Avenues Mall,Positive,"Very accomodating and very nice movie.
We enjoy."
Oasis Mall Sohar,Positive,Nice movie theater. Excellent speakers and stero. Best in sohar town
Oasis Mall Sohar,Negative,"I felt so disappointed with the sound performance in the Macro screen. Many of the surround sound were silent which made me feel that the speakers were off. But when I seen the same movie in another cinema with similar Dolby Atmos sound system, the sound tracks were clear which made me much disappointment. Adding to that there is a minor problem in scree projection focus which is so neglectable. But it is existing. Even being the ticket rate for Macro screen is highest, it is very much bad that the audio and video system are not calibrated timely."
Oasis Mall Sohar,Positive,Good
Oasis Mall Sohar,Positive,Gud place to be with!
Oasis Mall Sohar,Positive,مكان جميل
Oasis Mall Sohar,Positive,"Very good,  you can see what you want there."
Oasis Mall Sohar,Positive,ممتاز
Oasis Mall Salalah,Positive,Fantastic screen and sound quality  😎
Oasis Mall Salalah,Positive,Definitely my favorite cinema in Salalah. They have the best promotions and service from the assistant manager and staff. And ofcourse very comfortable seats.
Oasis Mall Salalah,Positive,"Best cinema in town. Spacious and comfy seats, good food, service and friendly staffs."
Oasis Mall Salalah,Positive,Well served by Alwyn.
Oasis Mall Salalah,Positive,"Excellent cinema with friendly atmosphere.
Lots of promotion on tickets with good food option."
Oasis Mall Salalah,Positive,Great place to watch movies.
Oasis Mall Salalah,Positive,Excellent
Oasis Mall Salalah,Positive,There are only two cinema complex available in salalah for movie buffs.cinepolis is the recently opened one. Good seating including recliner seating available.
Oasis Mall Salalah,Negative,"الشاشة صغيرة مقارنة بباقي دور السينما، كما أن كراسي الدرجة العادية غير مريحة وتعامل العاملين هناك لم يكن طيبا للأسف.

Not that good for many reasons!!!!"
Oasis Mall Salalah,Positive,من أفضل الأفلام التي تعرض في السينمائي
Oasis Mall Salalah,Positive,Overall excellent experience... Even for 2 guyz they will run a film without cancelling the show same as other theatres. Also the response in time of any technical failure was handling in great manner. Have a suggestion that the kinds of snacks can be in more varieties.. All others were maintaining good...
Oasis Mall Salalah,Positive,"Cinepolis, always priority in watching my favorite movies, wonderful experience and accolades their arrangements and customer support. All their staff meet my expectations always on their services and pleasant face."
Oman Avenues Mall,Positive,Nice cinema and great prices
Oman Avenues Mall,Positive,يستحق سعود جائزة موظف الشهر
Oman Avenues Mall,Positive,ارهب خدمه
Oman Avenues Mall,Positive,"سينما ممتازة والوحيدة في السلطنة الي فيها 4d
وخدمة العملاء ممتازة ولطفاء ."
Oman Avenues Mall,Positive,احسن واحد سعود
Oman Avenues Mall,Positive,very helpful person
Oman Avenues Mall,Positive,Best cinema in Oman very good
Oman Avenues Mall,Positive,Service is excellent and no comparisons...
Oman Avenues Mall,Positive,Was great experience
Oman Avenues Mall,Positive,Amazing ambiance.. Good experience in watching with Dolby 🔥🔥🔥🔥
Oman Avenues Mall,Positive,Good services
Oman Avenues Mall,Positive,Always favorite
Oman Avenues Mall,Positive,ماشاءالله المكان وهيب وجميل جدا وكنت سعيد جدا
Oasis Mall Salalah,Positive,Awesome
Oasis Mall Salalah,Positive,"Watched many movies, had an extraordinary movie screen experience. Low pricing on tickets compares to Vox cinemas. Looking for new upcoming movies. The macro screen is awesome ✨"
Oasis Mall Salalah,Positive,Love this place
Oasis Mall Salalah,Positive,The best cinema theater on salalah
Oasis Mall Salalah,Neutral,جميل
Oasis Mall Salalah,Positive,شكرا لكم ع الاتقان والعمل الجميل
Oasis Mall Salalah,Positive,Very Nice and Clean Place.
Oasis Mall Salalah,Positive,Beautiful theatre
Oasis Mall Salalah,Positive,Very beautiful
Oasis Mall Salalah,Positive,ممتازة
Oasis Mall Sohar,Positive,Super
Oasis Mall Sohar,Positive,Nice theater
Oasis Mall Sohar,Positive,Best place for Indian food at all
Oasis Mall Sohar,Positive,ممتازة للمشاهدة و مريحه
Oasis Mall Sohar,Positive,Good
Oasis Mall Sohar,Positive,جميل
Oasis Mall Sohar,Positive,"Excellent service
Quality superb"
Oasis Mall Sohar,Positive,احب السينما جدا
Oasis Mall Sohar,Positive,Nice
Oasis Mall Sohar,Positive,Very good movie theatres enjoyed the atmosphere inside
Oasis Mall Salalah,Negative,مكان أنيق ،،، وجووووو مع تهيئة ولا ارووووع
Oasis Mall Salalah,Neutral,Love story
Oasis Mall Salalah,Positive,مكان جميل
Oasis Mall Salalah,Positive,"مكان رائع وهادئ للتسوق بعيدا عن الازدحام
تتوفر فيه سينما كما تتوفر فيه جميع خيارات التسوق من مواد غذائية وكماليات ويحتوي على ركن خاص للإلكترونيات والأثاث المنزلي"
Oasis Mall Salalah,Positive,Awesome
Oasis Mall Salalah,Positive,سينما مرتب وتتوفر جميع الاحترازات  وقاعه كبيره وممتعه
Oasis Mall Salalah,Positive,Amazing place for movies
Oasis Mall Salalah,Positive,"Excellent ... cinema and especially VIP chairs Lie down watching your movie 🍿🎥,Best place to watch a movie in salalah, that to with a reasonable price.."
Oasis Mall Salalah,Positive,ممتازه جدا
Oasis Mall Salalah,Positive,"صف مقاعد الreclyne روعة و مريح و التجربة و لا أروع
انصح بشراء قارورة الماء من خارج المحل ب100 بيسة بدل دفع 700 عليها عندهم و مرات لا تتوفر و تضطر تشرب مشروبات غازية او غير صحية"
Oasis Mall Salalah,Positive,مميزه
Oman Avenues Mall,Positive,Amazing 🤩
Oman Avenues Mall,Positive,"One of the Best Cinemas in Oman.

They offer better combo offers to attract more customers.

Offering foods and drinks are good. Note outside foods are allowed.

Well maintained cinemas.

4D E-Moition screen, Kids screen are very special screens in Oman cinemas operated by Cinepolis."
Oman Avenues Mall,Positive,We had a great experience having my son’s birthday party at the junior’s cinema.. great staff and special shout outs to Roohan 💪🏼 for arranging the whole event 👍👍👍
Oman Avenues Mall,Positive,"This review is pertaining specifically to the Junior Theatre in Cinepolis at Avenues Mall. This is a unique experience as a mini play area is created right inside the theatre. There is a long slide which ends in a ball pit. There is a section for toddlers as well.
The seating area has been well designed for kids and adults to enjoy. The bean bag seats are a lot more comfortable than the non-reclining seats in other theatres. Of course, there is bound to be squeaks and cries of the kids since it is designed for them but for those families going with small kids, it should definitely be the first choice.
The screen and audio system cannot be called the best as there are better options available but then with the kids around, one will barely notice that."
Oman Avenues Mall,Negative,"Screen and shows are good, but they are turning off A/C while people inside the theatre and making movies miserable.
It's been observed on night time mostly.
They are not giving value to the viewers who are buying the tickets to watch shows. 😡"
Oman Avenues Mall,Positive,Better than the VOX as it's huge and comfortable seats
Oman Avenues Mall,Negative,"I WANNA CRY YOU'RE WORKERS WERE BULLYING US, HAVE BAD BEHAVIOUR AND BAD ATTITUDE WITH MY CHILDREN"
Oman Avenues Mall,Negative,"This is the third disappointing time we visited this place. I wouldn’t come again, but kids didn’t get Panda 4 ticket in Vox because it was full.
AC NEVER COOL, VERY VERY HOT INSIDE!!!!
Seats are uncomfortable and to close to each other in 4D.  I think you should take care of temperature inside,  public groups in FB of Oman also had chat about it many times."
Oman Avenues Mall,Positive,Good ambience
Oman Avenues Mall,Negative,"حجزت عن طريق الاونلاين وخصم المبلغ مرتين ولم يتم تاكيد الحجز وعند ارجاع المبلغ تم ارجاعه ناقص

خدمة تقديم الناتشوز غير عمليه"
Oman Avenues Mall,Positive,Great.
Oman Avenues Mall,Positive,"السينما بصراحه جميله جدا ..والقاعه فيها كراسي مريحه ... انا جربت VIP seat ..كان تجربه فريده جدا ...

المشكله الوحيده ان الممر كان ضيق ويعمل زحمه وقت الخروج  ...

بس التجربه كانت رائعه"
Oasis Mall Salalah,Positive,روعه
Oasis Mall Salalah,Negative,Nice Beautiful fantastic everything is good ❤️
Oasis Mall Salalah,Positive,تجربة ممتازه
Oasis Mall Salalah,Positive,"I visited during the lockdown, the place looks neat and tidy and the staff is friendly and helpful. The show that was on screen didn't match with the Lockdown timing so didn't watch any shows.

By any chance if anyone is looking for Sign Board Work for your new company. Contact here +96892858586

We do all Kinds of Sign Board Work:
1. 3D Sign Board
2. 3D Letters with LED
3. Digital Printing Sign
4. LED building animation lights indoor and outdoor
5. Custom-designed LED lightings
6. LED RGB animation strip lights
7. DMX controllers and all type of LED dimming systems
8. LED cove lighting and LED strips
9. Hi power LED wall washers
10. Hi resolutions RGB LED displays
11. All type of LED strip lights
12. All type of signs and advertisement

Contact us at +968 92858586 on WhatsApp, message here and I'll send you the works we have done lately."
Oasis Mall Salalah,Positive,افضل سبنما في صلاله
Oasis Mall Salalah,Positive,Nice theater to watch movies....Had a good time there with my family by watching Tom and jerry movie
Oasis Mall Salalah,Positive,Nice
Oasis Mall Salalah,Neutral,واجد حلو
Oasis Mall Salalah,Positive,Great place
Oasis Mall Salalah,Positive,amazing place
Oasis Mall Salalah,Positive,تجربة جميلة ..
Oasis Mall Salalah,Positive,ممتاز ... السينما وخاصة كراسي vip استلقي وانت تشاهد فلمك
Oasis Mall Sohar,Positive,Amazing
Oasis Mall Sohar,Positive,جميل
Oasis Mall Sohar,Positive,صالة سينما
Oasis Mall Sohar,Positive,Its good
Oasis Mall Sohar,Negative,لم اجربه
Oasis Mall Sohar,Positive,سينما
Oman Avenues Mall,Positive,"Friendly staffs
Good atmosphere
Affordable movie ticket price
Ticket purchase offers"
Oman Avenues Mall,Positive,4D is amazing here.
Oman Avenues Mall,Negative,"Theater is good but the rules and regulations must have change.
There was a bad experience that the theater management is ready to cancel and refund 9 movie tickets because of we have 100 Baisa water bottle. That was really bad, and in cinepolis providing same water bottle 600 Baisa, it’s looting peaples who come to watch movies.

Overpriced tickets and concessions! It's like they're trying to squeeze every last penny out of you. I'll be streaming movies at home from now on."
Oman Avenues Mall,Negative,Very high price for small water bottle. We can avoid to buy any other foods from the cafe. But water is so essential for us. The cinepolis staff took the water bottles which we bought outside. I bad behaviour from cinepolis staff.
Oman Avenues Mall,Positive,"Loved this screen, sound and seating comfort. Excellent Cinema experience."
Oman Avenues Mall,Positive,Good sound quality
Oman Avenues Mall,Positive,تجربة رائعة جدا اكل ممتاز
Oman Avenues Mall,Positive,Kids cinema are awesome and fun time for the kids
Oman Avenues Mall,Negative,"i am writing this letter due to a problem I encountered while attending a movie at your theater. Normally, minor inconveniences do not bother me, but I was surprised and disappointed to complaint reaction
I went to see the 11:10 P.M.15/2/2024  showing of premala at your theater. When I arrived I too hot inside theater. I  complaints to ticket counter no one respond"
Oman Avenues Mall,Positive,The best
Oman Avenues Mall,Negative,Security service very very very bad... They are behaving very rude with customers.. especially expats... Kindly make them understand..
Oman Avenues Mall,Positive,Very nice ceinma for kids imparts with it kids can play like there are in the play ground before the move I like it good job
Oman Avenues Mall,Positive,"Kids enjoyed a lovely new experience at Cinépolis Junior cinema with the long slide, mini playground and bean seats."
Oman Avenues Mall,Positive,Amazing
Oasis Mall Salalah,Positive,So perfect & I like it
Oasis Mall Salalah,Positive,"Good atmosphere, with all the safety measures. Body temperature Checks for the staffs and the moviegoers. Polite and good responsive staffs. Clean and clear overall. Good sound system but need fine tweeks based on movie and the audience.

Main concern is the kids area. Usually kids love to watch movies along with playing, but the kids play is not allowed/not started. I hope they'll load the kids stuff in the future after pandemic.

Need to add more beverages and snacks items, only few basic items available to choose."
Oasis Mall Salalah,Positive,Good
Oasis Mall Salalah,Positive,Good Entertainment place
Oasis Mall Salalah,Positive,القاعات كبيرة والكراسي مريحة
Oasis Mall Salalah,Neutral,تطبيق السينما زفت و كذلك أسعار المأكولات عندهم جداً غالية وحاولت أدخل موقعهم الإلكتروني كذلك مش مفهوم بس لا أنكر قاعات السينما جداً ممتازة
Oasis Mall Salalah,Positive,Good movie theater
Oasis Mall Salalah,Positive,Awesome 😍
Oasis Mall Salalah,Positive,سد جوفي لمياه وادي الجبيه او السليف
Oasis Mall Salalah,Positive,"افلام حديثة متنوعة
راقية
الخدمات ممتازة"
Oasis Mall Salalah,Positive,مناسبة للعوائل بوجود العاب داخل السينما
Oasis Mall Salalah,Positive,"Best place to watch a movie in salalah, that to with a reasonable price.."
Oasis Mall Sohar,Positive,جميل
Oasis Mall Sohar,Positive,افضل موظف سالم المعمري
Oasis Mall Sohar,Negative,السيكيورتي المصري تعامله سيئ جداً ارجو تبديله ب شخص افضل تركنا السينما بسبب تعامله
Oasis Mall Sohar,Negative,الاسعار غالية وتعامل الموظف المصري غير محترم
Oasis Mall Sohar,Negative,السيكيورتي المصري خايس تعامله و الاسعار غاليه و التكييف تعبان
Oasis Mall Sohar,Neutral,All screens are outdated ... maintenance required...screen quality is poor
Oasis Mall Sohar,Positive,ما شاء الله سينما جديدة وقاعاتهم كبيرة ومرتبة وخدمة طيبة من قبل الموضفين
Oasis Mall Sohar,Positive,جميل
Oasis Mall Salalah,Positive,اقوى سينماء في محافظة ظفار تجربتي لها كانت ممتعة
Oasis Mall Salalah,Positive,I've been going here for movies a few times now. The theater screen & audio is superb. As well as all the amenities and staff are so good. Well recommended for the movie lovers 👍👍
Oasis Mall Salalah,Positive,NYC Theator.I enjoyed watching street dancer.
Oasis Mall Salalah,Positive,جيد جدا باستثناء الاسعار
Oasis Mall Salalah,Positive,Kids friendly. Friendly staffs. The junior cinema has playground in it. My children had lots of fun in the cinema.
Oasis Mall Salalah,Positive,Good Cinema Screens with Good Caramel Popcorns
Oasis Mall Salalah,Positive,Very nice parking
Oasis Mall Salalah,Positive,ممتازة
Oasis Mall Salalah,Positive,Loved the late night shows..
Oman Avenues Mall,Positive,Ticket prices are very expensive
Oman Avenues Mall,Negative,"Worst cinema in oman,
AC don't work all the time, suddenly lights go on.
don't deliver the food as per the order.
very bad experience, and this is not the first time
اسواء دار سينما في عمان
المكيف ما يبرد ( حرررر)
فجأة الاضاءه تشتغل
الاكل ما يجي حسب الطلب
تجربه سيئه جدا  وهذي ليست التجربه الاولى"
Oman Avenues Mall,Negative,Today we came for movie it was really very bad customer service… No value for customers.. .. Felt really upset from bad experience.. Try to keep good staffs…
Oman Avenues Mall,Neutral,Air conditioning is very poor.
Oman Avenues Mall,Negative,In online show time they mentioned but when we went directly they informed show is cancelled due to manpower availability. We travelled from far for night finally disappointed.
Oman Avenues Mall,Positive,Very good
Oman Avenues Mall,Negative,"Last time we noticed a very unprofessional behavior from the entry staff. Show was late. Upon approaching the counter TWICE we were informed to be seated at the reception as the show is late and they would call us before it starts. No one informed and we kept waiting. Hence we missed the first 10 mins of the movie despite of the fact that we paid extra amount for booking, Never experienced the same from VOX."
Oman Avenues Mall,Positive,Go for 3 OR seats. It is good.
Oasis Mall Salalah,Negative,👎👎
Oasis Mall Salalah,Positive,Good movie theatre. Small but comfortable. Good sound system and seating arrangenent to provide good viewing experience.
Oasis Mall Salalah,Positive,Restaurants for dining is required
Oasis Mall Sohar,Positive,"Best cinema in Suhar and better than most cinemas in Muscat.
The tickets and confectionary items are a bit expensive. However, you get what you pay. They have an amazing kids cinema with some bean bags and play area including a giant slide. You can order food while in the comfort of your seat. Also the seats are comfortable including the standard ones."
Oasis Mall Sohar,Positive,Good
Oasis Mall Sohar,Positive,Good theater have offers always
Oasis Mall Sohar,Positive,رائعة
Oasis Mall Sohar,Positive,Budget friendly cinema in Sohar
Oasis Mall Sohar,Positive,"Except Annoying ads , ambient ok"
Oasis Mall Sohar,Positive,god
Oman Avenues Mall,Positive,"Indulge in Cinematic Luxury at Cinépolis VIP Muscat

Cinépolis VIP Muscat elevates the movie-going experience to new heights of comfort and sophistication. From the moment you step into the plush lobby, you're enveloped in an atmosphere of elegance and exclusivity.

Unparalleled Comfort

Sink into the plush, fully reclining seats that offer ample legroom and personalized controls. Indulge in the complimentary blankets and pillows, creating a cocoon of comfort while you immerse yourself in the cinematic world.

Gourmet Delights at Your Seat

Cinépolis VIP Muscat takes the concept of in-seat dining to a whole new level. A dedicated waiter is always at your service, ready to take your order from an extensive menu of gourmet treats. From savory snacks to decadent desserts, your culinary cravings are sure to be satisfied.

First-Class Service

The attentive staff at Cinépolis VIP Muscat ensures that your every need is met with professionalism and a genuine smile. They anticipate your desires, whether it's refilling your drink or adjusting the lighting, ensuring an uninterrupted and enjoyable cinematic experience.

Technological Excellence

State-of-the-art projection and sound systems deliver breathtaking visuals and immersive audio, transporting you to the heart of the story. The crystal-clear images and captivating sound effects make every scene come to life.

A Luxurious Escape

Cinépolis VIP Muscat is more than just a movie theater; it's an escape from the ordinary, a sanctuary where you can unwind and indulge in a world of cinematic excellence. Whether you're seeking a romantic evening or a memorable outing with friends, Cinépolis VIP Muscat promises an unforgettable experience.

Key Highlights

Plush, fully reclining seats with ample legroom
Complimentary blankets and pillows for added comfort
In-seat gourmet dining with an extensive menu
Attentive and professional staff
State-of-the-art projection and sound systems"
Oman Avenues Mall,Positive,Awesome ambience and sound system
Oman Avenues Mall,Positive,It was an amazing experience.
Oman Avenues Mall,Negative,Bad management. We arrived 10 min before the movie start. and they did not let us enter. They said we have to enter when the movie start
Oman Avenues Mall,Positive,Very good place. I like it
Oman Avenues Mall,Positive,great customer service and cinema experience
Oman Avenues Mall,Positive,Nice
Oman Avenues Mall,Positive,مكان جميل
Oasis Mall Sohar,Positive,Sami is the best at cinepolis
Oasis Mall Sohar,Positive,Very beautiful sound effects.
Oasis Mall Sohar,Positive,Nice attitude of staff and good services
Oasis Mall Sohar,Positive,جميييل
Oasis Mall Sohar,Negative,"During the screening, I was very disturbed by the presence of children in the playground area. Their screaming made it impossible to listen to the movie.

Given the significant amount we paid, we expected a high level of service. Unfortunately, this experience has left me reluctant to return to your theater."
Oasis Mall Sohar,Positive,Very friendly behaviour and very helpful @sami
Oasis Mall Sohar,Positive,سامي موظف ممتاز ومتساعد
Oasis Mall Sohar,Positive,Better than Vox
Oasis Mall Sohar,Positive,Very friendly
Oasis Mall Sohar,Positive,دا باشا قدع
Oasis Mall Sohar,Positive,سامي موظف ولا غلطه
Oman Avenues Mall,Positive,Always had a great experience in cinepolis
Oman Avenues Mall,Positive,الخدمة سريعة و القاعات واسعة و مريحة
Oman Avenues Mall,Positive,"Really nice movie theater, nice screen and sounds"
Oman Avenues Mall,Negative,They have made the smallest cup in the world and fill the coffee half the cup and take 1.2 OMR.
Oman Avenues Mall,Neutral,Good
Oman Avenues Mall,Positive,Luxury seats are amazing
Oman Avenues Mall,Positive,Amazing experience watching cinema
Oman Avenues Mall,Positive,👍👍👍👍
Oman Avenues Mall,Positive,احلى شي عندهم 4D motion
Oman Avenues Mall,Positive,Good arrangement of seats
Oman Avenues Mall,Positive,"Its a nice movie experience there, friendly staff and if you choose wisely online you will get tickets for best price"
Oman Avenues Mall,Positive,Good t see Good picture
Oman Avenues Mall,Positive,Nice entertaining timing location
Oasis Mall Sohar,Positive,صاله جميله
Oasis Mall Sohar,Positive,Best entertainment place and pocket friendly
Oasis Mall Sohar,Neutral,Sound effects below average
Oasis Mall Sohar,Positive,ممتازه
Oasis Mall Sohar,Positive,Very nice screen.. comfortable seats
Oasis Mall Sohar,Positive,"Good one, Enjoyed"
Oasis Mall Sohar,Positive,good
Oman Avenues Mall,Positive,Excellent 👌
Oman Avenues Mall,Positive,Most good viewing experience in oman. Sound quality seating are good. Only the thing is they charge 600 bz for a small bottle water which we can buy for 100 bz from outside.
Oman Avenues Mall,Positive,No 1
Oman Avenues Mall,Positive,The pricing was at its best till August 2023. The sudden increase in the pricing after September was unexpected and now people making change to vox cinemas in mall of man  but If you are using bank muscat credit cards the pricing can be adjusted but not everyone can enjoy it's benefits
Oman Avenues Mall,Positive,"Visited Here for watching Leo . Overall Good Experience. Good screen good seating. Sound quality is not too good . Still it is good for the price . Show supposed to start at 2'15 but it started at 2'30 because of the rush . Try not to buy snack because it's quite expensive.
Booked in the main screen ie, Macro XE. Other screen is small as compared to this one.
Overall good Experience."
Oman Avenues Mall,Positive,Good Experience... 😘🤗🎉
Oman Avenues Mall,Positive,"القاعه اللي دخلتها كانت كبيرة,  الشاشة كبيرة و الأصوات عالية جدا كأنك داخل الفيلم!"
Oman Avenues Mall,Positive,"Big screens, comfortable and clean seats, lot of parking options, but quite expensive snack & drinks options"
Oman Avenues Mall,Neutral,Watched Jawaan. Was a good experience. Felt that the volume was too high. Snacks are good but a pit overpriced. The security staff is bit serious and stern
Oman Avenues Mall,Positive,"Much better then other cinemas, also food options are many, only downside Vox still serves the best Caramel popcorn :)"
Oman Avenues Mall,Positive,Good 😊👍
Oman Avenues Mall,Positive,Luxurious
Oman Avenues Mall,Positive,Quality sound and screen
Oman Avenues Mall,Positive,Good
Oman Avenues Mall,Positive,Clean n tidy
Oman Avenues Mall,Positive,Best theatre experience and variety of snacks
Oman Avenues Mall,Positive,Great Experience 👍
Oman Avenues Mall,Positive,Good
Oman Avenues Mall,Positive,"Deluxe seats are comfortable.  Discounted rates for the Indian movies. However, it was very expensive if you wanted to buy snacks"
Oman Avenues Mall,Positive,"Superb experience, especially the sound system is extraordinary."
Oman Avenues Mall,Positive,"Nice place, reasonable price. It's inside the mall and very close to the roof parking lot.
There are junior, regular, and luxury cinema... I believe you should try each of them at least once for the experience. The junior has slide from top to bottom section of the seating, and the luxury has retractable seat, pillow, and so on...
The food is decent, with reasonable price for cinema food.
Last time I visited, it was empty... Junior cinema was only 3 person, and luxury was only 7 person I think..."
Oasis Mall Sohar,Negative,الاكل غالي جدا روائح الطبخ في كل مكان السكورتري يحتاج مزيد من التدريب
Oasis Mall Sohar,Positive,Niice
Oasis Mall Sohar,Positive,Good
Oasis Mall Sohar,Positive,His performance well and Anjum serviced us very good and appreciated it that because his well in customer cooperation.
Oasis Mall Sohar,Positive,He is well cooperated and his services very good his anjum
Oasis Mall Sohar,Positive,"Overall ambience, seating, cleanliness and sound quality were amazing"
Oasis Mall Sohar,Negative,سيئ للغاية لا انصح به
Oman Avenues Mall,Neutral,Sometimes I experience very low sound
Oman Avenues Mall,Positive,قمة الروعة والجمال....
Oman Avenues Mall,Positive,"Nice cinema hall, very neat, good service"
Oman Avenues Mall,Positive,Best theater to watch movies
Oman Avenues Mall,Positive,Good Experience 😇😇😇 Luxury Cinema Hall
Oman Avenues Mall,Positive,Excellent theatre and very easy to access the location and parking
Oman Avenues Mall,Positive,"I loved this place , this is the only cinema I go to, it is more affordable than Vox cinemas for sure!"
Oman Avenues Mall,Negative,"Worst sound quality in screen 10.

Me watched same movie from vox from quram 2 days before.... Wen compared to vox this sound system is very very bad...... Totally dissapointed and Not reccomended👎"
Oman Avenues Mall,Negative,I had visited here last week for a movie. It was scheduled to start at 8:50pm but however there was almost a 40 minute delay due to a technical error on the projector which was handled by the service team only after several visitors alerted them.
Oman Avenues Mall,Positive,Very organize and clean environment!
Oman Avenues Mall,Positive,Cinepolis is a nice place to watch movies with family or alone as it’s usually not as crowded as rest of the cinemas in and around muscat. Clean and excellent cinema experience.
Oman Avenues Mall,Positive,"We tried the “ luxury” , it is Better than the hold in Vox cinema. The loungers a super comfortable. We didn’t try their food but it looked ok on the menu and good choices. It is at Avenues mall, i’ll definitely go again"
Oasis Mall Sohar,Positive,كان ودود جدا وممتاز
Oasis Mall Sohar,Positive,"Actually this not first time to visit, the movie was amazing we chose land of bad, the hall it's comfortably but the staff was nervous they didn't suggest us for offers also for handling was shay.
Please training them n customer service."
Oasis Mall Sohar,Positive,Ok
Oasis Mall Sohar,Positive,Great job 👏🏽
Oasis Mall Sohar,Positive,ممتازين
Oman Avenues Mall,Negative,Screen 9: Pathetic sound quality and poor projection quality.
Oman Avenues Mall,Positive,Thalaivar uh... nirantharam 🔥
Oman Avenues Mall,Negative,Ac not working.. and sound system very bad…. Never watch next time 🥵
Oman Avenues Mall,Positive,👍👍👍
Oman Avenues Mall,Positive,Good
Oman Avenues Mall,Neutral,"their timing is very confusing.. they have 12pm screening but the cinema will open only at 1pm…

i went there before 12pm but it’s closed"
Oman Avenues Mall,Positive,"Nestled in the massive Oman Avenues Mall, Cinepolis is a great multiplex, as good as they come. There are ten theatres in the complex with comfortable seating and effective audio system. We sat in the back rows which definitely have a beautiful viewing experience.
Back rows recommended."
Oman Avenues Mall,Positive,"Having an alternative option for a cinema experience is always welcomed!

Recently, I tried the luxury venue of another competitor's cinema, and to say the least, it was not as comfortable, or grand as I expected.

This place revived my faith in paying a premium for a luxury experience, and actually getting a luxury experience. The seats are relaxing to sit on, considering yet again the movie we watched was exactly 3 hours long. The leg rests could use a bit more cushioning, but the lumbar support is so much better than the competition.

Picture and sound quality is great too. However, I don't know if it's my bad luck again at play, but we had the fire alarm blip light up during the movie, and then randomly turn off after a short while.

Food is great, but the popcorn could certainly be better. I unfortunately could not take photos of the dishes we had cause of the lighting situation during the movie, but I HIGHLY recommend you order their free-range chicken burger, popcorn chicken with honey mustard, and the nachos with cheese.

Price?

I would probably recommend to try the luxury plaza once, or keep it for big blockbuster movies, but generally speaking, I would opt for the regular plazas, which from other reviews, and photos, actually looks very decent as well."
Oman Avenues Mall,Positive,Awesome
Oman Avenues Mall,Positive,"One of the best theatre in Muscat, staffs, sound, seats and environment is really awesome. Theatre ambience and snacks are really good."
Oman Avenues Mall,Negative,"أسوء سينما قد تجربها ف حياتك …
مستحيل تجرب شي اسوء من سينما ها الشركه"
Oman Avenues Mall,Positive,Best experience especially in the luxury cinema
Oman Avenues Mall,Negative,"Very bad service
Purchase online or kiosk only

That also not working hence have to dropped movie plan"
Oman Avenues Mall,Positive,Good experience
Oasis Mall Sohar,Negative,قليل خصوصية
Oasis Mall Sohar,Negative,الاسعار غاليه وخدمة الفي اي بي ناقصه وتخدم نفسك بنفسك(برسوم) مافي خدمات تقدم لك
Oasis Mall Sohar,Positive,The best cinema in Oman
Oasis Mall Sohar,Negative,"I’m so upset because of the change of Nachos combo, now sauces comes in a small boxes thats not even enough for the half of the nachos shops :("
Oasis Mall Sohar,Negative,Cheese not enough
Oasis Mall Sohar,Positive,"Good atmosphere to watch movies with friends and family. They maintain the place neat and clean. The show time is from morning to night. English, Malayalam,Hindi tamil and a wide variety of language movies can watch here"
Oman Avenues Mall,Negative,"In order to view a movie, I should first be able to book online, but unfortunately the website is not working due to popups...so zero points !"
Oman Avenues Mall,Positive,"I absolutely love this cinema, it's clean. Seats are very.comfortable. The sound system is good. The temperature inside the cinema is also good.  Customer care is great. The staff are friendly and helpful. Best of all is that you get good discounts when booking online.

A good range of snacks available that you can order online. Plenty of ticket counters or self service kiosks. I love everything about this cinema. I hope to try the luxury cinema next time. One downside is they should not allow kids below 5. It interrupts having a 5 star experience. One kid can be a disturbance to the entire audience. My recent experience was similar as i explained. The management and staff really should look into it. Its pretty annoying ."
Oman Avenues Mall,Negative,too expensive and very slow service. Very unorganized too
Oman Avenues Mall,Positive,The staff are attentive and professional. The luxury cinema is so comfortable and you can order to food drinks from your chair! Highly recommend this cinema.
Oman Avenues Mall,Positive,Had a great movie experience. The picture & sound qualities were good.
Oman Avenues Mall,Positive,"First time there and all I can say.. Their customer service is excellent.

Cinema wise quite normal"
Oman Avenues Mall,Positive,Very neat place and family entertainment  place
Oman Avenues Mall,Positive,Good ambiance and reasonable ticket price
Oman Avenues Mall,Neutral,I thought cinepolis had changed but visited last again and noticed the surround speakers are still kept off and only the speakers near the screen works. Sound quality is low which ruins your cinema experience.
Oman Avenues Mall,Negative,Bad website. There page is very slow to load and I’ve been trying to contact them by phone to create a booking and no one is replying. Didn’t expect an international cinema brand to be such low quality.
Oman Avenues Mall,Neutral,"The seats are not comfortable at all and no ice cream cone. However, the service is fast and the toilet are very clean."
Oasis Mall Sohar,Positive,Not bad
Oasis Mall Sohar,Positive,Can feel awesome movie experience.and a good food counter.Pretty neat and clean atmosphere and good cushioned seats and recliners are also available.
Oasis Mall Sohar,Negative,سيئ
Oasis Mall Sohar,Positive,Ok
Oasis Mall Sohar,Positive,Good
Oasis Mall Sohar,Positive,Good
Oasis Mall Sohar,Positive,Good
Oasis Mall Sohar,Positive,جيد
Oman Avenues Mall,Negative,AC was ineffective.
Oman Avenues Mall,Positive,Good and more fun
Oman Avenues Mall,Positive,Awesome 👍
Oman Avenues Mall,Positive,سينما تستحق التجربه 🤩👌
Oman Avenues Mall,Neutral,"Wanna experience 4D cinema they got one
With the moving chairs, wind and water drizzle to feel the thrill of your next action movie

Also they have kids cinema to have a different experience for your kids"
Oman Avenues Mall,Negative,"Today 19th March 7:35 show we are only family 3 person in screen 7. They didn’t start AC. It was hot. If they want they can cancel the show it’s ok,  but can’t keep customer in this situation. Very bad"
Oman Avenues Mall,Neutral,Alright. Nothing great.
Oman Avenues Mall,Negative,Uncomfortable seat and screen was not clear
Oman Avenues Mall,Positive,Good and hygienic place
Oman Avenues Mall,Positive,Very nicr
Oman Avenues Mall,Positive,Nice space and good quality sound effects in the theatre.
Oman Avenues Mall,Negative,"I am extremely unsatisfied with this service, I found the customer service very poor and would not recommend coming here."
Oman Avenues Mall,Positive,ممتاز وأسعاره ممتازه..
Oasis Mall Sohar,Negative,لابأس
Oasis Mall Sohar,Neutral,جيد
Oasis Mall Sohar,Positive,اعجبني
Oasis Mall Sohar,Positive,يعرض افلام هنديه اغلب الوقت
Oasis Mall Sohar,Neutral,جيدة
Oasis Mall Sohar,Positive,مقاعد السينماء مريحه جدا
Oasis Mall Sohar,Negative,Cinema is good but they need to change staff..
Oasis Mall Sohar,Positive,Beautiful cinema. With luxury seating.
Oman Avenues Mall,Positive,It was a wonderful experience we got from cinepolis cinemas . I really loved it.
Oman Avenues Mall,Positive,After e di v moovie they didt put on light... This is very bad. I ope. My phone light   d and i step down i was above  to fall
Oman Avenues Mall,Positive,"Awesome movie experience with friends and family..V watched Jurassic World Dominion,Kaduva,Kantara and PATHAAN movie here.Picture and sound quality were too good..Staffs were very polite and friendly.Neatly maintained quiet place 👍👍Snacks r bit pricey here"
Oman Avenues Mall,Positive,Best cinema Offers in all of Oman
Oman Avenues Mall,Positive,experience is good
Oman Avenues Mall,Positive,Good cinema
Oman Avenues Mall,Positive,"[Update]
Excellent service
In the past 2 months service has been excellent.
No shows were canceled , I have removed my 1 star rating"
Oman Avenues Mall,Positive,"Cinépolis Luxury

The ultimate luxurious theatre experience.

For people who are looking for privacy, luxury, comfort, and great food.

The customer service is outstanding, always welcoming, smiling, very helpful, and super friendly.

The theatres are huge and always maintain high hygiene standards."
Oman Avenues Mall,Negative,there is issue in the screen and 3D not clear.. check attached photo lift side
Oasis Mall Sohar,Positive,Awesome movie experience
Oasis Mall Sohar,Positive,Great place to watch movie..I watched Animal movie recently and on couch seat and I liked it
Oasis Mall Sohar,Positive,"القاعات كثيرة، واسعة، و مرتبة ونظيفة و في تنوع في الأكل و الشرب
الأكل طعمه ممتاز
و القاعة كبيرة وشاشة كبيرة و الكراسي نوعا ما مريحة"
Oasis Mall Sohar,Positive,سينما حديثة وممتازة سعر التذكرة 3 ريال
Oasis Mall Sohar,Negative,المصري اللي بيشتغل ف الواحه مول قليل الاحترام ومزعج .. فوكس سينما افضل
Oasis Mall Sohar,Positive,احد افضل دور السينما في السلطنة
Oasis Mall Sohar,Positive,"Cinepolis الخيار الأفضل و بدون منازع
أفضل سينما جربتها
مقاعدهم ال VIP أسطورية و مريحة و تقدر تغير وضعيتها للنوم
المقاعد الاقل من VIP تقدر ترجع ظهرك للخلف مريحة
خدمة الموظفين ولا اروع
دايما يسوون خصومات و عروض على التذاكر
تتفوق على المنافس في السعر و الراحة و الهدوء و القرب من مركز المدينة
أعطيها العلامة الكاملة 10/10 و بدون تردد و دائما هي الخيار الأفضل عندي"
Oasis Mall Sohar,Neutral,Good seating..but felt like air conditioning was not good throughout the second half and started to sweat...
Oasis Mall Sohar,Positive,Good theater with all required amenities. Seats are comfortable and cozy. Not too rushy.
Oasis Mall Sohar,Positive,"Cinepolis offers a top-notch cinematic experience with great comfort, technology, and a wide movie selection. Highly recommended.
The concession options are varied, and the snacks and beverages complement the movie experience nicely."
Oasis Mall Sohar,Positive,Good
Oasis Mall Sohar,Neutral,جيد جدا
Oman Avenues Mall,Positive,Good cinema
Oman Avenues Mall,Positive,Good place
Oman Avenues Mall,Neutral,"2022.11
Theatre is well-maintained in terms of concessions areas and toilets.
Sound quality in audi 6 was mediocre (watched wakanda forever). Standard Seats were not comfortable. Movie experience was average.

Concession staffs were trying sell upsize portions even after specifically told my preference few times."
Oman Avenues Mall,Positive,good cinema
Oman Avenues Mall,Positive,"Nice cinema Hall with very nice food outlet, comfortable, luxurious and pocket friendly"
Oman Avenues Mall,Neutral,بشكل عام أنصح بهذي السينما سواء في القسم العادي أو المميز ولكن من اللازم عليهم الانتباه الى عملية توصيل المأكولات والمشروبات في قاعات القسم المميز لان الحركة الكثيرة من الموظفين مزعجة لحد كبير بحيث لا نتمكن من متابعة الفيلم بأريحية تامة
Oman Avenues Mall,Positive,Nice sound system
Oman Avenues Mall,Positive,"Good screen , reasonably priced, neat"
Oman Avenues Mall,Positive,Very nice place. It's our first time there.
Oman Avenues Mall,Positive,Very good option for enjoying movies with family...
Oman Avenues Mall,Positive,Nachos & salsa souse were really horrible. Not recommended in comparison to Vox cinema
Oman Avenues Mall,Positive,"Good place, tickets easily available"
Oman Avenues Mall,Positive,Best
Oasis Mall Sohar,Positive,Nice enjoyment place...... Good ambiance
Oasis Mall Sohar,Positive,"ملاحظة

سعر تذاكر مرتفع جدا لديهم"
Oasis Mall Sohar,Positive,"Seats are Comfortable, Recliner also available with little more cost"
Oasis Mall Sohar,Positive,مكان جميل ومرتب لمشاهده فيلم برفقه الاصدقاء. انصحكم بالتجربة
Oasis Mall Sohar,Positive,Very good atmosphere. Specially recliner seet and kids theater
Oasis Mall Sohar,Positive,Good
Oasis Mall Sohar,Positive,سينما ممتازة، لكن يعيبها سعر المأكولات والمشروبات المبالغ فيه
Oasis Mall Sohar,Positive,ممتاز ورخيص
Oasis Mall Sohar,Positive,Nice experience
Oman Avenues Mall,Neutral,"Screen and sound are good. However, the exits from the hall leads to lot of stairs. So if you have have problems accessing stairs, better to avoid it. Also, lighting at staircase is also very poor."
Oman Avenues Mall,Positive,Watched wakanda forever 😍
Oman Avenues Mall,Positive,Very good experience for movie lovers
Oman Avenues Mall,Positive,excellent experience. awesome sounds effects and screen also large. must try for all the movies
Oman Avenues Mall,Positive,Superb . Nice seating
Oman Avenues Mall,Neutral,4D experience was ok.
Oman Avenues Mall,Neutral,Good
Oman Avenues Mall,Positive,Good
Oman Avenues Mall,Positive,"Best movie theater in Oman I can say, if you haven't been there, then you should go try 🥰"
Oman Avenues Mall,Positive,Good experience.
Oasis Mall Sohar,Negative,معامله الموضفين مره سيئه و اصواتهم عاليه و الاكل  بايت من يومين
Oasis Mall Sohar,Positive,Good and comfortable cinema. They can deliver your orders right to your seat and that cool
Oasis Mall Sohar,Positive,Wonderful
Oasis Mall Sohar,Negative,I received disrespectful treatment from the cinema staff.
Oasis Mall Sohar,Positive,معم المكان رائع ومريح انصح الشباب ومحبيا الافلام ان يزور هذا المكان
Oasis Mall Sohar,Positive,المكان مرتب وهادي
Oasis Mall Sohar,Neutral,"The theater is a good place to watch a movie, but there is a problem with punctuality. Although the show is scheduled for 7:30 PM according to the booking time, it often starts after 8:00 PM."
Oman Avenues Mall,Positive,"YALL REALLY SHOULD TRY THE LUXURY SEATS AT LEAST FOR ONCE U WONT REGRET IT U DESERVE ITTT, they’re so comfortable and u can call them and to order food and pay them while u r there 🤭"
Oman Avenues Mall,Positive,Good
Oman Avenues Mall,Positive,🤗👍👍👍
Oman Avenues Mall,Negative,By far the worst cinema experience and single handedly due to the manager Shahrukh. Poor service and short staffed team just made matters worse. Due to the silly attitude of the manager Shahrukh we ended up losing 20-25 minutes of the movie. Nothing much to say apart from a guaranteed terrible experience
Oman Avenues Mall,Neutral,يرجاء القائمين على السينما تحديث المؤثرات الصوتية
Oman Avenues Mall,Negative,Worst sound system even in this modern time. Watched top gin and ps. Audio experience in both the movies was pathetic
Oman Avenues Mall,Positive,"Really great cinema, a really bit space everyone was nice and the place is calm their nachos is very big and they have some offers which is nice ,"
Oman Avenues Mall,Positive,Nice place to watch movies and eat popcorn 🍿
Oman Avenues Mall,Positive,One of good theatre in Muscat but food section very costly at the same time not an good taste
Oman Avenues Mall,Positive,superb 👍🏻
Oman Avenues Mall,Positive,My favourite place to watch movie. Have good offers at times but generally bit overpriced.
Oman Avenues Mall,Positive,ممتازه 😍
Oman Avenues Mall,Neutral,It's more expensive than the other theatres in Oman. It could be less expensive. I have experienced cinema in India and the seats in PVR are much more comfortable and the screens are larger. It was an average experience and felt overpriced for the experience that we were getting. We even saw lal singh chadda on the max screen but wasn't anything wow.
Oman Avenues Mall,Negative,"It was the worse movie experience ever.
During my last two visits to Avenues Mall. Cinepolis Cinema. This is what I have experienced so far:

1- Poor management. (The film did not start on time)

2- Poor management. (We approached staff to play the movie because they forgot to play almost 15 minutes passed)

3- Poor management. (The movie started, but they failed to switch off the lights.

4- Poor management. (We had to go and approach staff to increase the volume.)

5- Poor management. ( The A/C was not working, and we sweated and sweated)

6- Poor management. (4D cinema Row F, The Seat actuators are gone wrong and do not move at all)

Overall experience = Poor management."
Oman Avenues Mall,Positive,Very best theater
Oman Avenues Mall,Positive,It was a great experience
Oman Avenues Mall,Neutral,average screen experience
Oman Avenues Mall,Positive,معجبه جدا بقاعات السينما والخدمه روووعه
Oasis Mall Sohar,Positive,ممتاز
Oasis Mall Sohar,Positive,Good place with best seating arrangement and sound
Oasis Mall Sohar,Negative,caramel Popecorn dont have caramel
Oasis Mall Sohar,Positive,"Great cinema. Cheaper than other rcompetitors, and movies usually stay longer here compared to vox. Just bring back the African employees cause the new ones aren't as polite."
Oasis Mall Sohar,Positive,"সুন্দর সিনেমা হল ছবির প্রতি আগ্রহ কমে গেছে
তবে বসার সিট গুলো খুবেই আরাম দায়ুক তাই গিয়েছি একটু রিলেক্স হওয়ার জ‍ন‍্য"
Oasis Mall Sohar,Positive,"تجرب مميز الي مشاهد فلام في سيما مع صوت مميز و كراسي ممتازة
تكلفه لا تتجوز 3﷼
A unique experience to movie scenes in Sima, with a distinctive sound and excellent chairs, the cost of which does not exceed 3 riyals"
Oasis Mall Sohar,Positive,"Good theater, good staff,"
Oasis Mall Sohar,Positive,"Saw Pathan there
Though not many people at that time as it was 5pm show
Theatre is good staff friendly only thing cafeteria prices little high"
Oman Avenues Mall,Positive,"Discrepancy in movie timing. 2901/2022 cinepolis avenues mall , cinema 1. Movie timing 10pm. And till now the movie didn't start, not even the adds. The time now is 10.21 pm"
Oman Avenues Mall,Positive,Awesome place
Oman Avenues Mall,Positive,Reasonable price
Oman Avenues Mall,Positive,Very good
Oasis Mall Sohar,Positive,افضل سنما
Oasis Mall Sohar,Neutral,"It has a good price but theater was not cold , as if they don't open the AC, the quality of the sound was not as vox cinema.

The food was good actually and the seats was good also."
Oasis Mall Sohar,Positive,Loved it
Oasis Mall Sohar,Positive,Theatre
Oasis Mall Sohar,Positive,مكان جدا رائع والكراسي مريحة
Oasis Mall Sohar,Positive,😊😊
Oasis Mall Sohar,Positive,Watching Pathan
Oasis Mall Sohar,Positive,"Nice sound effects and seating, good area for time pass. Comfortable toilets, and snacks available."
Oasis Mall Sohar,Positive,"A theatre which comparatively better than their competitors in the country.i had watched many movies over the audio and video effects are really good, especially the comfort of watching movie and the seating was really nice. Also the ticket prices aren't that high and you can also enjoy the movie in recliner for just 4.5 omr"
Oasis Mall Sohar,Positive,Good sound system
Oasis Mall Sohar,Positive,Awesome Experience
Oasis Mall Sohar,Positive,Nice place
Oasis Mall Sohar,Positive,"It is one of the nearest affordable and hygienic theaters in our locality. Once after you book online ticket🎟, you must show it to the guy at the popcorn counter. Otherwise one can take instantly digitally at the location with swiping machine in built. But for theatre full movies it's better to book online.A theatre which comparatively better than their competitors in the country.i had watched many movies over the audio and video effects are really good, especially the comfort of watching movie and the seating was really nice."
Oasis Mall Sohar,Positive,A good place to watch movies.
Oasis Mall Sohar,Positive,Improved a lot. Especially sound quality.. Good to watch…..
Oasis Mall Sohar,Positive,المكان نظيف ومريح
Oasis Mall Sohar,Positive,Nice
Oasis Mall Sohar,Positive,Good
Oasis Mall Sohar,Positive,"Amazing experience
Ambiance was very good"
Oasis Mall Sohar,Positive,Clean and neat. But sound effects are little bit low
Oasis Mall Sohar,Neutral,"Sound quality could be better
Watched Movie in MAX screen , difficult to follow the screen from the centre seats"
Oasis Mall Sohar,Positive,Neat and perfect place for enjoyment
Oasis Mall Sohar,Positive,"Excellent Atmosphere, Excellent Sound, Excellent Seating Arrangement."
Oasis Mall Sohar,Positive,Good sound 🔊 quality theater
Oasis Mall Sohar,Positive,Good ambience
Oasis Mall Sohar,Positive,"Gud experience

The rate of popcorn puzzled me as the medium size cost 1.700 and large cost 1.800 😶"
Oasis Mall Sohar,Positive,"I like cinepolis all theatres. clean environment, good sound quality and picture clarity in a reasonable ticket price."
Oasis Mall Sohar,Neutral,Good
Oasis Mall Sohar,Positive,"I'm always satisfied ❤️ Reasonable ticket prices ✅ clean (neatness and odor) ✅ comfortable seats ✅
All the best 🙏🌹🍀"
Oasis Mall Sohar,Positive,"روعة 😍

تابعو الانستجرام 😜
@Janain_alraiyan"
Oasis Mall Sohar,Positive,كراسيهم مريحه
Oasis Mall Sohar,Negative,"Third class online booking system. App for online booking not working up to the mark for customers but working perfect with staff mobile app. So customer has to pay twice for getting online ticket and to wait longer for getting refund till getting approval. So the online booking system is not user friendly. If you don’t wants to engage your money with them, don’t use app for online booking."
Oasis Mall Sohar,Neutral,"My experience was poor, slef tickets machine not working, refreshments too expensive, screen not clear, sound system very loud and not clear."
Oasis Mall Sohar,Positive,المكان جميل جدا الاسعار لك عليها الموظف سالم موظف يفتح النفس يشرح لك وخبرك عن كل الخصومات المتوفره عكس الاجانب الي همها تبيع بس  الي يشوف تعليقي نصيه روحو عن العماني مايقصر
Oasis Mall Sohar,Positive,"One of the most comfortable and enjoyable place in sohar for perfect family entertainment…
Mr anjum has always been very helpful in providing all types of information whenever needed"
Oasis Mall Sohar,Positive,سينما حلوه ومريحه واسعارهم حلوه
Oasis Mall Sohar,Negative,السينماء الواحه مول صحار
Oasis Mall Sohar,Positive,"Thanks to Sohar Cinepolis for be an excellent host during my son birthday. I highly recommend this choice for a kids birthday party, they enjoyed a lot. Staff support us in any query and was extremely helpful. They made everything easy for us and we got the perfect memory of our son 9th birthday."
Oasis Mall Sohar,Positive,نظيفة
Oasis Mall Sohar,Positive,"اسعار مناسبة وخاصة وقت العروض
صالة الاطفال ممتازة وبها زحليقة طويلة"
Oasis Mall Sohar,Positive,"Relax , propre et bonne sono 👍"
Oasis Mall Sohar,Positive,"Only thing I felt bad about this place is the price of 300ml water bottle , Outside its just 100 baiza but here it's 500 baiza which is too much ., Rest everything great 👍🏻 👌🏻..."
Oasis Mall Sohar,Positive,nice
Oasis Mall Sohar,Positive,"Good staff, good prices
Macro Theatre is the best in Sohar in terms of sound
Note: the prices are based on the seats not on the theatre"
Oasis Mall Sohar,Positive,Fantastic interiors and sound systems
Oasis Mall Sohar,Positive,"Went here for Marathi movie
Screens are good, seating very comfortable.
Lost power during the show but staff was capable of handling the situation and resolved the issue and restarted the show."
Oasis Mall Sohar,Positive,Best location with good parking .
Oasis Mall Sohar,Positive,ممتاز
Oasis Mall Sohar,Positive,"Great sound effect and ambient

Family seating and Couple gallery"
Oasis Mall Sohar,Positive,مكان ممتاز جداً جداً
Oasis Mall Sohar,Positive,Best sound system with great deals.
Oasis Mall Sohar,Positive,"It is one of the nearest affordable and hygienic theaters in our locality. Once after you book online ticket🎟, you must show it to the guy at the popcorn counter. Otherwise one can take instantly digitally at the location with swiping machine in built. But for theatre full movies it's better to book online."
Oasis Mall Sohar,Positive,The seats are comfortable but the sound not that great
Oasis Mall Sohar,Positive,Good
Oasis Mall Sohar,Neutral,🤍
Oasis Mall Sohar,Positive,Good
Oasis Mall Sohar,Positive,المكان نظيف والكراسي مريحه
Oasis Mall Sohar,Positive,Gud
Oasis Mall Sohar,Positive,Very good staff and very nice
Oasis Mall Sohar,Positive,تخفيضات تصل الى 50% يوم الاثنين والثلاثاء
Oasis Mall Sohar,Positive,Helpful staff
Oasis Mall Sohar,Positive,بصراحة رائعة
Oasis Mall Sohar,Neutral,مكان جيد لكن التنظيم متوسط معاهم
Oasis Mall Sohar,Positive,Mr Sami is an asset for Cinepolis Sohar. the way he communicated with us and puzzled out our technical glitch is truly appreciable. Terrific service 👌👍 First occurrence and satisfying experience.
Oasis Mall Sohar,Positive,Overall more comfort and good offers they r providing. The only one negative thing is beverage and snacks is little costly.
Oasis Mall Sohar,Positive,Best sound system & seating
Oasis Mall Sohar,Positive,جميل وعروض تخفيضية... ومريح انصح بزيارته واحسن من غيرة حتى الاكل أقل عن اللي ما ينطري
Oasis Mall Sohar,Positive,excellent
Oasis Mall Sohar,Negative,"The staffs are not supportive at all. Yesterday I have ordered one popcorn and coffee during the interval time but they give only popcorn during the payment time and informed coffee will deliver to the seat, but unfortunately no one delivered the coffee and myself collected it  later from the counter . My concern even during non busy times their attitude is something which means grab more money from the customers. Also, the price is too high for all the snaks and drinks. I never prefer cinepolis for movies."
Oasis Mall Sohar,Positive,"Good place to watch movies,but sound quality is not good."
Oasis Mall Sohar,Negative,"Movie started without video for almost 5 minutes(only audio played) started video only after notifying their staff.not even switched on hall lights after the movie, we came out with mobile torch lights. Bad experience 😔😔😔😔"
Oasis Mall Sohar,Positive,We love this place. A perfect place for family movies specially with kids.
Oasis Mall Sohar,Positive,Best movies in Sohar
Oasis Mall Sohar,Positive,Great movie experience with polite staff service
Oasis Mall Sohar,Positive,Good
Oasis Mall Sohar,Positive,Best Cinema experience in Sohar Oman 🇴🇲
Oasis Mall Sohar,Positive,القاعة جداً مريحة 👌🏻🥰 والاهم عندهم عروض هالفترة 20% على التذاكر ..
Oasis Mall Sohar,Positive,"Theatre sound effects very nice and also they are giving some bank offers for TKT Booking.

Need to reduce the popcorn and cooldrinks price less than OMR 1."
Oasis Mall Sohar,Positive,افضل سينما في الواحة مول كلها 😔🤏
Oasis Mall Sohar,Positive,لا توجد مقاهي بالطابق الاخير
Oasis Mall Sohar,Positive,"نعم الاختيار والمكان الأمثل لترفيه ومتابعة الافلام الجديدة
أما عن المكان والقاعات والمقاعد ممتازة والخصوصية والتباعد بين المقاعد يزيد من الخصوصية"
Oasis Mall Sohar,Positive,جيد
Oasis Mall Sohar,Positive,ممتاز وراقي
Oasis Mall Sohar,Positive,اكثر من رائع
Oasis Mall Sohar,Positive,جميل
Oasis Mall Sohar,Positive,انا افضل هذا السينما على فوكس لأن هذا اسعاره مغريه ما نفس باقي الأماكن السعر يكون فلكي بس يحتاج شوية شغل من ناحية الأكل وبعض القاعات الكراسي الي فوق اخر شي ضيقات بس مكان حلو وهادي ما تحاتي الزحمه
Oasis Mall Sohar,Positive,Very good cinemas in sohar
Oasis Mall Sohar,Positive,شكرا
Oasis Mall Sohar,Positive,🥰
Oasis Mall Sohar,Positive,"Good cinema, brand new, clean and good quality sound"
Oasis Mall Sohar,Positive,جميل
Oasis Mall Sohar,Neutral,"Didn't enjoyed the screening quality of the Cinema! Moreover, snacks weren't of the expected quality!"
Oasis Mall Sohar,Positive,السينما جميلة وتحتوي على مقاعد VIB وباسعار مناسبة وتقع في مول الواحة الذب يحتوي على اشهر الماركات مثل ماكس واكس ماكس وسنتر بوينت ومحلات للعطور كما توجد الكافيهات والمطاعم
Oasis Mall Sohar,Positive,Nice
Oasis Mall Sohar,Neutral,حلو
Oasis Mall Sohar,Positive,Nice place
Oasis Mall Sohar,Positive,"Very clean, hygienic place."
Oasis Mall Sohar,Positive,ممتاز
Oasis Mall Sohar,Positive,"مكان هادئ وموقع جميل
افلام جديدة وادارة محترمه
يستحق التجربة بأمانه"
Oasis Mall Sohar,Positive,جميل انصح زيارته
Oasis Mall Sohar,Positive,مريح جدا لمشاهده الأفلام وكذلك للعائلات والاطفال
Oasis Mall Sohar,Positive,ممتاز
Oasis Mall Sohar,Positive,Price seems to be heigh
Oasis Mall Sohar,Positive,ممتاز👏
Oasis Mall Sohar,Positive,جدا رائع ومعاملتهم راقيه والمقاعد بصالة السينما مريحه جدا
Oasis Mall Sohar,Positive,جميل جدا
Oasis Mall Sohar,Positive,Lovely cinema with friendly staff and reclining chairs. Luckily I didn't fall asleep haha!
Oasis Mall Sohar,Positive,The reclining seats were amazing and comfortable
Oasis Mall Sohar,Positive,Best multiple in sohar
Oasis Mall Sohar,Positive,Exciting experience
Oasis Mall Sohar,Positive,اسعار مناسبه ومناسب للعوائل بشكل اكبر
Oasis Mall Sohar,Positive,ممتاز
Oasis Mall Sohar,Neutral,"New cinema theatre , comfortable seats, nice atmosphere, but the service is very slow , seems that the employees didn't have proper training , also self ticket pickup system is always not working because of the payment via card ( visa or MasterCard) and because of this problem we always book through the cashier.
Another thing they don't have the usual small size for drinks or popcorn so you are forced to take the normal size."
Oasis Mall Sohar,Positive,أفضل سينماء
Oasis Mall Sohar,Positive,مكان راقي
Oasis Mall Sohar,Positive,ممتازه من احسن الاماكن
Oasis Mall Sohar,Positive,Very nice
Oasis Mall Sohar,Positive,لا يوجد ازدحام في الأوقات العادية
Oasis Mall Sohar,Positive,روعه
Oasis Mall Sohar,Positive,Best theatre in the city with affordable price.  Always shukran offers. Wide parking and can be reach from any corner of the city.
Oasis Mall Sohar,Positive,Ideal for families
Oasis Mall Sohar,Neutral,Very expensive. Not proper arrangements
Oasis Mall Sohar,Positive,"This cinema is the BEST cinema in Sohar, I absolutely loved it. It feels incredibly luxurious the seats are amazing they recline and there's a side table as well as a little lamp! It's super clean and well maintained their snacks are delicious and their customer service is EXCELLENT everything and MORE you could ever want from a cinema! Love it will keep coming back"
Oasis Mall Sohar,Neutral,Good
Oasis Mall Sohar,Positive,Nice place silent area big parking area
Oasis Mall Sohar,Neutral,للأسف هناك مفاجأه في هذا المكان على الزوار الانتباه له وهو أسعار مياه الشرب التي تعتبر خياليه، إذ تبلغ عبوة المياه الصغيرة 700 مية بيسه وهو سعر خيالي إذ أن العبوة خارج هذا المكان هو ١٠٠ بيسه، ولن تستطيع إدخال اي مأكولات أو مشروبات من الخارج وانت ملزم بشراء هذه الأشياء من عندهم، واسعارهم مبالغ فيها
Oasis Mall Sohar,Positive,افضل سينما في صحار
Oasis Mall Sohar,Positive,Super with bigil
Oasis Mall Sohar,Positive,كل شي موجود هناك
Oasis Mall Sohar,Negative,Great
Oasis Mall Sohar,Positive,السينما ممتازه جدا و راقيه والاسعار متوسطه
Oasis Mall Sohar,Positive,مكان جميل وغير مزدحم خدمه ممتازه واسعار في المتناول
Oasis Mall Sohar,Positive,مكان جميل
Oasis Mall Sohar,Positive,سينما حميله وهادية وقاعة سينما الاطفال مميزة والوحيدة في عمان
Oasis Mall Sohar,Positive,"Super VIP chairs, and sound system is realy amazing super quality, valuable place"
Oasis Mall Sohar,Positive,جميل وابداع في عالم السينما
Oasis Mall Sohar,Positive,Clean. Comfortable chairs.
Oasis Mall Sohar,Positive,Good
Oasis Mall Sohar,Positive,Great offer s
Oasis Mall Sohar,Positive,المكان جميل ورائع ولكن هناك تأخير في عرض الافلام نوعا ما
Oasis Mall Sohar,Positive,ممتازة جدا .. والمكان كان هادي
Oasis Mall Sohar,Positive,قاعات وكراسي جميلة لمشاهدة ممتعه
Oasis Mall Sohar,Neutral,جيد
Oasis Mall Sohar,Positive,Very good ambience with seating options and variety of movies to select and enjoy the digital dolby sound
Oasis Mall Sohar,Positive,"expinsive snaks, good screen and sound"
Oasis Mall Sohar,Positive,Very nice
Oasis Mall Sohar,Positive,Good for movies. Good seating arrangement and sound system as well
Oasis Mall Sohar,Positive,مميز
Oasis Mall Sohar,Positive,Like
Oasis Mall Sohar,Positive,"First branch in Oman, Oasis Mall in Sohar. I guess this is the best cinema in Oman till now from my opinion. Start with the first time in Oman lunch kids theater provide area for game before start the move and get break in the middle for food and play. Also i try the VIP chair in the meddle of the theater, too comfortable and have little bit privacy form the neighbor chair and the price is 4.5 OMR. You can order the food and will deliver to your seat. The negative point i see is the menu of food not enough. I order panini sandwiches but i don't like it also the bread not tasty, and the don't provide any othe sandwich!."
Oasis Mall Sohar,Positive,جميييل
Oasis Mall Sohar,Positive,متعه
Oasis Mall Sohar,Positive,Nice
Oasis Mall Sohar,Positive,رائع
Oasis Mall Sohar,Positive,"Well controlled well regulated nice place to be.
Number of a screens and choices. Not crowded. Easy to get a ticket and seat of choice. Well mannered staff.  Good food counters and clean washroom facilities"
Oasis Mall Sohar,Positive,Recliner seats is very nice.. prices is good
Oasis Mall Sohar,Negative,Was in a show today which was cancelled yesterday!! Response from staff leaves much to be desired
Oasis Mall Sohar,Positive,Newly opened Cenepolis theatres for cinema lovers in Sohar.
