"title","url","stars","name","reviewUrl","text"
"Cinépolis Cinemas - Oasis Mall Salalah","https://www.google.com/maps/search/?api=1&query=Cin%C3%A9polis%20Cinemas%20-%20Oasis%20Mall%20Salalah&query_place_id=ChIJu1Gus4ph0T0RBXrJE1myh7Y","5",,,
"Cinépolis Cinemas - Oasis Mall Salalah","https://www.google.com/maps/search/?api=1&query=Cin%C3%A9polis%20Cinemas%20-%20Oasis%20Mall%20Salalah&query_place_id=ChIJu1Gus4ph0T0RBXrJE1myh7Y","5",,,"Good"
"Cinépolis Cinemas - Oasis Mall Salalah","https://www.google.com/maps/search/?api=1&query=Cin%C3%A9polis%20Cinemas%20-%20Oasis%20Mall%20Salalah&query_place_id=ChIJu1Gus4ph0T0RBXrJE1myh7Y","5",,,
"Cinépolis Cinemas - Oasis Mall Salalah","https://www.google.com/maps/search/?api=1&query=Cin%C3%A9polis%20Cinemas%20-%20Oasis%20Mall%20Salalah&query_place_id=ChIJu1Gus4ph0T0RBXrJE1myh7Y","5",,,
"Cinépolis Cinemas - Oasis Mall Salalah","https://www.google.com/maps/search/?api=1&query=Cin%C3%A9polis%20Cinemas%20-%20Oasis%20Mall%20Salalah&query_place_id=ChIJu1Gus4ph0T0RBXrJE1myh7Y","5",,,
"Cinépolis Cinemas - Oasis Mall Salalah","https://www.google.com/maps/search/?api=1&query=Cin%C3%A9polis%20Cinemas%20-%20Oasis%20Mall%20Salalah&query_place_id=ChIJu1Gus4ph0T0RBXrJE1myh7Y","4",,,"مكان ظخم اسعار منافسه"
"Cinépolis Cinemas - Oasis Mall Salalah","https://www.google.com/maps/search/?api=1&query=Cin%C3%A9polis%20Cinemas%20-%20Oasis%20Mall%20Salalah&query_place_id=ChIJu1Gus4ph0T0RBXrJE1myh7Y","5",,,
"Cinépolis Cinemas - Oasis Mall Salalah","https://www.google.com/maps/search/?api=1&query=Cin%C3%A9polis%20Cinemas%20-%20Oasis%20Mall%20Salalah&query_place_id=ChIJu1Gus4ph0T0RBXrJE1myh7Y","5",,,"Good"
"Cinépolis Cinemas - Oasis Mall Salalah","https://www.google.com/maps/search/?api=1&query=Cin%C3%A9polis%20Cinemas%20-%20Oasis%20Mall%20Salalah&query_place_id=ChIJu1Gus4ph0T0RBXrJE1myh7Y","5",,,
"Cinépolis Cinemas - Oasis Mall Salalah","https://www.google.com/maps/search/?api=1&query=Cin%C3%A9polis%20Cinemas%20-%20Oasis%20Mall%20Salalah&query_place_id=ChIJu1Gus4ph0T0RBXrJE1myh7Y","4",,,
"Cinépolis Cinemas - Oasis Mall Salalah","https://www.google.com/maps/search/?api=1&query=Cin%C3%A9polis%20Cinemas%20-%20Oasis%20Mall%20Salalah&query_place_id=ChIJu1Gus4ph0T0RBXrJE1myh7Y","4",,,"Great place to watch movie,"
"Cinépolis Cinemas - Oasis Mall Salalah","https://www.google.com/maps/search/?api=1&query=Cin%C3%A9polis%20Cinemas%20-%20Oasis%20Mall%20Salalah&query_place_id=ChIJu1Gus4ph0T0RBXrJE1myh7Y","5",,,"🔥"
"Cinépolis Cinemas - Oasis Mall Salalah","https://www.google.com/maps/search/?api=1&query=Cin%C3%A9polis%20Cinemas%20-%20Oasis%20Mall%20Salalah&query_place_id=ChIJu1Gus4ph0T0RBXrJE1myh7Y","4",,,
"Cinépolis Cinemas - Oasis Mall Salalah","https://www.google.com/maps/search/?api=1&query=Cin%C3%A9polis%20Cinemas%20-%20Oasis%20Mall%20Salalah&query_place_id=ChIJu1Gus4ph0T0RBXrJE1myh7Y","4",,,
"Cinépolis Cinemas - Oasis Mall Salalah","https://www.google.com/maps/search/?api=1&query=Cin%C3%A9polis%20Cinemas%20-%20Oasis%20Mall%20Salalah&query_place_id=ChIJu1Gus4ph0T0RBXrJE1myh7Y","5",,,
"Cinépolis Cinemas - Oasis Mall Salalah","https://www.google.com/maps/search/?api=1&query=Cin%C3%A9polis%20Cinemas%20-%20Oasis%20Mall%20Salalah&query_place_id=ChIJu1Gus4ph0T0RBXrJE1myh7Y","4",,,
"Cinépolis Cinemas - Oasis Mall Salalah","https://www.google.com/maps/search/?api=1&query=Cin%C3%A9polis%20Cinemas%20-%20Oasis%20Mall%20Salalah&query_place_id=ChIJu1Gus4ph0T0RBXrJE1myh7Y","5",,,"طاقم العمل رائع تنوع ف الافلام فقط التطبيق يحتاج الى اضافة خيارات اكثير"
"Cinépolis Cinemas - Oasis Mall Salalah","https://www.google.com/maps/search/?api=1&query=Cin%C3%A9polis%20Cinemas%20-%20Oasis%20Mall%20Salalah&query_place_id=ChIJu1Gus4ph0T0RBXrJE1myh7Y","3",,,
"Cinépolis Cinemas - Oasis Mall Salalah","https://www.google.com/maps/search/?api=1&query=Cin%C3%A9polis%20Cinemas%20-%20Oasis%20Mall%20Salalah&query_place_id=ChIJu1Gus4ph0T0RBXrJE1myh7Y","3",,,"23 136020
All is good but, given contact never receive calls___🥲
How can we contact......"
"Cinépolis Cinemas - Oasis Mall Salalah","https://www.google.com/maps/search/?api=1&query=Cin%C3%A9polis%20Cinemas%20-%20Oasis%20Mall%20Salalah&query_place_id=ChIJu1Gus4ph0T0RBXrJE1myh7Y","5",,,"المكان رائع"
"Cinépolis Cinemas - Oman Avenues Mall سينما سينابولس - مسقط أفينيوز مول","https://www.google.com/maps/search/?api=1&query=Cin%C3%A9polis%20Cinemas%20-%20Oman%20Avenues%20Mall%20%D8%B3%D9%8A%D9%86%D9%85%D8%A7%20%D8%B3%D9%8A%D9%86%D8%A7%D8%A8%D9%88%D9%84%D8%B3%20-%20%D9%85%D8%B3%D9%82%D8%B7%20%D8%A3%D9%81%D9%8A%D9%86%D9%8A%D9%88%D8%B2%20%D9%85%D9%88%D9%84&query_place_id=ChIJJQi8_2X_kT4R_wLK-5zn2ss","5",,,
"Cinépolis Cinemas - Oman Avenues Mall سينما سينابولس - مسقط أفينيوز مول","https://www.google.com/maps/search/?api=1&query=Cin%C3%A9polis%20Cinemas%20-%20Oman%20Avenues%20Mall%20%D8%B3%D9%8A%D9%86%D9%85%D8%A7%20%D8%B3%D9%8A%D9%86%D8%A7%D8%A8%D9%88%D9%84%D8%B3%20-%20%D9%85%D8%B3%D9%82%D8%B7%20%D8%A3%D9%81%D9%8A%D9%86%D9%8A%D9%88%D8%B2%20%D9%85%D9%88%D9%84&query_place_id=ChIJJQi8_2X_kT4R_wLK-5zn2ss","5",,,
"Cinépolis Cinemas - Oman Avenues Mall سينما سينابولس - مسقط أفينيوز مول","https://www.google.com/maps/search/?api=1&query=Cin%C3%A9polis%20Cinemas%20-%20Oman%20Avenues%20Mall%20%D8%B3%D9%8A%D9%86%D9%85%D8%A7%20%D8%B3%D9%8A%D9%86%D8%A7%D8%A8%D9%88%D9%84%D8%B3%20-%20%D9%85%D8%B3%D9%82%D8%B7%20%D8%A3%D9%81%D9%8A%D9%86%D9%8A%D9%88%D8%B2%20%D9%85%D9%88%D9%84&query_place_id=ChIJJQi8_2X_kT4R_wLK-5zn2ss","5",,,
"Cinépolis Cinemas - Oman Avenues Mall سينما سينابولس - مسقط أفينيوز مول","https://www.google.com/maps/search/?api=1&query=Cin%C3%A9polis%20Cinemas%20-%20Oman%20Avenues%20Mall%20%D8%B3%D9%8A%D9%86%D9%85%D8%A7%20%D8%B3%D9%8A%D9%86%D8%A7%D8%A8%D9%88%D9%84%D8%B3%20-%20%D9%85%D8%B3%D9%82%D8%B7%20%D8%A3%D9%81%D9%8A%D9%86%D9%8A%D9%88%D8%B2%20%D9%85%D9%88%D9%84&query_place_id=ChIJJQi8_2X_kT4R_wLK-5zn2ss","4",,,"Seats Amazing, Children play area is appreciating,  guidance to proper Screen NO"
"Cinépolis Cinemas - Oman Avenues Mall سينما سينابولس - مسقط أفينيوز مول","https://www.google.com/maps/search/?api=1&query=Cin%C3%A9polis%20Cinemas%20-%20Oman%20Avenues%20Mall%20%D8%B3%D9%8A%D9%86%D9%85%D8%A7%20%D8%B3%D9%8A%D9%86%D8%A7%D8%A8%D9%88%D9%84%D8%B3%20-%20%D9%85%D8%B3%D9%82%D8%B7%20%D8%A3%D9%81%D9%8A%D9%86%D9%8A%D9%88%D8%B2%20%D9%85%D9%88%D9%84&query_place_id=ChIJJQi8_2X_kT4R_wLK-5zn2ss","5",,,"One of the best movie halls in Oman, everything about it is world class, ticket rates are also affordable"
"Cinépolis Cinemas - Oman Avenues Mall سينما سينابولس - مسقط أفينيوز مول","https://www.google.com/maps/search/?api=1&query=Cin%C3%A9polis%20Cinemas%20-%20Oman%20Avenues%20Mall%20%D8%B3%D9%8A%D9%86%D9%85%D8%A7%20%D8%B3%D9%8A%D9%86%D8%A7%D8%A8%D9%88%D9%84%D8%B3%20-%20%D9%85%D8%B3%D9%82%D8%B7%20%D8%A3%D9%81%D9%8A%D9%86%D9%8A%D9%88%D8%B2%20%D9%85%D9%88%D9%84&query_place_id=ChIJJQi8_2X_kT4R_wLK-5zn2ss","5",,,
"Cinépolis Cinemas - Oman Avenues Mall سينما سينابولس - مسقط أفينيوز مول","https://www.google.com/maps/search/?api=1&query=Cin%C3%A9polis%20Cinemas%20-%20Oman%20Avenues%20Mall%20%D8%B3%D9%8A%D9%86%D9%85%D8%A7%20%D8%B3%D9%8A%D9%86%D8%A7%D8%A8%D9%88%D9%84%D8%B3%20-%20%D9%85%D8%B3%D9%82%D8%B7%20%D8%A3%D9%81%D9%8A%D9%86%D9%8A%D9%88%D8%B2%20%D9%85%D9%88%D9%84&query_place_id=ChIJJQi8_2X_kT4R_wLK-5zn2ss","4",,,
"Cinépolis Cinemas - Oman Avenues Mall سينما سينابولس - مسقط أفينيوز مول","https://www.google.com/maps/search/?api=1&query=Cin%C3%A9polis%20Cinemas%20-%20Oman%20Avenues%20Mall%20%D8%B3%D9%8A%D9%86%D9%85%D8%A7%20%D8%B3%D9%8A%D9%86%D8%A7%D8%A8%D9%88%D9%84%D8%B3%20-%20%D9%85%D8%B3%D9%82%D8%B7%20%D8%A3%D9%81%D9%8A%D9%86%D9%8A%D9%88%D8%B2%20%D9%85%D9%88%D9%84&query_place_id=ChIJJQi8_2X_kT4R_wLK-5zn2ss","1",,,"Air condition👎🏻"
"Cinépolis Cinemas - Oman Avenues Mall سينما سينابولس - مسقط أفينيوز مول","https://www.google.com/maps/search/?api=1&query=Cin%C3%A9polis%20Cinemas%20-%20Oman%20Avenues%20Mall%20%D8%B3%D9%8A%D9%86%D9%85%D8%A7%20%D8%B3%D9%8A%D9%86%D8%A7%D8%A8%D9%88%D9%84%D8%B3%20-%20%D9%85%D8%B3%D9%82%D8%B7%20%D8%A3%D9%81%D9%8A%D9%86%D9%8A%D9%88%D8%B2%20%D9%85%D9%88%D9%84&query_place_id=ChIJJQi8_2X_kT4R_wLK-5zn2ss","5",,,
"Cinépolis Cinemas - Oman Avenues Mall سينما سينابولس - مسقط أفينيوز مول","https://www.google.com/maps/search/?api=1&query=Cin%C3%A9polis%20Cinemas%20-%20Oman%20Avenues%20Mall%20%D8%B3%D9%8A%D9%86%D9%85%D8%A7%20%D8%B3%D9%8A%D9%86%D8%A7%D8%A8%D9%88%D9%84%D8%B3%20-%20%D9%85%D8%B3%D9%82%D8%B7%20%D8%A3%D9%81%D9%8A%D9%86%D9%8A%D9%88%D8%B2%20%D9%85%D9%88%D9%84&query_place_id=ChIJJQi8_2X_kT4R_wLK-5zn2ss","4",,,
"Cinépolis Cinemas - Oman Avenues Mall سينما سينابولس - مسقط أفينيوز مول","https://www.google.com/maps/search/?api=1&query=Cin%C3%A9polis%20Cinemas%20-%20Oman%20Avenues%20Mall%20%D8%B3%D9%8A%D9%86%D9%85%D8%A7%20%D8%B3%D9%8A%D9%86%D8%A7%D8%A8%D9%88%D9%84%D8%B3%20-%20%D9%85%D8%B3%D9%82%D8%B7%20%D8%A3%D9%81%D9%8A%D9%86%D9%8A%D9%88%D8%B2%20%D9%85%D9%88%D9%84&query_place_id=ChIJJQi8_2X_kT4R_wLK-5zn2ss","4",,,"My all time favorite cinema, they run nice offers & promotions. Sound quality is impressive. Great staff."
"Cinépolis Cinemas - Oman Avenues Mall سينما سينابولس - مسقط أفينيوز مول","https://www.google.com/maps/search/?api=1&query=Cin%C3%A9polis%20Cinemas%20-%20Oman%20Avenues%20Mall%20%D8%B3%D9%8A%D9%86%D9%85%D8%A7%20%D8%B3%D9%8A%D9%86%D8%A7%D8%A8%D9%88%D9%84%D8%B3%20-%20%D9%85%D8%B3%D9%82%D8%B7%20%D8%A3%D9%81%D9%8A%D9%86%D9%8A%D9%88%D8%B2%20%D9%85%D9%88%D9%84&query_place_id=ChIJJQi8_2X_kT4R_wLK-5zn2ss","5",,,
"Cinépolis Cinemas - Oman Avenues Mall سينما سينابولس - مسقط أفينيوز مول","https://www.google.com/maps/search/?api=1&query=Cin%C3%A9polis%20Cinemas%20-%20Oman%20Avenues%20Mall%20%D8%B3%D9%8A%D9%86%D9%85%D8%A7%20%D8%B3%D9%8A%D9%86%D8%A7%D8%A8%D9%88%D9%84%D8%B3%20-%20%D9%85%D8%B3%D9%82%D8%B7%20%D8%A3%D9%81%D9%8A%D9%86%D9%8A%D9%88%D8%B2%20%D9%85%D9%88%D9%84&query_place_id=ChIJJQi8_2X_kT4R_wLK-5zn2ss","5",,,"Good popcorn.. And good offers for movie tickets"
"Cinépolis Cinemas - Oman Avenues Mall سينما سينابولس - مسقط أفينيوز مول","https://www.google.com/maps/search/?api=1&query=Cin%C3%A9polis%20Cinemas%20-%20Oman%20Avenues%20Mall%20%D8%B3%D9%8A%D9%86%D9%85%D8%A7%20%D8%B3%D9%8A%D9%86%D8%A7%D8%A8%D9%88%D9%84%D8%B3%20-%20%D9%85%D8%B3%D9%82%D8%B7%20%D8%A3%D9%81%D9%8A%D9%86%D9%8A%D9%88%D8%B2%20%D9%85%D9%88%D9%84&query_place_id=ChIJJQi8_2X_kT4R_wLK-5zn2ss","5",,,
"Cinépolis Cinemas - Oman Avenues Mall سينما سينابولس - مسقط أفينيوز مول","https://www.google.com/maps/search/?api=1&query=Cin%C3%A9polis%20Cinemas%20-%20Oman%20Avenues%20Mall%20%D8%B3%D9%8A%D9%86%D9%85%D8%A7%20%D8%B3%D9%8A%D9%86%D8%A7%D8%A8%D9%88%D9%84%D8%B3%20-%20%D9%85%D8%B3%D9%82%D8%B7%20%D8%A3%D9%81%D9%8A%D9%86%D9%8A%D9%88%D8%B2%20%D9%85%D9%88%D9%84&query_place_id=ChIJJQi8_2X_kT4R_wLK-5zn2ss","4",,,
"Cinépolis Cinemas - Oman Avenues Mall سينما سينابولس - مسقط أفينيوز مول","https://www.google.com/maps/search/?api=1&query=Cin%C3%A9polis%20Cinemas%20-%20Oman%20Avenues%20Mall%20%D8%B3%D9%8A%D9%86%D9%85%D8%A7%20%D8%B3%D9%8A%D9%86%D8%A7%D8%A8%D9%88%D9%84%D8%B3%20-%20%D9%85%D8%B3%D9%82%D8%B7%20%D8%A3%D9%81%D9%8A%D9%86%D9%8A%D9%88%D8%B2%20%D9%85%D9%88%D9%84&query_place_id=ChIJJQi8_2X_kT4R_wLK-5zn2ss","5",,,"Good movie theatre but expensive"
"Cinépolis Cinemas - Oman Avenues Mall سينما سينابولس - مسقط أفينيوز مول","https://www.google.com/maps/search/?api=1&query=Cin%C3%A9polis%20Cinemas%20-%20Oman%20Avenues%20Mall%20%D8%B3%D9%8A%D9%86%D9%85%D8%A7%20%D8%B3%D9%8A%D9%86%D8%A7%D8%A8%D9%88%D9%84%D8%B3%20-%20%D9%85%D8%B3%D9%82%D8%B7%20%D8%A3%D9%81%D9%8A%D9%86%D9%8A%D9%88%D8%B2%20%D9%85%D9%88%D9%84&query_place_id=ChIJJQi8_2X_kT4R_wLK-5zn2ss","1",,,"Dear

I would like to raise a formal complaint regarding my recent experience at Cinepolis, Oman Avenues Mall.

Yesterday, I visited your theatre to watch a Malayalam movie Aadu 3
Screen 2 , but unfortunately, it turned out to be one of the worst experiences I have ever had in a cinema. The audio quality was extremely poor — the sound was almost inaudible throughout the movie. Neither the background music nor the dialogues could be clearly heard, which completely ruined the entire movie experience.

As a cinema lover, this was very disappointing. It is not just about the money I spent, but also about losing the opportunity to properly enjoy a film I was looking forward to. I also noticed that several other customers had raised complaints at the theatre itself, yet no effective action was taken to resolve the issue.

I work hard to earn my money, and I expect a basic level of quality and service when I pay for a movie ticket. Unfortunately, that expectation was not met.

I kindly request you to take this matter seriously, investigate the issue, and ensure such incidents do not happen again. I would also appreciate appropriate compensation or resolution for this inconvenience.

Thank you for your attention to this matter."
"Cinépolis Cinemas - Oman Avenues Mall سينما سينابولس - مسقط أفينيوز مول","https://www.google.com/maps/search/?api=1&query=Cin%C3%A9polis%20Cinemas%20-%20Oman%20Avenues%20Mall%20%D8%B3%D9%8A%D9%86%D9%85%D8%A7%20%D8%B3%D9%8A%D9%86%D8%A7%D8%A8%D9%88%D9%84%D8%B3%20-%20%D9%85%D8%B3%D9%82%D8%B7%20%D8%A3%D9%81%D9%8A%D9%86%D9%8A%D9%88%D8%B2%20%D9%85%D9%88%D9%84&query_place_id=ChIJJQi8_2X_kT4R_wLK-5zn2ss","1",,,"Extremely disappointed with Cinépolis Cinemas. Yesterday during the **ICC Men's T20 World Cup final between India national cricket team and New Zealand national cricket team, the cinema suddenly stopped the screen immediately after the match ended. Because of this, we were unable to watch the trophy presentation, which is the most important and emotional moment for cricket fans.

People came to the theater to enjoy the full final experience, but stopping the broadcast at that critical moment completely ruined it. This shows a total lack of consideration for customers and cricket fans. Very, very poor management and extremely bad service.

I will not recommend this cinema for live sports screenings. 👎😡"
"Cinépolis Cinemas - Oman Avenues Mall سينما سينابولس - مسقط أفينيوز مول","https://www.google.com/maps/search/?api=1&query=Cin%C3%A9polis%20Cinemas%20-%20Oman%20Avenues%20Mall%20%D8%B3%D9%8A%D9%86%D9%85%D8%A7%20%D8%B3%D9%8A%D9%86%D8%A7%D8%A8%D9%88%D9%84%D8%B3%20-%20%D9%85%D8%B3%D9%82%D8%B7%20%D8%A3%D9%81%D9%8A%D9%86%D9%8A%D9%88%D8%B2%20%D9%85%D9%88%D9%84&query_place_id=ChIJJQi8_2X_kT4R_wLK-5zn2ss","1",,,"Yesterday I watched the India vs New Zealand T20 World Cup Final at Cinépolis Oman. The match was fantastic and India won the title, which was a proud and emotional moment for all Indian fans. The most important part of such a historic match is the award ceremony and trophy presentation.

Unfortunately, the theatre stopped the live streaming immediately after the match ended. Because of this, we missed the winning celebrations and the award ceremony on the big screen. This was extremely disappointing. Many of us came to the theatre specifically to experience the full final, including the presentation ceremony.

Stopping the broadcast at that moment shows very poor management and lack of understanding of what fans expect. This was a very bad decision and completely ruined the final moment of the experience. Very, very disappointing. 👎"
"Cinépolis Cinemas - Oman Avenues Mall سينما سينابولس - مسقط أفينيوز مول","https://www.google.com/maps/search/?api=1&query=Cin%C3%A9polis%20Cinemas%20-%20Oman%20Avenues%20Mall%20%D8%B3%D9%8A%D9%86%D9%85%D8%A7%20%D8%B3%D9%8A%D9%86%D8%A7%D8%A8%D9%88%D9%84%D8%B3%20-%20%D9%85%D8%B3%D9%82%D8%B7%20%D8%A3%D9%81%D9%8A%D9%86%D9%8A%D9%88%D8%B2%20%D9%85%D9%88%D9%84&query_place_id=ChIJJQi8_2X_kT4R_wLK-5zn2ss","5",,,
"Cinépolis Cinemas - Oasis Mall Salalah","https://www.google.com/maps/search/?api=1&query=Cin%C3%A9polis%20Cinemas%20-%20Oasis%20Mall%20Salalah&query_place_id=ChIJu1Gus4ph0T0RBXrJE1myh7Y","3",,,
"Cinépolis Cinemas - Oasis Mall Salalah","https://www.google.com/maps/search/?api=1&query=Cin%C3%A9polis%20Cinemas%20-%20Oasis%20Mall%20Salalah&query_place_id=ChIJu1Gus4ph0T0RBXrJE1myh7Y","5",,,
"Cinépolis Cinemas - Oasis Mall Salalah","https://www.google.com/maps/search/?api=1&query=Cin%C3%A9polis%20Cinemas%20-%20Oasis%20Mall%20Salalah&query_place_id=ChIJu1Gus4ph0T0RBXrJE1myh7Y","5",,,"Very very very good person👏🏽👏🏽👏🏽👏🏽👏🏽"
"Cinépolis Cinemas - Oasis Mall Salalah","https://www.google.com/maps/search/?api=1&query=Cin%C3%A9polis%20Cinemas%20-%20Oasis%20Mall%20Salalah&query_place_id=ChIJu1Gus4ph0T0RBXrJE1myh7Y","2",,,"شوف الفلم في بيتك افضل
اصوات السينما جدا سيئة ولا كأنه سينما كأنها سماعة منزلية مافي اجواء سينما
وكذلك تعامل الموظفين سيئ
في حال أخطأ في نوع من الاكل يخليك تدفع سعر جديد يحاول يطلع منك مبلغ بأي طريقه"
"Cinépolis Cinemas - Oasis Mall Salalah","https://www.google.com/maps/search/?api=1&query=Cin%C3%A9polis%20Cinemas%20-%20Oasis%20Mall%20Salalah&query_place_id=ChIJu1Gus4ph0T0RBXrJE1myh7Y","1",,,"لايوجد تجاوب في الرد على المكالمات
أسعار الاكل مبالغ فيه"
"Cinépolis Cinemas - Oasis Mall Salalah","https://www.google.com/maps/search/?api=1&query=Cin%C3%A9polis%20Cinemas%20-%20Oasis%20Mall%20Salalah&query_place_id=ChIJu1Gus4ph0T0RBXrJE1myh7Y","2",,,"I watched 3 movies from cinepolis, Oasis mall. The resolution size of the movie is not fit with theatre screen. I cant see movie in the full resolution. Whether the upper part is not fit or lower part of the screen is not fit with the screen. Very disappointing about this experience."
"Cinépolis Cinemas - Oasis Mall Salalah","https://www.google.com/maps/search/?api=1&query=Cin%C3%A9polis%20Cinemas%20-%20Oasis%20Mall%20Salalah&query_place_id=ChIJu1Gus4ph0T0RBXrJE1myh7Y","5",,,
"Cinépolis Cinemas - Oasis Mall Salalah","https://www.google.com/maps/search/?api=1&query=Cin%C3%A9polis%20Cinemas%20-%20Oasis%20Mall%20Salalah&query_place_id=ChIJu1Gus4ph0T0RBXrJE1myh7Y","5",,,
"Cinépolis Cinemas - Oasis Mall Salalah","https://www.google.com/maps/search/?api=1&query=Cin%C3%A9polis%20Cinemas%20-%20Oasis%20Mall%20Salalah&query_place_id=ChIJu1Gus4ph0T0RBXrJE1myh7Y","5",,,
"Cinépolis Cinemas - Oasis Mall Salalah","https://www.google.com/maps/search/?api=1&query=Cin%C3%A9polis%20Cinemas%20-%20Oasis%20Mall%20Salalah&query_place_id=ChIJu1Gus4ph0T0RBXrJE1myh7Y","5",,,"من تجربتي في سينما سينيبوليس الواحه مول صلاله  كمعامله من قبل موظفي السينما ومن خدمات ومكان ونظافه وخدمات بصراحه روعه وبالتوفيق للجميع"
"Cinépolis Cinemas - Oasis Mall Salalah","https://www.google.com/maps/search/?api=1&query=Cin%C3%A9polis%20Cinemas%20-%20Oasis%20Mall%20Salalah&query_place_id=ChIJu1Gus4ph0T0RBXrJE1myh7Y","5",,,"The sales associate was truly exceptional! Their friendly attitude and quick service made my experience so much smoother and more enjoyable. Always ready to assist with professionalism and a smile! 👏🏼"
"Cinépolis Cinemas - Oasis Mall Salalah","https://www.google.com/maps/search/?api=1&query=Cin%C3%A9polis%20Cinemas%20-%20Oasis%20Mall%20Salalah&query_place_id=ChIJu1Gus4ph0T0RBXrJE1myh7Y","5",,,
"Cinépolis Cinemas - Oasis Mall Salalah","https://www.google.com/maps/search/?api=1&query=Cin%C3%A9polis%20Cinemas%20-%20Oasis%20Mall%20Salalah&query_place_id=ChIJu1Gus4ph0T0RBXrJE1myh7Y","4",,,
"Cinépolis Cinemas - Oasis Mall Salalah","https://www.google.com/maps/search/?api=1&query=Cin%C3%A9polis%20Cinemas%20-%20Oasis%20Mall%20Salalah&query_place_id=ChIJu1Gus4ph0T0RBXrJE1myh7Y","5",,,"The service was excellent.  Mr. Jayant was very friendly customer focused and he enquired and ensured that I'm bot allergic to peanut when I ordered M&M chocolate."
"Cinépolis Cinemas - Oasis Mall Salalah","https://www.google.com/maps/search/?api=1&query=Cin%C3%A9polis%20Cinemas%20-%20Oasis%20Mall%20Salalah&query_place_id=ChIJu1Gus4ph0T0RBXrJE1myh7Y","5",,,"The customer service was excellent"
"Cinépolis Cinemas - Oasis Mall Salalah","https://www.google.com/maps/search/?api=1&query=Cin%C3%A9polis%20Cinemas%20-%20Oasis%20Mall%20Salalah&query_place_id=ChIJu1Gus4ph0T0RBXrJE1myh7Y","5",,,
"Cinépolis Cinemas - Oasis Mall Salalah","https://www.google.com/maps/search/?api=1&query=Cin%C3%A9polis%20Cinemas%20-%20Oasis%20Mall%20Salalah&query_place_id=ChIJu1Gus4ph0T0RBXrJE1myh7Y","5",,,
"Cinépolis Cinemas - Oasis Mall Salalah","https://www.google.com/maps/search/?api=1&query=Cin%C3%A9polis%20Cinemas%20-%20Oasis%20Mall%20Salalah&query_place_id=ChIJu1Gus4ph0T0RBXrJE1myh7Y","1",,,"حصلت لاكثر من مره في فرعي صلالة، يتم حجب المقاعد التي عليها طلب على انها محجوزه - مقاعد Recliner &  Deluxe - حتى لا يتم الاستفادة من الخصومات المتاحه اون لاين، ولكن عند طلب الحجز من الفرع نتفاجأ بوجود المقاعد !!
اذا الهدف من هالطريقة عدم إعطاء الفرصة من الاستفادة من الخصومات لان المبلغ  لا يخدم ادارة السينما، يفضل ان تلغوا برنامج الخصومات.."
"Cinépolis Cinemas - Oasis Mall Salalah","https://www.google.com/maps/search/?api=1&query=Cin%C3%A9polis%20Cinemas%20-%20Oasis%20Mall%20Salalah&query_place_id=ChIJu1Gus4ph0T0RBXrJE1myh7Y","5",,,
"Cinépolis Cinemas - Oasis Mall Salalah","https://www.google.com/maps/search/?api=1&query=Cin%C3%A9polis%20Cinemas%20-%20Oasis%20Mall%20Salalah&query_place_id=ChIJu1Gus4ph0T0RBXrJE1myh7Y","1",,,"تجربة سيئة، القاعة مافيها مكيف وما حاولوا يصلحوا المشكلة"
"Cinépolis Cinemas - Oasis Mall Salalah","https://www.google.com/maps/search/?api=1&query=Cin%C3%A9polis%20Cinemas%20-%20Oasis%20Mall%20Salalah&query_place_id=ChIJu1Gus4ph0T0RBXrJE1myh7Y","5",,,
"Cinépolis Cinemas - Oasis Mall Salalah","https://www.google.com/maps/search/?api=1&query=Cin%C3%A9polis%20Cinemas%20-%20Oasis%20Mall%20Salalah&query_place_id=ChIJu1Gus4ph0T0RBXrJE1myh7Y","1",,,"Very bad experience from a male Filipino staff in oasis mall Cinepolis. Very rude behaviour."
"Cinépolis Cinemas - Oasis Mall Salalah","https://www.google.com/maps/search/?api=1&query=Cin%C3%A9polis%20Cinemas%20-%20Oasis%20Mall%20Salalah&query_place_id=ChIJu1Gus4ph0T0RBXrJE1myh7Y","5",,,"Very good"
"Cinépolis Cinemas - Oasis Mall Salalah","https://www.google.com/maps/search/?api=1&query=Cin%C3%A9polis%20Cinemas%20-%20Oasis%20Mall%20Salalah&query_place_id=ChIJu1Gus4ph0T0RBXrJE1myh7Y","5",,,
"Cinépolis Cinemas - Oasis Mall Salalah","https://www.google.com/maps/search/?api=1&query=Cin%C3%A9polis%20Cinemas%20-%20Oasis%20Mall%20Salalah&query_place_id=ChIJu1Gus4ph0T0RBXrJE1myh7Y","2",,,
"Cinépolis Cinemas - Oasis Mall Salalah","https://www.google.com/maps/search/?api=1&query=Cin%C3%A9polis%20Cinemas%20-%20Oasis%20Mall%20Salalah&query_place_id=ChIJu1Gus4ph0T0RBXrJE1myh7Y","5",,,"Awesome experience 👌👍"
"Cinépolis Cinemas - Oasis Mall Salalah","https://www.google.com/maps/search/?api=1&query=Cin%C3%A9polis%20Cinemas%20-%20Oasis%20Mall%20Salalah&query_place_id=ChIJu1Gus4ph0T0RBXrJE1myh7Y","5",,,
"Cinépolis Cinemas - Oasis Mall Salalah","https://www.google.com/maps/search/?api=1&query=Cin%C3%A9polis%20Cinemas%20-%20Oasis%20Mall%20Salalah&query_place_id=ChIJu1Gus4ph0T0RBXrJE1myh7Y","2",,,"الاكل والوجبات مبالغ فيها...ما عندهم شاشات للحجز و وخاصه في فرع جاردنز...الموظفين تعاملهم غير احترافي"
"Cinépolis Cinemas - Oasis Mall Salalah","https://www.google.com/maps/search/?api=1&query=Cin%C3%A9polis%20Cinemas%20-%20Oasis%20Mall%20Salalah&query_place_id=ChIJu1Gus4ph0T0RBXrJE1myh7Y","4",,,
"Cinépolis Cinemas - Oasis Mall Salalah","https://www.google.com/maps/search/?api=1&query=Cin%C3%A9polis%20Cinemas%20-%20Oasis%20Mall%20Salalah&query_place_id=ChIJu1Gus4ph0T0RBXrJE1myh7Y","5",,,
"Cinépolis Cinemas - Oasis Mall Salalah","https://www.google.com/maps/search/?api=1&query=Cin%C3%A9polis%20Cinemas%20-%20Oasis%20Mall%20Salalah&query_place_id=ChIJu1Gus4ph0T0RBXrJE1myh7Y","5",,,
"Cinépolis Cinemas - Oasis Mall Salalah","https://www.google.com/maps/search/?api=1&query=Cin%C3%A9polis%20Cinemas%20-%20Oasis%20Mall%20Salalah&query_place_id=ChIJu1Gus4ph0T0RBXrJE1myh7Y","5",,,"We watch two movies this week utilizing the great offers from Cinépolis"
"Cinépolis Cinemas - Oasis Mall Salalah","https://www.google.com/maps/search/?api=1&query=Cin%C3%A9polis%20Cinemas%20-%20Oasis%20Mall%20Salalah&query_place_id=ChIJu1Gus4ph0T0RBXrJE1myh7Y","5",,,
"Cinépolis Cinemas - Oasis Mall Salalah","https://www.google.com/maps/search/?api=1&query=Cin%C3%A9polis%20Cinemas%20-%20Oasis%20Mall%20Salalah&query_place_id=ChIJu1Gus4ph0T0RBXrJE1myh7Y","5",,,"Good"
"Cinépolis Cinemas - Oasis Mall Salalah","https://www.google.com/maps/search/?api=1&query=Cin%C3%A9polis%20Cinemas%20-%20Oasis%20Mall%20Salalah&query_place_id=ChIJu1Gus4ph0T0RBXrJE1myh7Y","4",,,
"Cinépolis Cinemas - Oasis Mall Salalah","https://www.google.com/maps/search/?api=1&query=Cin%C3%A9polis%20Cinemas%20-%20Oasis%20Mall%20Salalah&query_place_id=ChIJu1Gus4ph0T0RBXrJE1myh7Y","4",,,
"Cinépolis Cinemas - Oasis Mall Salalah","https://www.google.com/maps/search/?api=1&query=Cin%C3%A9polis%20Cinemas%20-%20Oasis%20Mall%20Salalah&query_place_id=ChIJu1Gus4ph0T0RBXrJE1myh7Y","4",,,"مول كبير يوفر العديد من المحلات التجارية المختلفة والمقاهي تحت سقف واحد..."
"Cinépolis Cinemas - Oasis Mall Salalah","https://www.google.com/maps/search/?api=1&query=Cin%C3%A9polis%20Cinemas%20-%20Oasis%20Mall%20Salalah&query_place_id=ChIJu1Gus4ph0T0RBXrJE1myh7Y","5",,,"Good cinema"
"Cinépolis Cinemas - Oasis Mall Salalah","https://www.google.com/maps/search/?api=1&query=Cin%C3%A9polis%20Cinemas%20-%20Oasis%20Mall%20Salalah&query_place_id=ChIJu1Gus4ph0T0RBXrJE1myh7Y","5",,,"Cinepolis Excellent service, Good environment."
"Cinépolis Cinemas - Oasis Mall Salalah","https://www.google.com/maps/search/?api=1&query=Cin%C3%A9polis%20Cinemas%20-%20Oasis%20Mall%20Salalah&query_place_id=ChIJu1Gus4ph0T0RBXrJE1myh7Y","5",,,
"Cinépolis Cinemas - Oman Avenues Mall سينما سينابولس - مسقط أفينيوز مول","https://www.google.com/maps/search/?api=1&query=Cin%C3%A9polis%20Cinemas%20-%20Oman%20Avenues%20Mall%20%D8%B3%D9%8A%D9%86%D9%85%D8%A7%20%D8%B3%D9%8A%D9%86%D8%A7%D8%A8%D9%88%D9%84%D8%B3%20-%20%D9%85%D8%B3%D9%82%D8%B7%20%D8%A3%D9%81%D9%8A%D9%86%D9%8A%D9%88%D8%B2%20%D9%85%D9%88%D9%84&query_place_id=ChIJJQi8_2X_kT4R_wLK-5zn2ss","5",,,
"Cinépolis Cinemas - Oman Avenues Mall سينما سينابولس - مسقط أفينيوز مول","https://www.google.com/maps/search/?api=1&query=Cin%C3%A9polis%20Cinemas%20-%20Oman%20Avenues%20Mall%20%D8%B3%D9%8A%D9%86%D9%85%D8%A7%20%D8%B3%D9%8A%D9%86%D8%A7%D8%A8%D9%88%D9%84%D8%B3%20-%20%D9%85%D8%B3%D9%82%D8%B7%20%D8%A3%D9%81%D9%8A%D9%86%D9%8A%D9%88%D8%B2%20%D9%85%D9%88%D9%84&query_place_id=ChIJJQi8_2X_kT4R_wLK-5zn2ss","1",,,"The screen is extremely dark, to the point that characters are not even recognizable. I raised a complaint regarding this issue; however, I was informed that it is normal. This response reflects a lack of responsibility on the part of the staff.I watch the jeethu Joseph movie tonight."
"Cinépolis Cinemas - Oman Avenues Mall سينما سينابولس - مسقط أفينيوز مول","https://www.google.com/maps/search/?api=1&query=Cin%C3%A9polis%20Cinemas%20-%20Oman%20Avenues%20Mall%20%D8%B3%D9%8A%D9%86%D9%85%D8%A7%20%D8%B3%D9%8A%D9%86%D8%A7%D8%A8%D9%88%D9%84%D8%B3%20-%20%D9%85%D8%B3%D9%82%D8%B7%20%D8%A3%D9%81%D9%8A%D9%86%D9%8A%D9%88%D8%B2%20%D9%85%D9%88%D9%84&query_place_id=ChIJJQi8_2X_kT4R_wLK-5zn2ss","1",,,"I visited Cinepolis with my family, and the experience was very disappointing. The staff were extremely rude and did not handle customers properly. I will not be visiting again."
"Cinépolis Cinemas - Oman Avenues Mall سينما سينابولس - مسقط أفينيوز مول","https://www.google.com/maps/search/?api=1&query=Cin%C3%A9polis%20Cinemas%20-%20Oman%20Avenues%20Mall%20%D8%B3%D9%8A%D9%86%D9%85%D8%A7%20%D8%B3%D9%8A%D9%86%D8%A7%D8%A8%D9%88%D9%84%D8%B3%20-%20%D9%85%D8%B3%D9%82%D8%B7%20%D8%A3%D9%81%D9%8A%D9%86%D9%8A%D9%88%D8%B2%20%D9%85%D9%88%D9%84&query_place_id=ChIJJQi8_2X_kT4R_wLK-5zn2ss","5",,,
"Cinépolis Cinemas - Oman Avenues Mall سينما سينابولس - مسقط أفينيوز مول","https://www.google.com/maps/search/?api=1&query=Cin%C3%A9polis%20Cinemas%20-%20Oman%20Avenues%20Mall%20%D8%B3%D9%8A%D9%86%D9%85%D8%A7%20%D8%B3%D9%8A%D9%86%D8%A7%D8%A8%D9%88%D9%84%D8%B3%20-%20%D9%85%D8%B3%D9%82%D8%B7%20%D8%A3%D9%81%D9%8A%D9%86%D9%8A%D9%88%D8%B2%20%D9%85%D9%88%D9%84&query_place_id=ChIJJQi8_2X_kT4R_wLK-5zn2ss","3",,,"Decent place and convenient for kids."
"Cinépolis Cinemas - Oman Avenues Mall سينما سينابولس - مسقط أفينيوز مول","https://www.google.com/maps/search/?api=1&query=Cin%C3%A9polis%20Cinemas%20-%20Oman%20Avenues%20Mall%20%D8%B3%D9%8A%D9%86%D9%85%D8%A7%20%D8%B3%D9%8A%D9%86%D8%A7%D8%A8%D9%88%D9%84%D8%B3%20-%20%D9%85%D8%B3%D9%82%D8%B7%20%D8%A3%D9%81%D9%8A%D9%86%D9%8A%D9%88%D8%B2%20%D9%85%D9%88%D9%84&query_place_id=ChIJJQi8_2X_kT4R_wLK-5zn2ss","3",,,"I wish to share my experiences with you. During the show time of Avatar ' fire and ash' they didn't allow a break were the movie was 3h and 20mns. We very much suffered in the show time at late night."
"Cinépolis Cinemas - Oman Avenues Mall سينما سينابولس - مسقط أفينيوز مول","https://www.google.com/maps/search/?api=1&query=Cin%C3%A9polis%20Cinemas%20-%20Oman%20Avenues%20Mall%20%D8%B3%D9%8A%D9%86%D9%85%D8%A7%20%D8%B3%D9%8A%D9%86%D8%A7%D8%A8%D9%88%D9%84%D8%B3%20-%20%D9%85%D8%B3%D9%82%D8%B7%20%D8%A3%D9%81%D9%8A%D9%86%D9%8A%D9%88%D8%B2%20%D9%85%D9%88%D9%84&query_place_id=ChIJJQi8_2X_kT4R_wLK-5zn2ss","5",,,
"Cinépolis Cinemas - Oman Avenues Mall سينما سينابولس - مسقط أفينيوز مول","https://www.google.com/maps/search/?api=1&query=Cin%C3%A9polis%20Cinemas%20-%20Oman%20Avenues%20Mall%20%D8%B3%D9%8A%D9%86%D9%85%D8%A7%20%D8%B3%D9%8A%D9%86%D8%A7%D8%A8%D9%88%D9%84%D8%B3%20-%20%D9%85%D8%B3%D9%82%D8%B7%20%D8%A3%D9%81%D9%8A%D9%86%D9%8A%D9%88%D8%B2%20%D9%85%D9%88%D9%84&query_place_id=ChIJJQi8_2X_kT4R_wLK-5zn2ss","5",,,"Oman Muscatcinema screen"
"Cinépolis Cinemas - Oman Avenues Mall سينما سينابولس - مسقط أفينيوز مول","https://www.google.com/maps/search/?api=1&query=Cin%C3%A9polis%20Cinemas%20-%20Oman%20Avenues%20Mall%20%D8%B3%D9%8A%D9%86%D9%85%D8%A7%20%D8%B3%D9%8A%D9%86%D8%A7%D8%A8%D9%88%D9%84%D8%B3%20-%20%D9%85%D8%B3%D9%82%D8%B7%20%D8%A3%D9%81%D9%8A%D9%86%D9%8A%D9%88%D8%B2%20%D9%85%D9%88%D9%84&query_place_id=ChIJJQi8_2X_kT4R_wLK-5zn2ss","2",,,
"Cinépolis Cinemas - Oman Avenues Mall سينما سينابولس - مسقط أفينيوز مول","https://www.google.com/maps/search/?api=1&query=Cin%C3%A9polis%20Cinemas%20-%20Oman%20Avenues%20Mall%20%D8%B3%D9%8A%D9%86%D9%85%D8%A7%20%D8%B3%D9%8A%D9%86%D8%A7%D8%A8%D9%88%D9%84%D8%B3%20-%20%D9%85%D8%B3%D9%82%D8%B7%20%D8%A3%D9%81%D9%8A%D9%86%D9%8A%D9%88%D8%B2%20%D9%85%D9%88%D9%84&query_place_id=ChIJJQi8_2X_kT4R_wLK-5zn2ss","4",,,
"Cinépolis Cinemas - Oman Avenues Mall سينما سينابولس - مسقط أفينيوز مول","https://www.google.com/maps/search/?api=1&query=Cin%C3%A9polis%20Cinemas%20-%20Oman%20Avenues%20Mall%20%D8%B3%D9%8A%D9%86%D9%85%D8%A7%20%D8%B3%D9%8A%D9%86%D8%A7%D8%A8%D9%88%D9%84%D8%B3%20-%20%D9%85%D8%B3%D9%82%D8%B7%20%D8%A3%D9%81%D9%8A%D9%86%D9%8A%D9%88%D8%B2%20%D9%85%D9%88%D9%84&query_place_id=ChIJJQi8_2X_kT4R_wLK-5zn2ss","4",,,"م جالي دخلتها بس شكلها فنان🦋"
"Cinépolis Cinemas - Oman Avenues Mall سينما سينابولس - مسقط أفينيوز مول","https://www.google.com/maps/search/?api=1&query=Cin%C3%A9polis%20Cinemas%20-%20Oman%20Avenues%20Mall%20%D8%B3%D9%8A%D9%86%D9%85%D8%A7%20%D8%B3%D9%8A%D9%86%D8%A7%D8%A8%D9%88%D9%84%D8%B3%20-%20%D9%85%D8%B3%D9%82%D8%B7%20%D8%A3%D9%81%D9%8A%D9%86%D9%8A%D9%88%D8%B2%20%D9%85%D9%88%D9%84&query_place_id=ChIJJQi8_2X_kT4R_wLK-5zn2ss","4",,,"Better customer service and better food than its competitor. Keep it up! 🎥🎞🍿🌭🥤"
"Cinépolis Cinemas - Oman Avenues Mall سينما سينابولس - مسقط أفينيوز مول","https://www.google.com/maps/search/?api=1&query=Cin%C3%A9polis%20Cinemas%20-%20Oman%20Avenues%20Mall%20%D8%B3%D9%8A%D9%86%D9%85%D8%A7%20%D8%B3%D9%8A%D9%86%D8%A7%D8%A8%D9%88%D9%84%D8%B3%20-%20%D9%85%D8%B3%D9%82%D8%B7%20%D8%A3%D9%81%D9%8A%D9%86%D9%8A%D9%88%D8%B2%20%D9%85%D9%88%D9%84&query_place_id=ChIJJQi8_2X_kT4R_wLK-5zn2ss","1",,,"horrible management. whoever was in charge of scanning the tickets on the 26th of December 2025 (night time specifically) was such a rude person. Incompetent and unprofessional. Very disrespectful towards everyone and lacks management skills. This was such an upsetting experience for my family and i. we will not be coming back to this cinema again."
"Cinépolis Cinemas - Oman Avenues Mall سينما سينابولس - مسقط أفينيوز مول","https://www.google.com/maps/search/?api=1&query=Cin%C3%A9polis%20Cinemas%20-%20Oman%20Avenues%20Mall%20%D8%B3%D9%8A%D9%86%D9%85%D8%A7%20%D8%B3%D9%8A%D9%86%D8%A7%D8%A8%D9%88%D9%84%D8%B3%20-%20%D9%85%D8%B3%D9%82%D8%B7%20%D8%A3%D9%81%D9%8A%D9%86%D9%8A%D9%88%D8%B2%20%D9%85%D9%88%D9%84&query_place_id=ChIJJQi8_2X_kT4R_wLK-5zn2ss","3",,,"The Cinepolis 4DX experience was exciting and immersive, with seat movements and effects like wind and water syncing well with the movie. Action scenes felt more engaging and realistic. Sound quality and the screen visibility was good. Seats were comfortable. However, the staff could be a little more approachable and courteous, which would improve the overall experience."
"Cinépolis Cinemas - Oman Avenues Mall سينما سينابولس - مسقط أفينيوز مول","https://www.google.com/maps/search/?api=1&query=Cin%C3%A9polis%20Cinemas%20-%20Oman%20Avenues%20Mall%20%D8%B3%D9%8A%D9%86%D9%85%D8%A7%20%D8%B3%D9%8A%D9%86%D8%A7%D8%A8%D9%88%D9%84%D8%B3%20-%20%D9%85%D8%B3%D9%82%D8%B7%20%D8%A3%D9%81%D9%8A%D9%86%D9%8A%D9%88%D8%B2%20%D9%85%D9%88%D9%84&query_place_id=ChIJJQi8_2X_kT4R_wLK-5zn2ss","3",,,
"Cinépolis Cinemas - Oman Avenues Mall سينما سينابولس - مسقط أفينيوز مول","https://www.google.com/maps/search/?api=1&query=Cin%C3%A9polis%20Cinemas%20-%20Oman%20Avenues%20Mall%20%D8%B3%D9%8A%D9%86%D9%85%D8%A7%20%D8%B3%D9%8A%D9%86%D8%A7%D8%A8%D9%88%D9%84%D8%B3%20-%20%D9%85%D8%B3%D9%82%D8%B7%20%D8%A3%D9%81%D9%8A%D9%86%D9%8A%D9%88%D8%B2%20%D9%85%D9%88%D9%84&query_place_id=ChIJJQi8_2X_kT4R_wLK-5zn2ss","4",,,"Nice cinema, wonderful place, reasonable price but the outside waiting seating area is a joke. Someone in management needs to wake up and make physical calculations, total inside capacity should have some relevance in the outside waiting area capacity. I was left standing with my wife due to insufficient space. It should be less aesthetically pleasing and bring more functionality/operation to customer."
"Cinépolis Cinemas - Oman Avenues Mall سينما سينابولس - مسقط أفينيوز مول","https://www.google.com/maps/search/?api=1&query=Cin%C3%A9polis%20Cinemas%20-%20Oman%20Avenues%20Mall%20%D8%B3%D9%8A%D9%86%D9%85%D8%A7%20%D8%B3%D9%8A%D9%86%D8%A7%D8%A8%D9%88%D9%84%D8%B3%20-%20%D9%85%D8%B3%D9%82%D8%B7%20%D8%A3%D9%81%D9%8A%D9%86%D9%8A%D9%88%D8%B2%20%D9%85%D9%88%D9%84&query_place_id=ChIJJQi8_2X_kT4R_wLK-5zn2ss","1",,,"الشاشه جدا سيئة اللون الاحمر فيها بزياده يعني المشاهد الي فيها ظلام او لون اسود طالع باللون الاحمر وباهت جدا غير ان جودة الفلم اصلا سيئة
ماقدرت استمتع بالفلم ابدا"
"Cinépolis Cinemas - Oman Avenues Mall سينما سينابولس - مسقط أفينيوز مول","https://www.google.com/maps/search/?api=1&query=Cin%C3%A9polis%20Cinemas%20-%20Oman%20Avenues%20Mall%20%D8%B3%D9%8A%D9%86%D9%85%D8%A7%20%D8%B3%D9%8A%D9%86%D8%A7%D8%A8%D9%88%D9%84%D8%B3%20-%20%D9%85%D8%B3%D9%82%D8%B7%20%D8%A3%D9%81%D9%8A%D9%86%D9%8A%D9%88%D8%B2%20%D9%85%D9%88%D9%84&query_place_id=ChIJJQi8_2X_kT4R_wLK-5zn2ss","4",,,
"Cinépolis Cinemas - Oman Avenues Mall سينما سينابولس - مسقط أفينيوز مول","https://www.google.com/maps/search/?api=1&query=Cin%C3%A9polis%20Cinemas%20-%20Oman%20Avenues%20Mall%20%D8%B3%D9%8A%D9%86%D9%85%D8%A7%20%D8%B3%D9%8A%D9%86%D8%A7%D8%A8%D9%88%D9%84%D8%B3%20-%20%D9%85%D8%B3%D9%82%D8%B7%20%D8%A3%D9%81%D9%8A%D9%86%D9%8A%D9%88%D8%B2%20%D9%85%D9%88%D9%84&query_place_id=ChIJJQi8_2X_kT4R_wLK-5zn2ss","5",,,
"Cinépolis Cinemas - Oman Avenues Mall سينما سينابولس - مسقط أفينيوز مول","https://www.google.com/maps/search/?api=1&query=Cin%C3%A9polis%20Cinemas%20-%20Oman%20Avenues%20Mall%20%D8%B3%D9%8A%D9%86%D9%85%D8%A7%20%D8%B3%D9%8A%D9%86%D8%A7%D8%A8%D9%88%D9%84%D8%B3%20-%20%D9%85%D8%B3%D9%82%D8%B7%20%D8%A3%D9%81%D9%8A%D9%86%D9%8A%D9%88%D8%B2%20%D9%85%D9%88%D9%84&query_place_id=ChIJJQi8_2X_kT4R_wLK-5zn2ss","1",,,"My wife ordered a slushy but they gave her a plain fanta and when i went to change it they refused to do it i think that is not fair for a big corporation to do that to their customers and the staff was rude"
"Cinépolis Cinemas - Oasis Mall Salalah","https://www.google.com/maps/search/?api=1&query=Cin%C3%A9polis%20Cinemas%20-%20Oasis%20Mall%20Salalah&query_place_id=ChIJu1Gus4ph0T0RBXrJE1myh7Y","4",,,"رائعة ويمكنك الاستفادة من العروض في التطبيقه المقدمة لحاملي بنعض بطاقات البنوك"
"Cinépolis Cinemas - Oasis Mall Salalah","https://www.google.com/maps/search/?api=1&query=Cin%C3%A9polis%20Cinemas%20-%20Oasis%20Mall%20Salalah&query_place_id=ChIJu1Gus4ph0T0RBXrJE1myh7Y","4",,,"من أفضل المولات في صلالة"
"Cinépolis Cinemas - Oasis Mall Salalah","https://www.google.com/maps/search/?api=1&query=Cin%C3%A9polis%20Cinemas%20-%20Oasis%20Mall%20Salalah&query_place_id=ChIJu1Gus4ph0T0RBXrJE1myh7Y","4",,,
"Cinépolis Cinemas - Oasis Mall Salalah","https://www.google.com/maps/search/?api=1&query=Cin%C3%A9polis%20Cinemas%20-%20Oasis%20Mall%20Salalah&query_place_id=ChIJu1Gus4ph0T0RBXrJE1myh7Y","5",,,"Great cinema but the movie selection was limited"
"Cinépolis Cinemas - Oasis Mall Salalah","https://www.google.com/maps/search/?api=1&query=Cin%C3%A9polis%20Cinemas%20-%20Oasis%20Mall%20Salalah&query_place_id=ChIJu1Gus4ph0T0RBXrJE1myh7Y","5",,,
"Cinépolis Cinemas - Oasis Mall Salalah","https://www.google.com/maps/search/?api=1&query=Cin%C3%A9polis%20Cinemas%20-%20Oasis%20Mall%20Salalah&query_place_id=ChIJu1Gus4ph0T0RBXrJE1myh7Y","5",,,
"Cinépolis Cinemas - Oasis Mall Salalah","https://www.google.com/maps/search/?api=1&query=Cin%C3%A9polis%20Cinemas%20-%20Oasis%20Mall%20Salalah&query_place_id=ChIJu1Gus4ph0T0RBXrJE1myh7Y","5",,,"Nice"
"Cinépolis Cinemas - Oasis Mall Salalah","https://www.google.com/maps/search/?api=1&query=Cin%C3%A9polis%20Cinemas%20-%20Oasis%20Mall%20Salalah&query_place_id=ChIJu1Gus4ph0T0RBXrJE1myh7Y","1",,,
"Cinépolis Cinemas - Oasis Mall Salalah","https://www.google.com/maps/search/?api=1&query=Cin%C3%A9polis%20Cinemas%20-%20Oasis%20Mall%20Salalah&query_place_id=ChIJu1Gus4ph0T0RBXrJE1myh7Y","4",,,"Good experience....."
"Cinépolis Cinemas - Oasis Mall Salalah","https://www.google.com/maps/search/?api=1&query=Cin%C3%A9polis%20Cinemas%20-%20Oasis%20Mall%20Salalah&query_place_id=ChIJu1Gus4ph0T0RBXrJE1myh7Y","3",,,"Worst screen quality. Pic cover with humidity in projection glass and I personally went twice to clean the glass"
"Cinépolis Cinemas - Oasis Mall Salalah","https://www.google.com/maps/search/?api=1&query=Cin%C3%A9polis%20Cinemas%20-%20Oasis%20Mall%20Salalah&query_place_id=ChIJu1Gus4ph0T0RBXrJE1myh7Y","5",,,
"Cinépolis Cinemas - Oasis Mall Salalah","https://www.google.com/maps/search/?api=1&query=Cin%C3%A9polis%20Cinemas%20-%20Oasis%20Mall%20Salalah&query_place_id=ChIJu1Gus4ph0T0RBXrJE1myh7Y","5",,,
"Cinépolis Cinemas - Oasis Mall Salalah","https://www.google.com/maps/search/?api=1&query=Cin%C3%A9polis%20Cinemas%20-%20Oasis%20Mall%20Salalah&query_place_id=ChIJu1Gus4ph0T0RBXrJE1myh7Y","4",,,
"Cinépolis Cinemas - Oasis Mall Salalah","https://www.google.com/maps/search/?api=1&query=Cin%C3%A9polis%20Cinemas%20-%20Oasis%20Mall%20Salalah&query_place_id=ChIJu1Gus4ph0T0RBXrJE1myh7Y","4",,,"Only minimum screens available. Good staff available to support"
"Cinépolis Cinemas - Oasis Mall Salalah","https://www.google.com/maps/search/?api=1&query=Cin%C3%A9polis%20Cinemas%20-%20Oasis%20Mall%20Salalah&query_place_id=ChIJu1Gus4ph0T0RBXrJE1myh7Y","1",,,"انقطع علينا الصوت في منتصف مشاهدة الفلم

وتقريبا انتظرنا حوالي ٣٠ دقيقة حتى تم حل المشكلة"
"Cinépolis Cinemas - Oasis Mall Salalah","https://www.google.com/maps/search/?api=1&query=Cin%C3%A9polis%20Cinemas%20-%20Oasis%20Mall%20Salalah&query_place_id=ChIJu1Gus4ph0T0RBXrJE1myh7Y","5",,,"Expensive"
"Cinépolis Cinemas - Oasis Mall Salalah","https://www.google.com/maps/search/?api=1&query=Cin%C3%A9polis%20Cinemas%20-%20Oasis%20Mall%20Salalah&query_place_id=ChIJu1Gus4ph0T0RBXrJE1myh7Y","3",,,"Very nice"
"Cinépolis Cinemas - Oasis Mall Salalah","https://www.google.com/maps/search/?api=1&query=Cin%C3%A9polis%20Cinemas%20-%20Oasis%20Mall%20Salalah&query_place_id=ChIJu1Gus4ph0T0RBXrJE1myh7Y","1",,,"سينما لاباس بها معاملة غير جيده
عند استرجاع المبلغ التذاكر تم الرفض لسبب طارئ
لاتوجد عندهم المرونه لزبون.."
"Cinépolis Cinemas - Oasis Mall Salalah","https://www.google.com/maps/search/?api=1&query=Cin%C3%A9polis%20Cinemas%20-%20Oasis%20Mall%20Salalah&query_place_id=ChIJu1Gus4ph0T0RBXrJE1myh7Y","3",,,
"Cinépolis Cinemas - Oasis Mall Salalah","https://www.google.com/maps/search/?api=1&query=Cin%C3%A9polis%20Cinemas%20-%20Oasis%20Mall%20Salalah&query_place_id=ChIJu1Gus4ph0T0RBXrJE1myh7Y","3",,,
"Cinépolis Cinemas - Oman Avenues Mall سينما سينابولس - مسقط أفينيوز مول","https://www.google.com/maps/search/?api=1&query=Cin%C3%A9polis%20Cinemas%20-%20Oman%20Avenues%20Mall%20%D8%B3%D9%8A%D9%86%D9%85%D8%A7%20%D8%B3%D9%8A%D9%86%D8%A7%D8%A8%D9%88%D9%84%D8%B3%20-%20%D9%85%D8%B3%D9%82%D8%B7%20%D8%A3%D9%81%D9%8A%D9%86%D9%8A%D9%88%D8%B2%20%D9%85%D9%88%D9%84&query_place_id=ChIJJQi8_2X_kT4R_wLK-5zn2ss","4",,,
"Cinépolis Cinemas - Oman Avenues Mall سينما سينابولس - مسقط أفينيوز مول","https://www.google.com/maps/search/?api=1&query=Cin%C3%A9polis%20Cinemas%20-%20Oman%20Avenues%20Mall%20%D8%B3%D9%8A%D9%86%D9%85%D8%A7%20%D8%B3%D9%8A%D9%86%D8%A7%D8%A8%D9%88%D9%84%D8%B3%20-%20%D9%85%D8%B3%D9%82%D8%B7%20%D8%A3%D9%81%D9%8A%D9%86%D9%8A%D9%88%D8%B2%20%D9%85%D9%88%D9%84&query_place_id=ChIJJQi8_2X_kT4R_wLK-5zn2ss","5",,,"Mr. Shahrukh, the manager of Cinepolis at Muscat Avenues Mall and the whole Cinepolis team  provided exceptional support in arranging the first-ever private screening of an Assamese film, Roi Roi Binale, in Muscat, Oman. We are truly grateful for his assistance."
"Cinépolis Cinemas - Oman Avenues Mall سينما سينابولس - مسقط أفينيوز مول","https://www.google.com/maps/search/?api=1&query=Cin%C3%A9polis%20Cinemas%20-%20Oman%20Avenues%20Mall%20%D8%B3%D9%8A%D9%86%D9%85%D8%A7%20%D8%B3%D9%8A%D9%86%D8%A7%D8%A8%D9%88%D9%84%D8%B3%20-%20%D9%85%D8%B3%D9%82%D8%B7%20%D8%A3%D9%81%D9%8A%D9%86%D9%8A%D9%88%D8%B2%20%D9%85%D9%88%D9%84&query_place_id=ChIJJQi8_2X_kT4R_wLK-5zn2ss","5",,,
"Cinépolis Cinemas - Oman Avenues Mall سينما سينابولس - مسقط أفينيوز مول","https://www.google.com/maps/search/?api=1&query=Cin%C3%A9polis%20Cinemas%20-%20Oman%20Avenues%20Mall%20%D8%B3%D9%8A%D9%86%D9%85%D8%A7%20%D8%B3%D9%8A%D9%86%D8%A7%D8%A8%D9%88%D9%84%D8%B3%20-%20%D9%85%D8%B3%D9%82%D8%B7%20%D8%A3%D9%81%D9%8A%D9%86%D9%8A%D9%88%D8%B2%20%D9%85%D9%88%D9%84&query_place_id=ChIJJQi8_2X_kT4R_wLK-5zn2ss","4",,,
"Cinépolis Cinemas - Oman Avenues Mall سينما سينابولس - مسقط أفينيوز مول","https://www.google.com/maps/search/?api=1&query=Cin%C3%A9polis%20Cinemas%20-%20Oman%20Avenues%20Mall%20%D8%B3%D9%8A%D9%86%D9%85%D8%A7%20%D8%B3%D9%8A%D9%86%D8%A7%D8%A8%D9%88%D9%84%D8%B3%20-%20%D9%85%D8%B3%D9%82%D8%B7%20%D8%A3%D9%81%D9%8A%D9%86%D9%8A%D9%88%D8%B2%20%D9%85%D9%88%D9%84&query_place_id=ChIJJQi8_2X_kT4R_wLK-5zn2ss","4",,,
"Cinépolis Cinemas - Oman Avenues Mall سينما سينابولس - مسقط أفينيوز مول","https://www.google.com/maps/search/?api=1&query=Cin%C3%A9polis%20Cinemas%20-%20Oman%20Avenues%20Mall%20%D8%B3%D9%8A%D9%86%D9%85%D8%A7%20%D8%B3%D9%8A%D9%86%D8%A7%D8%A8%D9%88%D9%84%D8%B3%20-%20%D9%85%D8%B3%D9%82%D8%B7%20%D8%A3%D9%81%D9%8A%D9%86%D9%8A%D9%88%D8%B2%20%D9%85%D9%88%D9%84&query_place_id=ChIJJQi8_2X_kT4R_wLK-5zn2ss","3",,,
"Cinépolis Cinemas - Oman Avenues Mall سينما سينابولس - مسقط أفينيوز مول","https://www.google.com/maps/search/?api=1&query=Cin%C3%A9polis%20Cinemas%20-%20Oman%20Avenues%20Mall%20%D8%B3%D9%8A%D9%86%D9%85%D8%A7%20%D8%B3%D9%8A%D9%86%D8%A7%D8%A8%D9%88%D9%84%D8%B3%20-%20%D9%85%D8%B3%D9%82%D8%B7%20%D8%A3%D9%81%D9%8A%D9%86%D9%8A%D9%88%D8%B2%20%D9%85%D9%88%D9%84&query_place_id=ChIJJQi8_2X_kT4R_wLK-5zn2ss","5",,,
"Cinépolis Cinemas - Oman Avenues Mall سينما سينابولس - مسقط أفينيوز مول","https://www.google.com/maps/search/?api=1&query=Cin%C3%A9polis%20Cinemas%20-%20Oman%20Avenues%20Mall%20%D8%B3%D9%8A%D9%86%D9%85%D8%A7%20%D8%B3%D9%8A%D9%86%D8%A7%D8%A8%D9%88%D9%84%D8%B3%20-%20%D9%85%D8%B3%D9%82%D8%B7%20%D8%A3%D9%81%D9%8A%D9%86%D9%8A%D9%88%D8%B2%20%D9%85%D9%88%D9%84&query_place_id=ChIJJQi8_2X_kT4R_wLK-5zn2ss","5",,,
"Cinépolis Cinemas - Oman Avenues Mall سينما سينابولس - مسقط أفينيوز مول","https://www.google.com/maps/search/?api=1&query=Cin%C3%A9polis%20Cinemas%20-%20Oman%20Avenues%20Mall%20%D8%B3%D9%8A%D9%86%D9%85%D8%A7%20%D8%B3%D9%8A%D9%86%D8%A7%D8%A8%D9%88%D9%84%D8%B3%20-%20%D9%85%D8%B3%D9%82%D8%B7%20%D8%A3%D9%81%D9%8A%D9%86%D9%8A%D9%88%D8%B2%20%D9%85%D9%88%D9%84&query_place_id=ChIJJQi8_2X_kT4R_wLK-5zn2ss","5",,,
"Cinépolis Cinemas - Oman Avenues Mall سينما سينابولس - مسقط أفينيوز مول","https://www.google.com/maps/search/?api=1&query=Cin%C3%A9polis%20Cinemas%20-%20Oman%20Avenues%20Mall%20%D8%B3%D9%8A%D9%86%D9%85%D8%A7%20%D8%B3%D9%8A%D9%86%D8%A7%D8%A8%D9%88%D9%84%D8%B3%20-%20%D9%85%D8%B3%D9%82%D8%B7%20%D8%A3%D9%81%D9%8A%D9%86%D9%8A%D9%88%D8%B2%20%D9%85%D9%88%D9%84&query_place_id=ChIJJQi8_2X_kT4R_wLK-5zn2ss","1",,,"Had a very unpleasant experience today at Cinepolis Avenues Mall. The staff stopped us from entering the theater asking us to pay for our baby who is 2.6 yrs old by asking us to take tickets while their website clearly states free entry for less than 3 year old. The staff were rude and adamant despite showing the passport of our baby. And they had the audacity to teach us how to talk despite trying to fool ppl and play the victim card when questioned. We were a group of 15 ppl and this will be our last visit to this place."
"Cinépolis Cinemas - Oman Avenues Mall سينما سينابولس - مسقط أفينيوز مول","https://www.google.com/maps/search/?api=1&query=Cin%C3%A9polis%20Cinemas%20-%20Oman%20Avenues%20Mall%20%D8%B3%D9%8A%D9%86%D9%85%D8%A7%20%D8%B3%D9%8A%D9%86%D8%A7%D8%A8%D9%88%D9%84%D8%B3%20-%20%D9%85%D8%B3%D9%82%D8%B7%20%D8%A3%D9%81%D9%8A%D9%86%D9%8A%D9%88%D8%B2%20%D9%85%D9%88%D9%84&query_place_id=ChIJJQi8_2X_kT4R_wLK-5zn2ss","3",,,"The overall experience at Cinépolis Avenues Mall was decent — good ambience and facilities, though there’s room for improvement in service efficiency."
"Cinépolis Cinemas - Oman Avenues Mall سينما سينابولس - مسقط أفينيوز مول","https://www.google.com/maps/search/?api=1&query=Cin%C3%A9polis%20Cinemas%20-%20Oman%20Avenues%20Mall%20%D8%B3%D9%8A%D9%86%D9%85%D8%A7%20%D8%B3%D9%8A%D9%86%D8%A7%D8%A8%D9%88%D9%84%D8%B3%20-%20%D9%85%D8%B3%D9%82%D8%B7%20%D8%A3%D9%81%D9%8A%D9%86%D9%8A%D9%88%D8%B2%20%D9%85%D9%88%D9%84&query_place_id=ChIJJQi8_2X_kT4R_wLK-5zn2ss","5",,,"Good experience"
"Cinépolis Cinemas - Oman Avenues Mall سينما سينابولس - مسقط أفينيوز مول","https://www.google.com/maps/search/?api=1&query=Cin%C3%A9polis%20Cinemas%20-%20Oman%20Avenues%20Mall%20%D8%B3%D9%8A%D9%86%D9%85%D8%A7%20%D8%B3%D9%8A%D9%86%D8%A7%D8%A8%D9%88%D9%84%D8%B3%20-%20%D9%85%D8%B3%D9%82%D8%B7%20%D8%A3%D9%81%D9%8A%D9%86%D9%8A%D9%88%D8%B2%20%D9%85%D9%88%D9%84&query_place_id=ChIJJQi8_2X_kT4R_wLK-5zn2ss","4",,,
"Cinépolis Cinemas - Oman Avenues Mall سينما سينابولس - مسقط أفينيوز مول","https://www.google.com/maps/search/?api=1&query=Cin%C3%A9polis%20Cinemas%20-%20Oman%20Avenues%20Mall%20%D8%B3%D9%8A%D9%86%D9%85%D8%A7%20%D8%B3%D9%8A%D9%86%D8%A7%D8%A8%D9%88%D9%84%D8%B3%20-%20%D9%85%D8%B3%D9%82%D8%B7%20%D8%A3%D9%81%D9%8A%D9%86%D9%8A%D9%88%D8%B2%20%D9%85%D9%88%D9%84&query_place_id=ChIJJQi8_2X_kT4R_wLK-5zn2ss","5",,,
"Cinépolis Cinemas - Oman Avenues Mall سينما سينابولس - مسقط أفينيوز مول","https://www.google.com/maps/search/?api=1&query=Cin%C3%A9polis%20Cinemas%20-%20Oman%20Avenues%20Mall%20%D8%B3%D9%8A%D9%86%D9%85%D8%A7%20%D8%B3%D9%8A%D9%86%D8%A7%D8%A8%D9%88%D9%84%D8%B3%20-%20%D9%85%D8%B3%D9%82%D8%B7%20%D8%A3%D9%81%D9%8A%D9%86%D9%8A%D9%88%D8%B2%20%D9%85%D9%88%D9%84&query_place_id=ChIJJQi8_2X_kT4R_wLK-5zn2ss","5",,,
"Cinépolis Cinemas - Oman Avenues Mall سينما سينابولس - مسقط أفينيوز مول","https://www.google.com/maps/search/?api=1&query=Cin%C3%A9polis%20Cinemas%20-%20Oman%20Avenues%20Mall%20%D8%B3%D9%8A%D9%86%D9%85%D8%A7%20%D8%B3%D9%8A%D9%86%D8%A7%D8%A8%D9%88%D9%84%D8%B3%20-%20%D9%85%D8%B3%D9%82%D8%B7%20%D8%A3%D9%81%D9%8A%D9%86%D9%8A%D9%88%D8%B2%20%D9%85%D9%88%D9%84&query_place_id=ChIJJQi8_2X_kT4R_wLK-5zn2ss","5",,,
"Cinépolis Cinemas - Oman Avenues Mall سينما سينابولس - مسقط أفينيوز مول","https://www.google.com/maps/search/?api=1&query=Cin%C3%A9polis%20Cinemas%20-%20Oman%20Avenues%20Mall%20%D8%B3%D9%8A%D9%86%D9%85%D8%A7%20%D8%B3%D9%8A%D9%86%D8%A7%D8%A8%D9%88%D9%84%D8%B3%20-%20%D9%85%D8%B3%D9%82%D8%B7%20%D8%A3%D9%81%D9%8A%D9%86%D9%8A%D9%88%D8%B2%20%D9%85%D9%88%D9%84&query_place_id=ChIJJQi8_2X_kT4R_wLK-5zn2ss","1",,,"Very very very bad service  it doesn't even desirve  1 stars  and they gave me the wrong movie and thank you for the very  bad service"
"Cinépolis Cinemas - Oman Avenues Mall سينما سينابولس - مسقط أفينيوز مول","https://www.google.com/maps/search/?api=1&query=Cin%C3%A9polis%20Cinemas%20-%20Oman%20Avenues%20Mall%20%D8%B3%D9%8A%D9%86%D9%85%D8%A7%20%D8%B3%D9%8A%D9%86%D8%A7%D8%A8%D9%88%D9%84%D8%B3%20-%20%D9%85%D8%B3%D9%82%D8%B7%20%D8%A3%D9%81%D9%8A%D9%86%D9%8A%D9%88%D8%B2%20%D9%85%D9%88%D9%84&query_place_id=ChIJJQi8_2X_kT4R_wLK-5zn2ss","1",,,"Thank you for the very bad service"
"Cinépolis Cinemas - Oman Avenues Mall سينما سينابولس - مسقط أفينيوز مول","https://www.google.com/maps/search/?api=1&query=Cin%C3%A9polis%20Cinemas%20-%20Oman%20Avenues%20Mall%20%D8%B3%D9%8A%D9%86%D9%85%D8%A7%20%D8%B3%D9%8A%D9%86%D8%A7%D8%A8%D9%88%D9%84%D8%B3%20-%20%D9%85%D8%B3%D9%82%D8%B7%20%D8%A3%D9%81%D9%8A%D9%86%D9%8A%D9%88%D8%B2%20%D9%85%D9%88%D9%84&query_place_id=ChIJJQi8_2X_kT4R_wLK-5zn2ss","4",,,
"Cinépolis Cinemas - Oman Avenues Mall سينما سينابولس - مسقط أفينيوز مول","https://www.google.com/maps/search/?api=1&query=Cin%C3%A9polis%20Cinemas%20-%20Oman%20Avenues%20Mall%20%D8%B3%D9%8A%D9%86%D9%85%D8%A7%20%D8%B3%D9%8A%D9%86%D8%A7%D8%A8%D9%88%D9%84%D8%B3%20-%20%D9%85%D8%B3%D9%82%D8%B7%20%D8%A3%D9%81%D9%8A%D9%86%D9%8A%D9%88%D8%B2%20%D9%85%D9%88%D9%84&query_place_id=ChIJJQi8_2X_kT4R_wLK-5zn2ss","4",,,
"Cinépolis Cinemas - Oasis Mall Salalah","https://www.google.com/maps/search/?api=1&query=Cin%C3%A9polis%20Cinemas%20-%20Oasis%20Mall%20Salalah&query_place_id=ChIJu1Gus4ph0T0RBXrJE1myh7Y","5",,,"Greetings, friends. Cinepolis is located inside the oman Oasis Mall in salalah. Ticket printing machine working in this place properly comparatively with other cinemas. Very neat and clean place. Staff working in this place are very much friendly and helpful. If you are booking bulk tickets you can get best offers with snacks."
"Cinépolis Cinemas - Oasis Mall Salalah","https://www.google.com/maps/search/?api=1&query=Cin%C3%A9polis%20Cinemas%20-%20Oasis%20Mall%20Salalah&query_place_id=ChIJu1Gus4ph0T0RBXrJE1myh7Y","5",,,
"Cinépolis Cinemas - Oasis Mall Salalah","https://www.google.com/maps/search/?api=1&query=Cin%C3%A9polis%20Cinemas%20-%20Oasis%20Mall%20Salalah&query_place_id=ChIJu1Gus4ph0T0RBXrJE1myh7Y","4",,,
"Cinépolis Cinemas - Oasis Mall Salalah","https://www.google.com/maps/search/?api=1&query=Cin%C3%A9polis%20Cinemas%20-%20Oasis%20Mall%20Salalah&query_place_id=ChIJu1Gus4ph0T0RBXrJE1myh7Y","5",,,
"Cinépolis Cinemas - Oasis Mall Salalah","https://www.google.com/maps/search/?api=1&query=Cin%C3%A9polis%20Cinemas%20-%20Oasis%20Mall%20Salalah&query_place_id=ChIJu1Gus4ph0T0RBXrJE1myh7Y","5",,,
"Cinépolis Cinemas - Oasis Mall Salalah","https://www.google.com/maps/search/?api=1&query=Cin%C3%A9polis%20Cinemas%20-%20Oasis%20Mall%20Salalah&query_place_id=ChIJu1Gus4ph0T0RBXrJE1myh7Y","4",,,
"Cinépolis Cinemas - Oasis Mall Salalah","https://www.google.com/maps/search/?api=1&query=Cin%C3%A9polis%20Cinemas%20-%20Oasis%20Mall%20Salalah&query_place_id=ChIJu1Gus4ph0T0RBXrJE1myh7Y","5",,,
"Cinépolis Cinemas - Oasis Mall Salalah","https://www.google.com/maps/search/?api=1&query=Cin%C3%A9polis%20Cinemas%20-%20Oasis%20Mall%20Salalah&query_place_id=ChIJu1Gus4ph0T0RBXrJE1myh7Y","1",,,"في المواقف الارضيه لاتوجد مقاعد للإنتظار
رغم وجود المساحه الكافيه"
"Cinépolis Cinemas - Oasis Mall Salalah","https://www.google.com/maps/search/?api=1&query=Cin%C3%A9polis%20Cinemas%20-%20Oasis%20Mall%20Salalah&query_place_id=ChIJu1Gus4ph0T0RBXrJE1myh7Y","5",,,
"Cinépolis Cinemas - Oasis Mall Salalah","https://www.google.com/maps/search/?api=1&query=Cin%C3%A9polis%20Cinemas%20-%20Oasis%20Mall%20Salalah&query_place_id=ChIJu1Gus4ph0T0RBXrJE1myh7Y","1",,,"My favorite"
"Cinépolis Cinemas - Oasis Mall Salalah","https://www.google.com/maps/search/?api=1&query=Cin%C3%A9polis%20Cinemas%20-%20Oasis%20Mall%20Salalah&query_place_id=ChIJu1Gus4ph0T0RBXrJE1myh7Y","5",,,"متعة السياحة"
"Cinépolis Cinemas - Oasis Mall Salalah","https://www.google.com/maps/search/?api=1&query=Cin%C3%A9polis%20Cinemas%20-%20Oasis%20Mall%20Salalah&query_place_id=ChIJu1Gus4ph0T0RBXrJE1myh7Y","5",,,
"Cinépolis Cinemas - Oasis Mall Salalah","https://www.google.com/maps/search/?api=1&query=Cin%C3%A9polis%20Cinemas%20-%20Oasis%20Mall%20Salalah&query_place_id=ChIJu1Gus4ph0T0RBXrJE1myh7Y","3",,,
"Cinépolis Cinemas - Oasis Mall Salalah","https://www.google.com/maps/search/?api=1&query=Cin%C3%A9polis%20Cinemas%20-%20Oasis%20Mall%20Salalah&query_place_id=ChIJu1Gus4ph0T0RBXrJE1myh7Y","5",,,"ممتعة ومريحة"
"Cinépolis Cinemas - Oasis Mall Salalah","https://www.google.com/maps/search/?api=1&query=Cin%C3%A9polis%20Cinemas%20-%20Oasis%20Mall%20Salalah&query_place_id=ChIJu1Gus4ph0T0RBXrJE1myh7Y","5",,,"السينما تحفة حضرت فيلم الدشاش 👌🏻❤️"
"Cinépolis Cinemas - Oasis Mall Salalah","https://www.google.com/maps/search/?api=1&query=Cin%C3%A9polis%20Cinemas%20-%20Oasis%20Mall%20Salalah&query_place_id=ChIJu1Gus4ph0T0RBXrJE1myh7Y","5",,,
"Cinépolis Cinemas - Oasis Mall Salalah","https://www.google.com/maps/search/?api=1&query=Cin%C3%A9polis%20Cinemas%20-%20Oasis%20Mall%20Salalah&query_place_id=ChIJu1Gus4ph0T0RBXrJE1myh7Y","1",,,"لا تعليق"
"Cinépolis Cinemas - Oasis Mall Salalah","https://www.google.com/maps/search/?api=1&query=Cin%C3%A9polis%20Cinemas%20-%20Oasis%20Mall%20Salalah&query_place_id=ChIJu1Gus4ph0T0RBXrJE1myh7Y","2",,,"I would like some clarification regarding the policy on bringing personal drinking water into the cinema. At times, it seems to be allowed, but at other times it is not.

Additionally, I’ve noticed that hot water is not available at the cafeteria, which adds to the inconvenience for us, who may need it. Could you kindly provide clear guidelines on this matter?"
"Cinépolis Cinemas - Oasis Mall Salalah","https://www.google.com/maps/search/?api=1&query=Cin%C3%A9polis%20Cinemas%20-%20Oasis%20Mall%20Salalah&query_place_id=ChIJu1Gus4ph0T0RBXrJE1myh7Y","5",,,
"Cinépolis Cinemas - Oasis Mall Salalah","https://www.google.com/maps/search/?api=1&query=Cin%C3%A9polis%20Cinemas%20-%20Oasis%20Mall%20Salalah&query_place_id=ChIJu1Gus4ph0T0RBXrJE1myh7Y","5",,,"Beautiful ❤️"
"Cinépolis Cinemas - Oasis Mall Salalah","https://www.google.com/maps/search/?api=1&query=Cin%C3%A9polis%20Cinemas%20-%20Oasis%20Mall%20Salalah&query_place_id=ChIJu1Gus4ph0T0RBXrJE1myh7Y","4",,,
"Cinépolis Cinemas - Oasis Mall Salalah","https://www.google.com/maps/search/?api=1&query=Cin%C3%A9polis%20Cinemas%20-%20Oasis%20Mall%20Salalah&query_place_id=ChIJu1Gus4ph0T0RBXrJE1myh7Y","4",,,
"Cinépolis Cinemas - Oasis Mall Salalah","https://www.google.com/maps/search/?api=1&query=Cin%C3%A9polis%20Cinemas%20-%20Oasis%20Mall%20Salalah&query_place_id=ChIJu1Gus4ph0T0RBXrJE1myh7Y","5",,,
"Cinépolis Cinemas - Oasis Mall Salalah","https://www.google.com/maps/search/?api=1&query=Cin%C3%A9polis%20Cinemas%20-%20Oasis%20Mall%20Salalah&query_place_id=ChIJu1Gus4ph0T0RBXrJE1myh7Y","5",,,"Good sound effects,  comfort"
"Cinépolis Cinemas - Oasis Mall Salalah","https://www.google.com/maps/search/?api=1&query=Cin%C3%A9polis%20Cinemas%20-%20Oasis%20Mall%20Salalah&query_place_id=ChIJu1Gus4ph0T0RBXrJE1myh7Y","5",,,
"Cinépolis Cinemas - Oasis Mall Salalah","https://www.google.com/maps/search/?api=1&query=Cin%C3%A9polis%20Cinemas%20-%20Oasis%20Mall%20Salalah&query_place_id=ChIJu1Gus4ph0T0RBXrJE1myh7Y","1",,,"Worst sound experience...Pricey..feel... cheated completly....
Worst theater in Oman..."
"Cinépolis Cinemas - Oasis Mall Salalah","https://www.google.com/maps/search/?api=1&query=Cin%C3%A9polis%20Cinemas%20-%20Oasis%20Mall%20Salalah&query_place_id=ChIJu1Gus4ph0T0RBXrJE1myh7Y","3",,,"Ambiance is good
But sound system not worth it"
"Cinépolis Cinemas - Oasis Mall Salalah","https://www.google.com/maps/search/?api=1&query=Cin%C3%A9polis%20Cinemas%20-%20Oasis%20Mall%20Salalah&query_place_id=ChIJu1Gus4ph0T0RBXrJE1myh7Y","5",,,
"Cinépolis Cinemas - Oasis Mall Salalah","https://www.google.com/maps/search/?api=1&query=Cin%C3%A9polis%20Cinemas%20-%20Oasis%20Mall%20Salalah&query_place_id=ChIJu1Gus4ph0T0RBXrJE1myh7Y","5",,,
"Cinépolis Cinemas - Oasis Mall Salalah","https://www.google.com/maps/search/?api=1&query=Cin%C3%A9polis%20Cinemas%20-%20Oasis%20Mall%20Salalah&query_place_id=ChIJu1Gus4ph0T0RBXrJE1myh7Y","4",,,
"Cinépolis Cinemas - Oasis Mall Salalah","https://www.google.com/maps/search/?api=1&query=Cin%C3%A9polis%20Cinemas%20-%20Oasis%20Mall%20Salalah&query_place_id=ChIJu1Gus4ph0T0RBXrJE1myh7Y","5",,,
"Cinépolis Cinemas - Oasis Mall Salalah","https://www.google.com/maps/search/?api=1&query=Cin%C3%A9polis%20Cinemas%20-%20Oasis%20Mall%20Salalah&query_place_id=ChIJu1Gus4ph0T0RBXrJE1myh7Y","4",,,
"Cinépolis Cinemas - Oasis Mall Salalah","https://www.google.com/maps/search/?api=1&query=Cin%C3%A9polis%20Cinemas%20-%20Oasis%20Mall%20Salalah&query_place_id=ChIJu1Gus4ph0T0RBXrJE1myh7Y","5",,,"تجربة رائعة"
"Cinépolis Cinemas - Oasis Mall Salalah","https://www.google.com/maps/search/?api=1&query=Cin%C3%A9polis%20Cinemas%20-%20Oasis%20Mall%20Salalah&query_place_id=ChIJu1Gus4ph0T0RBXrJE1myh7Y","1",,,"Salalah branch - the volume is the worst experience you can ever try 🌚"
"Cinépolis Cinemas - Oasis Mall Salalah","https://www.google.com/maps/search/?api=1&query=Cin%C3%A9polis%20Cinemas%20-%20Oasis%20Mall%20Salalah&query_place_id=ChIJu1Gus4ph0T0RBXrJE1myh7Y","3",,,"لاباس به"
"Cinépolis Cinemas - Oasis Mall Salalah","https://www.google.com/maps/search/?api=1&query=Cin%C3%A9polis%20Cinemas%20-%20Oasis%20Mall%20Salalah&query_place_id=ChIJu1Gus4ph0T0RBXrJE1myh7Y","4",,,
"Cinépolis Cinemas - Oasis Mall Salalah","https://www.google.com/maps/search/?api=1&query=Cin%C3%A9polis%20Cinemas%20-%20Oasis%20Mall%20Salalah&query_place_id=ChIJu1Gus4ph0T0RBXrJE1myh7Y","5",,,
"Cinépolis Cinemas - Oasis Mall Salalah","https://www.google.com/maps/search/?api=1&query=Cin%C3%A9polis%20Cinemas%20-%20Oasis%20Mall%20Salalah&query_place_id=ChIJu1Gus4ph0T0RBXrJE1myh7Y","4",,,
"Cinépolis Cinemas - Oasis Mall Salalah","https://www.google.com/maps/search/?api=1&query=Cin%C3%A9polis%20Cinemas%20-%20Oasis%20Mall%20Salalah&query_place_id=ChIJu1Gus4ph0T0RBXrJE1myh7Y","5",,,
"Cinépolis Cinemas - Oasis Mall Salalah","https://www.google.com/maps/search/?api=1&query=Cin%C3%A9polis%20Cinemas%20-%20Oasis%20Mall%20Salalah&query_place_id=ChIJu1Gus4ph0T0RBXrJE1myh7Y","4",,,"Nice movie environment"
"Cinépolis Cinemas - Oman Avenues Mall سينما سينابولس - مسقط أفينيوز مول","https://www.google.com/maps/search/?api=1&query=Cin%C3%A9polis%20Cinemas%20-%20Oman%20Avenues%20Mall%20%D8%B3%D9%8A%D9%86%D9%85%D8%A7%20%D8%B3%D9%8A%D9%86%D8%A7%D8%A8%D9%88%D9%84%D8%B3%20-%20%D9%85%D8%B3%D9%82%D8%B7%20%D8%A3%D9%81%D9%8A%D9%86%D9%8A%D9%88%D8%B2%20%D9%85%D9%88%D9%84&query_place_id=ChIJJQi8_2X_kT4R_wLK-5zn2ss","4",,,
"Cinépolis Cinemas - Oman Avenues Mall سينما سينابولس - مسقط أفينيوز مول","https://www.google.com/maps/search/?api=1&query=Cin%C3%A9polis%20Cinemas%20-%20Oman%20Avenues%20Mall%20%D8%B3%D9%8A%D9%86%D9%85%D8%A7%20%D8%B3%D9%8A%D9%86%D8%A7%D8%A8%D9%88%D9%84%D8%B3%20-%20%D9%85%D8%B3%D9%82%D8%B7%20%D8%A3%D9%81%D9%8A%D9%86%D9%8A%D9%88%D8%B2%20%D9%85%D9%88%D9%84&query_place_id=ChIJJQi8_2X_kT4R_wLK-5zn2ss","5",,,"Luxurious world class cinema experience at its best."
"Cinépolis Cinemas - Oman Avenues Mall سينما سينابولس - مسقط أفينيوز مول","https://www.google.com/maps/search/?api=1&query=Cin%C3%A9polis%20Cinemas%20-%20Oman%20Avenues%20Mall%20%D8%B3%D9%8A%D9%86%D9%85%D8%A7%20%D8%B3%D9%8A%D9%86%D8%A7%D8%A8%D9%88%D9%84%D8%B3%20-%20%D9%85%D8%B3%D9%82%D8%B7%20%D8%A3%D9%81%D9%8A%D9%86%D9%8A%D9%88%D8%B2%20%D9%85%D9%88%D9%84&query_place_id=ChIJJQi8_2X_kT4R_wLK-5zn2ss","5",,,"Cinepolis Cinemas in Avenues mall. Very good theatre"
"Cinépolis Cinemas - Oman Avenues Mall سينما سينابولس - مسقط أفينيوز مول","https://www.google.com/maps/search/?api=1&query=Cin%C3%A9polis%20Cinemas%20-%20Oman%20Avenues%20Mall%20%D8%B3%D9%8A%D9%86%D9%85%D8%A7%20%D8%B3%D9%8A%D9%86%D8%A7%D8%A8%D9%88%D9%84%D8%B3%20-%20%D9%85%D8%B3%D9%82%D8%B7%20%D8%A3%D9%81%D9%8A%D9%86%D9%8A%D9%88%D8%B2%20%D9%85%D9%88%D9%84&query_place_id=ChIJJQi8_2X_kT4R_wLK-5zn2ss","1",,,
"Cinépolis Cinemas - Oman Avenues Mall سينما سينابولس - مسقط أفينيوز مول","https://www.google.com/maps/search/?api=1&query=Cin%C3%A9polis%20Cinemas%20-%20Oman%20Avenues%20Mall%20%D8%B3%D9%8A%D9%86%D9%85%D8%A7%20%D8%B3%D9%8A%D9%86%D8%A7%D8%A8%D9%88%D9%84%D8%B3%20-%20%D9%85%D8%B3%D9%82%D8%B7%20%D8%A3%D9%81%D9%8A%D9%86%D9%8A%D9%88%D8%B2%20%D9%85%D9%88%D9%84&query_place_id=ChIJJQi8_2X_kT4R_wLK-5zn2ss","5",,,
"Cinépolis Cinemas - Oman Avenues Mall سينما سينابولس - مسقط أفينيوز مول","https://www.google.com/maps/search/?api=1&query=Cin%C3%A9polis%20Cinemas%20-%20Oman%20Avenues%20Mall%20%D8%B3%D9%8A%D9%86%D9%85%D8%A7%20%D8%B3%D9%8A%D9%86%D8%A7%D8%A8%D9%88%D9%84%D8%B3%20-%20%D9%85%D8%B3%D9%82%D8%B7%20%D8%A3%D9%81%D9%8A%D9%86%D9%8A%D9%88%D8%B2%20%D9%85%D9%88%D9%84&query_place_id=ChIJJQi8_2X_kT4R_wLK-5zn2ss","5",,,
"Cinépolis Cinemas - Oman Avenues Mall سينما سينابولس - مسقط أفينيوز مول","https://www.google.com/maps/search/?api=1&query=Cin%C3%A9polis%20Cinemas%20-%20Oman%20Avenues%20Mall%20%D8%B3%D9%8A%D9%86%D9%85%D8%A7%20%D8%B3%D9%8A%D9%86%D8%A7%D8%A8%D9%88%D9%84%D8%B3%20-%20%D9%85%D8%B3%D9%82%D8%B7%20%D8%A3%D9%81%D9%8A%D9%86%D9%8A%D9%88%D8%B2%20%D9%85%D9%88%D9%84&query_place_id=ChIJJQi8_2X_kT4R_wLK-5zn2ss","4",,,
"Cinépolis Cinemas - Oman Avenues Mall سينما سينابولس - مسقط أفينيوز مول","https://www.google.com/maps/search/?api=1&query=Cin%C3%A9polis%20Cinemas%20-%20Oman%20Avenues%20Mall%20%D8%B3%D9%8A%D9%86%D9%85%D8%A7%20%D8%B3%D9%8A%D9%86%D8%A7%D8%A8%D9%88%D9%84%D8%B3%20-%20%D9%85%D8%B3%D9%82%D8%B7%20%D8%A3%D9%81%D9%8A%D9%86%D9%8A%D9%88%D8%B2%20%D9%85%D9%88%D9%84&query_place_id=ChIJJQi8_2X_kT4R_wLK-5zn2ss","5",,,
"Cinépolis Cinemas - Oman Avenues Mall سينما سينابولس - مسقط أفينيوز مول","https://www.google.com/maps/search/?api=1&query=Cin%C3%A9polis%20Cinemas%20-%20Oman%20Avenues%20Mall%20%D8%B3%D9%8A%D9%86%D9%85%D8%A7%20%D8%B3%D9%8A%D9%86%D8%A7%D8%A8%D9%88%D9%84%D8%B3%20-%20%D9%85%D8%B3%D9%82%D8%B7%20%D8%A3%D9%81%D9%8A%D9%86%D9%8A%D9%88%D8%B2%20%D9%85%D9%88%D9%84&query_place_id=ChIJJQi8_2X_kT4R_wLK-5zn2ss","5",,,
"Cinépolis Cinemas - Oman Avenues Mall سينما سينابولس - مسقط أفينيوز مول","https://www.google.com/maps/search/?api=1&query=Cin%C3%A9polis%20Cinemas%20-%20Oman%20Avenues%20Mall%20%D8%B3%D9%8A%D9%86%D9%85%D8%A7%20%D8%B3%D9%8A%D9%86%D8%A7%D8%A8%D9%88%D9%84%D8%B3%20-%20%D9%85%D8%B3%D9%82%D8%B7%20%D8%A3%D9%81%D9%8A%D9%86%D9%8A%D9%88%D8%B2%20%D9%85%D9%88%D9%84&query_place_id=ChIJJQi8_2X_kT4R_wLK-5zn2ss","4",,,"Nice"
"Cinépolis Cinemas - Oman Avenues Mall سينما سينابولس - مسقط أفينيوز مول","https://www.google.com/maps/search/?api=1&query=Cin%C3%A9polis%20Cinemas%20-%20Oman%20Avenues%20Mall%20%D8%B3%D9%8A%D9%86%D9%85%D8%A7%20%D8%B3%D9%8A%D9%86%D8%A7%D8%A8%D9%88%D9%84%D8%B3%20-%20%D9%85%D8%B3%D9%82%D8%B7%20%D8%A3%D9%81%D9%8A%D9%86%D9%8A%D9%88%D8%B2%20%D9%85%D9%88%D9%84&query_place_id=ChIJJQi8_2X_kT4R_wLK-5zn2ss","4",,,
"Cinépolis Cinemas - Oman Avenues Mall سينما سينابولس - مسقط أفينيوز مول","https://www.google.com/maps/search/?api=1&query=Cin%C3%A9polis%20Cinemas%20-%20Oman%20Avenues%20Mall%20%D8%B3%D9%8A%D9%86%D9%85%D8%A7%20%D8%B3%D9%8A%D9%86%D8%A7%D8%A8%D9%88%D9%84%D8%B3%20-%20%D9%85%D8%B3%D9%82%D8%B7%20%D8%A3%D9%81%D9%8A%D9%86%D9%8A%D9%88%D8%B2%20%D9%85%D9%88%D9%84&query_place_id=ChIJJQi8_2X_kT4R_wLK-5zn2ss","5",,,"Good"
"Cinépolis Cinemas - Oman Avenues Mall سينما سينابولس - مسقط أفينيوز مول","https://www.google.com/maps/search/?api=1&query=Cin%C3%A9polis%20Cinemas%20-%20Oman%20Avenues%20Mall%20%D8%B3%D9%8A%D9%86%D9%85%D8%A7%20%D8%B3%D9%8A%D9%86%D8%A7%D8%A8%D9%88%D9%84%D8%B3%20-%20%D9%85%D8%B3%D9%82%D8%B7%20%D8%A3%D9%81%D9%8A%D9%86%D9%8A%D9%88%D8%B2%20%D9%85%D9%88%D9%84&query_place_id=ChIJJQi8_2X_kT4R_wLK-5zn2ss","5",,,
"Cinépolis Cinemas - Oman Avenues Mall سينما سينابولس - مسقط أفينيوز مول","https://www.google.com/maps/search/?api=1&query=Cin%C3%A9polis%20Cinemas%20-%20Oman%20Avenues%20Mall%20%D8%B3%D9%8A%D9%86%D9%85%D8%A7%20%D8%B3%D9%8A%D9%86%D8%A7%D8%A8%D9%88%D9%84%D8%B3%20-%20%D9%85%D8%B3%D9%82%D8%B7%20%D8%A3%D9%81%D9%8A%D9%86%D9%8A%D9%88%D8%B2%20%D9%85%D9%88%D9%84&query_place_id=ChIJJQi8_2X_kT4R_wLK-5zn2ss","5",,,
"Cinépolis Cinemas - Oman Avenues Mall سينما سينابولس - مسقط أفينيوز مول","https://www.google.com/maps/search/?api=1&query=Cin%C3%A9polis%20Cinemas%20-%20Oman%20Avenues%20Mall%20%D8%B3%D9%8A%D9%86%D9%85%D8%A7%20%D8%B3%D9%8A%D9%86%D8%A7%D8%A8%D9%88%D9%84%D8%B3%20-%20%D9%85%D8%B3%D9%82%D8%B7%20%D8%A3%D9%81%D9%8A%D9%86%D9%8A%D9%88%D8%B2%20%D9%85%D9%88%D9%84&query_place_id=ChIJJQi8_2X_kT4R_wLK-5zn2ss","5",,,"Use the roof floor car park above ikea"
"Cinépolis Cinemas - Oman Avenues Mall سينما سينابولس - مسقط أفينيوز مول","https://www.google.com/maps/search/?api=1&query=Cin%C3%A9polis%20Cinemas%20-%20Oman%20Avenues%20Mall%20%D8%B3%D9%8A%D9%86%D9%85%D8%A7%20%D8%B3%D9%8A%D9%86%D8%A7%D8%A8%D9%88%D9%84%D8%B3%20-%20%D9%85%D8%B3%D9%82%D8%B7%20%D8%A3%D9%81%D9%8A%D9%86%D9%8A%D9%88%D8%B2%20%D9%85%D9%88%D9%84&query_place_id=ChIJJQi8_2X_kT4R_wLK-5zn2ss","3",,,
"Cinépolis Cinemas - Oman Avenues Mall سينما سينابولس - مسقط أفينيوز مول","https://www.google.com/maps/search/?api=1&query=Cin%C3%A9polis%20Cinemas%20-%20Oman%20Avenues%20Mall%20%D8%B3%D9%8A%D9%86%D9%85%D8%A7%20%D8%B3%D9%8A%D9%86%D8%A7%D8%A8%D9%88%D9%84%D8%B3%20-%20%D9%85%D8%B3%D9%82%D8%B7%20%D8%A3%D9%81%D9%8A%D9%86%D9%8A%D9%88%D8%B2%20%D9%85%D9%88%D9%84&query_place_id=ChIJJQi8_2X_kT4R_wLK-5zn2ss","4",,,
"Cinépolis Cinemas - Oman Avenues Mall سينما سينابولس - مسقط أفينيوز مول","https://www.google.com/maps/search/?api=1&query=Cin%C3%A9polis%20Cinemas%20-%20Oman%20Avenues%20Mall%20%D8%B3%D9%8A%D9%86%D9%85%D8%A7%20%D8%B3%D9%8A%D9%86%D8%A7%D8%A8%D9%88%D9%84%D8%B3%20-%20%D9%85%D8%B3%D9%82%D8%B7%20%D8%A3%D9%81%D9%8A%D9%86%D9%8A%D9%88%D8%B2%20%D9%85%D9%88%D9%84&query_place_id=ChIJJQi8_2X_kT4R_wLK-5zn2ss","4",,,
"Cinépolis Cinemas - Oman Avenues Mall سينما سينابولس - مسقط أفينيوز مول","https://www.google.com/maps/search/?api=1&query=Cin%C3%A9polis%20Cinemas%20-%20Oman%20Avenues%20Mall%20%D8%B3%D9%8A%D9%86%D9%85%D8%A7%20%D8%B3%D9%8A%D9%86%D8%A7%D8%A8%D9%88%D9%84%D8%B3%20-%20%D9%85%D8%B3%D9%82%D8%B7%20%D8%A3%D9%81%D9%8A%D9%86%D9%8A%D9%88%D8%B2%20%D9%85%D9%88%D9%84&query_place_id=ChIJJQi8_2X_kT4R_wLK-5zn2ss","5",,,"One of the best cinemas in Muscat and there is a play zone area for kinds inside theatre."
"Cinépolis Cinemas - Oman Avenues Mall سينما سينابولس - مسقط أفينيوز مول","https://www.google.com/maps/search/?api=1&query=Cin%C3%A9polis%20Cinemas%20-%20Oman%20Avenues%20Mall%20%D8%B3%D9%8A%D9%86%D9%85%D8%A7%20%D8%B3%D9%8A%D9%86%D8%A7%D8%A8%D9%88%D9%84%D8%B3%20-%20%D9%85%D8%B3%D9%82%D8%B7%20%D8%A3%D9%81%D9%8A%D9%86%D9%8A%D9%88%D8%B2%20%D9%85%D9%88%D9%84&query_place_id=ChIJJQi8_2X_kT4R_wLK-5zn2ss","4",,,
"Cinépolis Cinemas - Oasis Mall Salalah","https://www.google.com/maps/search/?api=1&query=Cin%C3%A9polis%20Cinemas%20-%20Oasis%20Mall%20Salalah&query_place_id=ChIJu1Gus4ph0T0RBXrJE1myh7Y","5",,,
"Cinépolis Cinemas - Oasis Mall Salalah","https://www.google.com/maps/search/?api=1&query=Cin%C3%A9polis%20Cinemas%20-%20Oasis%20Mall%20Salalah&query_place_id=ChIJu1Gus4ph0T0RBXrJE1myh7Y","4",,,
"Cinépolis Cinemas - Oasis Mall Salalah","https://www.google.com/maps/search/?api=1&query=Cin%C3%A9polis%20Cinemas%20-%20Oasis%20Mall%20Salalah&query_place_id=ChIJu1Gus4ph0T0RBXrJE1myh7Y","4",,,
"Cinépolis Cinemas - Oasis Mall Salalah","https://www.google.com/maps/search/?api=1&query=Cin%C3%A9polis%20Cinemas%20-%20Oasis%20Mall%20Salalah&query_place_id=ChIJu1Gus4ph0T0RBXrJE1myh7Y","4",,,"مناسب جدا وهادئ"
"Cinépolis Cinemas - Oasis Mall Salalah","https://www.google.com/maps/search/?api=1&query=Cin%C3%A9polis%20Cinemas%20-%20Oasis%20Mall%20Salalah&query_place_id=ChIJu1Gus4ph0T0RBXrJE1myh7Y","2",,,"تجربة جميلة فقط  المبلغة في اسعار السناك"
"Cinépolis Cinemas - Oasis Mall Salalah","https://www.google.com/maps/search/?api=1&query=Cin%C3%A9polis%20Cinemas%20-%20Oasis%20Mall%20Salalah&query_place_id=ChIJu1Gus4ph0T0RBXrJE1myh7Y","3",,,
"Cinépolis Cinemas - Oasis Mall Salalah","https://www.google.com/maps/search/?api=1&query=Cin%C3%A9polis%20Cinemas%20-%20Oasis%20Mall%20Salalah&query_place_id=ChIJu1Gus4ph0T0RBXrJE1myh7Y","4",,,
"Cinépolis Cinemas - Oasis Mall Salalah","https://www.google.com/maps/search/?api=1&query=Cin%C3%A9polis%20Cinemas%20-%20Oasis%20Mall%20Salalah&query_place_id=ChIJu1Gus4ph0T0RBXrJE1myh7Y","1",,,
"Cinépolis Cinemas - Oasis Mall Salalah","https://www.google.com/maps/search/?api=1&query=Cin%C3%A9polis%20Cinemas%20-%20Oasis%20Mall%20Salalah&query_place_id=ChIJu1Gus4ph0T0RBXrJE1myh7Y","4",,,"Good theatre with comfortable chairs. Good refreshments area"
"Cinépolis Cinemas - Oasis Mall Salalah","https://www.google.com/maps/search/?api=1&query=Cin%C3%A9polis%20Cinemas%20-%20Oasis%20Mall%20Salalah&query_place_id=ChIJu1Gus4ph0T0RBXrJE1myh7Y","5",,,
"Cinépolis Cinemas - Oasis Mall Salalah","https://www.google.com/maps/search/?api=1&query=Cin%C3%A9polis%20Cinemas%20-%20Oasis%20Mall%20Salalah&query_place_id=ChIJu1Gus4ph0T0RBXrJE1myh7Y","4",,,
"Cinépolis Cinemas - Oasis Mall Salalah","https://www.google.com/maps/search/?api=1&query=Cin%C3%A9polis%20Cinemas%20-%20Oasis%20Mall%20Salalah&query_place_id=ChIJu1Gus4ph0T0RBXrJE1myh7Y","5",,,
"Cinépolis Cinemas - Oasis Mall Salalah","https://www.google.com/maps/search/?api=1&query=Cin%C3%A9polis%20Cinemas%20-%20Oasis%20Mall%20Salalah&query_place_id=ChIJu1Gus4ph0T0RBXrJE1myh7Y","5",,,
"Cinépolis Cinemas - Oasis Mall Salalah","https://www.google.com/maps/search/?api=1&query=Cin%C3%A9polis%20Cinemas%20-%20Oasis%20Mall%20Salalah&query_place_id=ChIJu1Gus4ph0T0RBXrJE1myh7Y","5",,,"Nice ambience"
"Cinépolis Cinemas - Oasis Mall Salalah","https://www.google.com/maps/search/?api=1&query=Cin%C3%A9polis%20Cinemas%20-%20Oasis%20Mall%20Salalah&query_place_id=ChIJu1Gus4ph0T0RBXrJE1myh7Y","3",,,
"Cinépolis Cinemas - Oasis Mall Salalah","https://www.google.com/maps/search/?api=1&query=Cin%C3%A9polis%20Cinemas%20-%20Oasis%20Mall%20Salalah&query_place_id=ChIJu1Gus4ph0T0RBXrJE1myh7Y","3",,,
"Cinépolis Cinemas - Oasis Mall Salalah","https://www.google.com/maps/search/?api=1&query=Cin%C3%A9polis%20Cinemas%20-%20Oasis%20Mall%20Salalah&query_place_id=ChIJu1Gus4ph0T0RBXrJE1myh7Y","5",,,
"Cinépolis Cinemas - Oasis Mall Salalah","https://www.google.com/maps/search/?api=1&query=Cin%C3%A9polis%20Cinemas%20-%20Oasis%20Mall%20Salalah&query_place_id=ChIJu1Gus4ph0T0RBXrJE1myh7Y","5",,,"All are good sounds and pictures services"
"Cinépolis Cinemas - Oasis Mall Salalah","https://www.google.com/maps/search/?api=1&query=Cin%C3%A9polis%20Cinemas%20-%20Oasis%20Mall%20Salalah&query_place_id=ChIJu1Gus4ph0T0RBXrJE1myh7Y","4",,,
"Cinépolis Cinemas - Oasis Mall Salalah","https://www.google.com/maps/search/?api=1&query=Cin%C3%A9polis%20Cinemas%20-%20Oasis%20Mall%20Salalah&query_place_id=ChIJu1Gus4ph0T0RBXrJE1myh7Y","5",,,
"Cinépolis Cinemas - Oman Avenues Mall سينما سينابولس - مسقط أفينيوز مول","https://www.google.com/maps/search/?api=1&query=Cin%C3%A9polis%20Cinemas%20-%20Oman%20Avenues%20Mall%20%D8%B3%D9%8A%D9%86%D9%85%D8%A7%20%D8%B3%D9%8A%D9%86%D8%A7%D8%A8%D9%88%D9%84%D8%B3%20-%20%D9%85%D8%B3%D9%82%D8%B7%20%D8%A3%D9%81%D9%8A%D9%86%D9%8A%D9%88%D8%B2%20%D9%85%D9%88%D9%84&query_place_id=ChIJJQi8_2X_kT4R_wLK-5zn2ss","1",,,"Worst experience with the staff at the entrance. They are very arrogent and not treating as customers. They should understand that it's only entertainment and nothing must have. They fought with me and family for food (2 piece banana) for my baby and didn't allow. They are saying it's municipality rule, which is incorrect. Very worst experience and never ever again here.."
"Cinépolis Cinemas - Oman Avenues Mall سينما سينابولس - مسقط أفينيوز مول","https://www.google.com/maps/search/?api=1&query=Cin%C3%A9polis%20Cinemas%20-%20Oman%20Avenues%20Mall%20%D8%B3%D9%8A%D9%86%D9%85%D8%A7%20%D8%B3%D9%8A%D9%86%D8%A7%D8%A8%D9%88%D9%84%D8%B3%20-%20%D9%85%D8%B3%D9%82%D8%B7%20%D8%A3%D9%81%D9%8A%D9%86%D9%8A%D9%88%D8%B2%20%D9%85%D9%88%D9%84&query_place_id=ChIJJQi8_2X_kT4R_wLK-5zn2ss","1",,,"Worst experience! They made us leave our water bottles at the entry and was assured we would get it once we return, and when we returned, staff admitted they might've drank them. Highly unprofessional and irresponsible."
"Cinépolis Cinemas - Oman Avenues Mall سينما سينابولس - مسقط أفينيوز مول","https://www.google.com/maps/search/?api=1&query=Cin%C3%A9polis%20Cinemas%20-%20Oman%20Avenues%20Mall%20%D8%B3%D9%8A%D9%86%D9%85%D8%A7%20%D8%B3%D9%8A%D9%86%D8%A7%D8%A8%D9%88%D9%84%D8%B3%20-%20%D9%85%D8%B3%D9%82%D8%B7%20%D8%A3%D9%81%D9%8A%D9%86%D9%8A%D9%88%D8%B2%20%D9%85%D9%88%D9%84&query_place_id=ChIJJQi8_2X_kT4R_wLK-5zn2ss","4",,,"سينما بخدمات ممتازة في افنيوز مول."
"Cinépolis Cinemas - Oman Avenues Mall سينما سينابولس - مسقط أفينيوز مول","https://www.google.com/maps/search/?api=1&query=Cin%C3%A9polis%20Cinemas%20-%20Oman%20Avenues%20Mall%20%D8%B3%D9%8A%D9%86%D9%85%D8%A7%20%D8%B3%D9%8A%D9%86%D8%A7%D8%A8%D9%88%D9%84%D8%B3%20-%20%D9%85%D8%B3%D9%82%D8%B7%20%D8%A3%D9%81%D9%8A%D9%86%D9%8A%D9%88%D8%B2%20%D9%85%D9%88%D9%84&query_place_id=ChIJJQi8_2X_kT4R_wLK-5zn2ss","5",,,"Good cinema Hall 🎥"
"Cinépolis Cinemas - Oman Avenues Mall سينما سينابولس - مسقط أفينيوز مول","https://www.google.com/maps/search/?api=1&query=Cin%C3%A9polis%20Cinemas%20-%20Oman%20Avenues%20Mall%20%D8%B3%D9%8A%D9%86%D9%85%D8%A7%20%D8%B3%D9%8A%D9%86%D8%A7%D8%A8%D9%88%D9%84%D8%B3%20-%20%D9%85%D8%B3%D9%82%D8%B7%20%D8%A3%D9%81%D9%8A%D9%86%D9%8A%D9%88%D8%B2%20%D9%85%D9%88%D9%84&query_place_id=ChIJJQi8_2X_kT4R_wLK-5zn2ss","5",,,"Always a delight to be here"
"Cinépolis Cinemas - Oman Avenues Mall سينما سينابولس - مسقط أفينيوز مول","https://www.google.com/maps/search/?api=1&query=Cin%C3%A9polis%20Cinemas%20-%20Oman%20Avenues%20Mall%20%D8%B3%D9%8A%D9%86%D9%85%D8%A7%20%D8%B3%D9%8A%D9%86%D8%A7%D8%A8%D9%88%D9%84%D8%B3%20-%20%D9%85%D8%B3%D9%82%D8%B7%20%D8%A3%D9%81%D9%8A%D9%86%D9%8A%D9%88%D8%B2%20%D9%85%D9%88%D9%84&query_place_id=ChIJJQi8_2X_kT4R_wLK-5zn2ss","5",,,"We met the customer service Mr Sharukh and he was excellent.  He went out of the way to help us with our online tickets due to a technical glitch . Awesome service by him and kudos to Cineplois ."
"Cinépolis Cinemas - Oman Avenues Mall سينما سينابولس - مسقط أفينيوز مول","https://www.google.com/maps/search/?api=1&query=Cin%C3%A9polis%20Cinemas%20-%20Oman%20Avenues%20Mall%20%D8%B3%D9%8A%D9%86%D9%85%D8%A7%20%D8%B3%D9%8A%D9%86%D8%A7%D8%A8%D9%88%D9%84%D8%B3%20-%20%D9%85%D8%B3%D9%82%D8%B7%20%D8%A3%D9%81%D9%8A%D9%86%D9%8A%D9%88%D8%B2%20%D9%85%D9%88%D9%84&query_place_id=ChIJJQi8_2X_kT4R_wLK-5zn2ss","5",,,
"Cinépolis Cinemas - Oman Avenues Mall سينما سينابولس - مسقط أفينيوز مول","https://www.google.com/maps/search/?api=1&query=Cin%C3%A9polis%20Cinemas%20-%20Oman%20Avenues%20Mall%20%D8%B3%D9%8A%D9%86%D9%85%D8%A7%20%D8%B3%D9%8A%D9%86%D8%A7%D8%A8%D9%88%D9%84%D8%B3%20-%20%D9%85%D8%B3%D9%82%D8%B7%20%D8%A3%D9%81%D9%8A%D9%86%D9%8A%D9%88%D8%B2%20%D9%85%D9%88%D9%84&query_place_id=ChIJJQi8_2X_kT4R_wLK-5zn2ss","5",,,
"Cinépolis Cinemas - Oman Avenues Mall سينما سينابولس - مسقط أفينيوز مول","https://www.google.com/maps/search/?api=1&query=Cin%C3%A9polis%20Cinemas%20-%20Oman%20Avenues%20Mall%20%D8%B3%D9%8A%D9%86%D9%85%D8%A7%20%D8%B3%D9%8A%D9%86%D8%A7%D8%A8%D9%88%D9%84%D8%B3%20-%20%D9%85%D8%B3%D9%82%D8%B7%20%D8%A3%D9%81%D9%8A%D9%86%D9%8A%D9%88%D8%B2%20%D9%85%D9%88%D9%84&query_place_id=ChIJJQi8_2X_kT4R_wLK-5zn2ss","5",,,"Big screen.. nice audio. Recliners r add on bonus!"
"Cinépolis Cinemas - Oman Avenues Mall سينما سينابولس - مسقط أفينيوز مول","https://www.google.com/maps/search/?api=1&query=Cin%C3%A9polis%20Cinemas%20-%20Oman%20Avenues%20Mall%20%D8%B3%D9%8A%D9%86%D9%85%D8%A7%20%D8%B3%D9%8A%D9%86%D8%A7%D8%A8%D9%88%D9%84%D8%B3%20-%20%D9%85%D8%B3%D9%82%D8%B7%20%D8%A3%D9%81%D9%8A%D9%86%D9%8A%D9%88%D8%B2%20%D9%85%D9%88%D9%84&query_place_id=ChIJJQi8_2X_kT4R_wLK-5zn2ss","3",,,"I enjoyed my experience at Cinépolis greatly, the only reason my review isn't a 4 or even a 5, is because of an issue with the 4D experience. I watched the F1 movie in Europe during my vacation, and then again here with 4D effects. During the showing the 4D wasn't used until around 20 minutes in, where they stopped the movie because I assume management realized they hadn't turned the effects on. We then rewatched those 20 minutes, now with effects.

However this wasn't a huge disruption. The main issue was with part of the movie that had to be cut out. It was an inappropriate scene that I did see in cinemas in Europe. That's why it came to mind when I thought about the issue. It was obviously not shown here in Oman. However, due to this, the 4D effects were delayed by the duration of that erased scene.

I hope there is a way to review this issue. I'm not suggesting the scene is shown, however the delay disrupted the 4D effects. The effects for a crash occured a minute after the actual shown scene. That was my only complaint. Otherwise, buying tickets online, and watching the first half of the movie was perfect. I've recommend going to this cinema to friends. :)"
"Cinépolis Cinemas - Oman Avenues Mall سينما سينابولس - مسقط أفينيوز مول","https://www.google.com/maps/search/?api=1&query=Cin%C3%A9polis%20Cinemas%20-%20Oman%20Avenues%20Mall%20%D8%B3%D9%8A%D9%86%D9%85%D8%A7%20%D8%B3%D9%8A%D9%86%D8%A7%D8%A8%D9%88%D9%84%D8%B3%20-%20%D9%85%D8%B3%D9%82%D8%B7%20%D8%A3%D9%81%D9%8A%D9%86%D9%8A%D9%88%D8%B2%20%D9%85%D9%88%D9%84&query_place_id=ChIJJQi8_2X_kT4R_wLK-5zn2ss","5",,,
"Cinépolis Cinemas - Oman Avenues Mall سينما سينابولس - مسقط أفينيوز مول","https://www.google.com/maps/search/?api=1&query=Cin%C3%A9polis%20Cinemas%20-%20Oman%20Avenues%20Mall%20%D8%B3%D9%8A%D9%86%D9%85%D8%A7%20%D8%B3%D9%8A%D9%86%D8%A7%D8%A8%D9%88%D9%84%D8%B3%20-%20%D9%85%D8%B3%D9%82%D8%B7%20%D8%A3%D9%81%D9%8A%D9%86%D9%8A%D9%88%D8%B2%20%D9%85%D9%88%D9%84&query_place_id=ChIJJQi8_2X_kT4R_wLK-5zn2ss","5",,,"اجمل سينما في عمان الكراسي جدا مريحه وممتازه"
"Cinépolis Cinemas - Oman Avenues Mall سينما سينابولس - مسقط أفينيوز مول","https://www.google.com/maps/search/?api=1&query=Cin%C3%A9polis%20Cinemas%20-%20Oman%20Avenues%20Mall%20%D8%B3%D9%8A%D9%86%D9%85%D8%A7%20%D8%B3%D9%8A%D9%86%D8%A7%D8%A8%D9%88%D9%84%D8%B3%20-%20%D9%85%D8%B3%D9%82%D8%B7%20%D8%A3%D9%81%D9%8A%D9%86%D9%8A%D9%88%D8%B2%20%D9%85%D9%88%D9%84&query_place_id=ChIJJQi8_2X_kT4R_wLK-5zn2ss","4",,,"Very good and quite"
"Cinépolis Cinemas - Oman Avenues Mall سينما سينابولس - مسقط أفينيوز مول","https://www.google.com/maps/search/?api=1&query=Cin%C3%A9polis%20Cinemas%20-%20Oman%20Avenues%20Mall%20%D8%B3%D9%8A%D9%86%D9%85%D8%A7%20%D8%B3%D9%8A%D9%86%D8%A7%D8%A8%D9%88%D9%84%D8%B3%20-%20%D9%85%D8%B3%D9%82%D8%B7%20%D8%A3%D9%81%D9%8A%D9%86%D9%8A%D9%88%D8%B2%20%D9%85%D9%88%D9%84&query_place_id=ChIJJQi8_2X_kT4R_wLK-5zn2ss","1",,,"I watched Final destination from here..(On June 5th) really extremely disappointing screen quality and sound.. the screen wasn't focus at all.. It felt like we're watching a 3D movie without glasses.. only closeup shots are clear.. there was this problem even when they started showing ads in the beginning but I thought the problem is with the ads quality and expected it would be better when the movie started.. so it was because of projector setting may be for that show..
I Couldn't enjoy the movie at all.. I thought about complaining during the interval, coz I didn't watch missing the scenes.. but unfortunately there was no interval..!
the movie experience would be lot better when watch after OTT release on my phone even with 720p resolution..

also, even before starting the movie, there was really bad experience from the beginning itself.. when I entered there was no light at all.. and there was nobody.. it was just 10 mins before the show time, so I thought may be it's wrong screen, then I saw one more family is confused coz there was no light.. so they confirmed from the counter the screen, so there were only few of us in the whole screen, and we waited until the start time, but that time also passed and the screen as well as room is completely off.. no lights at all.. then after waiting 10 more mins I went to counter to complain, just when I reached counter, they said just then the screen is on, so even the lights were turned on after 10 mins of actual movie starting time.. we're using our flashlights to enter and exit the room before...  never ever visit here to watch movie.. may be it was one time technical problem.. but how do we know..."
"Cinépolis Cinemas - Oman Avenues Mall سينما سينابولس - مسقط أفينيوز مول","https://www.google.com/maps/search/?api=1&query=Cin%C3%A9polis%20Cinemas%20-%20Oman%20Avenues%20Mall%20%D8%B3%D9%8A%D9%86%D9%85%D8%A7%20%D8%B3%D9%8A%D9%86%D8%A7%D8%A8%D9%88%D9%84%D8%B3%20-%20%D9%85%D8%B3%D9%82%D8%B7%20%D8%A3%D9%81%D9%8A%D9%86%D9%8A%D9%88%D8%B2%20%D9%85%D9%88%D9%84&query_place_id=ChIJJQi8_2X_kT4R_wLK-5zn2ss","4",,,"Oman Avenues mall Cinépolis is truly a great place to enjoy movies – the seating is comfortable, the screens are clear, and the sound quality is top-notch. The ambience is clean and well-maintained, making it a pleasant experience for families and movie lovers. Staff are generally courteous and the overall environment feels premium.

However, one small concern is that they don't allow even a personal water bottle inside the screen, which can be inconvenient, especially for those who prefer carrying their own water for health or personal reasons. It would be great if they could consider a more flexible policy on this."
"Cinépolis Cinemas - Oman Avenues Mall سينما سينابولس - مسقط أفينيوز مول","https://www.google.com/maps/search/?api=1&query=Cin%C3%A9polis%20Cinemas%20-%20Oman%20Avenues%20Mall%20%D8%B3%D9%8A%D9%86%D9%85%D8%A7%20%D8%B3%D9%8A%D9%86%D8%A7%D8%A8%D9%88%D9%84%D8%B3%20-%20%D9%85%D8%B3%D9%82%D8%B7%20%D8%A3%D9%81%D9%8A%D9%86%D9%8A%D9%88%D8%B2%20%D9%85%D9%88%D9%84&query_place_id=ChIJJQi8_2X_kT4R_wLK-5zn2ss","1",,,"أسوأ تجربة سينما عشتها في حياتي!
الكراسي غير مريحة نهائياً وتكسر الظهر، الحرارة داخل الصالة لا تطاق، السماعات تعبانة والصوت مزعج وغير واضح، وحتى جودة الشاشة والوضوح جداً سيئة! مستحيل أرجع لهالمكان مرة ثانية"
"Cinépolis Cinemas - Oman Avenues Mall سينما سينابولس - مسقط أفينيوز مول","https://www.google.com/maps/search/?api=1&query=Cin%C3%A9polis%20Cinemas%20-%20Oman%20Avenues%20Mall%20%D8%B3%D9%8A%D9%86%D9%85%D8%A7%20%D8%B3%D9%8A%D9%86%D8%A7%D8%A8%D9%88%D9%84%D8%B3%20-%20%D9%85%D8%B3%D9%82%D8%B7%20%D8%A3%D9%81%D9%8A%D9%86%D9%8A%D9%88%D8%B2%20%D9%85%D9%88%D9%84&query_place_id=ChIJJQi8_2X_kT4R_wLK-5zn2ss","1",,,"Disappointing Visual Experience in Screen 9 – 18th July 2025

I went to see JSK in Screen 9 on 18th July 2025, and unfortunately, the display quality was well below expectations. The screen was unusually dim, making it hard to enjoy visually rich scenes, and the colors looked faded and lifeless. There were moments when the picture appeared out of focus, suggesting an issue with the projector’s setup or maintenance.

It was frustrating to sit through a movie that should have been visually engaging, only to be distracted by technical shortcomings. For the price of a ticket, viewers deserve a crisp, bright, and properly projected film. I sincerely hope the theater takes immediate action to fix these issues in Screen 9."
"Cinépolis Cinemas - Oman Avenues Mall سينما سينابولس - مسقط أفينيوز مول","https://www.google.com/maps/search/?api=1&query=Cin%C3%A9polis%20Cinemas%20-%20Oman%20Avenues%20Mall%20%D8%B3%D9%8A%D9%86%D9%85%D8%A7%20%D8%B3%D9%8A%D9%86%D8%A7%D8%A8%D9%88%D9%84%D8%B3%20-%20%D9%85%D8%B3%D9%82%D8%B7%20%D8%A3%D9%81%D9%8A%D9%86%D9%8A%D9%88%D8%B2%20%D9%85%D9%88%D9%84&query_place_id=ChIJJQi8_2X_kT4R_wLK-5zn2ss","5",,,
"Cinépolis Cinemas - Oman Avenues Mall سينما سينابولس - مسقط أفينيوز مول","https://www.google.com/maps/search/?api=1&query=Cin%C3%A9polis%20Cinemas%20-%20Oman%20Avenues%20Mall%20%D8%B3%D9%8A%D9%86%D9%85%D8%A7%20%D8%B3%D9%8A%D9%86%D8%A7%D8%A8%D9%88%D9%84%D8%B3%20-%20%D9%85%D8%B3%D9%82%D8%B7%20%D8%A3%D9%81%D9%8A%D9%86%D9%8A%D9%88%D8%B2%20%D9%85%D9%88%D9%84&query_place_id=ChIJJQi8_2X_kT4R_wLK-5zn2ss","5",,,
"Cinépolis Cinemas - Oman Avenues Mall سينما سينابولس - مسقط أفينيوز مول","https://www.google.com/maps/search/?api=1&query=Cin%C3%A9polis%20Cinemas%20-%20Oman%20Avenues%20Mall%20%D8%B3%D9%8A%D9%86%D9%85%D8%A7%20%D8%B3%D9%8A%D9%86%D8%A7%D8%A8%D9%88%D9%84%D8%B3%20-%20%D9%85%D8%B3%D9%82%D8%B7%20%D8%A3%D9%81%D9%8A%D9%86%D9%8A%D9%88%D8%B2%20%D9%85%D9%88%D9%84&query_place_id=ChIJJQi8_2X_kT4R_wLK-5zn2ss","4",,,"Use their App to purchase movie tickets and get more offers on your favourite movies.. Especially on Tuesday's its only cost OMR:2.00 for a person. Always try to choose Macro or Screen 5 for better experience"
"Cinépolis Cinemas - Oasis Mall Salalah","https://www.google.com/maps/search/?api=1&query=Cin%C3%A9polis%20Cinemas%20-%20Oasis%20Mall%20Salalah&query_place_id=ChIJu1Gus4ph0T0RBXrJE1myh7Y","4",,,
"Cinépolis Cinemas - Oasis Mall Salalah","https://www.google.com/maps/search/?api=1&query=Cin%C3%A9polis%20Cinemas%20-%20Oasis%20Mall%20Salalah&query_place_id=ChIJu1Gus4ph0T0RBXrJE1myh7Y","2",,,
"Cinépolis Cinemas - Oasis Mall Salalah","https://www.google.com/maps/search/?api=1&query=Cin%C3%A9polis%20Cinemas%20-%20Oasis%20Mall%20Salalah&query_place_id=ChIJu1Gus4ph0T0RBXrJE1myh7Y","4",,,"روعة"
"Cinépolis Cinemas - Oasis Mall Salalah","https://www.google.com/maps/search/?api=1&query=Cin%C3%A9polis%20Cinemas%20-%20Oasis%20Mall%20Salalah&query_place_id=ChIJu1Gus4ph0T0RBXrJE1myh7Y","5",,,"Good place"
"Cinépolis Cinemas - Oasis Mall Salalah","https://www.google.com/maps/search/?api=1&query=Cin%C3%A9polis%20Cinemas%20-%20Oasis%20Mall%20Salalah&query_place_id=ChIJu1Gus4ph0T0RBXrJE1myh7Y","1",,,"Expensive and I had a few bad experiences here. The screens aren’t very clear either?"
"Cinépolis Cinemas - Oasis Mall Salalah","https://www.google.com/maps/search/?api=1&query=Cin%C3%A9polis%20Cinemas%20-%20Oasis%20Mall%20Salalah&query_place_id=ChIJu1Gus4ph0T0RBXrJE1myh7Y","4",,,
"Cinépolis Cinemas - Oasis Mall Salalah","https://www.google.com/maps/search/?api=1&query=Cin%C3%A9polis%20Cinemas%20-%20Oasis%20Mall%20Salalah&query_place_id=ChIJu1Gus4ph0T0RBXrJE1myh7Y","5",,,
"Cinépolis Cinemas - Oasis Mall Salalah","https://www.google.com/maps/search/?api=1&query=Cin%C3%A9polis%20Cinemas%20-%20Oasis%20Mall%20Salalah&query_place_id=ChIJu1Gus4ph0T0RBXrJE1myh7Y","2",,,
"Cinépolis Cinemas - Oasis Mall Salalah","https://www.google.com/maps/search/?api=1&query=Cin%C3%A9polis%20Cinemas%20-%20Oasis%20Mall%20Salalah&query_place_id=ChIJu1Gus4ph0T0RBXrJE1myh7Y","5",,,"Nice theater"
"Cinépolis Cinemas - Oasis Mall Salalah","https://www.google.com/maps/search/?api=1&query=Cin%C3%A9polis%20Cinemas%20-%20Oasis%20Mall%20Salalah&query_place_id=ChIJu1Gus4ph0T0RBXrJE1myh7Y","1",,,
"Cinépolis Cinemas - Oasis Mall Salalah","https://www.google.com/maps/search/?api=1&query=Cin%C3%A9polis%20Cinemas%20-%20Oasis%20Mall%20Salalah&query_place_id=ChIJu1Gus4ph0T0RBXrJE1myh7Y","5",,,
"Cinépolis Cinemas - Oasis Mall Salalah","https://www.google.com/maps/search/?api=1&query=Cin%C3%A9polis%20Cinemas%20-%20Oasis%20Mall%20Salalah&query_place_id=ChIJu1Gus4ph0T0RBXrJE1myh7Y","5",,,"Excellent place to watch a movie with your family and friends."
"Cinépolis Cinemas - Oasis Mall Salalah","https://www.google.com/maps/search/?api=1&query=Cin%C3%A9polis%20Cinemas%20-%20Oasis%20Mall%20Salalah&query_place_id=ChIJu1Gus4ph0T0RBXrJE1myh7Y","4",,,"تجربه مميزه"
"Cinépolis Cinemas - Oasis Mall Salalah","https://www.google.com/maps/search/?api=1&query=Cin%C3%A9polis%20Cinemas%20-%20Oasis%20Mall%20Salalah&query_place_id=ChIJu1Gus4ph0T0RBXrJE1myh7Y","3",,,"Staff didn't know about their jobs. Quality of movie was good and environment was clean. Seats were comfortable."
"Cinépolis Cinemas - Oasis Mall Salalah","https://www.google.com/maps/search/?api=1&query=Cin%C3%A9polis%20Cinemas%20-%20Oasis%20Mall%20Salalah&query_place_id=ChIJu1Gus4ph0T0RBXrJE1myh7Y","5",,,"رووعة"
"Cinépolis Cinemas - Oasis Mall Salalah","https://www.google.com/maps/search/?api=1&query=Cin%C3%A9polis%20Cinemas%20-%20Oasis%20Mall%20Salalah&query_place_id=ChIJu1Gus4ph0T0RBXrJE1myh7Y","5",,,
"Cinépolis Cinemas - Oasis Mall Salalah","https://www.google.com/maps/search/?api=1&query=Cin%C3%A9polis%20Cinemas%20-%20Oasis%20Mall%20Salalah&query_place_id=ChIJu1Gus4ph0T0RBXrJE1myh7Y","5",,,
"Cinépolis Cinemas - Oasis Mall Salalah","https://www.google.com/maps/search/?api=1&query=Cin%C3%A9polis%20Cinemas%20-%20Oasis%20Mall%20Salalah&query_place_id=ChIJu1Gus4ph0T0RBXrJE1myh7Y","5",,,"Good"
"Cinépolis Cinemas - Oasis Mall Salalah","https://www.google.com/maps/search/?api=1&query=Cin%C3%A9polis%20Cinemas%20-%20Oasis%20Mall%20Salalah&query_place_id=ChIJu1Gus4ph0T0RBXrJE1myh7Y","5",,,
"Cinépolis Cinemas - Oasis Mall Salalah","https://www.google.com/maps/search/?api=1&query=Cin%C3%A9polis%20Cinemas%20-%20Oasis%20Mall%20Salalah&query_place_id=ChIJu1Gus4ph0T0RBXrJE1myh7Y","5",,,
"Cinépolis Cinemas - Oasis Mall Salalah","https://www.google.com/maps/search/?api=1&query=Cin%C3%A9polis%20Cinemas%20-%20Oasis%20Mall%20Salalah&query_place_id=ChIJu1Gus4ph0T0RBXrJE1myh7Y","5",,,
"Cinépolis Cinemas - Oasis Mall Salalah","https://www.google.com/maps/search/?api=1&query=Cin%C3%A9polis%20Cinemas%20-%20Oasis%20Mall%20Salalah&query_place_id=ChIJu1Gus4ph0T0RBXrJE1myh7Y","5",,,
"Cinépolis Cinemas - Oasis Mall Salalah","https://www.google.com/maps/search/?api=1&query=Cin%C3%A9polis%20Cinemas%20-%20Oasis%20Mall%20Salalah&query_place_id=ChIJu1Gus4ph0T0RBXrJE1myh7Y","5",,,"Great"
"Cinépolis Cinemas - Oasis Mall Salalah","https://www.google.com/maps/search/?api=1&query=Cin%C3%A9polis%20Cinemas%20-%20Oasis%20Mall%20Salalah&query_place_id=ChIJu1Gus4ph0T0RBXrJE1myh7Y","5",,,
"Cinépolis Cinemas - Oasis Mall Salalah","https://www.google.com/maps/search/?api=1&query=Cin%C3%A9polis%20Cinemas%20-%20Oasis%20Mall%20Salalah&query_place_id=ChIJu1Gus4ph0T0RBXrJE1myh7Y","4",,,
"Cinépolis Cinemas - Oasis Mall Salalah","https://www.google.com/maps/search/?api=1&query=Cin%C3%A9polis%20Cinemas%20-%20Oasis%20Mall%20Salalah&query_place_id=ChIJu1Gus4ph0T0RBXrJE1myh7Y","5",,,
"Cinépolis Cinemas - Oasis Mall Salalah","https://www.google.com/maps/search/?api=1&query=Cin%C3%A9polis%20Cinemas%20-%20Oasis%20Mall%20Salalah&query_place_id=ChIJu1Gus4ph0T0RBXrJE1myh7Y","2",,,"السينماء بشكل عام تحتاج الى اهتمام اكثر بالزبون ،
حاجز كل شيء اونلاين ، رفضوا يمشوني بحجة انه لازم اطبع التذكرة وانتظر الطابور ، و الاكل كذلك مافيه توصيل الى الكرسي فقط عليك تصف في الطابور واستلام الاكل ( على حسب كلام الموظف ) ، اذا حجزت اونلاين يتم اضافة رسوم على الخدمة في كل تذكرة واذا بغيت اكل كذلك تزيد رسوم ،،

بخصوص المكان ، دخلت اكثر من مره ، التبريد يكون سيء
والفيلم عربي والصوت خافت جدا ،، اتمنى من تحسين جودة السينماء خصوصا في صلالة .."
"Cinépolis Cinemas - Oasis Mall Salalah","https://www.google.com/maps/search/?api=1&query=Cin%C3%A9polis%20Cinemas%20-%20Oasis%20Mall%20Salalah&query_place_id=ChIJu1Gus4ph0T0RBXrJE1myh7Y","3",,,"It's okay great movies recommende it need more workers because of very long queue"
"Cinépolis Cinemas - Oasis Mall Salalah","https://www.google.com/maps/search/?api=1&query=Cin%C3%A9polis%20Cinemas%20-%20Oasis%20Mall%20Salalah&query_place_id=ChIJu1Gus4ph0T0RBXrJE1myh7Y","4",,,
"Cinépolis Cinemas - Oasis Mall Salalah","https://www.google.com/maps/search/?api=1&query=Cin%C3%A9polis%20Cinemas%20-%20Oasis%20Mall%20Salalah&query_place_id=ChIJu1Gus4ph0T0RBXrJE1myh7Y","5",,,"مكان جديد جدا ورائعه جدا جدآ جدآ جدآ جدآ جدآ جدآ جدآ جدآ جدآ جدآ جدآ جدآ جدآ جدآ شكراً لك على هذا الموضوع"
"Cinépolis Cinemas - Oasis Mall Salalah","https://www.google.com/maps/search/?api=1&query=Cin%C3%A9polis%20Cinemas%20-%20Oasis%20Mall%20Salalah&query_place_id=ChIJu1Gus4ph0T0RBXrJE1myh7Y","1",,,"Not a good mall in town it says cinema is open but its closed"
"Cinépolis Cinemas - Oasis Mall Salalah","https://www.google.com/maps/search/?api=1&query=Cin%C3%A9polis%20Cinemas%20-%20Oasis%20Mall%20Salalah&query_place_id=ChIJu1Gus4ph0T0RBXrJE1myh7Y","5",,,"I Saw It In Incliner (Grrr Malayalam Movie) And the experience Was Awsome"
"Cinépolis Cinemas - Oasis Mall Salalah","https://www.google.com/maps/search/?api=1&query=Cin%C3%A9polis%20Cinemas%20-%20Oasis%20Mall%20Salalah&query_place_id=ChIJu1Gus4ph0T0RBXrJE1myh7Y","5",,,
"Cinépolis Cinemas - Oasis Mall Salalah","https://www.google.com/maps/search/?api=1&query=Cin%C3%A9polis%20Cinemas%20-%20Oasis%20Mall%20Salalah&query_place_id=ChIJu1Gus4ph0T0RBXrJE1myh7Y","3",,,"حلوو بس غالي تذكر"
"Cinépolis Cinemas - Oasis Mall Salalah","https://www.google.com/maps/search/?api=1&query=Cin%C3%A9polis%20Cinemas%20-%20Oasis%20Mall%20Salalah&query_place_id=ChIJu1Gus4ph0T0RBXrJE1myh7Y","4",,,
"Cinépolis Cinemas - Oasis Mall Salalah","https://www.google.com/maps/search/?api=1&query=Cin%C3%A9polis%20Cinemas%20-%20Oasis%20Mall%20Salalah&query_place_id=ChIJu1Gus4ph0T0RBXrJE1myh7Y","3",,,"Ambience ok but screen is very small"
"Cinépolis Cinemas - Oasis Mall Salalah","https://www.google.com/maps/search/?api=1&query=Cin%C3%A9polis%20Cinemas%20-%20Oasis%20Mall%20Salalah&query_place_id=ChIJu1Gus4ph0T0RBXrJE1myh7Y","5",,,
"Cinépolis Cinemas - Oasis Mall Salalah","https://www.google.com/maps/search/?api=1&query=Cin%C3%A9polis%20Cinemas%20-%20Oasis%20Mall%20Salalah&query_place_id=ChIJu1Gus4ph0T0RBXrJE1myh7Y","5",,,
"Cinépolis Cinemas - Oasis Mall Salalah","https://www.google.com/maps/search/?api=1&query=Cin%C3%A9polis%20Cinemas%20-%20Oasis%20Mall%20Salalah&query_place_id=ChIJu1Gus4ph0T0RBXrJE1myh7Y","5",,,"Thanks.. Suresh👍"
"Cinépolis Cinemas - Oasis Mall Salalah","https://www.google.com/maps/search/?api=1&query=Cin%C3%A9polis%20Cinemas%20-%20Oasis%20Mall%20Salalah&query_place_id=ChIJu1Gus4ph0T0RBXrJE1myh7Y","5",,,"خدمه ممتازه"
"Cinépolis Cinemas - Oman Avenues Mall سينما سينابولس - مسقط أفينيوز مول","https://www.google.com/maps/search/?api=1&query=Cin%C3%A9polis%20Cinemas%20-%20Oman%20Avenues%20Mall%20%D8%B3%D9%8A%D9%86%D9%85%D8%A7%20%D8%B3%D9%8A%D9%86%D8%A7%D8%A8%D9%88%D9%84%D8%B3%20-%20%D9%85%D8%B3%D9%82%D8%B7%20%D8%A3%D9%81%D9%8A%D9%86%D9%8A%D9%88%D8%B2%20%D9%85%D9%88%D9%84&query_place_id=ChIJJQi8_2X_kT4R_wLK-5zn2ss","4",,,
"Cinépolis Cinemas - Oman Avenues Mall سينما سينابولس - مسقط أفينيوز مول","https://www.google.com/maps/search/?api=1&query=Cin%C3%A9polis%20Cinemas%20-%20Oman%20Avenues%20Mall%20%D8%B3%D9%8A%D9%86%D9%85%D8%A7%20%D8%B3%D9%8A%D9%86%D8%A7%D8%A8%D9%88%D9%84%D8%B3%20-%20%D9%85%D8%B3%D9%82%D8%B7%20%D8%A3%D9%81%D9%8A%D9%86%D9%8A%D9%88%D8%B2%20%D9%85%D9%88%D9%84&query_place_id=ChIJJQi8_2X_kT4R_wLK-5zn2ss","1",,,"We made two transactions for tickets booking. I haven't gotten any tickets, yet the ticket cost has been taken out of my account. I received a failed transaction email from Cinepolis, but my bank account was charged for the amount and I have yet to get a refund.
I phoned customer service, but they didn't answer. Extremely unprofessional conduct.
really poor management.
I will never suggest Cinepolis to my friends or relatives.
This lack of professionalism cannot be tolerated."
"Cinépolis Cinemas - Oman Avenues Mall سينما سينابولس - مسقط أفينيوز مول","https://www.google.com/maps/search/?api=1&query=Cin%C3%A9polis%20Cinemas%20-%20Oman%20Avenues%20Mall%20%D8%B3%D9%8A%D9%86%D9%85%D8%A7%20%D8%B3%D9%8A%D9%86%D8%A7%D8%A8%D9%88%D9%84%D8%B3%20-%20%D9%85%D8%B3%D9%82%D8%B7%20%D8%A3%D9%81%D9%8A%D9%86%D9%8A%D9%88%D8%B2%20%D9%85%D9%88%D9%84&query_place_id=ChIJJQi8_2X_kT4R_wLK-5zn2ss","1",,,"4D was shit, huge delay in the effects !!! Everyone should got a refund !"
"Cinépolis Cinemas - Oman Avenues Mall سينما سينابولس - مسقط أفينيوز مول","https://www.google.com/maps/search/?api=1&query=Cin%C3%A9polis%20Cinemas%20-%20Oman%20Avenues%20Mall%20%D8%B3%D9%8A%D9%86%D9%85%D8%A7%20%D8%B3%D9%8A%D9%86%D8%A7%D8%A8%D9%88%D9%84%D8%B3%20-%20%D9%85%D8%B3%D9%82%D8%B7%20%D8%A3%D9%81%D9%8A%D9%86%D9%8A%D9%88%D8%B2%20%D9%85%D9%88%D9%84&query_place_id=ChIJJQi8_2X_kT4R_wLK-5zn2ss","3",,,
"Cinépolis Cinemas - Oman Avenues Mall سينما سينابولس - مسقط أفينيوز مول","https://www.google.com/maps/search/?api=1&query=Cin%C3%A9polis%20Cinemas%20-%20Oman%20Avenues%20Mall%20%D8%B3%D9%8A%D9%86%D9%85%D8%A7%20%D8%B3%D9%8A%D9%86%D8%A7%D8%A8%D9%88%D9%84%D8%B3%20-%20%D9%85%D8%B3%D9%82%D8%B7%20%D8%A3%D9%81%D9%8A%D9%86%D9%8A%D9%88%D8%B2%20%D9%85%D9%88%D9%84&query_place_id=ChIJJQi8_2X_kT4R_wLK-5zn2ss","1",,,"At the end of the movie the sound died"
"Cinépolis Cinemas - Oman Avenues Mall سينما سينابولس - مسقط أفينيوز مول","https://www.google.com/maps/search/?api=1&query=Cin%C3%A9polis%20Cinemas%20-%20Oman%20Avenues%20Mall%20%D8%B3%D9%8A%D9%86%D9%85%D8%A7%20%D8%B3%D9%8A%D9%86%D8%A7%D8%A8%D9%88%D9%84%D8%B3%20-%20%D9%85%D8%B3%D9%82%D8%B7%20%D8%A3%D9%81%D9%8A%D9%86%D9%8A%D9%88%D8%B2%20%D9%85%D9%88%D9%84&query_place_id=ChIJJQi8_2X_kT4R_wLK-5zn2ss","3",,,
"Cinépolis Cinemas - Oman Avenues Mall سينما سينابولس - مسقط أفينيوز مول","https://www.google.com/maps/search/?api=1&query=Cin%C3%A9polis%20Cinemas%20-%20Oman%20Avenues%20Mall%20%D8%B3%D9%8A%D9%86%D9%85%D8%A7%20%D8%B3%D9%8A%D9%86%D8%A7%D8%A8%D9%88%D9%84%D8%B3%20-%20%D9%85%D8%B3%D9%82%D8%B7%20%D8%A3%D9%81%D9%8A%D9%86%D9%8A%D9%88%D8%B2%20%D9%85%D9%88%D9%84&query_place_id=ChIJJQi8_2X_kT4R_wLK-5zn2ss","4",,,
"Cinépolis Cinemas - Oman Avenues Mall سينما سينابولس - مسقط أفينيوز مول","https://www.google.com/maps/search/?api=1&query=Cin%C3%A9polis%20Cinemas%20-%20Oman%20Avenues%20Mall%20%D8%B3%D9%8A%D9%86%D9%85%D8%A7%20%D8%B3%D9%8A%D9%86%D8%A7%D8%A8%D9%88%D9%84%D8%B3%20-%20%D9%85%D8%B3%D9%82%D8%B7%20%D8%A3%D9%81%D9%8A%D9%86%D9%8A%D9%88%D8%B2%20%D9%85%D9%88%D9%84&query_place_id=ChIJJQi8_2X_kT4R_wLK-5zn2ss","1",,,
"Cinépolis Cinemas - Oman Avenues Mall سينما سينابولس - مسقط أفينيوز مول","https://www.google.com/maps/search/?api=1&query=Cin%C3%A9polis%20Cinemas%20-%20Oman%20Avenues%20Mall%20%D8%B3%D9%8A%D9%86%D9%85%D8%A7%20%D8%B3%D9%8A%D9%86%D8%A7%D8%A8%D9%88%D9%84%D8%B3%20-%20%D9%85%D8%B3%D9%82%D8%B7%20%D8%A3%D9%81%D9%8A%D9%86%D9%8A%D9%88%D8%B2%20%D9%85%D9%88%D9%84&query_place_id=ChIJJQi8_2X_kT4R_wLK-5zn2ss","3",,,
"Cinépolis Cinemas - Oman Avenues Mall سينما سينابولس - مسقط أفينيوز مول","https://www.google.com/maps/search/?api=1&query=Cin%C3%A9polis%20Cinemas%20-%20Oman%20Avenues%20Mall%20%D8%B3%D9%8A%D9%86%D9%85%D8%A7%20%D8%B3%D9%8A%D9%86%D8%A7%D8%A8%D9%88%D9%84%D8%B3%20-%20%D9%85%D8%B3%D9%82%D8%B7%20%D8%A3%D9%81%D9%8A%D9%86%D9%8A%D9%88%D8%B2%20%D9%85%D9%88%D9%84&query_place_id=ChIJJQi8_2X_kT4R_wLK-5zn2ss","5",,,
"Cinépolis Cinemas - Oman Avenues Mall سينما سينابولس - مسقط أفينيوز مول","https://www.google.com/maps/search/?api=1&query=Cin%C3%A9polis%20Cinemas%20-%20Oman%20Avenues%20Mall%20%D8%B3%D9%8A%D9%86%D9%85%D8%A7%20%D8%B3%D9%8A%D9%86%D8%A7%D8%A8%D9%88%D9%84%D8%B3%20-%20%D9%85%D8%B3%D9%82%D8%B7%20%D8%A3%D9%81%D9%8A%D9%86%D9%8A%D9%88%D8%B2%20%D9%85%D9%88%D9%84&query_place_id=ChIJJQi8_2X_kT4R_wLK-5zn2ss","4",,,"Good,sound is comparatively less.."
"Cinépolis Cinemas - Oman Avenues Mall سينما سينابولس - مسقط أفينيوز مول","https://www.google.com/maps/search/?api=1&query=Cin%C3%A9polis%20Cinemas%20-%20Oman%20Avenues%20Mall%20%D8%B3%D9%8A%D9%86%D9%85%D8%A7%20%D8%B3%D9%8A%D9%86%D8%A7%D8%A8%D9%88%D9%84%D8%B3%20-%20%D9%85%D8%B3%D9%82%D8%B7%20%D8%A3%D9%81%D9%8A%D9%86%D9%8A%D9%88%D8%B2%20%D9%85%D9%88%D9%84&query_place_id=ChIJJQi8_2X_kT4R_wLK-5zn2ss","5",,,
"Cinépolis Cinemas - Oman Avenues Mall سينما سينابولس - مسقط أفينيوز مول","https://www.google.com/maps/search/?api=1&query=Cin%C3%A9polis%20Cinemas%20-%20Oman%20Avenues%20Mall%20%D8%B3%D9%8A%D9%86%D9%85%D8%A7%20%D8%B3%D9%8A%D9%86%D8%A7%D8%A8%D9%88%D9%84%D8%B3%20-%20%D9%85%D8%B3%D9%82%D8%B7%20%D8%A3%D9%81%D9%8A%D9%86%D9%8A%D9%88%D8%B2%20%D9%85%D9%88%D9%84&query_place_id=ChIJJQi8_2X_kT4R_wLK-5zn2ss","5",,,"روعة"
"Cinépolis Cinemas - Oman Avenues Mall سينما سينابولس - مسقط أفينيوز مول","https://www.google.com/maps/search/?api=1&query=Cin%C3%A9polis%20Cinemas%20-%20Oman%20Avenues%20Mall%20%D8%B3%D9%8A%D9%86%D9%85%D8%A7%20%D8%B3%D9%8A%D9%86%D8%A7%D8%A8%D9%88%D9%84%D8%B3%20-%20%D9%85%D8%B3%D9%82%D8%B7%20%D8%A3%D9%81%D9%8A%D9%86%D9%8A%D9%88%D8%B2%20%D9%85%D9%88%D9%84&query_place_id=ChIJJQi8_2X_kT4R_wLK-5zn2ss","1",,,"Unfortunately, this was a disappointing experience. The venue was quite warm and not well-prepared in terms of comfort. The air conditioning was very poor, and the area where we were seated was extremely hot  to the point that our clothes became damp. The “Deluxe” seats were far from comfortable . we truly struggled to enjoy the movie. I had booked 9 tickets with high expectations, but sadly, I left feeling regretful. This was my first and likely my last visit to this branch."
"Cinépolis Cinemas - Oman Avenues Mall سينما سينابولس - مسقط أفينيوز مول","https://www.google.com/maps/search/?api=1&query=Cin%C3%A9polis%20Cinemas%20-%20Oman%20Avenues%20Mall%20%D8%B3%D9%8A%D9%86%D9%85%D8%A7%20%D8%B3%D9%8A%D9%86%D8%A7%D8%A8%D9%88%D9%84%D8%B3%20-%20%D9%85%D8%B3%D9%82%D8%B7%20%D8%A3%D9%81%D9%8A%D9%86%D9%8A%D9%88%D8%B2%20%D9%85%D9%88%D9%84&query_place_id=ChIJJQi8_2X_kT4R_wLK-5zn2ss","1",,,"The worst movie experience ever, first the movie audio is very low, second worst customer service making a big deal out bringing a bottle of water in the movie, thried,  the chair is not comfortable at all. Fourth, the food is expensive. I don’t recommend ."
"Cinépolis Cinemas - Oman Avenues Mall سينما سينابولس - مسقط أفينيوز مول","https://www.google.com/maps/search/?api=1&query=Cin%C3%A9polis%20Cinemas%20-%20Oman%20Avenues%20Mall%20%D8%B3%D9%8A%D9%86%D9%85%D8%A7%20%D8%B3%D9%8A%D9%86%D8%A7%D8%A8%D9%88%D9%84%D8%B3%20-%20%D9%85%D8%B3%D9%82%D8%B7%20%D8%A3%D9%81%D9%8A%D9%86%D9%8A%D9%88%D8%B2%20%D9%85%D9%88%D9%84&query_place_id=ChIJJQi8_2X_kT4R_wLK-5zn2ss","5",,,
"Cinépolis Cinemas - Oman Avenues Mall سينما سينابولس - مسقط أفينيوز مول","https://www.google.com/maps/search/?api=1&query=Cin%C3%A9polis%20Cinemas%20-%20Oman%20Avenues%20Mall%20%D8%B3%D9%8A%D9%86%D9%85%D8%A7%20%D8%B3%D9%8A%D9%86%D8%A7%D8%A8%D9%88%D9%84%D8%B3%20-%20%D9%85%D8%B3%D9%82%D8%B7%20%D8%A3%D9%81%D9%8A%D9%86%D9%8A%D9%88%D8%B2%20%D9%85%D9%88%D9%84&query_place_id=ChIJJQi8_2X_kT4R_wLK-5zn2ss","4",,,
"Cinépolis Cinemas - Oman Avenues Mall سينما سينابولس - مسقط أفينيوز مول","https://www.google.com/maps/search/?api=1&query=Cin%C3%A9polis%20Cinemas%20-%20Oman%20Avenues%20Mall%20%D8%B3%D9%8A%D9%86%D9%85%D8%A7%20%D8%B3%D9%8A%D9%86%D8%A7%D8%A8%D9%88%D9%84%D8%B3%20-%20%D9%85%D8%B3%D9%82%D8%B7%20%D8%A3%D9%81%D9%8A%D9%86%D9%8A%D9%88%D8%B2%20%D9%85%D9%88%D9%84&query_place_id=ChIJJQi8_2X_kT4R_wLK-5zn2ss","5",,,"Ample amount of screens. Comfortable seating. Some screen seating arrangements need to improve, but could be compromised."
"Cinépolis Cinemas - Oman Avenues Mall سينما سينابولس - مسقط أفينيوز مول","https://www.google.com/maps/search/?api=1&query=Cin%C3%A9polis%20Cinemas%20-%20Oman%20Avenues%20Mall%20%D8%B3%D9%8A%D9%86%D9%85%D8%A7%20%D8%B3%D9%8A%D9%86%D8%A7%D8%A8%D9%88%D9%84%D8%B3%20-%20%D9%85%D8%B3%D9%82%D8%B7%20%D8%A3%D9%81%D9%8A%D9%86%D9%8A%D9%88%D8%B2%20%D9%85%D9%88%D9%84&query_place_id=ChIJJQi8_2X_kT4R_wLK-5zn2ss","5",,,
"Cinépolis Cinemas - Oman Avenues Mall سينما سينابولس - مسقط أفينيوز مول","https://www.google.com/maps/search/?api=1&query=Cin%C3%A9polis%20Cinemas%20-%20Oman%20Avenues%20Mall%20%D8%B3%D9%8A%D9%86%D9%85%D8%A7%20%D8%B3%D9%8A%D9%86%D8%A7%D8%A8%D9%88%D9%84%D8%B3%20-%20%D9%85%D8%B3%D9%82%D8%B7%20%D8%A3%D9%81%D9%8A%D9%86%D9%8A%D9%88%D8%B2%20%D9%85%D9%88%D9%84&query_place_id=ChIJJQi8_2X_kT4R_wLK-5zn2ss","1",,,"They show too much attitude in letting in even a water bottle for a baby girl.

The staff act as if they are doing a favour."
"Cinépolis Cinemas - Oasis Mall Salalah","https://www.google.com/maps/search/?api=1&query=Cin%C3%A9polis%20Cinemas%20-%20Oasis%20Mall%20Salalah&query_place_id=ChIJu1Gus4ph0T0RBXrJE1myh7Y","5",,,"Nice place, neat and clean friendly staff, good pictures and enjoying a lot"
"Cinépolis Cinemas - Oasis Mall Salalah","https://www.google.com/maps/search/?api=1&query=Cin%C3%A9polis%20Cinemas%20-%20Oasis%20Mall%20Salalah&query_place_id=ChIJu1Gus4ph0T0RBXrJE1myh7Y","5",,,"A best place to enjoy your favorite movies!
Seats are comfortable,food is great,neat washrooms and friendly staff.
The best cinema in Salalah!"
"Cinépolis Cinemas - Oasis Mall Salalah","https://www.google.com/maps/search/?api=1&query=Cin%C3%A9polis%20Cinemas%20-%20Oasis%20Mall%20Salalah&query_place_id=ChIJu1Gus4ph0T0RBXrJE1myh7Y","5",,,"Tamil movie awesome. Good people kind"
"Cinépolis Cinemas - Oasis Mall Salalah","https://www.google.com/maps/search/?api=1&query=Cin%C3%A9polis%20Cinemas%20-%20Oasis%20Mall%20Salalah&query_place_id=ChIJu1Gus4ph0T0RBXrJE1myh7Y","5",,,"Nice place clean. Gud staff"
"Cinépolis Cinemas - Oasis Mall Salalah","https://www.google.com/maps/search/?api=1&query=Cin%C3%A9polis%20Cinemas%20-%20Oasis%20Mall%20Salalah&query_place_id=ChIJu1Gus4ph0T0RBXrJE1myh7Y","5",,,"i engoyed good served"
"Cinépolis Cinemas - Oasis Mall Salalah","https://www.google.com/maps/search/?api=1&query=Cin%C3%A9polis%20Cinemas%20-%20Oasis%20Mall%20Salalah&query_place_id=ChIJu1Gus4ph0T0RBXrJE1myh7Y","5",,,"Great service. Enjoyed the movie"
"Cinépolis Cinemas - Oasis Mall Salalah","https://www.google.com/maps/search/?api=1&query=Cin%C3%A9polis%20Cinemas%20-%20Oasis%20Mall%20Salalah&query_place_id=ChIJu1Gus4ph0T0RBXrJE1myh7Y","5",,,"Staff is very friendly and accommodating."
"Cinépolis Cinemas - Oasis Mall Salalah","https://www.google.com/maps/search/?api=1&query=Cin%C3%A9polis%20Cinemas%20-%20Oasis%20Mall%20Salalah&query_place_id=ChIJu1Gus4ph0T0RBXrJE1myh7Y","5",,,"Excellent customer service,  explains all offers.

All the best ."
"Cinépolis Cinemas - Oasis Mall Salalah","https://www.google.com/maps/search/?api=1&query=Cin%C3%A9polis%20Cinemas%20-%20Oasis%20Mall%20Salalah&query_place_id=ChIJu1Gus4ph0T0RBXrJE1myh7Y","5",,,
"Cinépolis Cinemas - Oasis Mall Salalah","https://www.google.com/maps/search/?api=1&query=Cin%C3%A9polis%20Cinemas%20-%20Oasis%20Mall%20Salalah&query_place_id=ChIJu1Gus4ph0T0RBXrJE1myh7Y","5",,,
"Cinépolis Cinemas - Oasis Mall Salalah","https://www.google.com/maps/search/?api=1&query=Cin%C3%A9polis%20Cinemas%20-%20Oasis%20Mall%20Salalah&query_place_id=ChIJu1Gus4ph0T0RBXrJE1myh7Y","5",,,
"Cinépolis Cinemas - Oasis Mall Salalah","https://www.google.com/maps/search/?api=1&query=Cin%C3%A9polis%20Cinemas%20-%20Oasis%20Mall%20Salalah&query_place_id=ChIJu1Gus4ph0T0RBXrJE1myh7Y","5",,,"هل سوف يعاد بث فلم كونان 27 مرة اخرى بعد شهر 6؟ اتمنى الاجابة بسرعة"
"Cinépolis Cinemas - Oasis Mall Salalah","https://www.google.com/maps/search/?api=1&query=Cin%C3%A9polis%20Cinemas%20-%20Oasis%20Mall%20Salalah&query_place_id=ChIJu1Gus4ph0T0RBXrJE1myh7Y","5",,,"الله يعطيهم العافيه الشباب ماقصروا
حجزت فلم وللامانه الغلط مني عندي اطفال تحت 15 سنه والفلم يسمح للي أعمارهم فوق ال15 والشباب الي يجزيهم خير كانوا جدا متساعدين وعطوني اكثر من خيار وبنفس الوقت عطوني تذكرتين ب المجان الله يجزيهم خير"
"Cinépolis Cinemas - Oasis Mall Salalah","https://www.google.com/maps/search/?api=1&query=Cin%C3%A9polis%20Cinemas%20-%20Oasis%20Mall%20Salalah&query_place_id=ChIJu1Gus4ph0T0RBXrJE1myh7Y","5",,,
"Cinépolis Cinemas - Oasis Mall Salalah","https://www.google.com/maps/search/?api=1&query=Cin%C3%A9polis%20Cinemas%20-%20Oasis%20Mall%20Salalah&query_place_id=ChIJu1Gus4ph0T0RBXrJE1myh7Y","5",,,
"Cinépolis Cinemas - Oasis Mall Salalah","https://www.google.com/maps/search/?api=1&query=Cin%C3%A9polis%20Cinemas%20-%20Oasis%20Mall%20Salalah&query_place_id=ChIJu1Gus4ph0T0RBXrJE1myh7Y","5",,,"Fantastic support from the staff... Great experience.. 👍 👌"
"Cinépolis Cinemas - Oasis Mall Salalah","https://www.google.com/maps/search/?api=1&query=Cin%C3%A9polis%20Cinemas%20-%20Oasis%20Mall%20Salalah&query_place_id=ChIJu1Gus4ph0T0RBXrJE1myh7Y","4",,,
"Cinépolis Cinemas - Oasis Mall Salalah","https://www.google.com/maps/search/?api=1&query=Cin%C3%A9polis%20Cinemas%20-%20Oasis%20Mall%20Salalah&query_place_id=ChIJu1Gus4ph0T0RBXrJE1myh7Y","5",,,
"Cinépolis Cinemas - Oasis Mall Salalah","https://www.google.com/maps/search/?api=1&query=Cin%C3%A9polis%20Cinemas%20-%20Oasis%20Mall%20Salalah&query_place_id=ChIJu1Gus4ph0T0RBXrJE1myh7Y","5",,,"It's a wonderful experience always to be at Cinepolis. The staff is excellent especially quick to attend the customers..I give 5 star for their kind gesture."
"Cinépolis Cinemas - Oasis Mall Salalah","https://www.google.com/maps/search/?api=1&query=Cin%C3%A9polis%20Cinemas%20-%20Oasis%20Mall%20Salalah&query_place_id=ChIJu1Gus4ph0T0RBXrJE1myh7Y","5",,,"خدمة ممتازه تعامل طيب"
"Cinépolis Cinemas - Oman Avenues Mall سينما سينابولس - مسقط أفينيوز مول","https://www.google.com/maps/search/?api=1&query=Cin%C3%A9polis%20Cinemas%20-%20Oman%20Avenues%20Mall%20%D8%B3%D9%8A%D9%86%D9%85%D8%A7%20%D8%B3%D9%8A%D9%86%D8%A7%D8%A8%D9%88%D9%84%D8%B3%20-%20%D9%85%D8%B3%D9%82%D8%B7%20%D8%A3%D9%81%D9%8A%D9%86%D9%8A%D9%88%D8%B2%20%D9%85%D9%88%D9%84&query_place_id=ChIJJQi8_2X_kT4R_wLK-5zn2ss","5",,,"Nice place to catch movies. But always book your tickets online and visit, that costs u less with all coupons."
"Cinépolis Cinemas - Oman Avenues Mall سينما سينابولس - مسقط أفينيوز مول","https://www.google.com/maps/search/?api=1&query=Cin%C3%A9polis%20Cinemas%20-%20Oman%20Avenues%20Mall%20%D8%B3%D9%8A%D9%86%D9%85%D8%A7%20%D8%B3%D9%8A%D9%86%D8%A7%D8%A8%D9%88%D9%84%D8%B3%20-%20%D9%85%D8%B3%D9%82%D8%B7%20%D8%A3%D9%81%D9%8A%D9%86%D9%8A%D9%88%D8%B2%20%D9%85%D9%88%D9%84&query_place_id=ChIJJQi8_2X_kT4R_wLK-5zn2ss","5",,,"Awesome theaters, clean, good quality audio, very good customer service."
"Cinépolis Cinemas - Oman Avenues Mall سينما سينابولس - مسقط أفينيوز مول","https://www.google.com/maps/search/?api=1&query=Cin%C3%A9polis%20Cinemas%20-%20Oman%20Avenues%20Mall%20%D8%B3%D9%8A%D9%86%D9%85%D8%A7%20%D8%B3%D9%8A%D9%86%D8%A7%D8%A8%D9%88%D9%84%D8%B3%20-%20%D9%85%D8%B3%D9%82%D8%B7%20%D8%A3%D9%81%D9%8A%D9%86%D9%8A%D9%88%D8%B2%20%D9%85%D9%88%D9%84&query_place_id=ChIJJQi8_2X_kT4R_wLK-5zn2ss","5",,,"Super"
"Cinépolis Cinemas - Oman Avenues Mall سينما سينابولس - مسقط أفينيوز مول","https://www.google.com/maps/search/?api=1&query=Cin%C3%A9polis%20Cinemas%20-%20Oman%20Avenues%20Mall%20%D8%B3%D9%8A%D9%86%D9%85%D8%A7%20%D8%B3%D9%8A%D9%86%D8%A7%D8%A8%D9%88%D9%84%D8%B3%20-%20%D9%85%D8%B3%D9%82%D8%B7%20%D8%A3%D9%81%D9%8A%D9%86%D9%8A%D9%88%D8%B2%20%D9%85%D9%88%D9%84&query_place_id=ChIJJQi8_2X_kT4R_wLK-5zn2ss","5",,,
"Cinépolis Cinemas - Oman Avenues Mall سينما سينابولس - مسقط أفينيوز مول","https://www.google.com/maps/search/?api=1&query=Cin%C3%A9polis%20Cinemas%20-%20Oman%20Avenues%20Mall%20%D8%B3%D9%8A%D9%86%D9%85%D8%A7%20%D8%B3%D9%8A%D9%86%D8%A7%D8%A8%D9%88%D9%84%D8%B3%20-%20%D9%85%D8%B3%D9%82%D8%B7%20%D8%A3%D9%81%D9%8A%D9%86%D9%8A%D9%88%D8%B2%20%D9%85%D9%88%D9%84&query_place_id=ChIJJQi8_2X_kT4R_wLK-5zn2ss","4",,,"One of the best multiplex in Oman"
"Cinépolis Cinemas - Oman Avenues Mall سينما سينابولس - مسقط أفينيوز مول","https://www.google.com/maps/search/?api=1&query=Cin%C3%A9polis%20Cinemas%20-%20Oman%20Avenues%20Mall%20%D8%B3%D9%8A%D9%86%D9%85%D8%A7%20%D8%B3%D9%8A%D9%86%D8%A7%D8%A8%D9%88%D9%84%D8%B3%20-%20%D9%85%D8%B3%D9%82%D8%B7%20%D8%A3%D9%81%D9%8A%D9%86%D9%8A%D9%88%D8%B2%20%D9%85%D9%88%D9%84&query_place_id=ChIJJQi8_2X_kT4R_wLK-5zn2ss","3",,,"We’ve been to Al Cinepolis at Oasis Mall more than four times this year—and it’s always been a nice experience. The place has plenty of screens, so you’ve got a lot of choices when it comes to show timings and movies.

What I really appreciate is how neat and clean everything is—from the lobby to the washrooms and especially the comfortable seating in the theaters. You can actually relax and enjoy the movie without distractions.

Another bonus? They often have good offers when you pay with select bank cards, which makes it even more worth it.

Overall, it’s become my preferred place to catch a movie in Muscat. Highly recommended for regular moviegoers looking for comfort and value!"
"Cinépolis Cinemas - Oman Avenues Mall سينما سينابولس - مسقط أفينيوز مول","https://www.google.com/maps/search/?api=1&query=Cin%C3%A9polis%20Cinemas%20-%20Oman%20Avenues%20Mall%20%D8%B3%D9%8A%D9%86%D9%85%D8%A7%20%D8%B3%D9%8A%D9%86%D8%A7%D8%A8%D9%88%D9%84%D8%B3%20-%20%D9%85%D8%B3%D9%82%D8%B7%20%D8%A3%D9%81%D9%8A%D9%86%D9%8A%D9%88%D8%B2%20%D9%85%D9%88%D9%84&query_place_id=ChIJJQi8_2X_kT4R_wLK-5zn2ss","4",,,
"Cinépolis Cinemas - Oman Avenues Mall سينما سينابولس - مسقط أفينيوز مول","https://www.google.com/maps/search/?api=1&query=Cin%C3%A9polis%20Cinemas%20-%20Oman%20Avenues%20Mall%20%D8%B3%D9%8A%D9%86%D9%85%D8%A7%20%D8%B3%D9%8A%D9%86%D8%A7%D8%A8%D9%88%D9%84%D8%B3%20-%20%D9%85%D8%B3%D9%82%D8%B7%20%D8%A3%D9%81%D9%8A%D9%86%D9%8A%D9%88%D8%B2%20%D9%85%D9%88%D9%84&query_place_id=ChIJJQi8_2X_kT4R_wLK-5zn2ss","1",,,"The customer service is appalling. The staff there will not attend keep you waiting for like 10 mins standing and doing nothing. They asked me what I want I said popcorn and straight way billed and pointed to the card machine. I wanted to order more when asked for fries they said it will take a lot of time. May be 15 mins. It’s like they did not want me to order. I asked which screen they just said go in you will find it."
"Cinépolis Cinemas - Oman Avenues Mall سينما سينابولس - مسقط أفينيوز مول","https://www.google.com/maps/search/?api=1&query=Cin%C3%A9polis%20Cinemas%20-%20Oman%20Avenues%20Mall%20%D8%B3%D9%8A%D9%86%D9%85%D8%A7%20%D8%B3%D9%8A%D9%86%D8%A7%D8%A8%D9%88%D9%84%D8%B3%20-%20%D9%85%D8%B3%D9%82%D8%B7%20%D8%A3%D9%81%D9%8A%D9%86%D9%8A%D9%88%D8%B2%20%D9%85%D9%88%D9%84&query_place_id=ChIJJQi8_2X_kT4R_wLK-5zn2ss","1",,,"I’m writing this out of my frustration after facing the same issue during my last four visits to your theater – including the movie  I  watched yesterday(Good Bad Ugly).
The air conditioning inside the screen was completely off . Despite informing your staff multiple times and being told it would be addressed, nothing was done. I filed two complaints yesterday alone, yet there was no follow-up and no resolution. Everyone in the screen was clearly uncomfortable and suffocating, and it seems your team either doesn’t care or is completely unbothered by customer experience.

This level of negligence is absolutely unacceptable. I expect basic amenities like AC when paying for a movie  – this is the basic request If this is the kind of experience you continue to offer, I see no reason to return or recommend your theater to anyone."
"Cinépolis Cinemas - Oman Avenues Mall سينما سينابولس - مسقط أفينيوز مول","https://www.google.com/maps/search/?api=1&query=Cin%C3%A9polis%20Cinemas%20-%20Oman%20Avenues%20Mall%20%D8%B3%D9%8A%D9%86%D9%85%D8%A7%20%D8%B3%D9%8A%D9%86%D8%A7%D8%A8%D9%88%D9%84%D8%B3%20-%20%D9%85%D8%B3%D9%82%D8%B7%20%D8%A3%D9%81%D9%8A%D9%86%D9%8A%D9%88%D8%B2%20%D9%85%D9%88%D9%84&query_place_id=ChIJJQi8_2X_kT4R_wLK-5zn2ss","1",,,"Very very bad sound effects like television good bad ugly tamil movie screen no 5"
"Cinépolis Cinemas - Oman Avenues Mall سينما سينابولس - مسقط أفينيوز مول","https://www.google.com/maps/search/?api=1&query=Cin%C3%A9polis%20Cinemas%20-%20Oman%20Avenues%20Mall%20%D8%B3%D9%8A%D9%86%D9%85%D8%A7%20%D8%B3%D9%8A%D9%86%D8%A7%D8%A8%D9%88%D9%84%D8%B3%20-%20%D9%85%D8%B3%D9%82%D8%B7%20%D8%A3%D9%81%D9%8A%D9%86%D9%8A%D9%88%D8%B2%20%D9%85%D9%88%D9%84&query_place_id=ChIJJQi8_2X_kT4R_wLK-5zn2ss","1",,,"The staff are very rude—they don’t allow us to bring our own water bottles, even though we have kids with us. Water is essential, and every other cinema allows it except Cinepolis.

Additionally, the theater’s quality and seats are much worse compared to other cinemas"
"Cinépolis Cinemas - Oman Avenues Mall سينما سينابولس - مسقط أفينيوز مول","https://www.google.com/maps/search/?api=1&query=Cin%C3%A9polis%20Cinemas%20-%20Oman%20Avenues%20Mall%20%D8%B3%D9%8A%D9%86%D9%85%D8%A7%20%D8%B3%D9%8A%D9%86%D8%A7%D8%A8%D9%88%D9%84%D8%B3%20-%20%D9%85%D8%B3%D9%82%D8%B7%20%D8%A3%D9%81%D9%8A%D9%86%D9%8A%D9%88%D8%B2%20%D9%85%D9%88%D9%84&query_place_id=ChIJJQi8_2X_kT4R_wLK-5zn2ss","5",,,"Multiple theater rooms with good service, excellent staff, and variety of foods."
"Cinépolis Cinemas - Oman Avenues Mall سينما سينابولس - مسقط أفينيوز مول","https://www.google.com/maps/search/?api=1&query=Cin%C3%A9polis%20Cinemas%20-%20Oman%20Avenues%20Mall%20%D8%B3%D9%8A%D9%86%D9%85%D8%A7%20%D8%B3%D9%8A%D9%86%D8%A7%D8%A8%D9%88%D9%84%D8%B3%20-%20%D9%85%D8%B3%D9%82%D8%B7%20%D8%A3%D9%81%D9%8A%D9%86%D9%8A%D9%88%D8%B2%20%D9%85%D9%88%D9%84&query_place_id=ChIJJQi8_2X_kT4R_wLK-5zn2ss","5",,,
"Cinépolis Cinemas - Oman Avenues Mall سينما سينابولس - مسقط أفينيوز مول","https://www.google.com/maps/search/?api=1&query=Cin%C3%A9polis%20Cinemas%20-%20Oman%20Avenues%20Mall%20%D8%B3%D9%8A%D9%86%D9%85%D8%A7%20%D8%B3%D9%8A%D9%86%D8%A7%D8%A8%D9%88%D9%84%D8%B3%20-%20%D9%85%D8%B3%D9%82%D8%B7%20%D8%A3%D9%81%D9%8A%D9%86%D9%8A%D9%88%D8%B2%20%D9%85%D9%88%D9%84&query_place_id=ChIJJQi8_2X_kT4R_wLK-5zn2ss","3",,,"⭐⭐⭐☆☆ (3/5)

Cinépolis at Oman Avenues Mall offers a decent movie experience, but there are areas that need improvement. Parking on the rooftop is the best option since it provides direct access to the cinema, which is quite convenient.

However, I found the display quality disappointing—it leans towards the darker side, making it difficult to fully enjoy the visual effects. The sound system is average and doesn’t provide the immersive experience expected from a premium theater.

I watched Empuraan (Malayalam movie) on Screen 6, and the experience was just okay. Food items and bags are not allowed inside, which can be inconvenient.

The deluxe seating is quite hard, lacking proper cushioning, making it uncomfortable for longer movies. The temperature is set to a normal level, which might be a plus for some, but I personally expected a more chilled environment.

The food section has multiple counters, but during the interval, long queues form, and staff seem insufficient to handle the rush. That said, the staff is very attentive and professional, ensuring smooth service despite the crowd.

Overall, Cinépolis Oman Avenues Mall is average—convenient parking and good staff, but the display, sound quality, and seating comfort could be significantly improved. Would consider visiting again if these issues are addressed."
"Cinépolis Cinemas - Oman Avenues Mall سينما سينابولس - مسقط أفينيوز مول","https://www.google.com/maps/search/?api=1&query=Cin%C3%A9polis%20Cinemas%20-%20Oman%20Avenues%20Mall%20%D8%B3%D9%8A%D9%86%D9%85%D8%A7%20%D8%B3%D9%8A%D9%86%D8%A7%D8%A8%D9%88%D9%84%D8%B3%20-%20%D9%85%D8%B3%D9%82%D8%B7%20%D8%A3%D9%81%D9%8A%D9%86%D9%8A%D9%88%D8%B2%20%D9%85%D9%88%D9%84&query_place_id=ChIJJQi8_2X_kT4R_wLK-5zn2ss","5",,,"Great"
"Cinépolis Cinemas - Oman Avenues Mall سينما سينابولس - مسقط أفينيوز مول","https://www.google.com/maps/search/?api=1&query=Cin%C3%A9polis%20Cinemas%20-%20Oman%20Avenues%20Mall%20%D8%B3%D9%8A%D9%86%D9%85%D8%A7%20%D8%B3%D9%8A%D9%86%D8%A7%D8%A8%D9%88%D9%84%D8%B3%20-%20%D9%85%D8%B3%D9%82%D8%B7%20%D8%A3%D9%81%D9%8A%D9%86%D9%8A%D9%88%D8%B2%20%D9%85%D9%88%D9%84&query_place_id=ChIJJQi8_2X_kT4R_wLK-5zn2ss","3",,,"Cinepolis Oman has a great Macro XE screen, which offers an excellent viewing experience. However, the other screens are below average, with poor color calibration, a dull and dark tone, and a lack of vibrancy in the visuals."
"Cinépolis Cinemas - Oman Avenues Mall سينما سينابولس - مسقط أفينيوز مول","https://www.google.com/maps/search/?api=1&query=Cin%C3%A9polis%20Cinemas%20-%20Oman%20Avenues%20Mall%20%D8%B3%D9%8A%D9%86%D9%85%D8%A7%20%D8%B3%D9%8A%D9%86%D8%A7%D8%A8%D9%88%D9%84%D8%B3%20-%20%D9%85%D8%B3%D9%82%D8%B7%20%D8%A3%D9%81%D9%8A%D9%86%D9%8A%D9%88%D8%B2%20%D9%85%D9%88%D9%84&query_place_id=ChIJJQi8_2X_kT4R_wLK-5zn2ss","4",,,"Their 4d screen cinema is more of a motion ride than 4d screen. Picture quality is average."
"Cinépolis Cinemas - Oman Avenues Mall سينما سينابولس - مسقط أفينيوز مول","https://www.google.com/maps/search/?api=1&query=Cin%C3%A9polis%20Cinemas%20-%20Oman%20Avenues%20Mall%20%D8%B3%D9%8A%D9%86%D9%85%D8%A7%20%D8%B3%D9%8A%D9%86%D8%A7%D8%A8%D9%88%D9%84%D8%B3%20-%20%D9%85%D8%B3%D9%82%D8%B7%20%D8%A3%D9%81%D9%8A%D9%86%D9%8A%D9%88%D8%B2%20%D9%85%D9%88%D9%84&query_place_id=ChIJJQi8_2X_kT4R_wLK-5zn2ss","5",,,"Saud Al Marhoobi was very kind such a great customer service. All the best"
"Cinépolis Cinemas - Oman Avenues Mall سينما سينابولس - مسقط أفينيوز مول","https://www.google.com/maps/search/?api=1&query=Cin%C3%A9polis%20Cinemas%20-%20Oman%20Avenues%20Mall%20%D8%B3%D9%8A%D9%86%D9%85%D8%A7%20%D8%B3%D9%8A%D9%86%D8%A7%D8%A8%D9%88%D9%84%D8%B3%20-%20%D9%85%D8%B3%D9%82%D8%B7%20%D8%A3%D9%81%D9%8A%D9%86%D9%8A%D9%88%D8%B2%20%D9%85%D9%88%D9%84&query_place_id=ChIJJQi8_2X_kT4R_wLK-5zn2ss","4",,,
"Cinépolis Cinemas - Oman Avenues Mall سينما سينابولس - مسقط أفينيوز مول","https://www.google.com/maps/search/?api=1&query=Cin%C3%A9polis%20Cinemas%20-%20Oman%20Avenues%20Mall%20%D8%B3%D9%8A%D9%86%D9%85%D8%A7%20%D8%B3%D9%8A%D9%86%D8%A7%D8%A8%D9%88%D9%84%D8%B3%20-%20%D9%85%D8%B3%D9%82%D8%B7%20%D8%A3%D9%81%D9%8A%D9%86%D9%8A%D9%88%D8%B2%20%D9%85%D9%88%D9%84&query_place_id=ChIJJQi8_2X_kT4R_wLK-5zn2ss","5",,,
"Cinépolis Cinemas - Oasis Mall Salalah","https://www.google.com/maps/search/?api=1&query=Cin%C3%A9polis%20Cinemas%20-%20Oasis%20Mall%20Salalah&query_place_id=ChIJu1Gus4ph0T0RBXrJE1myh7Y","5",,,
"Cinépolis Cinemas - Oasis Mall Salalah","https://www.google.com/maps/search/?api=1&query=Cin%C3%A9polis%20Cinemas%20-%20Oasis%20Mall%20Salalah&query_place_id=ChIJu1Gus4ph0T0RBXrJE1myh7Y","4",,,"Good gob"
"Cinépolis Cinemas - Oasis Mall Salalah","https://www.google.com/maps/search/?api=1&query=Cin%C3%A9polis%20Cinemas%20-%20Oasis%20Mall%20Salalah&query_place_id=ChIJu1Gus4ph0T0RBXrJE1myh7Y","5",,,"Cinépolis cinema my favourite place to watch recent movies the vibe and staffs very kind and helpful thanks Mr. JAYANT help us today keep it up 👏"
"Cinépolis Cinemas - Oasis Mall Salalah","https://www.google.com/maps/search/?api=1&query=Cin%C3%A9polis%20Cinemas%20-%20Oasis%20Mall%20Salalah&query_place_id=ChIJu1Gus4ph0T0RBXrJE1myh7Y","5",,,
"Cinépolis Cinemas - Oasis Mall Salalah","https://www.google.com/maps/search/?api=1&query=Cin%C3%A9polis%20Cinemas%20-%20Oasis%20Mall%20Salalah&query_place_id=ChIJu1Gus4ph0T0RBXrJE1myh7Y","3",,,
"Cinépolis Cinemas - Oasis Mall Salalah","https://www.google.com/maps/search/?api=1&query=Cin%C3%A9polis%20Cinemas%20-%20Oasis%20Mall%20Salalah&query_place_id=ChIJu1Gus4ph0T0RBXrJE1myh7Y","5",,,
"Cinépolis Cinemas - Oasis Mall Salalah","https://www.google.com/maps/search/?api=1&query=Cin%C3%A9polis%20Cinemas%20-%20Oasis%20Mall%20Salalah&query_place_id=ChIJu1Gus4ph0T0RBXrJE1myh7Y","3",,,"Not many people can watch movies in Salalah. Because we are all employees and we have different types of shift times. As many people like me do night shifts, we cannot watch movies in the evening. So if you schedule a morning show, it might be helpful for many people"
"Cinépolis Cinemas - Oasis Mall Salalah","https://www.google.com/maps/search/?api=1&query=Cin%C3%A9polis%20Cinemas%20-%20Oasis%20Mall%20Salalah&query_place_id=ChIJu1Gus4ph0T0RBXrJE1myh7Y","5",,,"It was a great experience.
All the top brands are available here."
"Cinépolis Cinemas - Oasis Mall Salalah","https://www.google.com/maps/search/?api=1&query=Cin%C3%A9polis%20Cinemas%20-%20Oasis%20Mall%20Salalah&query_place_id=ChIJu1Gus4ph0T0RBXrJE1myh7Y","1",,,"if i could rate it less than one star i would"
"Cinépolis Cinemas - Oasis Mall Salalah","https://www.google.com/maps/search/?api=1&query=Cin%C3%A9polis%20Cinemas%20-%20Oasis%20Mall%20Salalah&query_place_id=ChIJu1Gus4ph0T0RBXrJE1myh7Y","1",,,"very poor customer service, poor app& website, no movie versatility"
"Cinépolis Cinemas - Oasis Mall Salalah","https://www.google.com/maps/search/?api=1&query=Cin%C3%A9polis%20Cinemas%20-%20Oasis%20Mall%20Salalah&query_place_id=ChIJu1Gus4ph0T0RBXrJE1myh7Y","4",,,"جيد للتسوق والترفيه"
"Cinépolis Cinemas - Oasis Mall Salalah","https://www.google.com/maps/search/?api=1&query=Cin%C3%A9polis%20Cinemas%20-%20Oasis%20Mall%20Salalah&query_place_id=ChIJu1Gus4ph0T0RBXrJE1myh7Y","1",,,"غير مهتم في التجربه"
"Cinépolis Cinemas - Oasis Mall Salalah","https://www.google.com/maps/search/?api=1&query=Cin%C3%A9polis%20Cinemas%20-%20Oasis%20Mall%20Salalah&query_place_id=ChIJu1Gus4ph0T0RBXrJE1myh7Y","3",,,
"Cinépolis Cinemas - Oasis Mall Salalah","https://www.google.com/maps/search/?api=1&query=Cin%C3%A9polis%20Cinemas%20-%20Oasis%20Mall%20Salalah&query_place_id=ChIJu1Gus4ph0T0RBXrJE1myh7Y","5",,,"ممتاز ممتاز"
"Cinépolis Cinemas - Oasis Mall Salalah","https://www.google.com/maps/search/?api=1&query=Cin%C3%A9polis%20Cinemas%20-%20Oasis%20Mall%20Salalah&query_place_id=ChIJu1Gus4ph0T0RBXrJE1myh7Y","2",,,"I'm really disappointed of replacing the cheese flavored from liquid to powder. Where the taste are totally different and because of that I have totally shifted my interest to competitor of because of the this reason. I hope you your revised your decision because your customer deserve better experience. Please engage for more better customer satisfaction."
"Cinépolis Cinemas - Oasis Mall Salalah","https://www.google.com/maps/search/?api=1&query=Cin%C3%A9polis%20Cinemas%20-%20Oasis%20Mall%20Salalah&query_place_id=ChIJu1Gus4ph0T0RBXrJE1myh7Y","5",,,
"Cinépolis Cinemas - Oasis Mall Salalah","https://www.google.com/maps/search/?api=1&query=Cin%C3%A9polis%20Cinemas%20-%20Oasis%20Mall%20Salalah&query_place_id=ChIJu1Gus4ph0T0RBXrJE1myh7Y","5",,,
"Cinépolis Cinemas - Oasis Mall Salalah","https://www.google.com/maps/search/?api=1&query=Cin%C3%A9polis%20Cinemas%20-%20Oasis%20Mall%20Salalah&query_place_id=ChIJu1Gus4ph0T0RBXrJE1myh7Y","5",,,"Good for entertainment and very near to the town"
"Cinépolis Cinemas - Oasis Mall Salalah","https://www.google.com/maps/search/?api=1&query=Cin%C3%A9polis%20Cinemas%20-%20Oasis%20Mall%20Salalah&query_place_id=ChIJu1Gus4ph0T0RBXrJE1myh7Y","3",,,"Its a good theater"
"Cinépolis Cinemas - Oasis Mall Salalah","https://www.google.com/maps/search/?api=1&query=Cin%C3%A9polis%20Cinemas%20-%20Oasis%20Mall%20Salalah&query_place_id=ChIJu1Gus4ph0T0RBXrJE1myh7Y","4",,,"Nice 🙂"
"Cinépolis Cinemas - Oasis Mall Salalah","https://www.google.com/maps/search/?api=1&query=Cin%C3%A9polis%20Cinemas%20-%20Oasis%20Mall%20Salalah&query_place_id=ChIJu1Gus4ph0T0RBXrJE1myh7Y","5",,,
"Cinépolis Cinemas - Oasis Mall Salalah","https://www.google.com/maps/search/?api=1&query=Cin%C3%A9polis%20Cinemas%20-%20Oasis%20Mall%20Salalah&query_place_id=ChIJu1Gus4ph0T0RBXrJE1myh7Y","4",,,"Loved it"
"Cinépolis Cinemas - Oasis Mall Salalah","https://www.google.com/maps/search/?api=1&query=Cin%C3%A9polis%20Cinemas%20-%20Oasis%20Mall%20Salalah&query_place_id=ChIJu1Gus4ph0T0RBXrJE1myh7Y","5",,,
"Cinépolis Cinemas - Oasis Mall Salalah","https://www.google.com/maps/search/?api=1&query=Cin%C3%A9polis%20Cinemas%20-%20Oasis%20Mall%20Salalah&query_place_id=ChIJu1Gus4ph0T0RBXrJE1myh7Y","1",,,"Screen 2 Sound system was very poor. I went there for the movie Avesham , i feel like im watching the movie on my phone ,such a poor and bass less sound."
"Cinépolis Cinemas - Oasis Mall Salalah","https://www.google.com/maps/search/?api=1&query=Cin%C3%A9polis%20Cinemas%20-%20Oasis%20Mall%20Salalah&query_place_id=ChIJu1Gus4ph0T0RBXrJE1myh7Y","1",,,"Awful experience, I was going to watch ""the first omen"" movie today, and 10 minutes before the movie starts we purchased the tickets and food, and later they told us the movie got delayed for 10-15 minutes because of some technical issues, and then we've waited for a whole hour and we got no apologies from the manger for what happened, and after the movie starts there was an issue with the subtitles during the movie, so we got out the movie and issued a refund, they agreed to refund the tickets but not the food, and after arguing for 10 minutes the refunded the whole thing, the staff were not great handling this situation."
"Cinépolis Cinemas - Oasis Mall Salalah","https://www.google.com/maps/search/?api=1&query=Cin%C3%A9polis%20Cinemas%20-%20Oasis%20Mall%20Salalah&query_place_id=ChIJu1Gus4ph0T0RBXrJE1myh7Y","5",,,"One and only movie theater in Salalah..."
"Cinépolis Cinemas - Oasis Mall Salalah","https://www.google.com/maps/search/?api=1&query=Cin%C3%A9polis%20Cinemas%20-%20Oasis%20Mall%20Salalah&query_place_id=ChIJu1Gus4ph0T0RBXrJE1myh7Y","5",,,
"Cinépolis Cinemas - Oasis Mall Salalah","https://www.google.com/maps/search/?api=1&query=Cin%C3%A9polis%20Cinemas%20-%20Oasis%20Mall%20Salalah&query_place_id=ChIJu1Gus4ph0T0RBXrJE1myh7Y","2",,,"Watched a late night movie. Asked to Have volume turned up. And when looking for staff for assistance no one was available. 🥺"
"Cinépolis Cinemas - Oasis Mall Salalah","https://www.google.com/maps/search/?api=1&query=Cin%C3%A9polis%20Cinemas%20-%20Oasis%20Mall%20Salalah&query_place_id=ChIJu1Gus4ph0T0RBXrJE1myh7Y","5",,,
"Cinépolis Cinemas - Oasis Mall Salalah","https://www.google.com/maps/search/?api=1&query=Cin%C3%A9polis%20Cinemas%20-%20Oasis%20Mall%20Salalah&query_place_id=ChIJu1Gus4ph0T0RBXrJE1myh7Y","5",,,"اجواء جميله وهدوء تااام"
"Cinépolis Cinemas - Oasis Mall Salalah","https://www.google.com/maps/search/?api=1&query=Cin%C3%A9polis%20Cinemas%20-%20Oasis%20Mall%20Salalah&query_place_id=ChIJu1Gus4ph0T0RBXrJE1myh7Y","3",,,"Very good service they have"
"Cinépolis Cinemas - Oasis Mall Salalah","https://www.google.com/maps/search/?api=1&query=Cin%C3%A9polis%20Cinemas%20-%20Oasis%20Mall%20Salalah&query_place_id=ChIJu1Gus4ph0T0RBXrJE1myh7Y","1",,,"ممتاز"
"Cinépolis Cinemas - Oasis Mall Salalah","https://www.google.com/maps/search/?api=1&query=Cin%C3%A9polis%20Cinemas%20-%20Oasis%20Mall%20Salalah&query_place_id=ChIJu1Gus4ph0T0RBXrJE1myh7Y","5",,,
"Cinépolis Cinemas - Oasis Mall Salalah","https://www.google.com/maps/search/?api=1&query=Cin%C3%A9polis%20Cinemas%20-%20Oasis%20Mall%20Salalah&query_place_id=ChIJu1Gus4ph0T0RBXrJE1myh7Y","4",,,
"Cinépolis Cinemas - Oasis Mall Salalah","https://www.google.com/maps/search/?api=1&query=Cin%C3%A9polis%20Cinemas%20-%20Oasis%20Mall%20Salalah&query_place_id=ChIJu1Gus4ph0T0RBXrJE1myh7Y","1",,,"Poor quality"
"Cinépolis Cinemas - Oasis Mall Salalah","https://www.google.com/maps/search/?api=1&query=Cin%C3%A9polis%20Cinemas%20-%20Oasis%20Mall%20Salalah&query_place_id=ChIJu1Gus4ph0T0RBXrJE1myh7Y","5",,,
"Cinépolis Cinemas - Oasis Mall Salalah","https://www.google.com/maps/search/?api=1&query=Cin%C3%A9polis%20Cinemas%20-%20Oasis%20Mall%20Salalah&query_place_id=ChIJu1Gus4ph0T0RBXrJE1myh7Y","5",,,
"Cinépolis Cinemas - Oasis Mall Salalah","https://www.google.com/maps/search/?api=1&query=Cin%C3%A9polis%20Cinemas%20-%20Oasis%20Mall%20Salalah&query_place_id=ChIJu1Gus4ph0T0RBXrJE1myh7Y","5",,,
"Cinépolis Cinemas - Oasis Mall Salalah","https://www.google.com/maps/search/?api=1&query=Cin%C3%A9polis%20Cinemas%20-%20Oasis%20Mall%20Salalah&query_place_id=ChIJu1Gus4ph0T0RBXrJE1myh7Y","1",,,
"Cinépolis Cinemas - Oasis Mall Salalah","https://www.google.com/maps/search/?api=1&query=Cin%C3%A9polis%20Cinemas%20-%20Oasis%20Mall%20Salalah&query_place_id=ChIJu1Gus4ph0T0RBXrJE1myh7Y","4",,,
"Cinépolis Cinemas - Oman Avenues Mall سينما سينابولس - مسقط أفينيوز مول","https://www.google.com/maps/search/?api=1&query=Cin%C3%A9polis%20Cinemas%20-%20Oman%20Avenues%20Mall%20%D8%B3%D9%8A%D9%86%D9%85%D8%A7%20%D8%B3%D9%8A%D9%86%D8%A7%D8%A8%D9%88%D9%84%D8%B3%20-%20%D9%85%D8%B3%D9%82%D8%B7%20%D8%A3%D9%81%D9%8A%D9%86%D9%8A%D9%88%D8%B2%20%D9%85%D9%88%D9%84&query_place_id=ChIJJQi8_2X_kT4R_wLK-5zn2ss","4",,,"All is well"
"Cinépolis Cinemas - Oman Avenues Mall سينما سينابولس - مسقط أفينيوز مول","https://www.google.com/maps/search/?api=1&query=Cin%C3%A9polis%20Cinemas%20-%20Oman%20Avenues%20Mall%20%D8%B3%D9%8A%D9%86%D9%85%D8%A7%20%D8%B3%D9%8A%D9%86%D8%A7%D8%A8%D9%88%D9%84%D8%B3%20-%20%D9%85%D8%B3%D9%82%D8%B7%20%D8%A3%D9%81%D9%8A%D9%86%D9%8A%D9%88%D8%B2%20%D9%85%D9%88%D9%84&query_place_id=ChIJJQi8_2X_kT4R_wLK-5zn2ss","2",,,"Theatres very nice, credit card offer not available all category"
"Cinépolis Cinemas - Oman Avenues Mall سينما سينابولس - مسقط أفينيوز مول","https://www.google.com/maps/search/?api=1&query=Cin%C3%A9polis%20Cinemas%20-%20Oman%20Avenues%20Mall%20%D8%B3%D9%8A%D9%86%D9%85%D8%A7%20%D8%B3%D9%8A%D9%86%D8%A7%D8%A8%D9%88%D9%84%D8%B3%20-%20%D9%85%D8%B3%D9%82%D8%B7%20%D8%A3%D9%81%D9%8A%D9%86%D9%8A%D9%88%D8%B2%20%D9%85%D9%88%D9%84&query_place_id=ChIJJQi8_2X_kT4R_wLK-5zn2ss","1",,,"It is one of the worst places to watch movies, horrible experience, and the staff is the worst of all"
"Cinépolis Cinemas - Oman Avenues Mall سينما سينابولس - مسقط أفينيوز مول","https://www.google.com/maps/search/?api=1&query=Cin%C3%A9polis%20Cinemas%20-%20Oman%20Avenues%20Mall%20%D8%B3%D9%8A%D9%86%D9%85%D8%A7%20%D8%B3%D9%8A%D9%86%D8%A7%D8%A8%D9%88%D9%84%D8%B3%20-%20%D9%85%D8%B3%D9%82%D8%B7%20%D8%A3%D9%81%D9%8A%D9%86%D9%8A%D9%88%D8%B2%20%D9%85%D9%88%D9%84&query_place_id=ChIJJQi8_2X_kT4R_wLK-5zn2ss","1",,,"Staff is very rud and not good for a visitor"
"Cinépolis Cinemas - Oman Avenues Mall سينما سينابولس - مسقط أفينيوز مول","https://www.google.com/maps/search/?api=1&query=Cin%C3%A9polis%20Cinemas%20-%20Oman%20Avenues%20Mall%20%D8%B3%D9%8A%D9%86%D9%85%D8%A7%20%D8%B3%D9%8A%D9%86%D8%A7%D8%A8%D9%88%D9%84%D8%B3%20-%20%D9%85%D8%B3%D9%82%D8%B7%20%D8%A3%D9%81%D9%8A%D9%86%D9%8A%D9%88%D8%B2%20%D9%85%D9%88%D9%84&query_place_id=ChIJJQi8_2X_kT4R_wLK-5zn2ss","5",,,"Excellent 👌🏿
Home of entertainment"
"Cinépolis Cinemas - Oman Avenues Mall سينما سينابولس - مسقط أفينيوز مول","https://www.google.com/maps/search/?api=1&query=Cin%C3%A9polis%20Cinemas%20-%20Oman%20Avenues%20Mall%20%D8%B3%D9%8A%D9%86%D9%85%D8%A7%20%D8%B3%D9%8A%D9%86%D8%A7%D8%A8%D9%88%D9%84%D8%B3%20-%20%D9%85%D8%B3%D9%82%D8%B7%20%D8%A3%D9%81%D9%8A%D9%86%D9%8A%D9%88%D8%B2%20%D9%85%D9%88%D9%84&query_place_id=ChIJJQi8_2X_kT4R_wLK-5zn2ss","5",,,
"Cinépolis Cinemas - Oman Avenues Mall سينما سينابولس - مسقط أفينيوز مول","https://www.google.com/maps/search/?api=1&query=Cin%C3%A9polis%20Cinemas%20-%20Oman%20Avenues%20Mall%20%D8%B3%D9%8A%D9%86%D9%85%D8%A7%20%D8%B3%D9%8A%D9%86%D8%A7%D8%A8%D9%88%D9%84%D8%B3%20-%20%D9%85%D8%B3%D9%82%D8%B7%20%D8%A3%D9%81%D9%8A%D9%86%D9%8A%D9%88%D8%B2%20%D9%85%D9%88%D9%84&query_place_id=ChIJJQi8_2X_kT4R_wLK-5zn2ss","5",,,"അടിപൊളി 🔥🔥"
"Cinépolis Cinemas - Oman Avenues Mall سينما سينابولس - مسقط أفينيوز مول","https://www.google.com/maps/search/?api=1&query=Cin%C3%A9polis%20Cinemas%20-%20Oman%20Avenues%20Mall%20%D8%B3%D9%8A%D9%86%D9%85%D8%A7%20%D8%B3%D9%8A%D9%86%D8%A7%D8%A8%D9%88%D9%84%D8%B3%20-%20%D9%85%D8%B3%D9%82%D8%B7%20%D8%A3%D9%81%D9%8A%D9%86%D9%8A%D9%88%D8%B2%20%D9%85%D9%88%D9%84&query_place_id=ChIJJQi8_2X_kT4R_wLK-5zn2ss","5",,,
"Cinépolis Cinemas - Oman Avenues Mall سينما سينابولس - مسقط أفينيوز مول","https://www.google.com/maps/search/?api=1&query=Cin%C3%A9polis%20Cinemas%20-%20Oman%20Avenues%20Mall%20%D8%B3%D9%8A%D9%86%D9%85%D8%A7%20%D8%B3%D9%8A%D9%86%D8%A7%D8%A8%D9%88%D9%84%D8%B3%20-%20%D9%85%D8%B3%D9%82%D8%B7%20%D8%A3%D9%81%D9%8A%D9%86%D9%8A%D9%88%D8%B2%20%D9%85%D9%88%D9%84&query_place_id=ChIJJQi8_2X_kT4R_wLK-5zn2ss","1",,,"We had a very experience there, I strongly don’t recommend it to anyone."
"Cinépolis Cinemas - Oman Avenues Mall سينما سينابولس - مسقط أفينيوز مول","https://www.google.com/maps/search/?api=1&query=Cin%C3%A9polis%20Cinemas%20-%20Oman%20Avenues%20Mall%20%D8%B3%D9%8A%D9%86%D9%85%D8%A7%20%D8%B3%D9%8A%D9%86%D8%A7%D8%A8%D9%88%D9%84%D8%B3%20-%20%D9%85%D8%B3%D9%82%D8%B7%20%D8%A3%D9%81%D9%8A%D9%86%D9%8A%D9%88%D8%B2%20%D9%85%D9%88%D9%84&query_place_id=ChIJJQi8_2X_kT4R_wLK-5zn2ss","1",,,"Sound quality and picture quality not good"
"Cinépolis Cinemas - Oman Avenues Mall سينما سينابولس - مسقط أفينيوز مول","https://www.google.com/maps/search/?api=1&query=Cin%C3%A9polis%20Cinemas%20-%20Oman%20Avenues%20Mall%20%D8%B3%D9%8A%D9%86%D9%85%D8%A7%20%D8%B3%D9%8A%D9%86%D8%A7%D8%A8%D9%88%D9%84%D8%B3%20-%20%D9%85%D8%B3%D9%82%D8%B7%20%D8%A3%D9%81%D9%8A%D9%86%D9%8A%D9%88%D8%B2%20%D9%85%D9%88%D9%84&query_place_id=ChIJJQi8_2X_kT4R_wLK-5zn2ss","4",,,"Screen 1's awesome for a movie, it's huge compared to the others!  I'd pick that one for the best experience.  The sound's great everywhere, though.  Everything about it is perfect."
"Cinépolis Cinemas - Oman Avenues Mall سينما سينابولس - مسقط أفينيوز مول","https://www.google.com/maps/search/?api=1&query=Cin%C3%A9polis%20Cinemas%20-%20Oman%20Avenues%20Mall%20%D8%B3%D9%8A%D9%86%D9%85%D8%A7%20%D8%B3%D9%8A%D9%86%D8%A7%D8%A8%D9%88%D9%84%D8%B3%20-%20%D9%85%D8%B3%D9%82%D8%B7%20%D8%A3%D9%81%D9%8A%D9%86%D9%8A%D9%88%D8%B2%20%D9%85%D9%88%D9%84&query_place_id=ChIJJQi8_2X_kT4R_wLK-5zn2ss","5",,,
"Cinépolis Cinemas - Oman Avenues Mall سينما سينابولس - مسقط أفينيوز مول","https://www.google.com/maps/search/?api=1&query=Cin%C3%A9polis%20Cinemas%20-%20Oman%20Avenues%20Mall%20%D8%B3%D9%8A%D9%86%D9%85%D8%A7%20%D8%B3%D9%8A%D9%86%D8%A7%D8%A8%D9%88%D9%84%D8%B3%20-%20%D9%85%D8%B3%D9%82%D8%B7%20%D8%A3%D9%81%D9%8A%D9%86%D9%8A%D9%88%D8%B2%20%D9%85%D9%88%D9%84&query_place_id=ChIJJQi8_2X_kT4R_wLK-5zn2ss","5",,,"Wow.."
"Cinépolis Cinemas - Oman Avenues Mall سينما سينابولس - مسقط أفينيوز مول","https://www.google.com/maps/search/?api=1&query=Cin%C3%A9polis%20Cinemas%20-%20Oman%20Avenues%20Mall%20%D8%B3%D9%8A%D9%86%D9%85%D8%A7%20%D8%B3%D9%8A%D9%86%D8%A7%D8%A8%D9%88%D9%84%D8%B3%20-%20%D9%85%D8%B3%D9%82%D8%B7%20%D8%A3%D9%81%D9%8A%D9%86%D9%8A%D9%88%D8%B2%20%D9%85%D9%88%D9%84&query_place_id=ChIJJQi8_2X_kT4R_wLK-5zn2ss","5",,,
"Cinépolis Cinemas - Oman Avenues Mall سينما سينابولس - مسقط أفينيوز مول","https://www.google.com/maps/search/?api=1&query=Cin%C3%A9polis%20Cinemas%20-%20Oman%20Avenues%20Mall%20%D8%B3%D9%8A%D9%86%D9%85%D8%A7%20%D8%B3%D9%8A%D9%86%D8%A7%D8%A8%D9%88%D9%84%D8%B3%20-%20%D9%85%D8%B3%D9%82%D8%B7%20%D8%A3%D9%81%D9%8A%D9%86%D9%8A%D9%88%D8%B2%20%D9%85%D9%88%D9%84&query_place_id=ChIJJQi8_2X_kT4R_wLK-5zn2ss","5",,,"Lot of Screens, Spacious, Managed well, Neat and Clean, good seats, recliner is the best, Good offers with Bank Cards…"
"Cinépolis Cinemas - Oman Avenues Mall سينما سينابولس - مسقط أفينيوز مول","https://www.google.com/maps/search/?api=1&query=Cin%C3%A9polis%20Cinemas%20-%20Oman%20Avenues%20Mall%20%D8%B3%D9%8A%D9%86%D9%85%D8%A7%20%D8%B3%D9%8A%D9%86%D8%A7%D8%A8%D9%88%D9%84%D8%B3%20-%20%D9%85%D8%B3%D9%82%D8%B7%20%D8%A3%D9%81%D9%8A%D9%86%D9%8A%D9%88%D8%B2%20%D9%85%D9%88%D9%84&query_place_id=ChIJJQi8_2X_kT4R_wLK-5zn2ss","5",,,
"Cinépolis Cinemas - Oman Avenues Mall سينما سينابولس - مسقط أفينيوز مول","https://www.google.com/maps/search/?api=1&query=Cin%C3%A9polis%20Cinemas%20-%20Oman%20Avenues%20Mall%20%D8%B3%D9%8A%D9%86%D9%85%D8%A7%20%D8%B3%D9%8A%D9%86%D8%A7%D8%A8%D9%88%D9%84%D8%B3%20-%20%D9%85%D8%B3%D9%82%D8%B7%20%D8%A3%D9%81%D9%8A%D9%86%D9%8A%D9%88%D8%B2%20%D9%85%D9%88%D9%84&query_place_id=ChIJJQi8_2X_kT4R_wLK-5zn2ss","4",,,
"Cinépolis Cinemas - Oman Avenues Mall سينما سينابولس - مسقط أفينيوز مول","https://www.google.com/maps/search/?api=1&query=Cin%C3%A9polis%20Cinemas%20-%20Oman%20Avenues%20Mall%20%D8%B3%D9%8A%D9%86%D9%85%D8%A7%20%D8%B3%D9%8A%D9%86%D8%A7%D8%A8%D9%88%D9%84%D8%B3%20-%20%D9%85%D8%B3%D9%82%D8%B7%20%D8%A3%D9%81%D9%8A%D9%86%D9%8A%D9%88%D8%B2%20%D9%85%D9%88%D9%84&query_place_id=ChIJJQi8_2X_kT4R_wLK-5zn2ss","4",,,
"Cinépolis Cinemas - Oman Avenues Mall سينما سينابولس - مسقط أفينيوز مول","https://www.google.com/maps/search/?api=1&query=Cin%C3%A9polis%20Cinemas%20-%20Oman%20Avenues%20Mall%20%D8%B3%D9%8A%D9%86%D9%85%D8%A7%20%D8%B3%D9%8A%D9%86%D8%A7%D8%A8%D9%88%D9%84%D8%B3%20-%20%D9%85%D8%B3%D9%82%D8%B7%20%D8%A3%D9%81%D9%8A%D9%86%D9%8A%D9%88%D8%B2%20%D9%85%D9%88%D9%84&query_place_id=ChIJJQi8_2X_kT4R_wLK-5zn2ss","1",,,"No sound quality 🤦‍♂️🤦‍♂️🤦‍♂️🤦‍♂️"
"Cinépolis Cinemas - Oman Avenues Mall سينما سينابولس - مسقط أفينيوز مول","https://www.google.com/maps/search/?api=1&query=Cin%C3%A9polis%20Cinemas%20-%20Oman%20Avenues%20Mall%20%D8%B3%D9%8A%D9%86%D9%85%D8%A7%20%D8%B3%D9%8A%D9%86%D8%A7%D8%A8%D9%88%D9%84%D8%B3%20-%20%D9%85%D8%B3%D9%82%D8%B7%20%D8%A3%D9%81%D9%8A%D9%86%D9%8A%D9%88%D8%B2%20%D9%85%D9%88%D9%84&query_place_id=ChIJJQi8_2X_kT4R_wLK-5zn2ss","1",,,"Very bad experience..sound quality and screen quality is very bad..don’t waste your money."
"Cinépolis Cinemas - Oasis Mall Salalah","https://www.google.com/maps/search/?api=1&query=Cin%C3%A9polis%20Cinemas%20-%20Oasis%20Mall%20Salalah&query_place_id=ChIJu1Gus4ph0T0RBXrJE1myh7Y","4",,,
"Cinépolis Cinemas - Oasis Mall Salalah","https://www.google.com/maps/search/?api=1&query=Cin%C3%A9polis%20Cinemas%20-%20Oasis%20Mall%20Salalah&query_place_id=ChIJu1Gus4ph0T0RBXrJE1myh7Y","4",,,
"Cinépolis Cinemas - Oasis Mall Salalah","https://www.google.com/maps/search/?api=1&query=Cin%C3%A9polis%20Cinemas%20-%20Oasis%20Mall%20Salalah&query_place_id=ChIJu1Gus4ph0T0RBXrJE1myh7Y","4",,,
"Cinépolis Cinemas - Oasis Mall Salalah","https://www.google.com/maps/search/?api=1&query=Cin%C3%A9polis%20Cinemas%20-%20Oasis%20Mall%20Salalah&query_place_id=ChIJu1Gus4ph0T0RBXrJE1myh7Y","4",,,"It's a very good place for movie goers. They are the best as of now in Salalah. They do give 50% off on bank muscat and other credit cards. Use them if you can. I watched more than 25 movies here but never had any issues. Ample parking space is available and the ambience is good."
"Cinépolis Cinemas - Oasis Mall Salalah","https://www.google.com/maps/search/?api=1&query=Cin%C3%A9polis%20Cinemas%20-%20Oasis%20Mall%20Salalah&query_place_id=ChIJu1Gus4ph0T0RBXrJE1myh7Y","4",,,
"Cinépolis Cinemas - Oasis Mall Salalah","https://www.google.com/maps/search/?api=1&query=Cin%C3%A9polis%20Cinemas%20-%20Oasis%20Mall%20Salalah&query_place_id=ChIJu1Gus4ph0T0RBXrJE1myh7Y","4",,,
"Cinépolis Cinemas - Oasis Mall Salalah","https://www.google.com/maps/search/?api=1&query=Cin%C3%A9polis%20Cinemas%20-%20Oasis%20Mall%20Salalah&query_place_id=ChIJu1Gus4ph0T0RBXrJE1myh7Y","5",,,"Very Good experience."
"Cinépolis Cinemas - Oasis Mall Salalah","https://www.google.com/maps/search/?api=1&query=Cin%C3%A9polis%20Cinemas%20-%20Oasis%20Mall%20Salalah&query_place_id=ChIJu1Gus4ph0T0RBXrJE1myh7Y","5",,,"Good"
"Cinépolis Cinemas - Oasis Mall Salalah","https://www.google.com/maps/search/?api=1&query=Cin%C3%A9polis%20Cinemas%20-%20Oasis%20Mall%20Salalah&query_place_id=ChIJu1Gus4ph0T0RBXrJE1myh7Y","5",,,"ممتاز"
"Cinépolis Cinemas - Oasis Mall Salalah","https://www.google.com/maps/search/?api=1&query=Cin%C3%A9polis%20Cinemas%20-%20Oasis%20Mall%20Salalah&query_place_id=ChIJu1Gus4ph0T0RBXrJE1myh7Y","1",,,"More than 60% or 70% are indian  movies and the rest for Arabic or Holywood movies as if we are in India. No varieties except for indian nationals. In muscat you can find more varieties.   Very poor management"
"Cinépolis Cinemas - Oasis Mall Salalah","https://www.google.com/maps/search/?api=1&query=Cin%C3%A9polis%20Cinemas%20-%20Oasis%20Mall%20Salalah&query_place_id=ChIJu1Gus4ph0T0RBXrJE1myh7Y","4",,,"جيدة"
"Cinépolis Cinemas - Oasis Mall Salalah","https://www.google.com/maps/search/?api=1&query=Cin%C3%A9polis%20Cinemas%20-%20Oasis%20Mall%20Salalah&query_place_id=ChIJu1Gus4ph0T0RBXrJE1myh7Y","5",,,"جميل جدا ورائع والخدمة ممتازة
ولكن لا يوجد افلام كثيره متوفرة"
"Cinépolis Cinemas - Oasis Mall Salalah","https://www.google.com/maps/search/?api=1&query=Cin%C3%A9polis%20Cinemas%20-%20Oasis%20Mall%20Salalah&query_place_id=ChIJu1Gus4ph0T0RBXrJE1myh7Y","5",,,
"Cinépolis Cinemas - Oasis Mall Salalah","https://www.google.com/maps/search/?api=1&query=Cin%C3%A9polis%20Cinemas%20-%20Oasis%20Mall%20Salalah&query_place_id=ChIJu1Gus4ph0T0RBXrJE1myh7Y","5",,,
"Cinépolis Cinemas - Oasis Mall Salalah","https://www.google.com/maps/search/?api=1&query=Cin%C3%A9polis%20Cinemas%20-%20Oasis%20Mall%20Salalah&query_place_id=ChIJu1Gus4ph0T0RBXrJE1myh7Y","4",,,
"Cinépolis Cinemas - Oasis Mall Salalah","https://www.google.com/maps/search/?api=1&query=Cin%C3%A9polis%20Cinemas%20-%20Oasis%20Mall%20Salalah&query_place_id=ChIJu1Gus4ph0T0RBXrJE1myh7Y","5",,,
"Cinépolis Cinemas - Oasis Mall Salalah","https://www.google.com/maps/search/?api=1&query=Cin%C3%A9polis%20Cinemas%20-%20Oasis%20Mall%20Salalah&query_place_id=ChIJu1Gus4ph0T0RBXrJE1myh7Y","5",,,
"Cinépolis Cinemas - Oasis Mall Salalah","https://www.google.com/maps/search/?api=1&query=Cin%C3%A9polis%20Cinemas%20-%20Oasis%20Mall%20Salalah&query_place_id=ChIJu1Gus4ph0T0RBXrJE1myh7Y","5",,,
"Cinépolis Cinemas - Oasis Mall Salalah","https://www.google.com/maps/search/?api=1&query=Cin%C3%A9polis%20Cinemas%20-%20Oasis%20Mall%20Salalah&query_place_id=ChIJu1Gus4ph0T0RBXrJE1myh7Y","3",,,
"Cinépolis Cinemas - Oasis Mall Salalah","https://www.google.com/maps/search/?api=1&query=Cin%C3%A9polis%20Cinemas%20-%20Oasis%20Mall%20Salalah&query_place_id=ChIJu1Gus4ph0T0RBXrJE1myh7Y","3",,,
"Cinépolis Cinemas - Oasis Mall Salalah","https://www.google.com/maps/search/?api=1&query=Cin%C3%A9polis%20Cinemas%20-%20Oasis%20Mall%20Salalah&query_place_id=ChIJu1Gus4ph0T0RBXrJE1myh7Y","5",,,"Office"
"Cinépolis Cinemas - Oasis Mall Salalah","https://www.google.com/maps/search/?api=1&query=Cin%C3%A9polis%20Cinemas%20-%20Oasis%20Mall%20Salalah&query_place_id=ChIJu1Gus4ph0T0RBXrJE1myh7Y","4",,,"Good but not like inox, imax"
"Cinépolis Cinemas - Oasis Mall Salalah","https://www.google.com/maps/search/?api=1&query=Cin%C3%A9polis%20Cinemas%20-%20Oasis%20Mall%20Salalah&query_place_id=ChIJu1Gus4ph0T0RBXrJE1myh7Y","4",,,
"Cinépolis Cinemas - Oasis Mall Salalah","https://www.google.com/maps/search/?api=1&query=Cin%C3%A9polis%20Cinemas%20-%20Oasis%20Mall%20Salalah&query_place_id=ChIJu1Gus4ph0T0RBXrJE1myh7Y","5",,,
"Cinépolis Cinemas - Oasis Mall Salalah","https://www.google.com/maps/search/?api=1&query=Cin%C3%A9polis%20Cinemas%20-%20Oasis%20Mall%20Salalah&query_place_id=ChIJu1Gus4ph0T0RBXrJE1myh7Y","5",,,
"Cinépolis Cinemas - Oasis Mall Salalah","https://www.google.com/maps/search/?api=1&query=Cin%C3%A9polis%20Cinemas%20-%20Oasis%20Mall%20Salalah&query_place_id=ChIJu1Gus4ph0T0RBXrJE1myh7Y","5",,,
"Cinépolis Cinemas - Oasis Mall Salalah","https://www.google.com/maps/search/?api=1&query=Cin%C3%A9polis%20Cinemas%20-%20Oasis%20Mall%20Salalah&query_place_id=ChIJu1Gus4ph0T0RBXrJE1myh7Y","5",,,
"Cinépolis Cinemas - Oasis Mall Salalah","https://www.google.com/maps/search/?api=1&query=Cin%C3%A9polis%20Cinemas%20-%20Oasis%20Mall%20Salalah&query_place_id=ChIJu1Gus4ph0T0RBXrJE1myh7Y","5",,,
"Cinépolis Cinemas - Oasis Mall Salalah","https://www.google.com/maps/search/?api=1&query=Cin%C3%A9polis%20Cinemas%20-%20Oasis%20Mall%20Salalah&query_place_id=ChIJu1Gus4ph0T0RBXrJE1myh7Y","5",,,"Recliner seat was so comfortable, cozzy, relaxing"
"Cinépolis Cinemas - Oasis Mall Salalah","https://www.google.com/maps/search/?api=1&query=Cin%C3%A9polis%20Cinemas%20-%20Oasis%20Mall%20Salalah&query_place_id=ChIJu1Gus4ph0T0RBXrJE1myh7Y","4",,,
"Cinépolis Cinemas - Oasis Mall Salalah","https://www.google.com/maps/search/?api=1&query=Cin%C3%A9polis%20Cinemas%20-%20Oasis%20Mall%20Salalah&query_place_id=ChIJu1Gus4ph0T0RBXrJE1myh7Y","5",,,
"Cinépolis Cinemas - Oasis Mall Salalah","https://www.google.com/maps/search/?api=1&query=Cin%C3%A9polis%20Cinemas%20-%20Oasis%20Mall%20Salalah&query_place_id=ChIJu1Gus4ph0T0RBXrJE1myh7Y","5",,,"Good theater experience and. Well arranged seeting 🥰"
"Cinépolis Cinemas - Oasis Mall Salalah","https://www.google.com/maps/search/?api=1&query=Cin%C3%A9polis%20Cinemas%20-%20Oasis%20Mall%20Salalah&query_place_id=ChIJu1Gus4ph0T0RBXrJE1myh7Y","5",,,"كانت تجربة رائعه مشاهدة الفيلم مع العائلة والوجبات أسعارها معقوله"
"Cinépolis Cinemas - Oasis Mall Salalah","https://www.google.com/maps/search/?api=1&query=Cin%C3%A9polis%20Cinemas%20-%20Oasis%20Mall%20Salalah&query_place_id=ChIJu1Gus4ph0T0RBXrJE1myh7Y","5",,,"Good"
"Cinépolis Cinemas - Oasis Mall Salalah","https://www.google.com/maps/search/?api=1&query=Cin%C3%A9polis%20Cinemas%20-%20Oasis%20Mall%20Salalah&query_place_id=ChIJu1Gus4ph0T0RBXrJE1myh7Y","5",,,"High class ambience. Excellent audio. Food is very good with service at your seat"
"Cinépolis Cinemas - Oasis Mall Salalah","https://www.google.com/maps/search/?api=1&query=Cin%C3%A9polis%20Cinemas%20-%20Oasis%20Mall%20Salalah&query_place_id=ChIJu1Gus4ph0T0RBXrJE1myh7Y","3",,,
"Cinépolis Cinemas - Oasis Mall Salalah","https://www.google.com/maps/search/?api=1&query=Cin%C3%A9polis%20Cinemas%20-%20Oasis%20Mall%20Salalah&query_place_id=ChIJu1Gus4ph0T0RBXrJE1myh7Y","5",,,"Nice experience"
"Cinépolis Cinemas - Oasis Mall Salalah","https://www.google.com/maps/search/?api=1&query=Cin%C3%A9polis%20Cinemas%20-%20Oasis%20Mall%20Salalah&query_place_id=ChIJu1Gus4ph0T0RBXrJE1myh7Y","5",,,"Clean and neat,  good sound and good seating.  Outside food not allowed even water."
"Cinépolis Cinemas - Oasis Mall Salalah","https://www.google.com/maps/search/?api=1&query=Cin%C3%A9polis%20Cinemas%20-%20Oasis%20Mall%20Salalah&query_place_id=ChIJu1Gus4ph0T0RBXrJE1myh7Y","5",,,
"Cinépolis Cinemas - Oasis Mall Salalah","https://www.google.com/maps/search/?api=1&query=Cin%C3%A9polis%20Cinemas%20-%20Oasis%20Mall%20Salalah&query_place_id=ChIJu1Gus4ph0T0RBXrJE1myh7Y","5",,,
"Cinépolis Cinemas - Oman Avenues Mall سينما سينابولس - مسقط أفينيوز مول","https://www.google.com/maps/search/?api=1&query=Cin%C3%A9polis%20Cinemas%20-%20Oman%20Avenues%20Mall%20%D8%B3%D9%8A%D9%86%D9%85%D8%A7%20%D8%B3%D9%8A%D9%86%D8%A7%D8%A8%D9%88%D9%84%D8%B3%20-%20%D9%85%D8%B3%D9%82%D8%B7%20%D8%A3%D9%81%D9%8A%D9%86%D9%8A%D9%88%D8%B2%20%D9%85%D9%88%D9%84&query_place_id=ChIJJQi8_2X_kT4R_wLK-5zn2ss","5",,,"Great experience"
"Cinépolis Cinemas - Oman Avenues Mall سينما سينابولس - مسقط أفينيوز مول","https://www.google.com/maps/search/?api=1&query=Cin%C3%A9polis%20Cinemas%20-%20Oman%20Avenues%20Mall%20%D8%B3%D9%8A%D9%86%D9%85%D8%A7%20%D8%B3%D9%8A%D9%86%D8%A7%D8%A8%D9%88%D9%84%D8%B3%20-%20%D9%85%D8%B3%D9%82%D8%B7%20%D8%A3%D9%81%D9%8A%D9%86%D9%8A%D9%88%D8%B2%20%D9%85%D9%88%D9%84&query_place_id=ChIJJQi8_2X_kT4R_wLK-5zn2ss","5",,,
"Cinépolis Cinemas - Oman Avenues Mall سينما سينابولس - مسقط أفينيوز مول","https://www.google.com/maps/search/?api=1&query=Cin%C3%A9polis%20Cinemas%20-%20Oman%20Avenues%20Mall%20%D8%B3%D9%8A%D9%86%D9%85%D8%A7%20%D8%B3%D9%8A%D9%86%D8%A7%D8%A8%D9%88%D9%84%D8%B3%20-%20%D9%85%D8%B3%D9%82%D8%B7%20%D8%A3%D9%81%D9%8A%D9%86%D9%8A%D9%88%D8%B2%20%D9%85%D9%88%D9%84&query_place_id=ChIJJQi8_2X_kT4R_wLK-5zn2ss","1",,,"The sound quality was very poor. Cinema 1, which is the largest screen, was where we watched the movie Marco. Unfortunately, the sound was comparable to that of an average grade-C theater."
"Cinépolis Cinemas - Oman Avenues Mall سينما سينابولس - مسقط أفينيوز مول","https://www.google.com/maps/search/?api=1&query=Cin%C3%A9polis%20Cinemas%20-%20Oman%20Avenues%20Mall%20%D8%B3%D9%8A%D9%86%D9%85%D8%A7%20%D8%B3%D9%8A%D9%86%D8%A7%D8%A8%D9%88%D9%84%D8%B3%20-%20%D9%85%D8%B3%D9%82%D8%B7%20%D8%A3%D9%81%D9%8A%D9%86%D9%8A%D9%88%D8%B2%20%D9%85%D9%88%D9%84&query_place_id=ChIJJQi8_2X_kT4R_wLK-5zn2ss","5",,,
"Cinépolis Cinemas - Oman Avenues Mall سينما سينابولس - مسقط أفينيوز مول","https://www.google.com/maps/search/?api=1&query=Cin%C3%A9polis%20Cinemas%20-%20Oman%20Avenues%20Mall%20%D8%B3%D9%8A%D9%86%D9%85%D8%A7%20%D8%B3%D9%8A%D9%86%D8%A7%D8%A8%D9%88%D9%84%D8%B3%20-%20%D9%85%D8%B3%D9%82%D8%B7%20%D8%A3%D9%81%D9%8A%D9%86%D9%8A%D9%88%D8%B2%20%D9%85%D9%88%D9%84&query_place_id=ChIJJQi8_2X_kT4R_wLK-5zn2ss","3",,,
"Cinépolis Cinemas - Oman Avenues Mall سينما سينابولس - مسقط أفينيوز مول","https://www.google.com/maps/search/?api=1&query=Cin%C3%A9polis%20Cinemas%20-%20Oman%20Avenues%20Mall%20%D8%B3%D9%8A%D9%86%D9%85%D8%A7%20%D8%B3%D9%8A%D9%86%D8%A7%D8%A8%D9%88%D9%84%D8%B3%20-%20%D9%85%D8%B3%D9%82%D8%B7%20%D8%A3%D9%81%D9%8A%D9%86%D9%8A%D9%88%D8%B2%20%D9%85%D9%88%D9%84&query_place_id=ChIJJQi8_2X_kT4R_wLK-5zn2ss","5",,,
"Cinépolis Cinemas - Oman Avenues Mall سينما سينابولس - مسقط أفينيوز مول","https://www.google.com/maps/search/?api=1&query=Cin%C3%A9polis%20Cinemas%20-%20Oman%20Avenues%20Mall%20%D8%B3%D9%8A%D9%86%D9%85%D8%A7%20%D8%B3%D9%8A%D9%86%D8%A7%D8%A8%D9%88%D9%84%D8%B3%20-%20%D9%85%D8%B3%D9%82%D8%B7%20%D8%A3%D9%81%D9%8A%D9%86%D9%8A%D9%88%D8%B2%20%D9%85%D9%88%D9%84&query_place_id=ChIJJQi8_2X_kT4R_wLK-5zn2ss","5",,,
"Cinépolis Cinemas - Oman Avenues Mall سينما سينابولس - مسقط أفينيوز مول","https://www.google.com/maps/search/?api=1&query=Cin%C3%A9polis%20Cinemas%20-%20Oman%20Avenues%20Mall%20%D8%B3%D9%8A%D9%86%D9%85%D8%A7%20%D8%B3%D9%8A%D9%86%D8%A7%D8%A8%D9%88%D9%84%D8%B3%20-%20%D9%85%D8%B3%D9%82%D8%B7%20%D8%A3%D9%81%D9%8A%D9%86%D9%8A%D9%88%D8%B2%20%D9%85%D9%88%D9%84&query_place_id=ChIJJQi8_2X_kT4R_wLK-5zn2ss","1",,,"I have to select one star to write the review, but i wish to select zero star. Very bad experience. Security staff is very rude and have disrespectful behaviour. They dont even know how to speak. I would prefer going to VOX cinemas."
"Cinépolis Cinemas - Oman Avenues Mall سينما سينابولس - مسقط أفينيوز مول","https://www.google.com/maps/search/?api=1&query=Cin%C3%A9polis%20Cinemas%20-%20Oman%20Avenues%20Mall%20%D8%B3%D9%8A%D9%86%D9%85%D8%A7%20%D8%B3%D9%8A%D9%86%D8%A7%D8%A8%D9%88%D9%84%D8%B3%20-%20%D9%85%D8%B3%D9%82%D8%B7%20%D8%A3%D9%81%D9%8A%D9%86%D9%8A%D9%88%D8%B2%20%D9%85%D9%88%D9%84&query_place_id=ChIJJQi8_2X_kT4R_wLK-5zn2ss","5",,,"Good"
"Cinépolis Cinemas - Oman Avenues Mall سينما سينابولس - مسقط أفينيوز مول","https://www.google.com/maps/search/?api=1&query=Cin%C3%A9polis%20Cinemas%20-%20Oman%20Avenues%20Mall%20%D8%B3%D9%8A%D9%86%D9%85%D8%A7%20%D8%B3%D9%8A%D9%86%D8%A7%D8%A8%D9%88%D9%84%D8%B3%20-%20%D9%85%D8%B3%D9%82%D8%B7%20%D8%A3%D9%81%D9%8A%D9%86%D9%8A%D9%88%D8%B2%20%D9%85%D9%88%D9%84&query_place_id=ChIJJQi8_2X_kT4R_wLK-5zn2ss","5",,,
"Cinépolis Cinemas - Oman Avenues Mall سينما سينابولس - مسقط أفينيوز مول","https://www.google.com/maps/search/?api=1&query=Cin%C3%A9polis%20Cinemas%20-%20Oman%20Avenues%20Mall%20%D8%B3%D9%8A%D9%86%D9%85%D8%A7%20%D8%B3%D9%8A%D9%86%D8%A7%D8%A8%D9%88%D9%84%D8%B3%20-%20%D9%85%D8%B3%D9%82%D8%B7%20%D8%A3%D9%81%D9%8A%D9%86%D9%8A%D9%88%D8%B2%20%D9%85%D9%88%D9%84&query_place_id=ChIJJQi8_2X_kT4R_wLK-5zn2ss","5",,,
"Cinépolis Cinemas - Oman Avenues Mall سينما سينابولس - مسقط أفينيوز مول","https://www.google.com/maps/search/?api=1&query=Cin%C3%A9polis%20Cinemas%20-%20Oman%20Avenues%20Mall%20%D8%B3%D9%8A%D9%86%D9%85%D8%A7%20%D8%B3%D9%8A%D9%86%D8%A7%D8%A8%D9%88%D9%84%D8%B3%20-%20%D9%85%D8%B3%D9%82%D8%B7%20%D8%A3%D9%81%D9%8A%D9%86%D9%8A%D9%88%D8%B2%20%D9%85%D9%88%D9%84&query_place_id=ChIJJQi8_2X_kT4R_wLK-5zn2ss","1",,,"No Dolby atmos
Macro XE is fake
No video clarity"
"Cinépolis Cinemas - Oman Avenues Mall سينما سينابولس - مسقط أفينيوز مول","https://www.google.com/maps/search/?api=1&query=Cin%C3%A9polis%20Cinemas%20-%20Oman%20Avenues%20Mall%20%D8%B3%D9%8A%D9%86%D9%85%D8%A7%20%D8%B3%D9%8A%D9%86%D8%A7%D8%A8%D9%88%D9%84%D8%B3%20-%20%D9%85%D8%B3%D9%82%D8%B7%20%D8%A3%D9%81%D9%8A%D9%86%D9%8A%D9%88%D8%B2%20%D9%85%D9%88%D9%84&query_place_id=ChIJJQi8_2X_kT4R_wLK-5zn2ss","1",,,
"Cinépolis Cinemas - Oman Avenues Mall سينما سينابولس - مسقط أفينيوز مول","https://www.google.com/maps/search/?api=1&query=Cin%C3%A9polis%20Cinemas%20-%20Oman%20Avenues%20Mall%20%D8%B3%D9%8A%D9%86%D9%85%D8%A7%20%D8%B3%D9%8A%D9%86%D8%A7%D8%A8%D9%88%D9%84%D8%B3%20-%20%D9%85%D8%B3%D9%82%D8%B7%20%D8%A3%D9%81%D9%8A%D9%86%D9%8A%D9%88%D8%B2%20%D9%85%D9%88%D9%84&query_place_id=ChIJJQi8_2X_kT4R_wLK-5zn2ss","2",,,"Good theatre... the only problem is their online booking media.. THE WORST APP experience and Website experience"
"Cinépolis Cinemas - Oman Avenues Mall سينما سينابولس - مسقط أفينيوز مول","https://www.google.com/maps/search/?api=1&query=Cin%C3%A9polis%20Cinemas%20-%20Oman%20Avenues%20Mall%20%D8%B3%D9%8A%D9%86%D9%85%D8%A7%20%D8%B3%D9%8A%D9%86%D8%A7%D8%A8%D9%88%D9%84%D8%B3%20-%20%D9%85%D8%B3%D9%82%D8%B7%20%D8%A3%D9%81%D9%8A%D9%86%D9%8A%D9%88%D8%B2%20%D9%85%D9%88%D9%84&query_place_id=ChIJJQi8_2X_kT4R_wLK-5zn2ss","5",,,
"Cinépolis Cinemas - Oman Avenues Mall سينما سينابولس - مسقط أفينيوز مول","https://www.google.com/maps/search/?api=1&query=Cin%C3%A9polis%20Cinemas%20-%20Oman%20Avenues%20Mall%20%D8%B3%D9%8A%D9%86%D9%85%D8%A7%20%D8%B3%D9%8A%D9%86%D8%A7%D8%A8%D9%88%D9%84%D8%B3%20-%20%D9%85%D8%B3%D9%82%D8%B7%20%D8%A3%D9%81%D9%8A%D9%86%D9%8A%D9%88%D8%B2%20%D9%85%D9%88%D9%84&query_place_id=ChIJJQi8_2X_kT4R_wLK-5zn2ss","5",,,
"Cinépolis Cinemas - Oman Avenues Mall سينما سينابولس - مسقط أفينيوز مول","https://www.google.com/maps/search/?api=1&query=Cin%C3%A9polis%20Cinemas%20-%20Oman%20Avenues%20Mall%20%D8%B3%D9%8A%D9%86%D9%85%D8%A7%20%D8%B3%D9%8A%D9%86%D8%A7%D8%A8%D9%88%D9%84%D8%B3%20-%20%D9%85%D8%B3%D9%82%D8%B7%20%D8%A3%D9%81%D9%8A%D9%86%D9%8A%D9%88%D8%B2%20%D9%85%D9%88%D9%84&query_place_id=ChIJJQi8_2X_kT4R_wLK-5zn2ss","2",,,"I attended a 10:50 PM showing at Cinepolis, but the screen stayed off until 10:55 PM with no communication from staff. The delay disrupted the experience, and I hope the management improves punctuality and communication in the future.

In Addition,  the standard seats are so uncomfortable!"
"Cinépolis Cinemas - Oman Avenues Mall سينما سينابولس - مسقط أفينيوز مول","https://www.google.com/maps/search/?api=1&query=Cin%C3%A9polis%20Cinemas%20-%20Oman%20Avenues%20Mall%20%D8%B3%D9%8A%D9%86%D9%85%D8%A7%20%D8%B3%D9%8A%D9%86%D8%A7%D8%A8%D9%88%D9%84%D8%B3%20-%20%D9%85%D8%B3%D9%82%D8%B7%20%D8%A3%D9%81%D9%8A%D9%86%D9%8A%D9%88%D8%B2%20%D9%85%D9%88%D9%84&query_place_id=ChIJJQi8_2X_kT4R_wLK-5zn2ss","1",,,"The worst cinema ever do come the app is hanging and the.p"
"Cinépolis Cinemas - Oman Avenues Mall سينما سينابولس - مسقط أفينيوز مول","https://www.google.com/maps/search/?api=1&query=Cin%C3%A9polis%20Cinemas%20-%20Oman%20Avenues%20Mall%20%D8%B3%D9%8A%D9%86%D9%85%D8%A7%20%D8%B3%D9%8A%D9%86%D8%A7%D8%A8%D9%88%D9%84%D8%B3%20-%20%D9%85%D8%B3%D9%82%D8%B7%20%D8%A3%D9%81%D9%8A%D9%86%D9%8A%D9%88%D8%B2%20%D9%85%D9%88%D9%84&query_place_id=ChIJJQi8_2X_kT4R_wLK-5zn2ss","5",,,
"Cinépolis Cinemas - Oman Avenues Mall سينما سينابولس - مسقط أفينيوز مول","https://www.google.com/maps/search/?api=1&query=Cin%C3%A9polis%20Cinemas%20-%20Oman%20Avenues%20Mall%20%D8%B3%D9%8A%D9%86%D9%85%D8%A7%20%D8%B3%D9%8A%D9%86%D8%A7%D8%A8%D9%88%D9%84%D8%B3%20-%20%D9%85%D8%B3%D9%82%D8%B7%20%D8%A3%D9%81%D9%8A%D9%86%D9%8A%D9%88%D8%B2%20%D9%85%D9%88%D9%84&query_place_id=ChIJJQi8_2X_kT4R_wLK-5zn2ss","5",,,
"Cinépolis Cinemas - Oasis Mall Salalah","https://www.google.com/maps/search/?api=1&query=Cin%C3%A9polis%20Cinemas%20-%20Oasis%20Mall%20Salalah&query_place_id=ChIJu1Gus4ph0T0RBXrJE1myh7Y","4",,,"Very good shopping mall"
"Cinépolis Cinemas - Oasis Mall Salalah","https://www.google.com/maps/search/?api=1&query=Cin%C3%A9polis%20Cinemas%20-%20Oasis%20Mall%20Salalah&query_place_id=ChIJu1Gus4ph0T0RBXrJE1myh7Y","5",,,
"Cinépolis Cinemas - Oasis Mall Salalah","https://www.google.com/maps/search/?api=1&query=Cin%C3%A9polis%20Cinemas%20-%20Oasis%20Mall%20Salalah&query_place_id=ChIJu1Gus4ph0T0RBXrJE1myh7Y","4",,,
"Cinépolis Cinemas - Oasis Mall Salalah","https://www.google.com/maps/search/?api=1&query=Cin%C3%A9polis%20Cinemas%20-%20Oasis%20Mall%20Salalah&query_place_id=ChIJu1Gus4ph0T0RBXrJE1myh7Y","5",,,
"Cinépolis Cinemas - Oasis Mall Salalah","https://www.google.com/maps/search/?api=1&query=Cin%C3%A9polis%20Cinemas%20-%20Oasis%20Mall%20Salalah&query_place_id=ChIJu1Gus4ph0T0RBXrJE1myh7Y","1",,,
"Cinépolis Cinemas - Oasis Mall Salalah","https://www.google.com/maps/search/?api=1&query=Cin%C3%A9polis%20Cinemas%20-%20Oasis%20Mall%20Salalah&query_place_id=ChIJu1Gus4ph0T0RBXrJE1myh7Y","5",,,"Very good theatre experience and excellent staff support 👌👌"
"Cinépolis Cinemas - Oasis Mall Salalah","https://www.google.com/maps/search/?api=1&query=Cin%C3%A9polis%20Cinemas%20-%20Oasis%20Mall%20Salalah&query_place_id=ChIJu1Gus4ph0T0RBXrJE1myh7Y","5",,,"Nice place to watch movies, good experience"
"Cinépolis Cinemas - Oasis Mall Salalah","https://www.google.com/maps/search/?api=1&query=Cin%C3%A9polis%20Cinemas%20-%20Oasis%20Mall%20Salalah&query_place_id=ChIJu1Gus4ph0T0RBXrJE1myh7Y","4",,,"خدمة الوجبات كنت بطيئه جداا"
"Cinépolis Cinemas - Oasis Mall Salalah","https://www.google.com/maps/search/?api=1&query=Cin%C3%A9polis%20Cinemas%20-%20Oasis%20Mall%20Salalah&query_place_id=ChIJu1Gus4ph0T0RBXrJE1myh7Y","3",,,"عين دما، هي عين ماء تقع بمحميه جبل قهوان."
"Cinépolis Cinemas - Oasis Mall Salalah","https://www.google.com/maps/search/?api=1&query=Cin%C3%A9polis%20Cinemas%20-%20Oasis%20Mall%20Salalah&query_place_id=ChIJu1Gus4ph0T0RBXrJE1myh7Y","2",,,"Today i come to watch the movie kannur squad with my family.  3 hours film litterlay needs a half time for more than 10 minute,if you go for rest room their is a normal que and then i just go to buy some popcorn staff told me to follow the line. Following the rule is not a problem. Problem was more than 25 people in a row for buying tickets for the next show . If iam following the line, i will miss the movie scenes.i just came back to watch movies without buying popcorn movie was already  started."
"Cinépolis Cinemas - Oasis Mall Salalah","https://www.google.com/maps/search/?api=1&query=Cin%C3%A9polis%20Cinemas%20-%20Oasis%20Mall%20Salalah&query_place_id=ChIJu1Gus4ph0T0RBXrJE1myh7Y","3",,,
"Cinépolis Cinemas - Oasis Mall Salalah","https://www.google.com/maps/search/?api=1&query=Cin%C3%A9polis%20Cinemas%20-%20Oasis%20Mall%20Salalah&query_place_id=ChIJu1Gus4ph0T0RBXrJE1myh7Y","2",,,
"Cinépolis Cinemas - Oasis Mall Salalah","https://www.google.com/maps/search/?api=1&query=Cin%C3%A9polis%20Cinemas%20-%20Oasis%20Mall%20Salalah&query_place_id=ChIJu1Gus4ph0T0RBXrJE1myh7Y","4",,,
"Cinépolis Cinemas - Oasis Mall Salalah","https://www.google.com/maps/search/?api=1&query=Cin%C3%A9polis%20Cinemas%20-%20Oasis%20Mall%20Salalah&query_place_id=ChIJu1Gus4ph0T0RBXrJE1myh7Y","5",,,"مكان جميل ومقاعد مريحة .. للاسف اصبح المكان الوحيد المتوفر كسينما بصلالة .."
"Cinépolis Cinemas - Oasis Mall Salalah","https://www.google.com/maps/search/?api=1&query=Cin%C3%A9polis%20Cinemas%20-%20Oasis%20Mall%20Salalah&query_place_id=ChIJu1Gus4ph0T0RBXrJE1myh7Y","5",,,
"Cinépolis Cinemas - Oasis Mall Salalah","https://www.google.com/maps/search/?api=1&query=Cin%C3%A9polis%20Cinemas%20-%20Oasis%20Mall%20Salalah&query_place_id=ChIJu1Gus4ph0T0RBXrJE1myh7Y","4",,,
"Cinépolis Cinemas - Oasis Mall Salalah","https://www.google.com/maps/search/?api=1&query=Cin%C3%A9polis%20Cinemas%20-%20Oasis%20Mall%20Salalah&query_place_id=ChIJu1Gus4ph0T0RBXrJE1myh7Y","5",,,"Nice"
"Cinépolis Cinemas - Oasis Mall Salalah","https://www.google.com/maps/search/?api=1&query=Cin%C3%A9polis%20Cinemas%20-%20Oasis%20Mall%20Salalah&query_place_id=ChIJu1Gus4ph0T0RBXrJE1myh7Y","5",,,"Good facilities"
"Cinépolis Cinemas - Oasis Mall Salalah","https://www.google.com/maps/search/?api=1&query=Cin%C3%A9polis%20Cinemas%20-%20Oasis%20Mall%20Salalah&query_place_id=ChIJu1Gus4ph0T0RBXrJE1myh7Y","5",,,"ممتاز"
"Cinépolis Cinemas - Oasis Mall Salalah","https://www.google.com/maps/search/?api=1&query=Cin%C3%A9polis%20Cinemas%20-%20Oasis%20Mall%20Salalah&query_place_id=ChIJu1Gus4ph0T0RBXrJE1myh7Y","3",,,"Not bad"
"Cinépolis Cinemas - Oman Avenues Mall سينما سينابولس - مسقط أفينيوز مول","https://www.google.com/maps/search/?api=1&query=Cin%C3%A9polis%20Cinemas%20-%20Oman%20Avenues%20Mall%20%D8%B3%D9%8A%D9%86%D9%85%D8%A7%20%D8%B3%D9%8A%D9%86%D8%A7%D8%A8%D9%88%D9%84%D8%B3%20-%20%D9%85%D8%B3%D9%82%D8%B7%20%D8%A3%D9%81%D9%8A%D9%86%D9%8A%D9%88%D8%B2%20%D9%85%D9%88%D9%84&query_place_id=ChIJJQi8_2X_kT4R_wLK-5zn2ss","5",,,
"Cinépolis Cinemas - Oman Avenues Mall سينما سينابولس - مسقط أفينيوز مول","https://www.google.com/maps/search/?api=1&query=Cin%C3%A9polis%20Cinemas%20-%20Oman%20Avenues%20Mall%20%D8%B3%D9%8A%D9%86%D9%85%D8%A7%20%D8%B3%D9%8A%D9%86%D8%A7%D8%A8%D9%88%D9%84%D8%B3%20-%20%D9%85%D8%B3%D9%82%D8%B7%20%D8%A3%D9%81%D9%8A%D9%86%D9%8A%D9%88%D8%B2%20%D9%85%D9%88%D9%84&query_place_id=ChIJJQi8_2X_kT4R_wLK-5zn2ss","5",,,
"Cinépolis Cinemas - Oman Avenues Mall سينما سينابولس - مسقط أفينيوز مول","https://www.google.com/maps/search/?api=1&query=Cin%C3%A9polis%20Cinemas%20-%20Oman%20Avenues%20Mall%20%D8%B3%D9%8A%D9%86%D9%85%D8%A7%20%D8%B3%D9%8A%D9%86%D8%A7%D8%A8%D9%88%D9%84%D8%B3%20-%20%D9%85%D8%B3%D9%82%D8%B7%20%D8%A3%D9%81%D9%8A%D9%86%D9%8A%D9%88%D8%B2%20%D9%85%D9%88%D9%84&query_place_id=ChIJJQi8_2X_kT4R_wLK-5zn2ss","5",,,"Good sound quality as well as viewing experience
Their seats are really good specially premium"
"Cinépolis Cinemas - Oman Avenues Mall سينما سينابولس - مسقط أفينيوز مول","https://www.google.com/maps/search/?api=1&query=Cin%C3%A9polis%20Cinemas%20-%20Oman%20Avenues%20Mall%20%D8%B3%D9%8A%D9%86%D9%85%D8%A7%20%D8%B3%D9%8A%D9%86%D8%A7%D8%A8%D9%88%D9%84%D8%B3%20-%20%D9%85%D8%B3%D9%82%D8%B7%20%D8%A3%D9%81%D9%8A%D9%86%D9%8A%D9%88%D8%B2%20%D9%85%D9%88%D9%84&query_place_id=ChIJJQi8_2X_kT4R_wLK-5zn2ss","5",,,"This is an excellent cinema theatre and especially a great experience for children. Apart from watching films, children can play on the slides and the play area built around the screen. The seats are also great and the place is neatly maintained. Washrooms and snack areas and options are good. We can also celebrate birthdays here. Overall a great experience."
"Cinépolis Cinemas - Oman Avenues Mall سينما سينابولس - مسقط أفينيوز مول","https://www.google.com/maps/search/?api=1&query=Cin%C3%A9polis%20Cinemas%20-%20Oman%20Avenues%20Mall%20%D8%B3%D9%8A%D9%86%D9%85%D8%A7%20%D8%B3%D9%8A%D9%86%D8%A7%D8%A8%D9%88%D9%84%D8%B3%20-%20%D9%85%D8%B3%D9%82%D8%B7%20%D8%A3%D9%81%D9%8A%D9%86%D9%8A%D9%88%D8%B2%20%D9%85%D9%88%D9%84&query_place_id=ChIJJQi8_2X_kT4R_wLK-5zn2ss","5",,,
"Cinépolis Cinemas - Oman Avenues Mall سينما سينابولس - مسقط أفينيوز مول","https://www.google.com/maps/search/?api=1&query=Cin%C3%A9polis%20Cinemas%20-%20Oman%20Avenues%20Mall%20%D8%B3%D9%8A%D9%86%D9%85%D8%A7%20%D8%B3%D9%8A%D9%86%D8%A7%D8%A8%D9%88%D9%84%D8%B3%20-%20%D9%85%D8%B3%D9%82%D8%B7%20%D8%A3%D9%81%D9%8A%D9%86%D9%8A%D9%88%D8%B2%20%D9%85%D9%88%D9%84&query_place_id=ChIJJQi8_2X_kT4R_wLK-5zn2ss","5",,,"One of the best Cinema in Oman with good hospitality and with full comfortable sits and good Housekeeping."
"Cinépolis Cinemas - Oman Avenues Mall سينما سينابولس - مسقط أفينيوز مول","https://www.google.com/maps/search/?api=1&query=Cin%C3%A9polis%20Cinemas%20-%20Oman%20Avenues%20Mall%20%D8%B3%D9%8A%D9%86%D9%85%D8%A7%20%D8%B3%D9%8A%D9%86%D8%A7%D8%A8%D9%88%D9%84%D8%B3%20-%20%D9%85%D8%B3%D9%82%D8%B7%20%D8%A3%D9%81%D9%8A%D9%86%D9%8A%D9%88%D8%B2%20%D9%85%D9%88%D9%84&query_place_id=ChIJJQi8_2X_kT4R_wLK-5zn2ss","4",,,
"Cinépolis Cinemas - Oman Avenues Mall سينما سينابولس - مسقط أفينيوز مول","https://www.google.com/maps/search/?api=1&query=Cin%C3%A9polis%20Cinemas%20-%20Oman%20Avenues%20Mall%20%D8%B3%D9%8A%D9%86%D9%85%D8%A7%20%D8%B3%D9%8A%D9%86%D8%A7%D8%A8%D9%88%D9%84%D8%B3%20-%20%D9%85%D8%B3%D9%82%D8%B7%20%D8%A3%D9%81%D9%8A%D9%86%D9%8A%D9%88%D8%B2%20%D9%85%D9%88%D9%84&query_place_id=ChIJJQi8_2X_kT4R_wLK-5zn2ss","4",,,"It's good"
"Cinépolis Cinemas - Oman Avenues Mall سينما سينابولس - مسقط أفينيوز مول","https://www.google.com/maps/search/?api=1&query=Cin%C3%A9polis%20Cinemas%20-%20Oman%20Avenues%20Mall%20%D8%B3%D9%8A%D9%86%D9%85%D8%A7%20%D8%B3%D9%8A%D9%86%D8%A7%D8%A8%D9%88%D9%84%D8%B3%20-%20%D9%85%D8%B3%D9%82%D8%B7%20%D8%A3%D9%81%D9%8A%D9%86%D9%8A%D9%88%D8%B2%20%D9%85%D9%88%D9%84&query_place_id=ChIJJQi8_2X_kT4R_wLK-5zn2ss","1",,,
"Cinépolis Cinemas - Oman Avenues Mall سينما سينابولس - مسقط أفينيوز مول","https://www.google.com/maps/search/?api=1&query=Cin%C3%A9polis%20Cinemas%20-%20Oman%20Avenues%20Mall%20%D8%B3%D9%8A%D9%86%D9%85%D8%A7%20%D8%B3%D9%8A%D9%86%D8%A7%D8%A8%D9%88%D9%84%D8%B3%20-%20%D9%85%D8%B3%D9%82%D8%B7%20%D8%A3%D9%81%D9%8A%D9%86%D9%8A%D9%88%D8%B2%20%D9%85%D9%88%D9%84&query_place_id=ChIJJQi8_2X_kT4R_wLK-5zn2ss","5",,,"المكان مرتب وجدا ممتاز"
"Cinépolis Cinemas - Oman Avenues Mall سينما سينابولس - مسقط أفينيوز مول","https://www.google.com/maps/search/?api=1&query=Cin%C3%A9polis%20Cinemas%20-%20Oman%20Avenues%20Mall%20%D8%B3%D9%8A%D9%86%D9%85%D8%A7%20%D8%B3%D9%8A%D9%86%D8%A7%D8%A8%D9%88%D9%84%D8%B3%20-%20%D9%85%D8%B3%D9%82%D8%B7%20%D8%A3%D9%81%D9%8A%D9%86%D9%8A%D9%88%D8%B2%20%D9%85%D9%88%D9%84&query_place_id=ChIJJQi8_2X_kT4R_wLK-5zn2ss","5",,,"Very nice and flexible and helpful"
"Cinépolis Cinemas - Oman Avenues Mall سينما سينابولس - مسقط أفينيوز مول","https://www.google.com/maps/search/?api=1&query=Cin%C3%A9polis%20Cinemas%20-%20Oman%20Avenues%20Mall%20%D8%B3%D9%8A%D9%86%D9%85%D8%A7%20%D8%B3%D9%8A%D9%86%D8%A7%D8%A8%D9%88%D9%84%D8%B3%20-%20%D9%85%D8%B3%D9%82%D8%B7%20%D8%A3%D9%81%D9%8A%D9%86%D9%8A%D9%88%D8%B2%20%D9%85%D9%88%D9%84&query_place_id=ChIJJQi8_2X_kT4R_wLK-5zn2ss","5",,,"Good Theatres,Macro, Kids, Luxury, with big parking available at Avenues roof top"
"Cinépolis Cinemas - Oman Avenues Mall سينما سينابولس - مسقط أفينيوز مول","https://www.google.com/maps/search/?api=1&query=Cin%C3%A9polis%20Cinemas%20-%20Oman%20Avenues%20Mall%20%D8%B3%D9%8A%D9%86%D9%85%D8%A7%20%D8%B3%D9%8A%D9%86%D8%A7%D8%A8%D9%88%D9%84%D8%B3%20-%20%D9%85%D8%B3%D9%82%D8%B7%20%D8%A3%D9%81%D9%8A%D9%86%D9%8A%D9%88%D8%B2%20%D9%85%D9%88%D9%84&query_place_id=ChIJJQi8_2X_kT4R_wLK-5zn2ss","5",,,"CINE POLIS  cinemas is very good ambience and snacks"
"Cinépolis Cinemas - Oman Avenues Mall سينما سينابولس - مسقط أفينيوز مول","https://www.google.com/maps/search/?api=1&query=Cin%C3%A9polis%20Cinemas%20-%20Oman%20Avenues%20Mall%20%D8%B3%D9%8A%D9%86%D9%85%D8%A7%20%D8%B3%D9%8A%D9%86%D8%A7%D8%A8%D9%88%D9%84%D8%B3%20-%20%D9%85%D8%B3%D9%82%D8%B7%20%D8%A3%D9%81%D9%8A%D9%86%D9%8A%D9%88%D8%B2%20%D9%85%D9%88%D9%84&query_place_id=ChIJJQi8_2X_kT4R_wLK-5zn2ss","5",,,
"Cinépolis Cinemas - Oman Avenues Mall سينما سينابولس - مسقط أفينيوز مول","https://www.google.com/maps/search/?api=1&query=Cin%C3%A9polis%20Cinemas%20-%20Oman%20Avenues%20Mall%20%D8%B3%D9%8A%D9%86%D9%85%D8%A7%20%D8%B3%D9%8A%D9%86%D8%A7%D8%A8%D9%88%D9%84%D8%B3%20-%20%D9%85%D8%B3%D9%82%D8%B7%20%D8%A3%D9%81%D9%8A%D9%86%D9%8A%D9%88%D8%B2%20%D9%85%D9%88%D9%84&query_place_id=ChIJJQi8_2X_kT4R_wLK-5zn2ss","5",,,
"Cinépolis Cinemas - Oman Avenues Mall سينما سينابولس - مسقط أفينيوز مول","https://www.google.com/maps/search/?api=1&query=Cin%C3%A9polis%20Cinemas%20-%20Oman%20Avenues%20Mall%20%D8%B3%D9%8A%D9%86%D9%85%D8%A7%20%D8%B3%D9%8A%D9%86%D8%A7%D8%A8%D9%88%D9%84%D8%B3%20-%20%D9%85%D8%B3%D9%82%D8%B7%20%D8%A3%D9%81%D9%8A%D9%86%D9%8A%D9%88%D8%B2%20%D9%85%D9%88%D9%84&query_place_id=ChIJJQi8_2X_kT4R_wLK-5zn2ss","5",,,"Lovely experience..... I watched Oppenheimer and Furiosa at this place.  It's a quality place, and they have lots of screens for different movies. Sound and picture quality was good. I had a comfortable movie experience. Highly recommend this place...."
"Cinépolis Cinemas - Oman Avenues Mall سينما سينابولس - مسقط أفينيوز مول","https://www.google.com/maps/search/?api=1&query=Cin%C3%A9polis%20Cinemas%20-%20Oman%20Avenues%20Mall%20%D8%B3%D9%8A%D9%86%D9%85%D8%A7%20%D8%B3%D9%8A%D9%86%D8%A7%D8%A8%D9%88%D9%84%D8%B3%20-%20%D9%85%D8%B3%D9%82%D8%B7%20%D8%A3%D9%81%D9%8A%D9%86%D9%8A%D9%88%D8%B2%20%D9%85%D9%88%D9%84&query_place_id=ChIJJQi8_2X_kT4R_wLK-5zn2ss","4",,,"Good"
"Cinépolis Cinemas - Oman Avenues Mall سينما سينابولس - مسقط أفينيوز مول","https://www.google.com/maps/search/?api=1&query=Cin%C3%A9polis%20Cinemas%20-%20Oman%20Avenues%20Mall%20%D8%B3%D9%8A%D9%86%D9%85%D8%A7%20%D8%B3%D9%8A%D9%86%D8%A7%D8%A8%D9%88%D9%84%D8%B3%20-%20%D9%85%D8%B3%D9%82%D8%B7%20%D8%A3%D9%81%D9%8A%D9%86%D9%8A%D9%88%D8%B2%20%D9%85%D9%88%D9%84&query_place_id=ChIJJQi8_2X_kT4R_wLK-5zn2ss","1",,,"One of the waste google sites in my experience"
"Cinépolis Cinemas - Oman Avenues Mall سينما سينابولس - مسقط أفينيوز مول","https://www.google.com/maps/search/?api=1&query=Cin%C3%A9polis%20Cinemas%20-%20Oman%20Avenues%20Mall%20%D8%B3%D9%8A%D9%86%D9%85%D8%A7%20%D8%B3%D9%8A%D9%86%D8%A7%D8%A8%D9%88%D9%84%D8%B3%20-%20%D9%85%D8%B3%D9%82%D8%B7%20%D8%A3%D9%81%D9%8A%D9%86%D9%8A%D9%88%D8%B2%20%D9%85%D9%88%D9%84&query_place_id=ChIJJQi8_2X_kT4R_wLK-5zn2ss","4",,,
"Cinépolis Cinemas - Oman Avenues Mall سينما سينابولس - مسقط أفينيوز مول","https://www.google.com/maps/search/?api=1&query=Cin%C3%A9polis%20Cinemas%20-%20Oman%20Avenues%20Mall%20%D8%B3%D9%8A%D9%86%D9%85%D8%A7%20%D8%B3%D9%8A%D9%86%D8%A7%D8%A8%D9%88%D9%84%D8%B3%20-%20%D9%85%D8%B3%D9%82%D8%B7%20%D8%A3%D9%81%D9%8A%D9%86%D9%8A%D9%88%D8%B2%20%D9%85%D9%88%D9%84&query_place_id=ChIJJQi8_2X_kT4R_wLK-5zn2ss","1",,,"Hi,
I'm have tried to call the customer service in Oman avenues mall but no answer.
Regarding my ticket money refund (Ref no: 105009632084), I have booked on 22/08 worth 6.8 OMR but the ticket booking was failed, also they debit the amount from my account.
As they promised in the attached statement with refund reference number, now it's been more than 20 days but no refund yet.

Please credit the same account to my bank account or you may have to answer legally which affect the reputation."
"Cinépolis Cinemas - Oasis Mall Salalah","https://www.google.com/maps/search/?api=1&query=Cin%C3%A9polis%20Cinemas%20-%20Oasis%20Mall%20Salalah&query_place_id=ChIJu1Gus4ph0T0RBXrJE1myh7Y","5",,,
"Cinépolis Cinemas - Oasis Mall Salalah","https://www.google.com/maps/search/?api=1&query=Cin%C3%A9polis%20Cinemas%20-%20Oasis%20Mall%20Salalah&query_place_id=ChIJu1Gus4ph0T0RBXrJE1myh7Y","1",,,"The taste and smell of popcorn has changed since 1 month. Smells horrible and weird. The only reason people still go here is because currently they have no competition. Its just a sad state of affairs. Can't wait for another cinema to open in grand mall salalah. Will never order again."
"Cinépolis Cinemas - Oasis Mall Salalah","https://www.google.com/maps/search/?api=1&query=Cin%C3%A9polis%20Cinemas%20-%20Oasis%20Mall%20Salalah&query_place_id=ChIJu1Gus4ph0T0RBXrJE1myh7Y","5",,,
"Cinépolis Cinemas - Oasis Mall Salalah","https://www.google.com/maps/search/?api=1&query=Cin%C3%A9polis%20Cinemas%20-%20Oasis%20Mall%20Salalah&query_place_id=ChIJu1Gus4ph0T0RBXrJE1myh7Y","5",,,
"Cinépolis Cinemas - Oasis Mall Salalah","https://www.google.com/maps/search/?api=1&query=Cin%C3%A9polis%20Cinemas%20-%20Oasis%20Mall%20Salalah&query_place_id=ChIJu1Gus4ph0T0RBXrJE1myh7Y","3",,,
"Cinépolis Cinemas - Oasis Mall Salalah","https://www.google.com/maps/search/?api=1&query=Cin%C3%A9polis%20Cinemas%20-%20Oasis%20Mall%20Salalah&query_place_id=ChIJu1Gus4ph0T0RBXrJE1myh7Y","4",,,
"Cinépolis Cinemas - Oasis Mall Salalah","https://www.google.com/maps/search/?api=1&query=Cin%C3%A9polis%20Cinemas%20-%20Oasis%20Mall%20Salalah&query_place_id=ChIJu1Gus4ph0T0RBXrJE1myh7Y","4",,,
"Cinépolis Cinemas - Oasis Mall Salalah","https://www.google.com/maps/search/?api=1&query=Cin%C3%A9polis%20Cinemas%20-%20Oasis%20Mall%20Salalah&query_place_id=ChIJu1Gus4ph0T0RBXrJE1myh7Y","4",,,
"Cinépolis Cinemas - Oasis Mall Salalah","https://www.google.com/maps/search/?api=1&query=Cin%C3%A9polis%20Cinemas%20-%20Oasis%20Mall%20Salalah&query_place_id=ChIJu1Gus4ph0T0RBXrJE1myh7Y","5",,,"Nice experience"
"Cinépolis Cinemas - Oasis Mall Salalah","https://www.google.com/maps/search/?api=1&query=Cin%C3%A9polis%20Cinemas%20-%20Oasis%20Mall%20Salalah&query_place_id=ChIJu1Gus4ph0T0RBXrJE1myh7Y","3",,,
"Cinépolis Cinemas - Oasis Mall Salalah","https://www.google.com/maps/search/?api=1&query=Cin%C3%A9polis%20Cinemas%20-%20Oasis%20Mall%20Salalah&query_place_id=ChIJu1Gus4ph0T0RBXrJE1myh7Y","5",,,
"Cinépolis Cinemas - Oasis Mall Salalah","https://www.google.com/maps/search/?api=1&query=Cin%C3%A9polis%20Cinemas%20-%20Oasis%20Mall%20Salalah&query_place_id=ChIJu1Gus4ph0T0RBXrJE1myh7Y","5",,,
"Cinépolis Cinemas - Oasis Mall Salalah","https://www.google.com/maps/search/?api=1&query=Cin%C3%A9polis%20Cinemas%20-%20Oasis%20Mall%20Salalah&query_place_id=ChIJu1Gus4ph0T0RBXrJE1myh7Y","5",,,
"Cinépolis Cinemas - Oasis Mall Salalah","https://www.google.com/maps/search/?api=1&query=Cin%C3%A9polis%20Cinemas%20-%20Oasis%20Mall%20Salalah&query_place_id=ChIJu1Gus4ph0T0RBXrJE1myh7Y","5",,,
"Cinépolis Cinemas - Oasis Mall Salalah","https://www.google.com/maps/search/?api=1&query=Cin%C3%A9polis%20Cinemas%20-%20Oasis%20Mall%20Salalah&query_place_id=ChIJu1Gus4ph0T0RBXrJE1myh7Y","5",,,
"Cinépolis Cinemas - Oasis Mall Salalah","https://www.google.com/maps/search/?api=1&query=Cin%C3%A9polis%20Cinemas%20-%20Oasis%20Mall%20Salalah&query_place_id=ChIJu1Gus4ph0T0RBXrJE1myh7Y","4",,,
"Cinépolis Cinemas - Oasis Mall Salalah","https://www.google.com/maps/search/?api=1&query=Cin%C3%A9polis%20Cinemas%20-%20Oasis%20Mall%20Salalah&query_place_id=ChIJu1Gus4ph0T0RBXrJE1myh7Y","5",,,"Super 👌"
"Cinépolis Cinemas - Oasis Mall Salalah","https://www.google.com/maps/search/?api=1&query=Cin%C3%A9polis%20Cinemas%20-%20Oasis%20Mall%20Salalah&query_place_id=ChIJu1Gus4ph0T0RBXrJE1myh7Y","3",,,"جيد"
"Cinépolis Cinemas - Oasis Mall Salalah","https://www.google.com/maps/search/?api=1&query=Cin%C3%A9polis%20Cinemas%20-%20Oasis%20Mall%20Salalah&query_place_id=ChIJu1Gus4ph0T0RBXrJE1myh7Y","5",,,"مكان راقي وجميل"
"Cinépolis Cinemas - Oasis Mall Salalah","https://www.google.com/maps/search/?api=1&query=Cin%C3%A9polis%20Cinemas%20-%20Oasis%20Mall%20Salalah&query_place_id=ChIJu1Gus4ph0T0RBXrJE1myh7Y","4",,,
"Cinépolis Cinemas - Oman Avenues Mall سينما سينابولس - مسقط أفينيوز مول","https://www.google.com/maps/search/?api=1&query=Cin%C3%A9polis%20Cinemas%20-%20Oman%20Avenues%20Mall%20%D8%B3%D9%8A%D9%86%D9%85%D8%A7%20%D8%B3%D9%8A%D9%86%D8%A7%D8%A8%D9%88%D9%84%D8%B3%20-%20%D9%85%D8%B3%D9%82%D8%B7%20%D8%A3%D9%81%D9%8A%D9%86%D9%8A%D9%88%D8%B2%20%D9%85%D9%88%D9%84&query_place_id=ChIJJQi8_2X_kT4R_wLK-5zn2ss","3",,,"Good Theatre with all features but only thing  which troubled me there is Air conditioning.Ac was  not working properly and we struggle if it's a houseful show."
"Cinépolis Cinemas - Oman Avenues Mall سينما سينابولس - مسقط أفينيوز مول","https://www.google.com/maps/search/?api=1&query=Cin%C3%A9polis%20Cinemas%20-%20Oman%20Avenues%20Mall%20%D8%B3%D9%8A%D9%86%D9%85%D8%A7%20%D8%B3%D9%8A%D9%86%D8%A7%D8%A8%D9%88%D9%84%D8%B3%20-%20%D9%85%D8%B3%D9%82%D8%B7%20%D8%A3%D9%81%D9%8A%D9%86%D9%8A%D9%88%D8%B2%20%D9%85%D9%88%D9%84&query_place_id=ChIJJQi8_2X_kT4R_wLK-5zn2ss","5",,,
"Cinépolis Cinemas - Oman Avenues Mall سينما سينابولس - مسقط أفينيوز مول","https://www.google.com/maps/search/?api=1&query=Cin%C3%A9polis%20Cinemas%20-%20Oman%20Avenues%20Mall%20%D8%B3%D9%8A%D9%86%D9%85%D8%A7%20%D8%B3%D9%8A%D9%86%D8%A7%D8%A8%D9%88%D9%84%D8%B3%20-%20%D9%85%D8%B3%D9%82%D8%B7%20%D8%A3%D9%81%D9%8A%D9%86%D9%8A%D9%88%D8%B2%20%D9%85%D9%88%D9%84&query_place_id=ChIJJQi8_2X_kT4R_wLK-5zn2ss","5",,,"More pilipino movies to be shown
Thank you ms. Olivia and ms. Christina to assist us❤️"
"Cinépolis Cinemas - Oman Avenues Mall سينما سينابولس - مسقط أفينيوز مول","https://www.google.com/maps/search/?api=1&query=Cin%C3%A9polis%20Cinemas%20-%20Oman%20Avenues%20Mall%20%D8%B3%D9%8A%D9%86%D9%85%D8%A7%20%D8%B3%D9%8A%D9%86%D8%A7%D8%A8%D9%88%D9%84%D8%B3%20-%20%D9%85%D8%B3%D9%82%D8%B7%20%D8%A3%D9%81%D9%8A%D9%86%D9%8A%D9%88%D8%B2%20%D9%85%D9%88%D9%84&query_place_id=ChIJJQi8_2X_kT4R_wLK-5zn2ss","5",,,
"Cinépolis Cinemas - Oman Avenues Mall سينما سينابولس - مسقط أفينيوز مول","https://www.google.com/maps/search/?api=1&query=Cin%C3%A9polis%20Cinemas%20-%20Oman%20Avenues%20Mall%20%D8%B3%D9%8A%D9%86%D9%85%D8%A7%20%D8%B3%D9%8A%D9%86%D8%A7%D8%A8%D9%88%D9%84%D8%B3%20-%20%D9%85%D8%B3%D9%82%D8%B7%20%D8%A3%D9%81%D9%8A%D9%86%D9%8A%D9%88%D8%B2%20%D9%85%D9%88%D9%84&query_place_id=ChIJJQi8_2X_kT4R_wLK-5zn2ss","5",,,"thank you for having the filipino movie “unhappy for you”. watching it makes me feel just like home. cinepolis-Oman avenues branch really has great, approachable and smiling staff… most especially Ms. Khristina and Ms Olivia… they are so friendly and can suggests great movies… thats why every weekend we make sure to watch movies in Cinepolis Avenues mall…"
"Cinépolis Cinemas - Oman Avenues Mall سينما سينابولس - مسقط أفينيوز مول","https://www.google.com/maps/search/?api=1&query=Cin%C3%A9polis%20Cinemas%20-%20Oman%20Avenues%20Mall%20%D8%B3%D9%8A%D9%86%D9%85%D8%A7%20%D8%B3%D9%8A%D9%86%D8%A7%D8%A8%D9%88%D9%84%D8%B3%20-%20%D9%85%D8%B3%D9%82%D8%B7%20%D8%A3%D9%81%D9%8A%D9%86%D9%8A%D9%88%D8%B2%20%D9%85%D9%88%D9%84&query_place_id=ChIJJQi8_2X_kT4R_wLK-5zn2ss","5",,,"Someone has to do it 😔 -ZY
Clean place with comfy seats."
"Cinépolis Cinemas - Oman Avenues Mall سينما سينابولس - مسقط أفينيوز مول","https://www.google.com/maps/search/?api=1&query=Cin%C3%A9polis%20Cinemas%20-%20Oman%20Avenues%20Mall%20%D8%B3%D9%8A%D9%86%D9%85%D8%A7%20%D8%B3%D9%8A%D9%86%D8%A7%D8%A8%D9%88%D9%84%D8%B3%20-%20%D9%85%D8%B3%D9%82%D8%B7%20%D8%A3%D9%81%D9%8A%D9%86%D9%8A%D9%88%D8%B2%20%D9%85%D9%88%D9%84&query_place_id=ChIJJQi8_2X_kT4R_wLK-5zn2ss","5",,,
"Cinépolis Cinemas - Oman Avenues Mall سينما سينابولس - مسقط أفينيوز مول","https://www.google.com/maps/search/?api=1&query=Cin%C3%A9polis%20Cinemas%20-%20Oman%20Avenues%20Mall%20%D8%B3%D9%8A%D9%86%D9%85%D8%A7%20%D8%B3%D9%8A%D9%86%D8%A7%D8%A8%D9%88%D9%84%D8%B3%20-%20%D9%85%D8%B3%D9%82%D8%B7%20%D8%A3%D9%81%D9%8A%D9%86%D9%8A%D9%88%D8%B2%20%D9%85%D9%88%D9%84&query_place_id=ChIJJQi8_2X_kT4R_wLK-5zn2ss","5",,,
"Cinépolis Cinemas - Oman Avenues Mall سينما سينابولس - مسقط أفينيوز مول","https://www.google.com/maps/search/?api=1&query=Cin%C3%A9polis%20Cinemas%20-%20Oman%20Avenues%20Mall%20%D8%B3%D9%8A%D9%86%D9%85%D8%A7%20%D8%B3%D9%8A%D9%86%D8%A7%D8%A8%D9%88%D9%84%D8%B3%20-%20%D9%85%D8%B3%D9%82%D8%B7%20%D8%A3%D9%81%D9%8A%D9%86%D9%8A%D9%88%D8%B2%20%D9%85%D9%88%D9%84&query_place_id=ChIJJQi8_2X_kT4R_wLK-5zn2ss","5",,,
"Cinépolis Cinemas - Oman Avenues Mall سينما سينابولس - مسقط أفينيوز مول","https://www.google.com/maps/search/?api=1&query=Cin%C3%A9polis%20Cinemas%20-%20Oman%20Avenues%20Mall%20%D8%B3%D9%8A%D9%86%D9%85%D8%A7%20%D8%B3%D9%8A%D9%86%D8%A7%D8%A8%D9%88%D9%84%D8%B3%20-%20%D9%85%D8%B3%D9%82%D8%B7%20%D8%A3%D9%81%D9%8A%D9%86%D9%8A%D9%88%D8%B2%20%D9%85%D9%88%D9%84&query_place_id=ChIJJQi8_2X_kT4R_wLK-5zn2ss","2",,,"All non indian movies have very bad schedule or non-standard cinema. Cinema is nice"
"Cinépolis Cinemas - Oman Avenues Mall سينما سينابولس - مسقط أفينيوز مول","https://www.google.com/maps/search/?api=1&query=Cin%C3%A9polis%20Cinemas%20-%20Oman%20Avenues%20Mall%20%D8%B3%D9%8A%D9%86%D9%85%D8%A7%20%D8%B3%D9%8A%D9%86%D8%A7%D8%A8%D9%88%D9%84%D8%B3%20-%20%D9%85%D8%B3%D9%82%D8%B7%20%D8%A3%D9%81%D9%8A%D9%86%D9%8A%D9%88%D8%B2%20%D9%85%D9%88%D9%84&query_place_id=ChIJJQi8_2X_kT4R_wLK-5zn2ss","5",,,"Kudos & Big Applause to the booking team, especially Mr. Rutendo who helped to reschedule the tickets due to my unfortunate situation. He is very polite and supportive and I would recommend cinepolis Oman for it's quality and friendly after sales support staff like Mr. Rutendo."
"Cinépolis Cinemas - Oman Avenues Mall سينما سينابولس - مسقط أفينيوز مول","https://www.google.com/maps/search/?api=1&query=Cin%C3%A9polis%20Cinemas%20-%20Oman%20Avenues%20Mall%20%D8%B3%D9%8A%D9%86%D9%85%D8%A7%20%D8%B3%D9%8A%D9%86%D8%A7%D8%A8%D9%88%D9%84%D8%B3%20-%20%D9%85%D8%B3%D9%82%D8%B7%20%D8%A3%D9%81%D9%8A%D9%86%D9%8A%D9%88%D8%B2%20%D9%85%D9%88%D9%84&query_place_id=ChIJJQi8_2X_kT4R_wLK-5zn2ss","3",,,"Screens are standard size (comparatively screen size is short) and among 10 to 11 screens only 1 macro XE screen is available"
"Cinépolis Cinemas - Oman Avenues Mall سينما سينابولس - مسقط أفينيوز مول","https://www.google.com/maps/search/?api=1&query=Cin%C3%A9polis%20Cinemas%20-%20Oman%20Avenues%20Mall%20%D8%B3%D9%8A%D9%86%D9%85%D8%A7%20%D8%B3%D9%8A%D9%86%D8%A7%D8%A8%D9%88%D9%84%D8%B3%20-%20%D9%85%D8%B3%D9%82%D8%B7%20%D8%A3%D9%81%D9%8A%D9%86%D9%8A%D9%88%D8%B2%20%D9%85%D9%88%D9%84&query_place_id=ChIJJQi8_2X_kT4R_wLK-5zn2ss","5",,,"Nice architecture"
"Cinépolis Cinemas - Oman Avenues Mall سينما سينابولس - مسقط أفينيوز مول","https://www.google.com/maps/search/?api=1&query=Cin%C3%A9polis%20Cinemas%20-%20Oman%20Avenues%20Mall%20%D8%B3%D9%8A%D9%86%D9%85%D8%A7%20%D8%B3%D9%8A%D9%86%D8%A7%D8%A8%D9%88%D9%84%D8%B3%20-%20%D9%85%D8%B3%D9%82%D8%B7%20%D8%A3%D9%81%D9%8A%D9%86%D9%8A%D9%88%D8%B2%20%D9%85%D9%88%D9%84&query_place_id=ChIJJQi8_2X_kT4R_wLK-5zn2ss","5",,,
"Cinépolis Cinemas - Oman Avenues Mall سينما سينابولس - مسقط أفينيوز مول","https://www.google.com/maps/search/?api=1&query=Cin%C3%A9polis%20Cinemas%20-%20Oman%20Avenues%20Mall%20%D8%B3%D9%8A%D9%86%D9%85%D8%A7%20%D8%B3%D9%8A%D9%86%D8%A7%D8%A8%D9%88%D9%84%D8%B3%20-%20%D9%85%D8%B3%D9%82%D8%B7%20%D8%A3%D9%81%D9%8A%D9%86%D9%8A%D9%88%D8%B2%20%D9%85%D9%88%D9%84&query_place_id=ChIJJQi8_2X_kT4R_wLK-5zn2ss","4",,,"قاعات فخمة وسعر لا بأس به"
"Cinépolis Cinemas - Oman Avenues Mall سينما سينابولس - مسقط أفينيوز مول","https://www.google.com/maps/search/?api=1&query=Cin%C3%A9polis%20Cinemas%20-%20Oman%20Avenues%20Mall%20%D8%B3%D9%8A%D9%86%D9%85%D8%A7%20%D8%B3%D9%8A%D9%86%D8%A7%D8%A8%D9%88%D9%84%D8%B3%20-%20%D9%85%D8%B3%D9%82%D8%B7%20%D8%A3%D9%81%D9%8A%D9%86%D9%8A%D9%88%D8%B2%20%D9%85%D9%88%D9%84&query_place_id=ChIJJQi8_2X_kT4R_wLK-5zn2ss","5",,,
"Cinépolis Cinemas - Oman Avenues Mall سينما سينابولس - مسقط أفينيوز مول","https://www.google.com/maps/search/?api=1&query=Cin%C3%A9polis%20Cinemas%20-%20Oman%20Avenues%20Mall%20%D8%B3%D9%8A%D9%86%D9%85%D8%A7%20%D8%B3%D9%8A%D9%86%D8%A7%D8%A8%D9%88%D9%84%D8%B3%20-%20%D9%85%D8%B3%D9%82%D8%B7%20%D8%A3%D9%81%D9%8A%D9%86%D9%8A%D9%88%D8%B2%20%D9%85%D9%88%D9%84&query_place_id=ChIJJQi8_2X_kT4R_wLK-5zn2ss","5",,,
"Cinépolis Cinemas - Oman Avenues Mall سينما سينابولس - مسقط أفينيوز مول","https://www.google.com/maps/search/?api=1&query=Cin%C3%A9polis%20Cinemas%20-%20Oman%20Avenues%20Mall%20%D8%B3%D9%8A%D9%86%D9%85%D8%A7%20%D8%B3%D9%8A%D9%86%D8%A7%D8%A8%D9%88%D9%84%D8%B3%20-%20%D9%85%D8%B3%D9%82%D8%B7%20%D8%A3%D9%81%D9%8A%D9%86%D9%8A%D9%88%D8%B2%20%D9%85%D9%88%D9%84&query_place_id=ChIJJQi8_2X_kT4R_wLK-5zn2ss","5",,,
"Cinépolis Cinemas - Oman Avenues Mall سينما سينابولس - مسقط أفينيوز مول","https://www.google.com/maps/search/?api=1&query=Cin%C3%A9polis%20Cinemas%20-%20Oman%20Avenues%20Mall%20%D8%B3%D9%8A%D9%86%D9%85%D8%A7%20%D8%B3%D9%8A%D9%86%D8%A7%D8%A8%D9%88%D9%84%D8%B3%20-%20%D9%85%D8%B3%D9%82%D8%B7%20%D8%A3%D9%81%D9%8A%D9%86%D9%8A%D9%88%D8%B2%20%D9%85%D9%88%D9%84&query_place_id=ChIJJQi8_2X_kT4R_wLK-5zn2ss","5",,,
"Cinépolis Cinemas - Oman Avenues Mall سينما سينابولس - مسقط أفينيوز مول","https://www.google.com/maps/search/?api=1&query=Cin%C3%A9polis%20Cinemas%20-%20Oman%20Avenues%20Mall%20%D8%B3%D9%8A%D9%86%D9%85%D8%A7%20%D8%B3%D9%8A%D9%86%D8%A7%D8%A8%D9%88%D9%84%D8%B3%20-%20%D9%85%D8%B3%D9%82%D8%B7%20%D8%A3%D9%81%D9%8A%D9%86%D9%8A%D9%88%D8%B2%20%D9%85%D9%88%D9%84&query_place_id=ChIJJQi8_2X_kT4R_wLK-5zn2ss","5",,,
"Cinépolis Cinemas - Oasis Mall Salalah","https://www.google.com/maps/search/?api=1&query=Cin%C3%A9polis%20Cinemas%20-%20Oasis%20Mall%20Salalah&query_place_id=ChIJu1Gus4ph0T0RBXrJE1myh7Y","4",,,
"Cinépolis Cinemas - Oasis Mall Salalah","https://www.google.com/maps/search/?api=1&query=Cin%C3%A9polis%20Cinemas%20-%20Oasis%20Mall%20Salalah&query_place_id=ChIJu1Gus4ph0T0RBXrJE1myh7Y","5",,,
"Cinépolis Cinemas - Oasis Mall Salalah","https://www.google.com/maps/search/?api=1&query=Cin%C3%A9polis%20Cinemas%20-%20Oasis%20Mall%20Salalah&query_place_id=ChIJu1Gus4ph0T0RBXrJE1myh7Y","1",,,"الكراسي غير مريحه"
"Cinépolis Cinemas - Oasis Mall Salalah","https://www.google.com/maps/search/?api=1&query=Cin%C3%A9polis%20Cinemas%20-%20Oasis%20Mall%20Salalah&query_place_id=ChIJu1Gus4ph0T0RBXrJE1myh7Y","4",,,"The only cinima complex in salalah as on 15aug23... But it's worthit"
"Cinépolis Cinemas - Oasis Mall Salalah","https://www.google.com/maps/search/?api=1&query=Cin%C3%A9polis%20Cinemas%20-%20Oasis%20Mall%20Salalah&query_place_id=ChIJu1Gus4ph0T0RBXrJE1myh7Y","1",,,
"Cinépolis Cinemas - Oasis Mall Salalah","https://www.google.com/maps/search/?api=1&query=Cin%C3%A9polis%20Cinemas%20-%20Oasis%20Mall%20Salalah&query_place_id=ChIJu1Gus4ph0T0RBXrJE1myh7Y","1",,,
"Cinépolis Cinemas - Oasis Mall Salalah","https://www.google.com/maps/search/?api=1&query=Cin%C3%A9polis%20Cinemas%20-%20Oasis%20Mall%20Salalah&query_place_id=ChIJu1Gus4ph0T0RBXrJE1myh7Y","5",,,
"Cinépolis Cinemas - Oasis Mall Salalah","https://www.google.com/maps/search/?api=1&query=Cin%C3%A9polis%20Cinemas%20-%20Oasis%20Mall%20Salalah&query_place_id=ChIJu1Gus4ph0T0RBXrJE1myh7Y","5",,,"Ok"
"Cinépolis Cinemas - Oasis Mall Salalah","https://www.google.com/maps/search/?api=1&query=Cin%C3%A9polis%20Cinemas%20-%20Oasis%20Mall%20Salalah&query_place_id=ChIJu1Gus4ph0T0RBXrJE1myh7Y","5",,,"الواحة مول وجهة التسوق العائلي"
"Cinépolis Cinemas - Oasis Mall Salalah","https://www.google.com/maps/search/?api=1&query=Cin%C3%A9polis%20Cinemas%20-%20Oasis%20Mall%20Salalah&query_place_id=ChIJu1Gus4ph0T0RBXrJE1myh7Y","5",,,
"Cinépolis Cinemas - Oasis Mall Salalah","https://www.google.com/maps/search/?api=1&query=Cin%C3%A9polis%20Cinemas%20-%20Oasis%20Mall%20Salalah&query_place_id=ChIJu1Gus4ph0T0RBXrJE1myh7Y","5",,,"Excellent atmosphere... I loved it"
"Cinépolis Cinemas - Oasis Mall Salalah","https://www.google.com/maps/search/?api=1&query=Cin%C3%A9polis%20Cinemas%20-%20Oasis%20Mall%20Salalah&query_place_id=ChIJu1Gus4ph0T0RBXrJE1myh7Y","5",,,
"Cinépolis Cinemas - Oasis Mall Salalah","https://www.google.com/maps/search/?api=1&query=Cin%C3%A9polis%20Cinemas%20-%20Oasis%20Mall%20Salalah&query_place_id=ChIJu1Gus4ph0T0RBXrJE1myh7Y","4",,,
"Cinépolis Cinemas - Oasis Mall Salalah","https://www.google.com/maps/search/?api=1&query=Cin%C3%A9polis%20Cinemas%20-%20Oasis%20Mall%20Salalah&query_place_id=ChIJu1Gus4ph0T0RBXrJE1myh7Y","3",,,
"Cinépolis Cinemas - Oasis Mall Salalah","https://www.google.com/maps/search/?api=1&query=Cin%C3%A9polis%20Cinemas%20-%20Oasis%20Mall%20Salalah&query_place_id=ChIJu1Gus4ph0T0RBXrJE1myh7Y","5",,,"مول كبير ورائع"
"Cinépolis Cinemas - Oasis Mall Salalah","https://www.google.com/maps/search/?api=1&query=Cin%C3%A9polis%20Cinemas%20-%20Oasis%20Mall%20Salalah&query_place_id=ChIJu1Gus4ph0T0RBXrJE1myh7Y","4",,,"محل تجاري جميل"
"Cinépolis Cinemas - Oasis Mall Salalah","https://www.google.com/maps/search/?api=1&query=Cin%C3%A9polis%20Cinemas%20-%20Oasis%20Mall%20Salalah&query_place_id=ChIJu1Gus4ph0T0RBXrJE1myh7Y","5",,,"تجربة ممتعة ومذهلة"
"Cinépolis Cinemas - Oasis Mall Salalah","https://www.google.com/maps/search/?api=1&query=Cin%C3%A9polis%20Cinemas%20-%20Oasis%20Mall%20Salalah&query_place_id=ChIJu1Gus4ph0T0RBXrJE1myh7Y","5",,,"جميل وسوق هادي بس الملاحظ ماكان فية زباين كلهم او ٩٠% سينما"
"Cinépolis Cinemas - Oasis Mall Salalah","https://www.google.com/maps/search/?api=1&query=Cin%C3%A9polis%20Cinemas%20-%20Oasis%20Mall%20Salalah&query_place_id=ChIJu1Gus4ph0T0RBXrJE1myh7Y","5",,,"Love it so cool"
"Cinépolis Cinemas - Oasis Mall Salalah","https://www.google.com/maps/search/?api=1&query=Cin%C3%A9polis%20Cinemas%20-%20Oasis%20Mall%20Salalah&query_place_id=ChIJu1Gus4ph0T0RBXrJE1myh7Y","3",,,"The amenities are excellent ; the seating , toilets, food/drinks and staff but I'm not really satisfied with the sound system ( I believe they don't have Dolby Atmos) and the screens and avg to say the least. Not the best viewing experience tbh"
"Cinépolis Cinemas - Oasis Mall Salalah","https://www.google.com/maps/search/?api=1&query=Cin%C3%A9polis%20Cinemas%20-%20Oasis%20Mall%20Salalah&query_place_id=ChIJu1Gus4ph0T0RBXrJE1myh7Y","5",,,
"Cinépolis Cinemas - Oasis Mall Salalah","https://www.google.com/maps/search/?api=1&query=Cin%C3%A9polis%20Cinemas%20-%20Oasis%20Mall%20Salalah&query_place_id=ChIJu1Gus4ph0T0RBXrJE1myh7Y","4",,,"السينما الوحيده بصلاله،
مكان جميل و مثيل لأفرع السينما بالسعودية
الاسعار جيدة والكراسي مريحه وأبرز مايميزها الهدوء مافيه إزعاج ممكن تدخل فيلم لوحدك بالقاعة.."
"Cinépolis Cinemas - Oasis Mall Salalah","https://www.google.com/maps/search/?api=1&query=Cin%C3%A9polis%20Cinemas%20-%20Oasis%20Mall%20Salalah&query_place_id=ChIJu1Gus4ph0T0RBXrJE1myh7Y","5",,,"جيد جدا"
"Cinépolis Cinemas - Oasis Mall Salalah","https://www.google.com/maps/search/?api=1&query=Cin%C3%A9polis%20Cinemas%20-%20Oasis%20Mall%20Salalah&query_place_id=ChIJu1Gus4ph0T0RBXrJE1myh7Y","1",,,"سيئة جدا"
"Cinépolis Cinemas - Oasis Mall Salalah","https://www.google.com/maps/search/?api=1&query=Cin%C3%A9polis%20Cinemas%20-%20Oasis%20Mall%20Salalah&query_place_id=ChIJu1Gus4ph0T0RBXrJE1myh7Y","5",,,"Food prices are exceptionally higher, ticket prices are regular, almost all bank's credit cards are eligible for discount but I am wondered why not debit cards, 3 hours film litterlay needs half time if you go for rest room you will miss movie scenes."
"Cinépolis Cinemas - Oasis Mall Salalah","https://www.google.com/maps/search/?api=1&query=Cin%C3%A9polis%20Cinemas%20-%20Oasis%20Mall%20Salalah&query_place_id=ChIJu1Gus4ph0T0RBXrJE1myh7Y","3",,,"كراسيه ليست مريحة"
"Cinépolis Cinemas - Oasis Mall Salalah","https://www.google.com/maps/search/?api=1&query=Cin%C3%A9polis%20Cinemas%20-%20Oasis%20Mall%20Salalah&query_place_id=ChIJu1Gus4ph0T0RBXrJE1myh7Y","4",,,
"Cinépolis Cinemas - Oasis Mall Salalah","https://www.google.com/maps/search/?api=1&query=Cin%C3%A9polis%20Cinemas%20-%20Oasis%20Mall%20Salalah&query_place_id=ChIJu1Gus4ph0T0RBXrJE1myh7Y","4",,,"contact informartion not provided , i suggest that it could be added in your website as well as google maps social media account . thanks"
"Cinépolis Cinemas - Oasis Mall Salalah","https://www.google.com/maps/search/?api=1&query=Cin%C3%A9polis%20Cinemas%20-%20Oasis%20Mall%20Salalah&query_place_id=ChIJu1Gus4ph0T0RBXrJE1myh7Y","5",,,"Everything is awesome, the snacks,halls Everything"
"Cinépolis Cinemas - Oasis Mall Salalah","https://www.google.com/maps/search/?api=1&query=Cin%C3%A9polis%20Cinemas%20-%20Oasis%20Mall%20Salalah&query_place_id=ChIJu1Gus4ph0T0RBXrJE1myh7Y","5",,,
"Cinépolis Cinemas - Oasis Mall Salalah","https://www.google.com/maps/search/?api=1&query=Cin%C3%A9polis%20Cinemas%20-%20Oasis%20Mall%20Salalah&query_place_id=ChIJu1Gus4ph0T0RBXrJE1myh7Y","5",,,"ممتازة"
"Cinépolis Cinemas - Oasis Mall Salalah","https://www.google.com/maps/search/?api=1&query=Cin%C3%A9polis%20Cinemas%20-%20Oasis%20Mall%20Salalah&query_place_id=ChIJu1Gus4ph0T0RBXrJE1myh7Y","4",,,"رهيب جدا"
"Cinépolis Cinemas - Oasis Mall Salalah","https://www.google.com/maps/search/?api=1&query=Cin%C3%A9polis%20Cinemas%20-%20Oasis%20Mall%20Salalah&query_place_id=ChIJu1Gus4ph0T0RBXrJE1myh7Y","4",,,
"Cinépolis Cinemas - Oasis Mall Salalah","https://www.google.com/maps/search/?api=1&query=Cin%C3%A9polis%20Cinemas%20-%20Oasis%20Mall%20Salalah&query_place_id=ChIJu1Gus4ph0T0RBXrJE1myh7Y","2",,,
"Cinépolis Cinemas - Oasis Mall Salalah","https://www.google.com/maps/search/?api=1&query=Cin%C3%A9polis%20Cinemas%20-%20Oasis%20Mall%20Salalah&query_place_id=ChIJu1Gus4ph0T0RBXrJE1myh7Y","1",,,"أسوأ صالة سينما جربتها الكراسي غير مريحة أبدآ
موقع الكرسي الصف الأخير سيء ومزعج لأنه جوار غرفة التحكم صوت مراوح التبريد"
"Cinépolis Cinemas - Oasis Mall Salalah","https://www.google.com/maps/search/?api=1&query=Cin%C3%A9polis%20Cinemas%20-%20Oasis%20Mall%20Salalah&query_place_id=ChIJu1Gus4ph0T0RBXrJE1myh7Y","4",,,
"Cinépolis Cinemas - Oasis Mall Salalah","https://www.google.com/maps/search/?api=1&query=Cin%C3%A9polis%20Cinemas%20-%20Oasis%20Mall%20Salalah&query_place_id=ChIJu1Gus4ph0T0RBXrJE1myh7Y","5",,,"So good"
"Cinépolis Cinemas - Oasis Mall Salalah","https://www.google.com/maps/search/?api=1&query=Cin%C3%A9polis%20Cinemas%20-%20Oasis%20Mall%20Salalah&query_place_id=ChIJu1Gus4ph0T0RBXrJE1myh7Y","3",,,
"Cinépolis Cinemas - Oasis Mall Salalah","https://www.google.com/maps/search/?api=1&query=Cin%C3%A9polis%20Cinemas%20-%20Oasis%20Mall%20Salalah&query_place_id=ChIJu1Gus4ph0T0RBXrJE1myh7Y","1",,,"POOR CUSTOMER SERVICE , front office representative - Daryl ,with the attitude of a “Founder”.

Need to give provide proper counseling and training to enhance the service sector."
"Cinépolis Cinemas - Oasis Mall Salalah","https://www.google.com/maps/search/?api=1&query=Cin%C3%A9polis%20Cinemas%20-%20Oasis%20Mall%20Salalah&query_place_id=ChIJu1Gus4ph0T0RBXrJE1myh7Y","5",,,"Very good experience."
"Cinépolis Cinemas - Oman Avenues Mall سينما سينابولس - مسقط أفينيوز مول","https://www.google.com/maps/search/?api=1&query=Cin%C3%A9polis%20Cinemas%20-%20Oman%20Avenues%20Mall%20%D8%B3%D9%8A%D9%86%D9%85%D8%A7%20%D8%B3%D9%8A%D9%86%D8%A7%D8%A8%D9%88%D9%84%D8%B3%20-%20%D9%85%D8%B3%D9%82%D8%B7%20%D8%A3%D9%81%D9%8A%D9%86%D9%8A%D9%88%D8%B2%20%D9%85%D9%88%D9%84&query_place_id=ChIJJQi8_2X_kT4R_wLK-5zn2ss","4",,,"Super screens.
You will get a Good movie tickets deal online, good movies make your day good"
"Cinépolis Cinemas - Oman Avenues Mall سينما سينابولس - مسقط أفينيوز مول","https://www.google.com/maps/search/?api=1&query=Cin%C3%A9polis%20Cinemas%20-%20Oman%20Avenues%20Mall%20%D8%B3%D9%8A%D9%86%D9%85%D8%A7%20%D8%B3%D9%8A%D9%86%D8%A7%D8%A8%D9%88%D9%84%D8%B3%20-%20%D9%85%D8%B3%D9%82%D8%B7%20%D8%A3%D9%81%D9%8A%D9%86%D9%8A%D9%88%D8%B2%20%D9%85%D9%88%D9%84&query_place_id=ChIJJQi8_2X_kT4R_wLK-5zn2ss","2",,,"Average experience. Look and Ambience are good . Neat and tiny cinema. But Sound and and picture quality is not enough to get a best cinema experience. Sound system not impressed. Projectors are low in brightness and resolution. A multiplex in muscat city is just this?"
"Cinépolis Cinemas - Oman Avenues Mall سينما سينابولس - مسقط أفينيوز مول","https://www.google.com/maps/search/?api=1&query=Cin%C3%A9polis%20Cinemas%20-%20Oman%20Avenues%20Mall%20%D8%B3%D9%8A%D9%86%D9%85%D8%A7%20%D8%B3%D9%8A%D9%86%D8%A7%D8%A8%D9%88%D9%84%D8%B3%20-%20%D9%85%D8%B3%D9%82%D8%B7%20%D8%A3%D9%81%D9%8A%D9%86%D9%8A%D9%88%D8%B2%20%D9%85%D9%88%D9%84&query_place_id=ChIJJQi8_2X_kT4R_wLK-5zn2ss","5",,,
"Cinépolis Cinemas - Oman Avenues Mall سينما سينابولس - مسقط أفينيوز مول","https://www.google.com/maps/search/?api=1&query=Cin%C3%A9polis%20Cinemas%20-%20Oman%20Avenues%20Mall%20%D8%B3%D9%8A%D9%86%D9%85%D8%A7%20%D8%B3%D9%8A%D9%86%D8%A7%D8%A8%D9%88%D9%84%D8%B3%20-%20%D9%85%D8%B3%D9%82%D8%B7%20%D8%A3%D9%81%D9%8A%D9%86%D9%8A%D9%88%D8%B2%20%D9%85%D9%88%D9%84&query_place_id=ChIJJQi8_2X_kT4R_wLK-5zn2ss","5",,,"Had a great time watching Deadpool and Wolverine! The service and food was superb! The staff are very friendly and helpful especially the lady in the cashier named Kristina."
"Cinépolis Cinemas - Oman Avenues Mall سينما سينابولس - مسقط أفينيوز مول","https://www.google.com/maps/search/?api=1&query=Cin%C3%A9polis%20Cinemas%20-%20Oman%20Avenues%20Mall%20%D8%B3%D9%8A%D9%86%D9%85%D8%A7%20%D8%B3%D9%8A%D9%86%D8%A7%D8%A8%D9%88%D9%84%D8%B3%20-%20%D9%85%D8%B3%D9%82%D8%B7%20%D8%A3%D9%81%D9%8A%D9%86%D9%8A%D9%88%D8%B2%20%D9%85%D9%88%D9%84&query_place_id=ChIJJQi8_2X_kT4R_wLK-5zn2ss","5",,,"Enjoyed to the max!"
"Cinépolis Cinemas - Oman Avenues Mall سينما سينابولس - مسقط أفينيوز مول","https://www.google.com/maps/search/?api=1&query=Cin%C3%A9polis%20Cinemas%20-%20Oman%20Avenues%20Mall%20%D8%B3%D9%8A%D9%86%D9%85%D8%A7%20%D8%B3%D9%8A%D9%86%D8%A7%D8%A8%D9%88%D9%84%D8%B3%20-%20%D9%85%D8%B3%D9%82%D8%B7%20%D8%A3%D9%81%D9%8A%D9%86%D9%8A%D9%88%D8%B2%20%D9%85%D9%88%D9%84&query_place_id=ChIJJQi8_2X_kT4R_wLK-5zn2ss","5",,,"✨✨✨✨✨"
"Cinépolis Cinemas - Oman Avenues Mall سينما سينابولس - مسقط أفينيوز مول","https://www.google.com/maps/search/?api=1&query=Cin%C3%A9polis%20Cinemas%20-%20Oman%20Avenues%20Mall%20%D8%B3%D9%8A%D9%86%D9%85%D8%A7%20%D8%B3%D9%8A%D9%86%D8%A7%D8%A8%D9%88%D9%84%D8%B3%20-%20%D9%85%D8%B3%D9%82%D8%B7%20%D8%A3%D9%81%D9%8A%D9%86%D9%8A%D9%88%D8%B2%20%D9%85%D9%88%D9%84&query_place_id=ChIJJQi8_2X_kT4R_wLK-5zn2ss","5",,,"Good and nice"
"Cinépolis Cinemas - Oman Avenues Mall سينما سينابولس - مسقط أفينيوز مول","https://www.google.com/maps/search/?api=1&query=Cin%C3%A9polis%20Cinemas%20-%20Oman%20Avenues%20Mall%20%D8%B3%D9%8A%D9%86%D9%85%D8%A7%20%D8%B3%D9%8A%D9%86%D8%A7%D8%A8%D9%88%D9%84%D8%B3%20-%20%D9%85%D8%B3%D9%82%D8%B7%20%D8%A3%D9%81%D9%8A%D9%86%D9%8A%D9%88%D8%B2%20%D9%85%D9%88%D9%84&query_place_id=ChIJJQi8_2X_kT4R_wLK-5zn2ss","5",,,
"Cinépolis Cinemas - Oman Avenues Mall سينما سينابولس - مسقط أفينيوز مول","https://www.google.com/maps/search/?api=1&query=Cin%C3%A9polis%20Cinemas%20-%20Oman%20Avenues%20Mall%20%D8%B3%D9%8A%D9%86%D9%85%D8%A7%20%D8%B3%D9%8A%D9%86%D8%A7%D8%A8%D9%88%D9%84%D8%B3%20-%20%D9%85%D8%B3%D9%82%D8%B7%20%D8%A3%D9%81%D9%8A%D9%86%D9%8A%D9%88%D8%B2%20%D9%85%D9%88%D9%84&query_place_id=ChIJJQi8_2X_kT4R_wLK-5zn2ss","5",,,
"Cinépolis Cinemas - Oman Avenues Mall سينما سينابولس - مسقط أفينيوز مول","https://www.google.com/maps/search/?api=1&query=Cin%C3%A9polis%20Cinemas%20-%20Oman%20Avenues%20Mall%20%D8%B3%D9%8A%D9%86%D9%85%D8%A7%20%D8%B3%D9%8A%D9%86%D8%A7%D8%A8%D9%88%D9%84%D8%B3%20-%20%D9%85%D8%B3%D9%82%D8%B7%20%D8%A3%D9%81%D9%8A%D9%86%D9%8A%D9%88%D8%B2%20%D9%85%D9%88%D9%84&query_place_id=ChIJJQi8_2X_kT4R_wLK-5zn2ss","5",,,
"Cinépolis Cinemas - Oman Avenues Mall سينما سينابولس - مسقط أفينيوز مول","https://www.google.com/maps/search/?api=1&query=Cin%C3%A9polis%20Cinemas%20-%20Oman%20Avenues%20Mall%20%D8%B3%D9%8A%D9%86%D9%85%D8%A7%20%D8%B3%D9%8A%D9%86%D8%A7%D8%A8%D9%88%D9%84%D8%B3%20-%20%D9%85%D8%B3%D9%82%D8%B7%20%D8%A3%D9%81%D9%8A%D9%86%D9%8A%D9%88%D8%B2%20%D9%85%D9%88%D9%84&query_place_id=ChIJJQi8_2X_kT4R_wLK-5zn2ss","5",,,
"Cinépolis Cinemas - Oman Avenues Mall سينما سينابولس - مسقط أفينيوز مول","https://www.google.com/maps/search/?api=1&query=Cin%C3%A9polis%20Cinemas%20-%20Oman%20Avenues%20Mall%20%D8%B3%D9%8A%D9%86%D9%85%D8%A7%20%D8%B3%D9%8A%D9%86%D8%A7%D8%A8%D9%88%D9%84%D8%B3%20-%20%D9%85%D8%B3%D9%82%D8%B7%20%D8%A3%D9%81%D9%8A%D9%86%D9%8A%D9%88%D8%B2%20%D9%85%D9%88%D9%84&query_place_id=ChIJJQi8_2X_kT4R_wLK-5zn2ss","5",,,
"Cinépolis Cinemas - Oman Avenues Mall سينما سينابولس - مسقط أفينيوز مول","https://www.google.com/maps/search/?api=1&query=Cin%C3%A9polis%20Cinemas%20-%20Oman%20Avenues%20Mall%20%D8%B3%D9%8A%D9%86%D9%85%D8%A7%20%D8%B3%D9%8A%D9%86%D8%A7%D8%A8%D9%88%D9%84%D8%B3%20-%20%D9%85%D8%B3%D9%82%D8%B7%20%D8%A3%D9%81%D9%8A%D9%86%D9%8A%D9%88%D8%B2%20%D9%85%D9%88%D9%84&query_place_id=ChIJJQi8_2X_kT4R_wLK-5zn2ss","5",,,
"Cinépolis Cinemas - Oman Avenues Mall سينما سينابولس - مسقط أفينيوز مول","https://www.google.com/maps/search/?api=1&query=Cin%C3%A9polis%20Cinemas%20-%20Oman%20Avenues%20Mall%20%D8%B3%D9%8A%D9%86%D9%85%D8%A7%20%D8%B3%D9%8A%D9%86%D8%A7%D8%A8%D9%88%D9%84%D8%B3%20-%20%D9%85%D8%B3%D9%82%D8%B7%20%D8%A3%D9%81%D9%8A%D9%86%D9%8A%D9%88%D8%B2%20%D9%85%D9%88%D9%84&query_place_id=ChIJJQi8_2X_kT4R_wLK-5zn2ss","5",,,
"Cinépolis Cinemas - Oman Avenues Mall سينما سينابولس - مسقط أفينيوز مول","https://www.google.com/maps/search/?api=1&query=Cin%C3%A9polis%20Cinemas%20-%20Oman%20Avenues%20Mall%20%D8%B3%D9%8A%D9%86%D9%85%D8%A7%20%D8%B3%D9%8A%D9%86%D8%A7%D8%A8%D9%88%D9%84%D8%B3%20-%20%D9%85%D8%B3%D9%82%D8%B7%20%D8%A3%D9%81%D9%8A%D9%86%D9%8A%D9%88%D8%B2%20%D9%85%D9%88%D9%84&query_place_id=ChIJJQi8_2X_kT4R_wLK-5zn2ss","5",,,
"Cinépolis Cinemas - Oman Avenues Mall سينما سينابولس - مسقط أفينيوز مول","https://www.google.com/maps/search/?api=1&query=Cin%C3%A9polis%20Cinemas%20-%20Oman%20Avenues%20Mall%20%D8%B3%D9%8A%D9%86%D9%85%D8%A7%20%D8%B3%D9%8A%D9%86%D8%A7%D8%A8%D9%88%D9%84%D8%B3%20-%20%D9%85%D8%B3%D9%82%D8%B7%20%D8%A3%D9%81%D9%8A%D9%86%D9%8A%D9%88%D8%B2%20%D9%85%D9%88%D9%84&query_place_id=ChIJJQi8_2X_kT4R_wLK-5zn2ss","3",,,
"Cinépolis Cinemas - Oman Avenues Mall سينما سينابولس - مسقط أفينيوز مول","https://www.google.com/maps/search/?api=1&query=Cin%C3%A9polis%20Cinemas%20-%20Oman%20Avenues%20Mall%20%D8%B3%D9%8A%D9%86%D9%85%D8%A7%20%D8%B3%D9%8A%D9%86%D8%A7%D8%A8%D9%88%D9%84%D8%B3%20-%20%D9%85%D8%B3%D9%82%D8%B7%20%D8%A3%D9%81%D9%8A%D9%86%D9%8A%D9%88%D8%B2%20%D9%85%D9%88%D9%84&query_place_id=ChIJJQi8_2X_kT4R_wLK-5zn2ss","5",,,
"Cinépolis Cinemas - Oman Avenues Mall سينما سينابولس - مسقط أفينيوز مول","https://www.google.com/maps/search/?api=1&query=Cin%C3%A9polis%20Cinemas%20-%20Oman%20Avenues%20Mall%20%D8%B3%D9%8A%D9%86%D9%85%D8%A7%20%D8%B3%D9%8A%D9%86%D8%A7%D8%A8%D9%88%D9%84%D8%B3%20-%20%D9%85%D8%B3%D9%82%D8%B7%20%D8%A3%D9%81%D9%8A%D9%86%D9%8A%D9%88%D8%B2%20%D9%85%D9%88%D9%84&query_place_id=ChIJJQi8_2X_kT4R_wLK-5zn2ss","5",,,
"Cinépolis Cinemas - Oman Avenues Mall سينما سينابولس - مسقط أفينيوز مول","https://www.google.com/maps/search/?api=1&query=Cin%C3%A9polis%20Cinemas%20-%20Oman%20Avenues%20Mall%20%D8%B3%D9%8A%D9%86%D9%85%D8%A7%20%D8%B3%D9%8A%D9%86%D8%A7%D8%A8%D9%88%D9%84%D8%B3%20-%20%D9%85%D8%B3%D9%82%D8%B7%20%D8%A3%D9%81%D9%8A%D9%86%D9%8A%D9%88%D8%B2%20%D9%85%D9%88%D9%84&query_place_id=ChIJJQi8_2X_kT4R_wLK-5zn2ss","5",,,
"Cinépolis Cinemas - Oman Avenues Mall سينما سينابولس - مسقط أفينيوز مول","https://www.google.com/maps/search/?api=1&query=Cin%C3%A9polis%20Cinemas%20-%20Oman%20Avenues%20Mall%20%D8%B3%D9%8A%D9%86%D9%85%D8%A7%20%D8%B3%D9%8A%D9%86%D8%A7%D8%A8%D9%88%D9%84%D8%B3%20-%20%D9%85%D8%B3%D9%82%D8%B7%20%D8%A3%D9%81%D9%8A%D9%86%D9%8A%D9%88%D8%B2%20%D9%85%D9%88%D9%84&query_place_id=ChIJJQi8_2X_kT4R_wLK-5zn2ss","5",,,"Celine is the best service we had she is very expert and very sweet and lovely .. 5 starts .. thank you"
"Cinépolis Cinemas - Oasis Mall Salalah","https://www.google.com/maps/search/?api=1&query=Cin%C3%A9polis%20Cinemas%20-%20Oasis%20Mall%20Salalah&query_place_id=ChIJu1Gus4ph0T0RBXrJE1myh7Y","5",,,
"Cinépolis Cinemas - Oasis Mall Salalah","https://www.google.com/maps/search/?api=1&query=Cin%C3%A9polis%20Cinemas%20-%20Oasis%20Mall%20Salalah&query_place_id=ChIJu1Gus4ph0T0RBXrJE1myh7Y","4",,,"Family mall, part of landmark group."
"Cinépolis Cinemas - Oasis Mall Salalah","https://www.google.com/maps/search/?api=1&query=Cin%C3%A9polis%20Cinemas%20-%20Oasis%20Mall%20Salalah&query_place_id=ChIJu1Gus4ph0T0RBXrJE1myh7Y","5",,,
"Cinépolis Cinemas - Oasis Mall Salalah","https://www.google.com/maps/search/?api=1&query=Cin%C3%A9polis%20Cinemas%20-%20Oasis%20Mall%20Salalah&query_place_id=ChIJu1Gus4ph0T0RBXrJE1myh7Y","5",,,
"Cinépolis Cinemas - Oasis Mall Salalah","https://www.google.com/maps/search/?api=1&query=Cin%C3%A9polis%20Cinemas%20-%20Oasis%20Mall%20Salalah&query_place_id=ChIJu1Gus4ph0T0RBXrJE1myh7Y","5",,,"Nice"
"Cinépolis Cinemas - Oasis Mall Salalah","https://www.google.com/maps/search/?api=1&query=Cin%C3%A9polis%20Cinemas%20-%20Oasis%20Mall%20Salalah&query_place_id=ChIJu1Gus4ph0T0RBXrJE1myh7Y","5",,,
"Cinépolis Cinemas - Oasis Mall Salalah","https://www.google.com/maps/search/?api=1&query=Cin%C3%A9polis%20Cinemas%20-%20Oasis%20Mall%20Salalah&query_place_id=ChIJu1Gus4ph0T0RBXrJE1myh7Y","4",,,
"Cinépolis Cinemas - Oasis Mall Salalah","https://www.google.com/maps/search/?api=1&query=Cin%C3%A9polis%20Cinemas%20-%20Oasis%20Mall%20Salalah&query_place_id=ChIJu1Gus4ph0T0RBXrJE1myh7Y","5",,,"رووعه"
"Cinépolis Cinemas - Oasis Mall Salalah","https://www.google.com/maps/search/?api=1&query=Cin%C3%A9polis%20Cinemas%20-%20Oasis%20Mall%20Salalah&query_place_id=ChIJu1Gus4ph0T0RBXrJE1myh7Y","4",,,
"Cinépolis Cinemas - Oasis Mall Salalah","https://www.google.com/maps/search/?api=1&query=Cin%C3%A9polis%20Cinemas%20-%20Oasis%20Mall%20Salalah&query_place_id=ChIJu1Gus4ph0T0RBXrJE1myh7Y","5",,,
"Cinépolis Cinemas - Oasis Mall Salalah","https://www.google.com/maps/search/?api=1&query=Cin%C3%A9polis%20Cinemas%20-%20Oasis%20Mall%20Salalah&query_place_id=ChIJu1Gus4ph0T0RBXrJE1myh7Y","5",,,"Best place in Salalah to enjoy the movie"
"Cinépolis Cinemas - Oasis Mall Salalah","https://www.google.com/maps/search/?api=1&query=Cin%C3%A9polis%20Cinemas%20-%20Oasis%20Mall%20Salalah&query_place_id=ChIJu1Gus4ph0T0RBXrJE1myh7Y","5",,,
"Cinépolis Cinemas - Oasis Mall Salalah","https://www.google.com/maps/search/?api=1&query=Cin%C3%A9polis%20Cinemas%20-%20Oasis%20Mall%20Salalah&query_place_id=ChIJu1Gus4ph0T0RBXrJE1myh7Y","5",,,"Friendly staff good ambiance and the food is awesome especially the chicken fingers"
"Cinépolis Cinemas - Oasis Mall Salalah","https://www.google.com/maps/search/?api=1&query=Cin%C3%A9polis%20Cinemas%20-%20Oasis%20Mall%20Salalah&query_place_id=ChIJu1Gus4ph0T0RBXrJE1myh7Y","4",,,
"Cinépolis Cinemas - Oasis Mall Salalah","https://www.google.com/maps/search/?api=1&query=Cin%C3%A9polis%20Cinemas%20-%20Oasis%20Mall%20Salalah&query_place_id=ChIJu1Gus4ph0T0RBXrJE1myh7Y","4",,,"جيد"
"Cinépolis Cinemas - Oasis Mall Salalah","https://www.google.com/maps/search/?api=1&query=Cin%C3%A9polis%20Cinemas%20-%20Oasis%20Mall%20Salalah&query_place_id=ChIJu1Gus4ph0T0RBXrJE1myh7Y","4",,,
"Cinépolis Cinemas - Oasis Mall Salalah","https://www.google.com/maps/search/?api=1&query=Cin%C3%A9polis%20Cinemas%20-%20Oasis%20Mall%20Salalah&query_place_id=ChIJu1Gus4ph0T0RBXrJE1myh7Y","5",,,
"Cinépolis Cinemas - Oasis Mall Salalah","https://www.google.com/maps/search/?api=1&query=Cin%C3%A9polis%20Cinemas%20-%20Oasis%20Mall%20Salalah&query_place_id=ChIJu1Gus4ph0T0RBXrJE1myh7Y","4",,,"الفشار لذيذ والمقاعد جيده"
"Cinépolis Cinemas - Oasis Mall Salalah","https://www.google.com/maps/search/?api=1&query=Cin%C3%A9polis%20Cinemas%20-%20Oasis%20Mall%20Salalah&query_place_id=ChIJu1Gus4ph0T0RBXrJE1myh7Y","5",,,
"Cinépolis Cinemas - Oasis Mall Salalah","https://www.google.com/maps/search/?api=1&query=Cin%C3%A9polis%20Cinemas%20-%20Oasis%20Mall%20Salalah&query_place_id=ChIJu1Gus4ph0T0RBXrJE1myh7Y","5",,,"Classic theater. Quality sounds and screen"
"Cinépolis Cinemas - Oasis Mall Salalah","https://www.google.com/maps/search/?api=1&query=Cin%C3%A9polis%20Cinemas%20-%20Oasis%20Mall%20Salalah&query_place_id=ChIJu1Gus4ph0T0RBXrJE1myh7Y","5",,,
"Cinépolis Cinemas - Oasis Mall Salalah","https://www.google.com/maps/search/?api=1&query=Cin%C3%A9polis%20Cinemas%20-%20Oasis%20Mall%20Salalah&query_place_id=ChIJu1Gus4ph0T0RBXrJE1myh7Y","4",,,"Excellent cinema, staff, price, cleanliness ..,. But it's FREEZING cold in the auditorium. Please turn down the A/C!"
"Cinépolis Cinemas - Oasis Mall Salalah","https://www.google.com/maps/search/?api=1&query=Cin%C3%A9polis%20Cinemas%20-%20Oasis%20Mall%20Salalah&query_place_id=ChIJu1Gus4ph0T0RBXrJE1myh7Y","4",,,
"Cinépolis Cinemas - Oasis Mall Salalah","https://www.google.com/maps/search/?api=1&query=Cin%C3%A9polis%20Cinemas%20-%20Oasis%20Mall%20Salalah&query_place_id=ChIJu1Gus4ph0T0RBXrJE1myh7Y","5",,,"ممتاز"
"Cinépolis Cinemas - Oasis Mall Salalah","https://www.google.com/maps/search/?api=1&query=Cin%C3%A9polis%20Cinemas%20-%20Oasis%20Mall%20Salalah&query_place_id=ChIJu1Gus4ph0T0RBXrJE1myh7Y","5",,,"One of the nicest movie theatres in the Dhofar region. Neat, clean, good seats and well-lit steps. Overall a good experience.."
"Cinépolis Cinemas - Oasis Mall Salalah","https://www.google.com/maps/search/?api=1&query=Cin%C3%A9polis%20Cinemas%20-%20Oasis%20Mall%20Salalah&query_place_id=ChIJu1Gus4ph0T0RBXrJE1myh7Y","5",,,
"Cinépolis Cinemas - Oasis Mall Salalah","https://www.google.com/maps/search/?api=1&query=Cin%C3%A9polis%20Cinemas%20-%20Oasis%20Mall%20Salalah&query_place_id=ChIJu1Gus4ph0T0RBXrJE1myh7Y","5",,,"سينما لعرض الافلام الحديثه نظيفه داخل المول"
"Cinépolis Cinemas - Oasis Mall Salalah","https://www.google.com/maps/search/?api=1&query=Cin%C3%A9polis%20Cinemas%20-%20Oasis%20Mall%20Salalah&query_place_id=ChIJu1Gus4ph0T0RBXrJE1myh7Y","1",,,"This is the second time they have done this, that the website doesn't work for some unknown reason, so you book the tickets for more over the counter. They do this on purpose when there is a high demand on any movie. This needs to be flagged to consumer protection authority!!"
"Cinépolis Cinemas - Oasis Mall Salalah","https://www.google.com/maps/search/?api=1&query=Cin%C3%A9polis%20Cinemas%20-%20Oasis%20Mall%20Salalah&query_place_id=ChIJu1Gus4ph0T0RBXrJE1myh7Y","5",,,
"Cinépolis Cinemas - Oasis Mall Salalah","https://www.google.com/maps/search/?api=1&query=Cin%C3%A9polis%20Cinemas%20-%20Oasis%20Mall%20Salalah&query_place_id=ChIJu1Gus4ph0T0RBXrJE1myh7Y","5",,,"Best cinema hall"
"Cinépolis Cinemas - Oasis Mall Salalah","https://www.google.com/maps/search/?api=1&query=Cin%C3%A9polis%20Cinemas%20-%20Oasis%20Mall%20Salalah&query_place_id=ChIJu1Gus4ph0T0RBXrJE1myh7Y","5",,,"Very nice cinema 👍🏻"
"Cinépolis Cinemas - Oasis Mall Salalah","https://www.google.com/maps/search/?api=1&query=Cin%C3%A9polis%20Cinemas%20-%20Oasis%20Mall%20Salalah&query_place_id=ChIJu1Gus4ph0T0RBXrJE1myh7Y","4",,,
"Cinépolis Cinemas - Oasis Mall Salalah","https://www.google.com/maps/search/?api=1&query=Cin%C3%A9polis%20Cinemas%20-%20Oasis%20Mall%20Salalah&query_place_id=ChIJu1Gus4ph0T0RBXrJE1myh7Y","5",,,"افضل سينما في صلالة"
"Cinépolis Cinemas - Oasis Mall Salalah","https://www.google.com/maps/search/?api=1&query=Cin%C3%A9polis%20Cinemas%20-%20Oasis%20Mall%20Salalah&query_place_id=ChIJu1Gus4ph0T0RBXrJE1myh7Y","5",,,"السينما حلوه و جميله جدا و لطف الموظفين غير و تنوع كراسي السينما و أهم شيء الأكلات والفشار و المشروبات كل شيء حلو اختصار لازم تزورون المكان ولو مرة واحدة مع اني انصحكم انه تشاهدون الأفلام في سينابولس سينما."
"Cinépolis Cinemas - Oasis Mall Salalah","https://www.google.com/maps/search/?api=1&query=Cin%C3%A9polis%20Cinemas%20-%20Oasis%20Mall%20Salalah&query_place_id=ChIJu1Gus4ph0T0RBXrJE1myh7Y","4",,,"Very clean and tidy, seats, sound effects are fine, kiosk and tickets counter always easy to access."
"Cinépolis Cinemas - Oasis Mall Salalah","https://www.google.com/maps/search/?api=1&query=Cin%C3%A9polis%20Cinemas%20-%20Oasis%20Mall%20Salalah&query_place_id=ChIJu1Gus4ph0T0RBXrJE1myh7Y","4",,,
"Cinépolis Cinemas - Oasis Mall Salalah","https://www.google.com/maps/search/?api=1&query=Cin%C3%A9polis%20Cinemas%20-%20Oasis%20Mall%20Salalah&query_place_id=ChIJu1Gus4ph0T0RBXrJE1myh7Y","5",,,"Good 👍👍"
"Cinépolis Cinemas - Oasis Mall Salalah","https://www.google.com/maps/search/?api=1&query=Cin%C3%A9polis%20Cinemas%20-%20Oasis%20Mall%20Salalah&query_place_id=ChIJu1Gus4ph0T0RBXrJE1myh7Y","5",,,
"Cinépolis Cinemas - Oasis Mall Salalah","https://www.google.com/maps/search/?api=1&query=Cin%C3%A9polis%20Cinemas%20-%20Oasis%20Mall%20Salalah&query_place_id=ChIJu1Gus4ph0T0RBXrJE1myh7Y","5",,,"Very nice"
"Cinépolis Cinemas - Oasis Mall Salalah","https://www.google.com/maps/search/?api=1&query=Cin%C3%A9polis%20Cinemas%20-%20Oasis%20Mall%20Salalah&query_place_id=ChIJu1Gus4ph0T0RBXrJE1myh7Y","4",,,
"Cinépolis Cinemas - Oman Avenues Mall سينما سينابولس - مسقط أفينيوز مول","https://www.google.com/maps/search/?api=1&query=Cin%C3%A9polis%20Cinemas%20-%20Oman%20Avenues%20Mall%20%D8%B3%D9%8A%D9%86%D9%85%D8%A7%20%D8%B3%D9%8A%D9%86%D8%A7%D8%A8%D9%88%D9%84%D8%B3%20-%20%D9%85%D8%B3%D9%82%D8%B7%20%D8%A3%D9%81%D9%8A%D9%86%D9%8A%D9%88%D8%B2%20%D9%85%D9%88%D9%84&query_place_id=ChIJJQi8_2X_kT4R_wLK-5zn2ss","5",,,
"Cinépolis Cinemas - Oman Avenues Mall سينما سينابولس - مسقط أفينيوز مول","https://www.google.com/maps/search/?api=1&query=Cin%C3%A9polis%20Cinemas%20-%20Oman%20Avenues%20Mall%20%D8%B3%D9%8A%D9%86%D9%85%D8%A7%20%D8%B3%D9%8A%D9%86%D8%A7%D8%A8%D9%88%D9%84%D8%B3%20-%20%D9%85%D8%B3%D9%82%D8%B7%20%D8%A3%D9%81%D9%8A%D9%86%D9%8A%D9%88%D8%B2%20%D9%85%D9%88%D9%84&query_place_id=ChIJJQi8_2X_kT4R_wLK-5zn2ss","5",,,
"Cinépolis Cinemas - Oman Avenues Mall سينما سينابولس - مسقط أفينيوز مول","https://www.google.com/maps/search/?api=1&query=Cin%C3%A9polis%20Cinemas%20-%20Oman%20Avenues%20Mall%20%D8%B3%D9%8A%D9%86%D9%85%D8%A7%20%D8%B3%D9%8A%D9%86%D8%A7%D8%A8%D9%88%D9%84%D8%B3%20-%20%D9%85%D8%B3%D9%82%D8%B7%20%D8%A3%D9%81%D9%8A%D9%86%D9%8A%D9%88%D8%B2%20%D9%85%D9%88%D9%84&query_place_id=ChIJJQi8_2X_kT4R_wLK-5zn2ss","5",,,
"Cinépolis Cinemas - Oman Avenues Mall سينما سينابولس - مسقط أفينيوز مول","https://www.google.com/maps/search/?api=1&query=Cin%C3%A9polis%20Cinemas%20-%20Oman%20Avenues%20Mall%20%D8%B3%D9%8A%D9%86%D9%85%D8%A7%20%D8%B3%D9%8A%D9%86%D8%A7%D8%A8%D9%88%D9%84%D8%B3%20-%20%D9%85%D8%B3%D9%82%D8%B7%20%D8%A3%D9%81%D9%8A%D9%86%D9%8A%D9%88%D8%B2%20%D9%85%D9%88%D9%84&query_place_id=ChIJJQi8_2X_kT4R_wLK-5zn2ss","5",,,"Friendly staff, Celine was a great help."
"Cinépolis Cinemas - Oman Avenues Mall سينما سينابولس - مسقط أفينيوز مول","https://www.google.com/maps/search/?api=1&query=Cin%C3%A9polis%20Cinemas%20-%20Oman%20Avenues%20Mall%20%D8%B3%D9%8A%D9%86%D9%85%D8%A7%20%D8%B3%D9%8A%D9%86%D8%A7%D8%A8%D9%88%D9%84%D8%B3%20-%20%D9%85%D8%B3%D9%82%D8%B7%20%D8%A3%D9%81%D9%8A%D9%86%D9%8A%D9%88%D8%B2%20%D9%85%D9%88%D9%84&query_place_id=ChIJJQi8_2X_kT4R_wLK-5zn2ss","5",,,"طاقم متساعد و لطيف جدا"
"Cinépolis Cinemas - Oman Avenues Mall سينما سينابولس - مسقط أفينيوز مول","https://www.google.com/maps/search/?api=1&query=Cin%C3%A9polis%20Cinemas%20-%20Oman%20Avenues%20Mall%20%D8%B3%D9%8A%D9%86%D9%85%D8%A7%20%D8%B3%D9%8A%D9%86%D8%A7%D8%A8%D9%88%D9%84%D8%B3%20-%20%D9%85%D8%B3%D9%82%D8%B7%20%D8%A3%D9%81%D9%8A%D9%86%D9%8A%D9%88%D8%B2%20%D9%85%D9%88%D9%84&query_place_id=ChIJJQi8_2X_kT4R_wLK-5zn2ss","5",,,"Excellent service provided by Celine she was very helpful and extremely responsive the movie theater was very good and comfortable"
"Cinépolis Cinemas - Oman Avenues Mall سينما سينابولس - مسقط أفينيوز مول","https://www.google.com/maps/search/?api=1&query=Cin%C3%A9polis%20Cinemas%20-%20Oman%20Avenues%20Mall%20%D8%B3%D9%8A%D9%86%D9%85%D8%A7%20%D8%B3%D9%8A%D9%86%D8%A7%D8%A8%D9%88%D9%84%D8%B3%20-%20%D9%85%D8%B3%D9%82%D8%B7%20%D8%A3%D9%81%D9%8A%D9%86%D9%8A%D9%88%D8%B2%20%D9%85%D9%88%D9%84&query_place_id=ChIJJQi8_2X_kT4R_wLK-5zn2ss","5",,,"ممتاز"
"Cinépolis Cinemas - Oman Avenues Mall سينما سينابولس - مسقط أفينيوز مول","https://www.google.com/maps/search/?api=1&query=Cin%C3%A9polis%20Cinemas%20-%20Oman%20Avenues%20Mall%20%D8%B3%D9%8A%D9%86%D9%85%D8%A7%20%D8%B3%D9%8A%D9%86%D8%A7%D8%A8%D9%88%D9%84%D8%B3%20-%20%D9%85%D8%B3%D9%82%D8%B7%20%D8%A3%D9%81%D9%8A%D9%86%D9%8A%D9%88%D8%B2%20%D9%85%D9%88%D9%84&query_place_id=ChIJJQi8_2X_kT4R_wLK-5zn2ss","4",,,
"Cinépolis Cinemas - Oman Avenues Mall سينما سينابولس - مسقط أفينيوز مول","https://www.google.com/maps/search/?api=1&query=Cin%C3%A9polis%20Cinemas%20-%20Oman%20Avenues%20Mall%20%D8%B3%D9%8A%D9%86%D9%85%D8%A7%20%D8%B3%D9%8A%D9%86%D8%A7%D8%A8%D9%88%D9%84%D8%B3%20-%20%D9%85%D8%B3%D9%82%D8%B7%20%D8%A3%D9%81%D9%8A%D9%86%D9%8A%D9%88%D8%B2%20%D9%85%D9%88%D9%84&query_place_id=ChIJJQi8_2X_kT4R_wLK-5zn2ss","5",,,
"Cinépolis Cinemas - Oman Avenues Mall سينما سينابولس - مسقط أفينيوز مول","https://www.google.com/maps/search/?api=1&query=Cin%C3%A9polis%20Cinemas%20-%20Oman%20Avenues%20Mall%20%D8%B3%D9%8A%D9%86%D9%85%D8%A7%20%D8%B3%D9%8A%D9%86%D8%A7%D8%A8%D9%88%D9%84%D8%B3%20-%20%D9%85%D8%B3%D9%82%D8%B7%20%D8%A3%D9%81%D9%8A%D9%86%D9%8A%D9%88%D8%B2%20%D9%85%D9%88%D9%84&query_place_id=ChIJJQi8_2X_kT4R_wLK-5zn2ss","5",,,
"Cinépolis Cinemas - Oman Avenues Mall سينما سينابولس - مسقط أفينيوز مول","https://www.google.com/maps/search/?api=1&query=Cin%C3%A9polis%20Cinemas%20-%20Oman%20Avenues%20Mall%20%D8%B3%D9%8A%D9%86%D9%85%D8%A7%20%D8%B3%D9%8A%D9%86%D8%A7%D8%A8%D9%88%D9%84%D8%B3%20-%20%D9%85%D8%B3%D9%82%D8%B7%20%D8%A3%D9%81%D9%8A%D9%86%D9%8A%D9%88%D8%B2%20%D9%85%D9%88%D9%84&query_place_id=ChIJJQi8_2X_kT4R_wLK-5zn2ss","5",,,
"Cinépolis Cinemas - Oman Avenues Mall سينما سينابولس - مسقط أفينيوز مول","https://www.google.com/maps/search/?api=1&query=Cin%C3%A9polis%20Cinemas%20-%20Oman%20Avenues%20Mall%20%D8%B3%D9%8A%D9%86%D9%85%D8%A7%20%D8%B3%D9%8A%D9%86%D8%A7%D8%A8%D9%88%D9%84%D8%B3%20-%20%D9%85%D8%B3%D9%82%D8%B7%20%D8%A3%D9%81%D9%8A%D9%86%D9%8A%D9%88%D8%B2%20%D9%85%D9%88%D9%84&query_place_id=ChIJJQi8_2X_kT4R_wLK-5zn2ss","5",,,
"Cinépolis Cinemas - Oman Avenues Mall سينما سينابولس - مسقط أفينيوز مول","https://www.google.com/maps/search/?api=1&query=Cin%C3%A9polis%20Cinemas%20-%20Oman%20Avenues%20Mall%20%D8%B3%D9%8A%D9%86%D9%85%D8%A7%20%D8%B3%D9%8A%D9%86%D8%A7%D8%A8%D9%88%D9%84%D8%B3%20-%20%D9%85%D8%B3%D9%82%D8%B7%20%D8%A3%D9%81%D9%8A%D9%86%D9%8A%D9%88%D8%B2%20%D9%85%D9%88%D9%84&query_place_id=ChIJJQi8_2X_kT4R_wLK-5zn2ss","5",,,
"Cinépolis Cinemas - Oman Avenues Mall سينما سينابولس - مسقط أفينيوز مول","https://www.google.com/maps/search/?api=1&query=Cin%C3%A9polis%20Cinemas%20-%20Oman%20Avenues%20Mall%20%D8%B3%D9%8A%D9%86%D9%85%D8%A7%20%D8%B3%D9%8A%D9%86%D8%A7%D8%A8%D9%88%D9%84%D8%B3%20-%20%D9%85%D8%B3%D9%82%D8%B7%20%D8%A3%D9%81%D9%8A%D9%86%D9%8A%D9%88%D8%B2%20%D9%85%D9%88%D9%84&query_place_id=ChIJJQi8_2X_kT4R_wLK-5zn2ss","5",,,
"Cinépolis Cinemas - Oman Avenues Mall سينما سينابولس - مسقط أفينيوز مول","https://www.google.com/maps/search/?api=1&query=Cin%C3%A9polis%20Cinemas%20-%20Oman%20Avenues%20Mall%20%D8%B3%D9%8A%D9%86%D9%85%D8%A7%20%D8%B3%D9%8A%D9%86%D8%A7%D8%A8%D9%88%D9%84%D8%B3%20-%20%D9%85%D8%B3%D9%82%D8%B7%20%D8%A3%D9%81%D9%8A%D9%86%D9%8A%D9%88%D8%B2%20%D9%85%D9%88%D9%84&query_place_id=ChIJJQi8_2X_kT4R_wLK-5zn2ss","5",,,
"Cinépolis Cinemas - Oman Avenues Mall سينما سينابولس - مسقط أفينيوز مول","https://www.google.com/maps/search/?api=1&query=Cin%C3%A9polis%20Cinemas%20-%20Oman%20Avenues%20Mall%20%D8%B3%D9%8A%D9%86%D9%85%D8%A7%20%D8%B3%D9%8A%D9%86%D8%A7%D8%A8%D9%88%D9%84%D8%B3%20-%20%D9%85%D8%B3%D9%82%D8%B7%20%D8%A3%D9%81%D9%8A%D9%86%D9%8A%D9%88%D8%B2%20%D9%85%D9%88%D9%84&query_place_id=ChIJJQi8_2X_kT4R_wLK-5zn2ss","5",,,
"Cinépolis Cinemas - Oman Avenues Mall سينما سينابولس - مسقط أفينيوز مول","https://www.google.com/maps/search/?api=1&query=Cin%C3%A9polis%20Cinemas%20-%20Oman%20Avenues%20Mall%20%D8%B3%D9%8A%D9%86%D9%85%D8%A7%20%D8%B3%D9%8A%D9%86%D8%A7%D8%A8%D9%88%D9%84%D8%B3%20-%20%D9%85%D8%B3%D9%82%D8%B7%20%D8%A3%D9%81%D9%8A%D9%86%D9%8A%D9%88%D8%B2%20%D9%85%D9%88%D9%84&query_place_id=ChIJJQi8_2X_kT4R_wLK-5zn2ss","5",,,"Good cinema .. online offers are great"
"Cinépolis Cinemas - Oman Avenues Mall سينما سينابولس - مسقط أفينيوز مول","https://www.google.com/maps/search/?api=1&query=Cin%C3%A9polis%20Cinemas%20-%20Oman%20Avenues%20Mall%20%D8%B3%D9%8A%D9%86%D9%85%D8%A7%20%D8%B3%D9%8A%D9%86%D8%A7%D8%A8%D9%88%D9%84%D8%B3%20-%20%D9%85%D8%B3%D9%82%D8%B7%20%D8%A3%D9%81%D9%8A%D9%86%D9%8A%D9%88%D8%B2%20%D9%85%D9%88%D9%84&query_place_id=ChIJJQi8_2X_kT4R_wLK-5zn2ss","5",,,
"Cinépolis Cinemas - Oman Avenues Mall سينما سينابولس - مسقط أفينيوز مول","https://www.google.com/maps/search/?api=1&query=Cin%C3%A9polis%20Cinemas%20-%20Oman%20Avenues%20Mall%20%D8%B3%D9%8A%D9%86%D9%85%D8%A7%20%D8%B3%D9%8A%D9%86%D8%A7%D8%A8%D9%88%D9%84%D8%B3%20-%20%D9%85%D8%B3%D9%82%D8%B7%20%D8%A3%D9%81%D9%8A%D9%86%D9%8A%D9%88%D8%B2%20%D9%85%D9%88%D9%84&query_place_id=ChIJJQi8_2X_kT4R_wLK-5zn2ss","5",,,"Best staff I have ever seen specially the Omani national... I remember Abdulaziz and. Girl who was so so sooooo helpful... Million thanks for making our day"
"Cinépolis Cinemas - Oman Avenues Mall سينما سينابولس - مسقط أفينيوز مول","https://www.google.com/maps/search/?api=1&query=Cin%C3%A9polis%20Cinemas%20-%20Oman%20Avenues%20Mall%20%D8%B3%D9%8A%D9%86%D9%85%D8%A7%20%D8%B3%D9%8A%D9%86%D8%A7%D8%A8%D9%88%D9%84%D8%B3%20-%20%D9%85%D8%B3%D9%82%D8%B7%20%D8%A3%D9%81%D9%8A%D9%86%D9%8A%D9%88%D8%B2%20%D9%85%D9%88%D9%84&query_place_id=ChIJJQi8_2X_kT4R_wLK-5zn2ss","5",,,
"Cinépolis Cinemas - Oasis Mall Salalah","https://www.google.com/maps/search/?api=1&query=Cin%C3%A9polis%20Cinemas%20-%20Oasis%20Mall%20Salalah&query_place_id=ChIJu1Gus4ph0T0RBXrJE1myh7Y","4",,,"Had great experience.  Cenima Hall was empty."
"Cinépolis Cinemas - Oasis Mall Salalah","https://www.google.com/maps/search/?api=1&query=Cin%C3%A9polis%20Cinemas%20-%20Oasis%20Mall%20Salalah&query_place_id=ChIJu1Gus4ph0T0RBXrJE1myh7Y","4",,,
"Cinépolis Cinemas - Oasis Mall Salalah","https://www.google.com/maps/search/?api=1&query=Cin%C3%A9polis%20Cinemas%20-%20Oasis%20Mall%20Salalah&query_place_id=ChIJu1Gus4ph0T0RBXrJE1myh7Y","4",,,
"Cinépolis Cinemas - Oasis Mall Salalah","https://www.google.com/maps/search/?api=1&query=Cin%C3%A9polis%20Cinemas%20-%20Oasis%20Mall%20Salalah&query_place_id=ChIJu1Gus4ph0T0RBXrJE1myh7Y","5",,,"Very Nice Place"
"Cinépolis Cinemas - Oasis Mall Salalah","https://www.google.com/maps/search/?api=1&query=Cin%C3%A9polis%20Cinemas%20-%20Oasis%20Mall%20Salalah&query_place_id=ChIJu1Gus4ph0T0RBXrJE1myh7Y","5",,,"مكان جميل جداً"
"Cinépolis Cinemas - Oasis Mall Salalah","https://www.google.com/maps/search/?api=1&query=Cin%C3%A9polis%20Cinemas%20-%20Oasis%20Mall%20Salalah&query_place_id=ChIJu1Gus4ph0T0RBXrJE1myh7Y","4",,,
"Cinépolis Cinemas - Oasis Mall Salalah","https://www.google.com/maps/search/?api=1&query=Cin%C3%A9polis%20Cinemas%20-%20Oasis%20Mall%20Salalah&query_place_id=ChIJu1Gus4ph0T0RBXrJE1myh7Y","3",,,
"Cinépolis Cinemas - Oasis Mall Salalah","https://www.google.com/maps/search/?api=1&query=Cin%C3%A9polis%20Cinemas%20-%20Oasis%20Mall%20Salalah&query_place_id=ChIJu1Gus4ph0T0RBXrJE1myh7Y","5",,,
"Cinépolis Cinemas - Oasis Mall Salalah","https://www.google.com/maps/search/?api=1&query=Cin%C3%A9polis%20Cinemas%20-%20Oasis%20Mall%20Salalah&query_place_id=ChIJu1Gus4ph0T0RBXrJE1myh7Y","5",,,
"Cinépolis Cinemas - Oasis Mall Salalah","https://www.google.com/maps/search/?api=1&query=Cin%C3%A9polis%20Cinemas%20-%20Oasis%20Mall%20Salalah&query_place_id=ChIJu1Gus4ph0T0RBXrJE1myh7Y","4",,,"ممتاز"
"Cinépolis Cinemas - Oasis Mall Salalah","https://www.google.com/maps/search/?api=1&query=Cin%C3%A9polis%20Cinemas%20-%20Oasis%20Mall%20Salalah&query_place_id=ChIJu1Gus4ph0T0RBXrJE1myh7Y","5",,,
"Cinépolis Cinemas - Oasis Mall Salalah","https://www.google.com/maps/search/?api=1&query=Cin%C3%A9polis%20Cinemas%20-%20Oasis%20Mall%20Salalah&query_place_id=ChIJu1Gus4ph0T0RBXrJE1myh7Y","5",,,"I enjoyed going to this place. The movies start on time. The chairs are comfy, and the snacks are good. You don't have to pay for the 3d glasses; you only take them and give them back. I found this environmentally freindly and convenient."
"Cinépolis Cinemas - Oasis Mall Salalah","https://www.google.com/maps/search/?api=1&query=Cin%C3%A9polis%20Cinemas%20-%20Oasis%20Mall%20Salalah&query_place_id=ChIJu1Gus4ph0T0RBXrJE1myh7Y","5",,,
"Cinépolis Cinemas - Oasis Mall Salalah","https://www.google.com/maps/search/?api=1&query=Cin%C3%A9polis%20Cinemas%20-%20Oasis%20Mall%20Salalah&query_place_id=ChIJu1Gus4ph0T0RBXrJE1myh7Y","5",,,
"Cinépolis Cinemas - Oasis Mall Salalah","https://www.google.com/maps/search/?api=1&query=Cin%C3%A9polis%20Cinemas%20-%20Oasis%20Mall%20Salalah&query_place_id=ChIJu1Gus4ph0T0RBXrJE1myh7Y","5",,,"Cinepolis offers the  Best Cinematic Experience in Town."
"Cinépolis Cinemas - Oasis Mall Salalah","https://www.google.com/maps/search/?api=1&query=Cin%C3%A9polis%20Cinemas%20-%20Oasis%20Mall%20Salalah&query_place_id=ChIJu1Gus4ph0T0RBXrJE1myh7Y","5",,,"كسينما إبدااااع"
"Cinépolis Cinemas - Oasis Mall Salalah","https://www.google.com/maps/search/?api=1&query=Cin%C3%A9polis%20Cinemas%20-%20Oasis%20Mall%20Salalah&query_place_id=ChIJu1Gus4ph0T0RBXrJE1myh7Y","3",,,"جميل"
"Cinépolis Cinemas - Oasis Mall Salalah","https://www.google.com/maps/search/?api=1&query=Cin%C3%A9polis%20Cinemas%20-%20Oasis%20Mall%20Salalah&query_place_id=ChIJu1Gus4ph0T0RBXrJE1myh7Y","5",,,"Great atmosphere and amazing experience."
"Cinépolis Cinemas - Oasis Mall Salalah","https://www.google.com/maps/search/?api=1&query=Cin%C3%A9polis%20Cinemas%20-%20Oasis%20Mall%20Salalah&query_place_id=ChIJu1Gus4ph0T0RBXrJE1myh7Y","5",,,
"Cinépolis Cinemas - Oasis Mall Salalah","https://www.google.com/maps/search/?api=1&query=Cin%C3%A9polis%20Cinemas%20-%20Oasis%20Mall%20Salalah&query_place_id=ChIJu1Gus4ph0T0RBXrJE1myh7Y","4",,,
"Cinépolis Cinemas - Oman Avenues Mall سينما سينابولس - مسقط أفينيوز مول","https://www.google.com/maps/search/?api=1&query=Cin%C3%A9polis%20Cinemas%20-%20Oman%20Avenues%20Mall%20%D8%B3%D9%8A%D9%86%D9%85%D8%A7%20%D8%B3%D9%8A%D9%86%D8%A7%D8%A8%D9%88%D9%84%D8%B3%20-%20%D9%85%D8%B3%D9%82%D8%B7%20%D8%A3%D9%81%D9%8A%D9%86%D9%8A%D9%88%D8%B2%20%D9%85%D9%88%D9%84&query_place_id=ChIJJQi8_2X_kT4R_wLK-5zn2ss","5",,,"السنما فضيع وتعامل راقي وساعدتنا كثير سيلين ع الحجز ❤️❤️😍"
"Cinépolis Cinemas - Oman Avenues Mall سينما سينابولس - مسقط أفينيوز مول","https://www.google.com/maps/search/?api=1&query=Cin%C3%A9polis%20Cinemas%20-%20Oman%20Avenues%20Mall%20%D8%B3%D9%8A%D9%86%D9%85%D8%A7%20%D8%B3%D9%8A%D9%86%D8%A7%D8%A8%D9%88%D9%84%D8%B3%20-%20%D9%85%D8%B3%D9%82%D8%B7%20%D8%A3%D9%81%D9%8A%D9%86%D9%8A%D9%88%D8%B2%20%D9%85%D9%88%D9%84&query_place_id=ChIJJQi8_2X_kT4R_wLK-5zn2ss","5",,,"Excellent experience during my recent visit. Theatre is neat and clean with comfortable seats. There are discount offers on weekdays."
"Cinépolis Cinemas - Oman Avenues Mall سينما سينابولس - مسقط أفينيوز مول","https://www.google.com/maps/search/?api=1&query=Cin%C3%A9polis%20Cinemas%20-%20Oman%20Avenues%20Mall%20%D8%B3%D9%8A%D9%86%D9%85%D8%A7%20%D8%B3%D9%8A%D9%86%D8%A7%D8%A8%D9%88%D9%84%D8%B3%20-%20%D9%85%D8%B3%D9%82%D8%B7%20%D8%A3%D9%81%D9%8A%D9%86%D9%8A%D9%88%D8%B2%20%D9%85%D9%88%D9%84&query_place_id=ChIJJQi8_2X_kT4R_wLK-5zn2ss","5",,,
"Cinépolis Cinemas - Oman Avenues Mall سينما سينابولس - مسقط أفينيوز مول","https://www.google.com/maps/search/?api=1&query=Cin%C3%A9polis%20Cinemas%20-%20Oman%20Avenues%20Mall%20%D8%B3%D9%8A%D9%86%D9%85%D8%A7%20%D8%B3%D9%8A%D9%86%D8%A7%D8%A8%D9%88%D9%84%D8%B3%20-%20%D9%85%D8%B3%D9%82%D8%B7%20%D8%A3%D9%81%D9%8A%D9%86%D9%8A%D9%88%D8%B2%20%D9%85%D9%88%D9%84&query_place_id=ChIJJQi8_2X_kT4R_wLK-5zn2ss","5",,,
"Cinépolis Cinemas - Oman Avenues Mall سينما سينابولس - مسقط أفينيوز مول","https://www.google.com/maps/search/?api=1&query=Cin%C3%A9polis%20Cinemas%20-%20Oman%20Avenues%20Mall%20%D8%B3%D9%8A%D9%86%D9%85%D8%A7%20%D8%B3%D9%8A%D9%86%D8%A7%D8%A8%D9%88%D9%84%D8%B3%20-%20%D9%85%D8%B3%D9%82%D8%B7%20%D8%A3%D9%81%D9%8A%D9%86%D9%8A%D9%88%D8%B2%20%D9%85%D9%88%D9%84&query_place_id=ChIJJQi8_2X_kT4R_wLK-5zn2ss","5",,,
"Cinépolis Cinemas - Oman Avenues Mall سينما سينابولس - مسقط أفينيوز مول","https://www.google.com/maps/search/?api=1&query=Cin%C3%A9polis%20Cinemas%20-%20Oman%20Avenues%20Mall%20%D8%B3%D9%8A%D9%86%D9%85%D8%A7%20%D8%B3%D9%8A%D9%86%D8%A7%D8%A8%D9%88%D9%84%D8%B3%20-%20%D9%85%D8%B3%D9%82%D8%B7%20%D8%A3%D9%81%D9%8A%D9%86%D9%8A%D9%88%D8%B2%20%D9%85%D9%88%D9%84&query_place_id=ChIJJQi8_2X_kT4R_wLK-5zn2ss","5",,,
"Cinépolis Cinemas - Oman Avenues Mall سينما سينابولس - مسقط أفينيوز مول","https://www.google.com/maps/search/?api=1&query=Cin%C3%A9polis%20Cinemas%20-%20Oman%20Avenues%20Mall%20%D8%B3%D9%8A%D9%86%D9%85%D8%A7%20%D8%B3%D9%8A%D9%86%D8%A7%D8%A8%D9%88%D9%84%D8%B3%20-%20%D9%85%D8%B3%D9%82%D8%B7%20%D8%A3%D9%81%D9%8A%D9%86%D9%8A%D9%88%D8%B2%20%D9%85%D9%88%D9%84&query_place_id=ChIJJQi8_2X_kT4R_wLK-5zn2ss","5",,,
"Cinépolis Cinemas - Oman Avenues Mall سينما سينابولس - مسقط أفينيوز مول","https://www.google.com/maps/search/?api=1&query=Cin%C3%A9polis%20Cinemas%20-%20Oman%20Avenues%20Mall%20%D8%B3%D9%8A%D9%86%D9%85%D8%A7%20%D8%B3%D9%8A%D9%86%D8%A7%D8%A8%D9%88%D9%84%D8%B3%20-%20%D9%85%D8%B3%D9%82%D8%B7%20%D8%A3%D9%81%D9%8A%D9%86%D9%8A%D9%88%D8%B2%20%D9%85%D9%88%D9%84&query_place_id=ChIJJQi8_2X_kT4R_wLK-5zn2ss","5",,,
"Cinépolis Cinemas - Oman Avenues Mall سينما سينابولس - مسقط أفينيوز مول","https://www.google.com/maps/search/?api=1&query=Cin%C3%A9polis%20Cinemas%20-%20Oman%20Avenues%20Mall%20%D8%B3%D9%8A%D9%86%D9%85%D8%A7%20%D8%B3%D9%8A%D9%86%D8%A7%D8%A8%D9%88%D9%84%D8%B3%20-%20%D9%85%D8%B3%D9%82%D8%B7%20%D8%A3%D9%81%D9%8A%D9%86%D9%8A%D9%88%D8%B2%20%D9%85%D9%88%D9%84&query_place_id=ChIJJQi8_2X_kT4R_wLK-5zn2ss","5",,,
"Cinépolis Cinemas - Oman Avenues Mall سينما سينابولس - مسقط أفينيوز مول","https://www.google.com/maps/search/?api=1&query=Cin%C3%A9polis%20Cinemas%20-%20Oman%20Avenues%20Mall%20%D8%B3%D9%8A%D9%86%D9%85%D8%A7%20%D8%B3%D9%8A%D9%86%D8%A7%D8%A8%D9%88%D9%84%D8%B3%20-%20%D9%85%D8%B3%D9%82%D8%B7%20%D8%A3%D9%81%D9%8A%D9%86%D9%8A%D9%88%D8%B2%20%D9%85%D9%88%D9%84&query_place_id=ChIJJQi8_2X_kT4R_wLK-5zn2ss","5",,,
"Cinépolis Cinemas - Oman Avenues Mall سينما سينابولس - مسقط أفينيوز مول","https://www.google.com/maps/search/?api=1&query=Cin%C3%A9polis%20Cinemas%20-%20Oman%20Avenues%20Mall%20%D8%B3%D9%8A%D9%86%D9%85%D8%A7%20%D8%B3%D9%8A%D9%86%D8%A7%D8%A8%D9%88%D9%84%D8%B3%20-%20%D9%85%D8%B3%D9%82%D8%B7%20%D8%A3%D9%81%D9%8A%D9%86%D9%8A%D9%88%D8%B2%20%D9%85%D9%88%D9%84&query_place_id=ChIJJQi8_2X_kT4R_wLK-5zn2ss","5",,,"Great experience, 🩷"
"Cinépolis Cinemas - Oman Avenues Mall سينما سينابولس - مسقط أفينيوز مول","https://www.google.com/maps/search/?api=1&query=Cin%C3%A9polis%20Cinemas%20-%20Oman%20Avenues%20Mall%20%D8%B3%D9%8A%D9%86%D9%85%D8%A7%20%D8%B3%D9%8A%D9%86%D8%A7%D8%A8%D9%88%D9%84%D8%B3%20-%20%D9%85%D8%B3%D9%82%D8%B7%20%D8%A3%D9%81%D9%8A%D9%86%D9%8A%D9%88%D8%B2%20%D9%85%D9%88%D9%84&query_place_id=ChIJJQi8_2X_kT4R_wLK-5zn2ss","1",,,"Worst movie theatre of the country.
Screen 1: Watched Kalki on 28-jun-24. Poor screen quality, pathetic sound and horrible air condition.

Oman Cinépolis is ruining the brand name"
"Cinépolis Cinemas - Oman Avenues Mall سينما سينابولس - مسقط أفينيوز مول","https://www.google.com/maps/search/?api=1&query=Cin%C3%A9polis%20Cinemas%20-%20Oman%20Avenues%20Mall%20%D8%B3%D9%8A%D9%86%D9%85%D8%A7%20%D8%B3%D9%8A%D9%86%D8%A7%D8%A8%D9%88%D9%84%D8%B3%20-%20%D9%85%D8%B3%D9%82%D8%B7%20%D8%A3%D9%81%D9%8A%D9%86%D9%8A%D9%88%D8%B2%20%D9%85%D9%88%D9%84&query_place_id=ChIJJQi8_2X_kT4R_wLK-5zn2ss","5",,,
"Cinépolis Cinemas - Oman Avenues Mall سينما سينابولس - مسقط أفينيوز مول","https://www.google.com/maps/search/?api=1&query=Cin%C3%A9polis%20Cinemas%20-%20Oman%20Avenues%20Mall%20%D8%B3%D9%8A%D9%86%D9%85%D8%A7%20%D8%B3%D9%8A%D9%86%D8%A7%D8%A8%D9%88%D9%84%D8%B3%20-%20%D9%85%D8%B3%D9%82%D8%B7%20%D8%A3%D9%81%D9%8A%D9%86%D9%8A%D9%88%D8%B2%20%D9%85%D9%88%D9%84&query_place_id=ChIJJQi8_2X_kT4R_wLK-5zn2ss","5",,,"ممتازه جدا ً✨🤍🤍"
"Cinépolis Cinemas - Oman Avenues Mall سينما سينابولس - مسقط أفينيوز مول","https://www.google.com/maps/search/?api=1&query=Cin%C3%A9polis%20Cinemas%20-%20Oman%20Avenues%20Mall%20%D8%B3%D9%8A%D9%86%D9%85%D8%A7%20%D8%B3%D9%8A%D9%86%D8%A7%D8%A8%D9%88%D9%84%D8%B3%20-%20%D9%85%D8%B3%D9%82%D8%B7%20%D8%A3%D9%81%D9%8A%D9%86%D9%8A%D9%88%D8%B2%20%D9%85%D9%88%D9%84&query_place_id=ChIJJQi8_2X_kT4R_wLK-5zn2ss","5",,,"Big screen and best sound , watched  vikram movie here,Cinépolis Cinemas at Oman Avenues Mall provides a cinematic experience like no other. The plush seating, crisp audio, and vibrant screens enhance the movie-watching pleasure. The variety of snacks and courteous staff add to the overall enjoyment. The clean and well-maintained facilities make it a top choice for film enthusiasts. A great place to unwind and immerse yourself in the magic of cinema.
Watched Captain miller &
Kalki"
"Cinépolis Cinemas - Oman Avenues Mall سينما سينابولس - مسقط أفينيوز مول","https://www.google.com/maps/search/?api=1&query=Cin%C3%A9polis%20Cinemas%20-%20Oman%20Avenues%20Mall%20%D8%B3%D9%8A%D9%86%D9%85%D8%A7%20%D8%B3%D9%8A%D9%86%D8%A7%D8%A8%D9%88%D9%84%D8%B3%20-%20%D9%85%D8%B3%D9%82%D8%B7%20%D8%A3%D9%81%D9%8A%D9%86%D9%8A%D9%88%D8%B2%20%D9%85%D9%88%D9%84&query_place_id=ChIJJQi8_2X_kT4R_wLK-5zn2ss","5",,,
"Cinépolis Cinemas - Oman Avenues Mall سينما سينابولس - مسقط أفينيوز مول","https://www.google.com/maps/search/?api=1&query=Cin%C3%A9polis%20Cinemas%20-%20Oman%20Avenues%20Mall%20%D8%B3%D9%8A%D9%86%D9%85%D8%A7%20%D8%B3%D9%8A%D9%86%D8%A7%D8%A8%D9%88%D9%84%D8%B3%20-%20%D9%85%D8%B3%D9%82%D8%B7%20%D8%A3%D9%81%D9%8A%D9%86%D9%8A%D9%88%D8%B2%20%D9%85%D9%88%D9%84&query_place_id=ChIJJQi8_2X_kT4R_wLK-5zn2ss","5",,,
"Cinépolis Cinemas - Oman Avenues Mall سينما سينابولس - مسقط أفينيوز مول","https://www.google.com/maps/search/?api=1&query=Cin%C3%A9polis%20Cinemas%20-%20Oman%20Avenues%20Mall%20%D8%B3%D9%8A%D9%86%D9%85%D8%A7%20%D8%B3%D9%8A%D9%86%D8%A7%D8%A8%D9%88%D9%84%D8%B3%20-%20%D9%85%D8%B3%D9%82%D8%B7%20%D8%A3%D9%81%D9%8A%D9%86%D9%8A%D9%88%D8%B2%20%D9%85%D9%88%D9%84&query_place_id=ChIJJQi8_2X_kT4R_wLK-5zn2ss","5",,,"Loved how the assistant was so sweet and smiling 🤍"
"Cinépolis Cinemas - Oman Avenues Mall سينما سينابولس - مسقط أفينيوز مول","https://www.google.com/maps/search/?api=1&query=Cin%C3%A9polis%20Cinemas%20-%20Oman%20Avenues%20Mall%20%D8%B3%D9%8A%D9%86%D9%85%D8%A7%20%D8%B3%D9%8A%D9%86%D8%A7%D8%A8%D9%88%D9%84%D8%B3%20-%20%D9%85%D8%B3%D9%82%D8%B7%20%D8%A3%D9%81%D9%8A%D9%86%D9%8A%D9%88%D8%B2%20%D9%85%D9%88%D9%84&query_place_id=ChIJJQi8_2X_kT4R_wLK-5zn2ss","5",,,
"Cinépolis Cinemas - Oman Avenues Mall سينما سينابولس - مسقط أفينيوز مول","https://www.google.com/maps/search/?api=1&query=Cin%C3%A9polis%20Cinemas%20-%20Oman%20Avenues%20Mall%20%D8%B3%D9%8A%D9%86%D9%85%D8%A7%20%D8%B3%D9%8A%D9%86%D8%A7%D8%A8%D9%88%D9%84%D8%B3%20-%20%D9%85%D8%B3%D9%82%D8%B7%20%D8%A3%D9%81%D9%8A%D9%86%D9%8A%D9%88%D8%B2%20%D9%85%D9%88%D9%84&query_place_id=ChIJJQi8_2X_kT4R_wLK-5zn2ss","5",,,
"Cinépolis Cinemas - Oasis Mall Salalah","https://www.google.com/maps/search/?api=1&query=Cin%C3%A9polis%20Cinemas%20-%20Oasis%20Mall%20Salalah&query_place_id=ChIJu1Gus4ph0T0RBXrJE1myh7Y","5",,,
"Cinépolis Cinemas - Oasis Mall Salalah","https://www.google.com/maps/search/?api=1&query=Cin%C3%A9polis%20Cinemas%20-%20Oasis%20Mall%20Salalah&query_place_id=ChIJu1Gus4ph0T0RBXrJE1myh7Y","5",,,"Nice experience good sound"
"Cinépolis Cinemas - Oasis Mall Salalah","https://www.google.com/maps/search/?api=1&query=Cin%C3%A9polis%20Cinemas%20-%20Oasis%20Mall%20Salalah&query_place_id=ChIJu1Gus4ph0T0RBXrJE1myh7Y","4",,,"Very nice sitting arrangement and comfortable place to watch movies"
"Cinépolis Cinemas - Oasis Mall Salalah","https://www.google.com/maps/search/?api=1&query=Cin%C3%A9polis%20Cinemas%20-%20Oasis%20Mall%20Salalah&query_place_id=ChIJu1Gus4ph0T0RBXrJE1myh7Y","3",,,"Good"
"Cinépolis Cinemas - Oasis Mall Salalah","https://www.google.com/maps/search/?api=1&query=Cin%C3%A9polis%20Cinemas%20-%20Oasis%20Mall%20Salalah&query_place_id=ChIJu1Gus4ph0T0RBXrJE1myh7Y","5",,,
"Cinépolis Cinemas - Oasis Mall Salalah","https://www.google.com/maps/search/?api=1&query=Cin%C3%A9polis%20Cinemas%20-%20Oasis%20Mall%20Salalah&query_place_id=ChIJu1Gus4ph0T0RBXrJE1myh7Y","5",,,"A cool experience in watching a movie with family."
"Cinépolis Cinemas - Oasis Mall Salalah","https://www.google.com/maps/search/?api=1&query=Cin%C3%A9polis%20Cinemas%20-%20Oasis%20Mall%20Salalah&query_place_id=ChIJu1Gus4ph0T0RBXrJE1myh7Y","4",,,
"Cinépolis Cinemas - Oasis Mall Salalah","https://www.google.com/maps/search/?api=1&query=Cin%C3%A9polis%20Cinemas%20-%20Oasis%20Mall%20Salalah&query_place_id=ChIJu1Gus4ph0T0RBXrJE1myh7Y","5",,,"very good 👍"
"Cinépolis Cinemas - Oasis Mall Salalah","https://www.google.com/maps/search/?api=1&query=Cin%C3%A9polis%20Cinemas%20-%20Oasis%20Mall%20Salalah&query_place_id=ChIJu1Gus4ph0T0RBXrJE1myh7Y","4",,,"Nice experience"
"Cinépolis Cinemas - Oasis Mall Salalah","https://www.google.com/maps/search/?api=1&query=Cin%C3%A9polis%20Cinemas%20-%20Oasis%20Mall%20Salalah&query_place_id=ChIJu1Gus4ph0T0RBXrJE1myh7Y","4",,,
"Cinépolis Cinemas - Oasis Mall Salalah","https://www.google.com/maps/search/?api=1&query=Cin%C3%A9polis%20Cinemas%20-%20Oasis%20Mall%20Salalah&query_place_id=ChIJu1Gus4ph0T0RBXrJE1myh7Y","5",,,
"Cinépolis Cinemas - Oasis Mall Salalah","https://www.google.com/maps/search/?api=1&query=Cin%C3%A9polis%20Cinemas%20-%20Oasis%20Mall%20Salalah&query_place_id=ChIJu1Gus4ph0T0RBXrJE1myh7Y","4",,,"مكان جميل تقضي فيه وقت مع العائلة ❤️❤️"
"Cinépolis Cinemas - Oasis Mall Salalah","https://www.google.com/maps/search/?api=1&query=Cin%C3%A9polis%20Cinemas%20-%20Oasis%20Mall%20Salalah&query_place_id=ChIJu1Gus4ph0T0RBXrJE1myh7Y","5",,,
"Cinépolis Cinemas - Oasis Mall Salalah","https://www.google.com/maps/search/?api=1&query=Cin%C3%A9polis%20Cinemas%20-%20Oasis%20Mall%20Salalah&query_place_id=ChIJu1Gus4ph0T0RBXrJE1myh7Y","5",,,"رااااائع جدا جدا جدا"
"Cinépolis Cinemas - Oasis Mall Salalah","https://www.google.com/maps/search/?api=1&query=Cin%C3%A9polis%20Cinemas%20-%20Oasis%20Mall%20Salalah&query_place_id=ChIJu1Gus4ph0T0RBXrJE1myh7Y","4",,,
"Cinépolis Cinemas - Oasis Mall Salalah","https://www.google.com/maps/search/?api=1&query=Cin%C3%A9polis%20Cinemas%20-%20Oasis%20Mall%20Salalah&query_place_id=ChIJu1Gus4ph0T0RBXrJE1myh7Y","5",,,"كانت تجربة ممتازة♥️♥️♥️
وأفضل مكان للسينما♥️♥️
اولا للخدمات ممتازة و الصالات نظيفة والكراسي مريحة♥️♥️♥️
ومن احب الأماكن لي♥️♥️
ودايما أزور سينما بوليس ♥️♥️♥️♥️♥️

عند زيارتي الاخير من اسبوع في موظفة فليبينة تكون على جهاز ماسح التذاكر اسلوبها زفت و ماعندها طريقة تعامل  😓😓😡🤬🤬"
"Cinépolis Cinemas - Oasis Mall Salalah","https://www.google.com/maps/search/?api=1&query=Cin%C3%A9polis%20Cinemas%20-%20Oasis%20Mall%20Salalah&query_place_id=ChIJu1Gus4ph0T0RBXrJE1myh7Y","5",,,
"Cinépolis Cinemas - Oasis Mall Salalah","https://www.google.com/maps/search/?api=1&query=Cin%C3%A9polis%20Cinemas%20-%20Oasis%20Mall%20Salalah&query_place_id=ChIJu1Gus4ph0T0RBXrJE1myh7Y","5",,,
"Cinépolis Cinemas - Oasis Mall Salalah","https://www.google.com/maps/search/?api=1&query=Cin%C3%A9polis%20Cinemas%20-%20Oasis%20Mall%20Salalah&query_place_id=ChIJu1Gus4ph0T0RBXrJE1myh7Y","5",,,"Super"
"Cinépolis Cinemas - Oasis Mall Salalah","https://www.google.com/maps/search/?api=1&query=Cin%C3%A9polis%20Cinemas%20-%20Oasis%20Mall%20Salalah&query_place_id=ChIJu1Gus4ph0T0RBXrJE1myh7Y","4",,,
"Cinepolis Cinemas","https://www.google.com/maps/search/?api=1&query=Cinepolis%20Cinemas&query_place_id=ChIJw4-SAAVFiz4RrJvH7oizRpg","5",,,
"Cinepolis Cinemas","https://www.google.com/maps/search/?api=1&query=Cinepolis%20Cinemas&query_place_id=ChIJw4-SAAVFiz4RrJvH7oizRpg","4",,,
"Cinepolis Cinemas","https://www.google.com/maps/search/?api=1&query=Cinepolis%20Cinemas&query_place_id=ChIJw4-SAAVFiz4RrJvH7oizRpg","5",,,"ممتاز"
"Cinepolis Cinemas","https://www.google.com/maps/search/?api=1&query=Cinepolis%20Cinemas&query_place_id=ChIJw4-SAAVFiz4RrJvH7oizRpg","4",,,
"Cinepolis Cinemas","https://www.google.com/maps/search/?api=1&query=Cinepolis%20Cinemas&query_place_id=ChIJw4-SAAVFiz4RrJvH7oizRpg","3",,,"جيد"
"Cinepolis Cinemas","https://www.google.com/maps/search/?api=1&query=Cinepolis%20Cinemas&query_place_id=ChIJw4-SAAVFiz4RrJvH7oizRpg","5",,,
"Cinepolis Cinemas","https://www.google.com/maps/search/?api=1&query=Cinepolis%20Cinemas&query_place_id=ChIJw4-SAAVFiz4RrJvH7oizRpg","5",,,
"Cinepolis Cinemas","https://www.google.com/maps/search/?api=1&query=Cinepolis%20Cinemas&query_place_id=ChIJw4-SAAVFiz4RrJvH7oizRpg","5",,,"ممتاز جدا"
"Cinepolis Cinemas","https://www.google.com/maps/search/?api=1&query=Cinepolis%20Cinemas&query_place_id=ChIJw4-SAAVFiz4RrJvH7oizRpg","4",,,
"Cinepolis Cinemas","https://www.google.com/maps/search/?api=1&query=Cinepolis%20Cinemas&query_place_id=ChIJw4-SAAVFiz4RrJvH7oizRpg","3",,,
"Cinepolis Cinemas","https://www.google.com/maps/search/?api=1&query=Cinepolis%20Cinemas&query_place_id=ChIJw4-SAAVFiz4RrJvH7oizRpg","3",,,
"Cinepolis Cinemas","https://www.google.com/maps/search/?api=1&query=Cinepolis%20Cinemas&query_place_id=ChIJw4-SAAVFiz4RrJvH7oizRpg","3",,,
"Cinepolis Cinemas","https://www.google.com/maps/search/?api=1&query=Cinepolis%20Cinemas&query_place_id=ChIJw4-SAAVFiz4RrJvH7oizRpg","1",,,
"Cinepolis Cinemas","https://www.google.com/maps/search/?api=1&query=Cinepolis%20Cinemas&query_place_id=ChIJw4-SAAVFiz4RrJvH7oizRpg","5",,,"راقية واسعارها ارخص مقارنه بالموجود في صحار والكراسي جدا مريحه"
"Cinepolis Cinemas","https://www.google.com/maps/search/?api=1&query=Cinepolis%20Cinemas&query_place_id=ChIJw4-SAAVFiz4RrJvH7oizRpg","4",,,
"Cinepolis Cinemas","https://www.google.com/maps/search/?api=1&query=Cinepolis%20Cinemas&query_place_id=ChIJw4-SAAVFiz4RrJvH7oizRpg","2",,,
"Cinepolis Cinemas","https://www.google.com/maps/search/?api=1&query=Cinepolis%20Cinemas&query_place_id=ChIJw4-SAAVFiz4RrJvH7oizRpg","4",,,
"Cinepolis Cinemas","https://www.google.com/maps/search/?api=1&query=Cinepolis%20Cinemas&query_place_id=ChIJw4-SAAVFiz4RrJvH7oizRpg","4",,,
"Cinepolis Cinemas","https://www.google.com/maps/search/?api=1&query=Cinepolis%20Cinemas&query_place_id=ChIJw4-SAAVFiz4RrJvH7oizRpg","3",,,
"Cinepolis Cinemas","https://www.google.com/maps/search/?api=1&query=Cinepolis%20Cinemas&query_place_id=ChIJw4-SAAVFiz4RrJvH7oizRpg","5",,,
"Cinépolis Cinemas - Oasis Mall Salalah","https://www.google.com/maps/search/?api=1&query=Cin%C3%A9polis%20Cinemas%20-%20Oasis%20Mall%20Salalah&query_place_id=ChIJu1Gus4ph0T0RBXrJE1myh7Y","5",,,
"Cinépolis Cinemas - Oasis Mall Salalah","https://www.google.com/maps/search/?api=1&query=Cin%C3%A9polis%20Cinemas%20-%20Oasis%20Mall%20Salalah&query_place_id=ChIJu1Gus4ph0T0RBXrJE1myh7Y","5",,,
"Cinépolis Cinemas - Oasis Mall Salalah","https://www.google.com/maps/search/?api=1&query=Cin%C3%A9polis%20Cinemas%20-%20Oasis%20Mall%20Salalah&query_place_id=ChIJu1Gus4ph0T0RBXrJE1myh7Y","5",,,"Nicely maintained."
"Cinépolis Cinemas - Oasis Mall Salalah","https://www.google.com/maps/search/?api=1&query=Cin%C3%A9polis%20Cinemas%20-%20Oasis%20Mall%20Salalah&query_place_id=ChIJu1Gus4ph0T0RBXrJE1myh7Y","3",,,
"Cinépolis Cinemas - Oasis Mall Salalah","https://www.google.com/maps/search/?api=1&query=Cin%C3%A9polis%20Cinemas%20-%20Oasis%20Mall%20Salalah&query_place_id=ChIJu1Gus4ph0T0RBXrJE1myh7Y","5",,,
"Cinépolis Cinemas - Oasis Mall Salalah","https://www.google.com/maps/search/?api=1&query=Cin%C3%A9polis%20Cinemas%20-%20Oasis%20Mall%20Salalah&query_place_id=ChIJu1Gus4ph0T0RBXrJE1myh7Y","5",,,
"Cinépolis Cinemas - Oasis Mall Salalah","https://www.google.com/maps/search/?api=1&query=Cin%C3%A9polis%20Cinemas%20-%20Oasis%20Mall%20Salalah&query_place_id=ChIJu1Gus4ph0T0RBXrJE1myh7Y","4",,,
"Cinépolis Cinemas - Oasis Mall Salalah","https://www.google.com/maps/search/?api=1&query=Cin%C3%A9polis%20Cinemas%20-%20Oasis%20Mall%20Salalah&query_place_id=ChIJu1Gus4ph0T0RBXrJE1myh7Y","4",,,"المول مافيه شيء غير السينما وهوم سنتر"
"Cinépolis Cinemas - Oasis Mall Salalah","https://www.google.com/maps/search/?api=1&query=Cin%C3%A9polis%20Cinemas%20-%20Oasis%20Mall%20Salalah&query_place_id=ChIJu1Gus4ph0T0RBXrJE1myh7Y","5",,,
"Cinépolis Cinemas - Oasis Mall Salalah","https://www.google.com/maps/search/?api=1&query=Cin%C3%A9polis%20Cinemas%20-%20Oasis%20Mall%20Salalah&query_place_id=ChIJu1Gus4ph0T0RBXrJE1myh7Y","5",,,
"Cinépolis Cinemas - Oasis Mall Salalah","https://www.google.com/maps/search/?api=1&query=Cin%C3%A9polis%20Cinemas%20-%20Oasis%20Mall%20Salalah&query_place_id=ChIJu1Gus4ph0T0RBXrJE1myh7Y","1",,,"مكان جميل واسعار التذاكر مناسبة جدا
الصدمة فية اسعار الاكل جدا غالية اذا غرشة ماي أروى نص ريال ليش ماعرف ولو مكان سياحي"
"Cinépolis Cinemas - Oasis Mall Salalah","https://www.google.com/maps/search/?api=1&query=Cin%C3%A9polis%20Cinemas%20-%20Oasis%20Mall%20Salalah&query_place_id=ChIJu1Gus4ph0T0RBXrJE1myh7Y","3",,,"أنصح بزيارة المكان"
"Cinépolis Cinemas - Oasis Mall Salalah","https://www.google.com/maps/search/?api=1&query=Cin%C3%A9polis%20Cinemas%20-%20Oasis%20Mall%20Salalah&query_place_id=ChIJu1Gus4ph0T0RBXrJE1myh7Y","5",,,
"Cinépolis Cinemas - Oasis Mall Salalah","https://www.google.com/maps/search/?api=1&query=Cin%C3%A9polis%20Cinemas%20-%20Oasis%20Mall%20Salalah&query_place_id=ChIJu1Gus4ph0T0RBXrJE1myh7Y","5",,,
"Cinépolis Cinemas - Oasis Mall Salalah","https://www.google.com/maps/search/?api=1&query=Cin%C3%A9polis%20Cinemas%20-%20Oasis%20Mall%20Salalah&query_place_id=ChIJu1Gus4ph0T0RBXrJE1myh7Y","3",,,
"Cinépolis Cinemas - Oasis Mall Salalah","https://www.google.com/maps/search/?api=1&query=Cin%C3%A9polis%20Cinemas%20-%20Oasis%20Mall%20Salalah&query_place_id=ChIJu1Gus4ph0T0RBXrJE1myh7Y","4",,,
"Cinépolis Cinemas - Oasis Mall Salalah","https://www.google.com/maps/search/?api=1&query=Cin%C3%A9polis%20Cinemas%20-%20Oasis%20Mall%20Salalah&query_place_id=ChIJu1Gus4ph0T0RBXrJE1myh7Y","4",,,
"Cinépolis Cinemas - Oasis Mall Salalah","https://www.google.com/maps/search/?api=1&query=Cin%C3%A9polis%20Cinemas%20-%20Oasis%20Mall%20Salalah&query_place_id=ChIJu1Gus4ph0T0RBXrJE1myh7Y","5",,,"Best VIP"
"Cinépolis Cinemas - Oasis Mall Salalah","https://www.google.com/maps/search/?api=1&query=Cin%C3%A9polis%20Cinemas%20-%20Oasis%20Mall%20Salalah&query_place_id=ChIJu1Gus4ph0T0RBXrJE1myh7Y","4",,,
"Cinépolis Cinemas - Oasis Mall Salalah","https://www.google.com/maps/search/?api=1&query=Cin%C3%A9polis%20Cinemas%20-%20Oasis%20Mall%20Salalah&query_place_id=ChIJu1Gus4ph0T0RBXrJE1myh7Y","5",,,
"Cinépolis Cinemas - Oman Avenues Mall سينما سينابولس - مسقط أفينيوز مول","https://www.google.com/maps/search/?api=1&query=Cin%C3%A9polis%20Cinemas%20-%20Oman%20Avenues%20Mall%20%D8%B3%D9%8A%D9%86%D9%85%D8%A7%20%D8%B3%D9%8A%D9%86%D8%A7%D8%A8%D9%88%D9%84%D8%B3%20-%20%D9%85%D8%B3%D9%82%D8%B7%20%D8%A3%D9%81%D9%8A%D9%86%D9%8A%D9%88%D8%B2%20%D9%85%D9%88%D9%84&query_place_id=ChIJJQi8_2X_kT4R_wLK-5zn2ss","5",,,"Good place for wach movies, food service also good 😊"
"Cinépolis Cinemas - Oman Avenues Mall سينما سينابولس - مسقط أفينيوز مول","https://www.google.com/maps/search/?api=1&query=Cin%C3%A9polis%20Cinemas%20-%20Oman%20Avenues%20Mall%20%D8%B3%D9%8A%D9%86%D9%85%D8%A7%20%D8%B3%D9%8A%D9%86%D8%A7%D8%A8%D9%88%D9%84%D8%B3%20-%20%D9%85%D8%B3%D9%82%D8%B7%20%D8%A3%D9%81%D9%8A%D9%86%D9%8A%D9%88%D8%B2%20%D9%85%D9%88%D9%84&query_place_id=ChIJJQi8_2X_kT4R_wLK-5zn2ss","5",,,
"Cinépolis Cinemas - Oman Avenues Mall سينما سينابولس - مسقط أفينيوز مول","https://www.google.com/maps/search/?api=1&query=Cin%C3%A9polis%20Cinemas%20-%20Oman%20Avenues%20Mall%20%D8%B3%D9%8A%D9%86%D9%85%D8%A7%20%D8%B3%D9%8A%D9%86%D8%A7%D8%A8%D9%88%D9%84%D8%B3%20-%20%D9%85%D8%B3%D9%82%D8%B7%20%D8%A3%D9%81%D9%8A%D9%86%D9%8A%D9%88%D8%B2%20%D9%85%D9%88%D9%84&query_place_id=ChIJJQi8_2X_kT4R_wLK-5zn2ss","5",,,
"Cinépolis Cinemas - Oman Avenues Mall سينما سينابولس - مسقط أفينيوز مول","https://www.google.com/maps/search/?api=1&query=Cin%C3%A9polis%20Cinemas%20-%20Oman%20Avenues%20Mall%20%D8%B3%D9%8A%D9%86%D9%85%D8%A7%20%D8%B3%D9%8A%D9%86%D8%A7%D8%A8%D9%88%D9%84%D8%B3%20-%20%D9%85%D8%B3%D9%82%D8%B7%20%D8%A3%D9%81%D9%8A%D9%86%D9%8A%D9%88%D8%B2%20%D9%85%D9%88%D9%84&query_place_id=ChIJJQi8_2X_kT4R_wLK-5zn2ss","5",,,
"Cinépolis Cinemas - Oman Avenues Mall سينما سينابولس - مسقط أفينيوز مول","https://www.google.com/maps/search/?api=1&query=Cin%C3%A9polis%20Cinemas%20-%20Oman%20Avenues%20Mall%20%D8%B3%D9%8A%D9%86%D9%85%D8%A7%20%D8%B3%D9%8A%D9%86%D8%A7%D8%A8%D9%88%D9%84%D8%B3%20-%20%D9%85%D8%B3%D9%82%D8%B7%20%D8%A3%D9%81%D9%8A%D9%86%D9%8A%D9%88%D8%B2%20%D9%85%D9%88%D9%84&query_place_id=ChIJJQi8_2X_kT4R_wLK-5zn2ss","5",,,
"Cinépolis Cinemas - Oman Avenues Mall سينما سينابولس - مسقط أفينيوز مول","https://www.google.com/maps/search/?api=1&query=Cin%C3%A9polis%20Cinemas%20-%20Oman%20Avenues%20Mall%20%D8%B3%D9%8A%D9%86%D9%85%D8%A7%20%D8%B3%D9%8A%D9%86%D8%A7%D8%A8%D9%88%D9%84%D8%B3%20-%20%D9%85%D8%B3%D9%82%D8%B7%20%D8%A3%D9%81%D9%8A%D9%86%D9%8A%D9%88%D8%B2%20%D9%85%D9%88%D9%84&query_place_id=ChIJJQi8_2X_kT4R_wLK-5zn2ss","5",,,
"Cinépolis Cinemas - Oman Avenues Mall سينما سينابولس - مسقط أفينيوز مول","https://www.google.com/maps/search/?api=1&query=Cin%C3%A9polis%20Cinemas%20-%20Oman%20Avenues%20Mall%20%D8%B3%D9%8A%D9%86%D9%85%D8%A7%20%D8%B3%D9%8A%D9%86%D8%A7%D8%A8%D9%88%D9%84%D8%B3%20-%20%D9%85%D8%B3%D9%82%D8%B7%20%D8%A3%D9%81%D9%8A%D9%86%D9%8A%D9%88%D8%B2%20%D9%85%D9%88%D9%84&query_place_id=ChIJJQi8_2X_kT4R_wLK-5zn2ss","5",,,
"Cinépolis Cinemas - Oman Avenues Mall سينما سينابولس - مسقط أفينيوز مول","https://www.google.com/maps/search/?api=1&query=Cin%C3%A9polis%20Cinemas%20-%20Oman%20Avenues%20Mall%20%D8%B3%D9%8A%D9%86%D9%85%D8%A7%20%D8%B3%D9%8A%D9%86%D8%A7%D8%A8%D9%88%D9%84%D8%B3%20-%20%D9%85%D8%B3%D9%82%D8%B7%20%D8%A3%D9%81%D9%8A%D9%86%D9%8A%D9%88%D8%B2%20%D9%85%D9%88%D9%84&query_place_id=ChIJJQi8_2X_kT4R_wLK-5zn2ss","5",,,
"Cinépolis Cinemas - Oman Avenues Mall سينما سينابولس - مسقط أفينيوز مول","https://www.google.com/maps/search/?api=1&query=Cin%C3%A9polis%20Cinemas%20-%20Oman%20Avenues%20Mall%20%D8%B3%D9%8A%D9%86%D9%85%D8%A7%20%D8%B3%D9%8A%D9%86%D8%A7%D8%A8%D9%88%D9%84%D8%B3%20-%20%D9%85%D8%B3%D9%82%D8%B7%20%D8%A3%D9%81%D9%8A%D9%86%D9%8A%D9%88%D8%B2%20%D9%85%D9%88%D9%84&query_place_id=ChIJJQi8_2X_kT4R_wLK-5zn2ss","5",,,
"Cinépolis Cinemas - Oman Avenues Mall سينما سينابولس - مسقط أفينيوز مول","https://www.google.com/maps/search/?api=1&query=Cin%C3%A9polis%20Cinemas%20-%20Oman%20Avenues%20Mall%20%D8%B3%D9%8A%D9%86%D9%85%D8%A7%20%D8%B3%D9%8A%D9%86%D8%A7%D8%A8%D9%88%D9%84%D8%B3%20-%20%D9%85%D8%B3%D9%82%D8%B7%20%D8%A3%D9%81%D9%8A%D9%86%D9%8A%D9%88%D8%B2%20%D9%85%D9%88%D9%84&query_place_id=ChIJJQi8_2X_kT4R_wLK-5zn2ss","5",,,
"Cinépolis Cinemas - Oman Avenues Mall سينما سينابولس - مسقط أفينيوز مول","https://www.google.com/maps/search/?api=1&query=Cin%C3%A9polis%20Cinemas%20-%20Oman%20Avenues%20Mall%20%D8%B3%D9%8A%D9%86%D9%85%D8%A7%20%D8%B3%D9%8A%D9%86%D8%A7%D8%A8%D9%88%D9%84%D8%B3%20-%20%D9%85%D8%B3%D9%82%D8%B7%20%D8%A3%D9%81%D9%8A%D9%86%D9%8A%D9%88%D8%B2%20%D9%85%D9%88%D9%84&query_place_id=ChIJJQi8_2X_kT4R_wLK-5zn2ss","5",,,
"Cinépolis Cinemas - Oman Avenues Mall سينما سينابولس - مسقط أفينيوز مول","https://www.google.com/maps/search/?api=1&query=Cin%C3%A9polis%20Cinemas%20-%20Oman%20Avenues%20Mall%20%D8%B3%D9%8A%D9%86%D9%85%D8%A7%20%D8%B3%D9%8A%D9%86%D8%A7%D8%A8%D9%88%D9%84%D8%B3%20-%20%D9%85%D8%B3%D9%82%D8%B7%20%D8%A3%D9%81%D9%8A%D9%86%D9%8A%D9%88%D8%B2%20%D9%85%D9%88%D9%84&query_place_id=ChIJJQi8_2X_kT4R_wLK-5zn2ss","4",,,
"Cinépolis Cinemas - Oman Avenues Mall سينما سينابولس - مسقط أفينيوز مول","https://www.google.com/maps/search/?api=1&query=Cin%C3%A9polis%20Cinemas%20-%20Oman%20Avenues%20Mall%20%D8%B3%D9%8A%D9%86%D9%85%D8%A7%20%D8%B3%D9%8A%D9%86%D8%A7%D8%A8%D9%88%D9%84%D8%B3%20-%20%D9%85%D8%B3%D9%82%D8%B7%20%D8%A3%D9%81%D9%8A%D9%86%D9%8A%D9%88%D8%B2%20%D9%85%D9%88%D9%84&query_place_id=ChIJJQi8_2X_kT4R_wLK-5zn2ss","5",,,
"Cinépolis Cinemas - Oman Avenues Mall سينما سينابولس - مسقط أفينيوز مول","https://www.google.com/maps/search/?api=1&query=Cin%C3%A9polis%20Cinemas%20-%20Oman%20Avenues%20Mall%20%D8%B3%D9%8A%D9%86%D9%85%D8%A7%20%D8%B3%D9%8A%D9%86%D8%A7%D8%A8%D9%88%D9%84%D8%B3%20-%20%D9%85%D8%B3%D9%82%D8%B7%20%D8%A3%D9%81%D9%8A%D9%86%D9%8A%D9%88%D8%B2%20%D9%85%D9%88%D9%84&query_place_id=ChIJJQi8_2X_kT4R_wLK-5zn2ss","5",,,
"Cinépolis Cinemas - Oman Avenues Mall سينما سينابولس - مسقط أفينيوز مول","https://www.google.com/maps/search/?api=1&query=Cin%C3%A9polis%20Cinemas%20-%20Oman%20Avenues%20Mall%20%D8%B3%D9%8A%D9%86%D9%85%D8%A7%20%D8%B3%D9%8A%D9%86%D8%A7%D8%A8%D9%88%D9%84%D8%B3%20-%20%D9%85%D8%B3%D9%82%D8%B7%20%D8%A3%D9%81%D9%8A%D9%86%D9%8A%D9%88%D8%B2%20%D9%85%D9%88%D9%84&query_place_id=ChIJJQi8_2X_kT4R_wLK-5zn2ss","5",,,
"Cinépolis Cinemas - Oman Avenues Mall سينما سينابولس - مسقط أفينيوز مول","https://www.google.com/maps/search/?api=1&query=Cin%C3%A9polis%20Cinemas%20-%20Oman%20Avenues%20Mall%20%D8%B3%D9%8A%D9%86%D9%85%D8%A7%20%D8%B3%D9%8A%D9%86%D8%A7%D8%A8%D9%88%D9%84%D8%B3%20-%20%D9%85%D8%B3%D9%82%D8%B7%20%D8%A3%D9%81%D9%8A%D9%86%D9%8A%D9%88%D8%B2%20%D9%85%D9%88%D9%84&query_place_id=ChIJJQi8_2X_kT4R_wLK-5zn2ss","5",,,
"Cinépolis Cinemas - Oman Avenues Mall سينما سينابولس - مسقط أفينيوز مول","https://www.google.com/maps/search/?api=1&query=Cin%C3%A9polis%20Cinemas%20-%20Oman%20Avenues%20Mall%20%D8%B3%D9%8A%D9%86%D9%85%D8%A7%20%D8%B3%D9%8A%D9%86%D8%A7%D8%A8%D9%88%D9%84%D8%B3%20-%20%D9%85%D8%B3%D9%82%D8%B7%20%D8%A3%D9%81%D9%8A%D9%86%D9%8A%D9%88%D8%B2%20%D9%85%D9%88%D9%84&query_place_id=ChIJJQi8_2X_kT4R_wLK-5zn2ss","5",,,
"Cinépolis Cinemas - Oman Avenues Mall سينما سينابولس - مسقط أفينيوز مول","https://www.google.com/maps/search/?api=1&query=Cin%C3%A9polis%20Cinemas%20-%20Oman%20Avenues%20Mall%20%D8%B3%D9%8A%D9%86%D9%85%D8%A7%20%D8%B3%D9%8A%D9%86%D8%A7%D8%A8%D9%88%D9%84%D8%B3%20-%20%D9%85%D8%B3%D9%82%D8%B7%20%D8%A3%D9%81%D9%8A%D9%86%D9%8A%D9%88%D8%B2%20%D9%85%D9%88%D9%84&query_place_id=ChIJJQi8_2X_kT4R_wLK-5zn2ss","5",,,
"Cinépolis Cinemas - Oman Avenues Mall سينما سينابولس - مسقط أفينيوز مول","https://www.google.com/maps/search/?api=1&query=Cin%C3%A9polis%20Cinemas%20-%20Oman%20Avenues%20Mall%20%D8%B3%D9%8A%D9%86%D9%85%D8%A7%20%D8%B3%D9%8A%D9%86%D8%A7%D8%A8%D9%88%D9%84%D8%B3%20-%20%D9%85%D8%B3%D9%82%D8%B7%20%D8%A3%D9%81%D9%8A%D9%86%D9%8A%D9%88%D8%B2%20%D9%85%D9%88%D9%84&query_place_id=ChIJJQi8_2X_kT4R_wLK-5zn2ss","5",,,
"Cinépolis Cinemas - Oman Avenues Mall سينما سينابولس - مسقط أفينيوز مول","https://www.google.com/maps/search/?api=1&query=Cin%C3%A9polis%20Cinemas%20-%20Oman%20Avenues%20Mall%20%D8%B3%D9%8A%D9%86%D9%85%D8%A7%20%D8%B3%D9%8A%D9%86%D8%A7%D8%A8%D9%88%D9%84%D8%B3%20-%20%D9%85%D8%B3%D9%82%D8%B7%20%D8%A3%D9%81%D9%8A%D9%86%D9%8A%D9%88%D8%B2%20%D9%85%D9%88%D9%84&query_place_id=ChIJJQi8_2X_kT4R_wLK-5zn2ss","5",,,
"Cinepolis Cinemas","https://www.google.com/maps/search/?api=1&query=Cinepolis%20Cinemas&query_place_id=ChIJw4-SAAVFiz4RrJvH7oizRpg","5",,,
"Cinepolis Cinemas","https://www.google.com/maps/search/?api=1&query=Cinepolis%20Cinemas&query_place_id=ChIJw4-SAAVFiz4RrJvH7oizRpg","4",,,
"Cinepolis Cinemas","https://www.google.com/maps/search/?api=1&query=Cinepolis%20Cinemas&query_place_id=ChIJw4-SAAVFiz4RrJvH7oizRpg","1",,,"ليس جيدا"
"Cinepolis Cinemas","https://www.google.com/maps/search/?api=1&query=Cinepolis%20Cinemas&query_place_id=ChIJw4-SAAVFiz4RrJvH7oizRpg","4",,,
"Cinepolis Cinemas","https://www.google.com/maps/search/?api=1&query=Cinepolis%20Cinemas&query_place_id=ChIJw4-SAAVFiz4RrJvH7oizRpg","3",,,
"Cinepolis Cinemas","https://www.google.com/maps/search/?api=1&query=Cinepolis%20Cinemas&query_place_id=ChIJw4-SAAVFiz4RrJvH7oizRpg","4",,,
"Cinepolis Cinemas","https://www.google.com/maps/search/?api=1&query=Cinepolis%20Cinemas&query_place_id=ChIJw4-SAAVFiz4RrJvH7oizRpg","1",,,
"Cinepolis Cinemas","https://www.google.com/maps/search/?api=1&query=Cinepolis%20Cinemas&query_place_id=ChIJw4-SAAVFiz4RrJvH7oizRpg","5",,,
"Cinepolis Cinemas","https://www.google.com/maps/search/?api=1&query=Cinepolis%20Cinemas&query_place_id=ChIJw4-SAAVFiz4RrJvH7oizRpg","5",,,
"Cinepolis Cinemas","https://www.google.com/maps/search/?api=1&query=Cinepolis%20Cinemas&query_place_id=ChIJw4-SAAVFiz4RrJvH7oizRpg","5",,,
"Cinepolis Cinemas","https://www.google.com/maps/search/?api=1&query=Cinepolis%20Cinemas&query_place_id=ChIJw4-SAAVFiz4RrJvH7oizRpg","5",,,
"Cinepolis Cinemas","https://www.google.com/maps/search/?api=1&query=Cinepolis%20Cinemas&query_place_id=ChIJw4-SAAVFiz4RrJvH7oizRpg","5",,,
"Cinepolis Cinemas","https://www.google.com/maps/search/?api=1&query=Cinepolis%20Cinemas&query_place_id=ChIJw4-SAAVFiz4RrJvH7oizRpg","5",,,
"Cinepolis Cinemas","https://www.google.com/maps/search/?api=1&query=Cinepolis%20Cinemas&query_place_id=ChIJw4-SAAVFiz4RrJvH7oizRpg","5",,,
"Cinepolis Cinemas","https://www.google.com/maps/search/?api=1&query=Cinepolis%20Cinemas&query_place_id=ChIJw4-SAAVFiz4RrJvH7oizRpg","4",,,
"Cinepolis Cinemas","https://www.google.com/maps/search/?api=1&query=Cinepolis%20Cinemas&query_place_id=ChIJw4-SAAVFiz4RrJvH7oizRpg","5",,,
"Cinepolis Cinemas","https://www.google.com/maps/search/?api=1&query=Cinepolis%20Cinemas&query_place_id=ChIJw4-SAAVFiz4RrJvH7oizRpg","5",,,"ممتازة"
"Cinepolis Cinemas","https://www.google.com/maps/search/?api=1&query=Cinepolis%20Cinemas&query_place_id=ChIJw4-SAAVFiz4RrJvH7oizRpg","2",,,
"Cinepolis Cinemas","https://www.google.com/maps/search/?api=1&query=Cinepolis%20Cinemas&query_place_id=ChIJw4-SAAVFiz4RrJvH7oizRpg","5",,,
"Cinepolis Cinemas","https://www.google.com/maps/search/?api=1&query=Cinepolis%20Cinemas&query_place_id=ChIJw4-SAAVFiz4RrJvH7oizRpg","5",,,
"Cinépolis Cinemas - Oasis Mall Salalah","https://www.google.com/maps/search/?api=1&query=Cin%C3%A9polis%20Cinemas%20-%20Oasis%20Mall%20Salalah&query_place_id=ChIJu1Gus4ph0T0RBXrJE1myh7Y","5",,,"سينماء جميله جدا"
"Cinépolis Cinemas - Oasis Mall Salalah","https://www.google.com/maps/search/?api=1&query=Cin%C3%A9polis%20Cinemas%20-%20Oasis%20Mall%20Salalah&query_place_id=ChIJu1Gus4ph0T0RBXrJE1myh7Y","5",,,
"Cinépolis Cinemas - Oasis Mall Salalah","https://www.google.com/maps/search/?api=1&query=Cin%C3%A9polis%20Cinemas%20-%20Oasis%20Mall%20Salalah&query_place_id=ChIJu1Gus4ph0T0RBXrJE1myh7Y","5",,,
"Cinépolis Cinemas - Oasis Mall Salalah","https://www.google.com/maps/search/?api=1&query=Cin%C3%A9polis%20Cinemas%20-%20Oasis%20Mall%20Salalah&query_place_id=ChIJu1Gus4ph0T0RBXrJE1myh7Y","5",,,"Good Service"
"Cinépolis Cinemas - Oasis Mall Salalah","https://www.google.com/maps/search/?api=1&query=Cin%C3%A9polis%20Cinemas%20-%20Oasis%20Mall%20Salalah&query_place_id=ChIJu1Gus4ph0T0RBXrJE1myh7Y","1",,,"All was well until we met one of your employee named Daryl! Not the first with her as it has been noticed by our circle that she has a opinionated behaviour with the locals and expats! We asked her for basic info and she throws so much attitude and such poor gestures! She needs to learn how to be in a hospitality line as we don’t come for free sponsored by cinepolis do we?"
"Cinépolis Cinemas - Oasis Mall Salalah","https://www.google.com/maps/search/?api=1&query=Cin%C3%A9polis%20Cinemas%20-%20Oasis%20Mall%20Salalah&query_place_id=ChIJu1Gus4ph0T0RBXrJE1myh7Y","4",,,
"Cinépolis Cinemas - Oasis Mall Salalah","https://www.google.com/maps/search/?api=1&query=Cin%C3%A9polis%20Cinemas%20-%20Oasis%20Mall%20Salalah&query_place_id=ChIJu1Gus4ph0T0RBXrJE1myh7Y","5",,,
"Cinépolis Cinemas - Oasis Mall Salalah","https://www.google.com/maps/search/?api=1&query=Cin%C3%A9polis%20Cinemas%20-%20Oasis%20Mall%20Salalah&query_place_id=ChIJu1Gus4ph0T0RBXrJE1myh7Y","4",,,
"Cinépolis Cinemas - Oasis Mall Salalah","https://www.google.com/maps/search/?api=1&query=Cin%C3%A9polis%20Cinemas%20-%20Oasis%20Mall%20Salalah&query_place_id=ChIJu1Gus4ph0T0RBXrJE1myh7Y","5",,,
"Cinépolis Cinemas - Oasis Mall Salalah","https://www.google.com/maps/search/?api=1&query=Cin%C3%A9polis%20Cinemas%20-%20Oasis%20Mall%20Salalah&query_place_id=ChIJu1Gus4ph0T0RBXrJE1myh7Y","4",,,
"Cinépolis Cinemas - Oasis Mall Salalah","https://www.google.com/maps/search/?api=1&query=Cin%C3%A9polis%20Cinemas%20-%20Oasis%20Mall%20Salalah&query_place_id=ChIJu1Gus4ph0T0RBXrJE1myh7Y","5",,,"جميل"
"Cinépolis Cinemas - Oasis Mall Salalah","https://www.google.com/maps/search/?api=1&query=Cin%C3%A9polis%20Cinemas%20-%20Oasis%20Mall%20Salalah&query_place_id=ChIJu1Gus4ph0T0RBXrJE1myh7Y","5",,,"ممتاز"
"Cinépolis Cinemas - Oasis Mall Salalah","https://www.google.com/maps/search/?api=1&query=Cin%C3%A9polis%20Cinemas%20-%20Oasis%20Mall%20Salalah&query_place_id=ChIJu1Gus4ph0T0RBXrJE1myh7Y","5",,,"Nice"
"Cinépolis Cinemas - Oasis Mall Salalah","https://www.google.com/maps/search/?api=1&query=Cin%C3%A9polis%20Cinemas%20-%20Oasis%20Mall%20Salalah&query_place_id=ChIJu1Gus4ph0T0RBXrJE1myh7Y","5",,,"ممتااااااااز"
"Cinépolis Cinemas - Oasis Mall Salalah","https://www.google.com/maps/search/?api=1&query=Cin%C3%A9polis%20Cinemas%20-%20Oasis%20Mall%20Salalah&query_place_id=ChIJu1Gus4ph0T0RBXrJE1myh7Y","5",,,
"Cinépolis Cinemas - Oasis Mall Salalah","https://www.google.com/maps/search/?api=1&query=Cin%C3%A9polis%20Cinemas%20-%20Oasis%20Mall%20Salalah&query_place_id=ChIJu1Gus4ph0T0RBXrJE1myh7Y","5",,,
"Cinépolis Cinemas - Oasis Mall Salalah","https://www.google.com/maps/search/?api=1&query=Cin%C3%A9polis%20Cinemas%20-%20Oasis%20Mall%20Salalah&query_place_id=ChIJu1Gus4ph0T0RBXrJE1myh7Y","3",,,"Good"
"Cinépolis Cinemas - Oasis Mall Salalah","https://www.google.com/maps/search/?api=1&query=Cin%C3%A9polis%20Cinemas%20-%20Oasis%20Mall%20Salalah&query_place_id=ChIJu1Gus4ph0T0RBXrJE1myh7Y","5",,,"رووعه"
"Cinépolis Cinemas - Oasis Mall Salalah","https://www.google.com/maps/search/?api=1&query=Cin%C3%A9polis%20Cinemas%20-%20Oasis%20Mall%20Salalah&query_place_id=ChIJu1Gus4ph0T0RBXrJE1myh7Y","4",,,
"Cinépolis Cinemas - Oasis Mall Salalah","https://www.google.com/maps/search/?api=1&query=Cin%C3%A9polis%20Cinemas%20-%20Oasis%20Mall%20Salalah&query_place_id=ChIJu1Gus4ph0T0RBXrJE1myh7Y","5",,,
"Cinépolis Cinemas - Oman Avenues Mall سينما سينابولس - مسقط أفينيوز مول","https://www.google.com/maps/search/?api=1&query=Cin%C3%A9polis%20Cinemas%20-%20Oman%20Avenues%20Mall%20%D8%B3%D9%8A%D9%86%D9%85%D8%A7%20%D8%B3%D9%8A%D9%86%D8%A7%D8%A8%D9%88%D9%84%D8%B3%20-%20%D9%85%D8%B3%D9%82%D8%B7%20%D8%A3%D9%81%D9%8A%D9%86%D9%8A%D9%88%D8%B2%20%D9%85%D9%88%D9%84&query_place_id=ChIJJQi8_2X_kT4R_wLK-5zn2ss","5",,,"جميل"
"Cinépolis Cinemas - Oman Avenues Mall سينما سينابولس - مسقط أفينيوز مول","https://www.google.com/maps/search/?api=1&query=Cin%C3%A9polis%20Cinemas%20-%20Oman%20Avenues%20Mall%20%D8%B3%D9%8A%D9%86%D9%85%D8%A7%20%D8%B3%D9%8A%D9%86%D8%A7%D8%A8%D9%88%D9%84%D8%B3%20-%20%D9%85%D8%B3%D9%82%D8%B7%20%D8%A3%D9%81%D9%8A%D9%86%D9%8A%D9%88%D8%B2%20%D9%85%D9%88%D9%84&query_place_id=ChIJJQi8_2X_kT4R_wLK-5zn2ss","5",,,
"Cinépolis Cinemas - Oman Avenues Mall سينما سينابولس - مسقط أفينيوز مول","https://www.google.com/maps/search/?api=1&query=Cin%C3%A9polis%20Cinemas%20-%20Oman%20Avenues%20Mall%20%D8%B3%D9%8A%D9%86%D9%85%D8%A7%20%D8%B3%D9%8A%D9%86%D8%A7%D8%A8%D9%88%D9%84%D8%B3%20-%20%D9%85%D8%B3%D9%82%D8%B7%20%D8%A3%D9%81%D9%8A%D9%86%D9%8A%D9%88%D8%B2%20%D9%85%D9%88%D9%84&query_place_id=ChIJJQi8_2X_kT4R_wLK-5zn2ss","5",,,
"Cinépolis Cinemas - Oman Avenues Mall سينما سينابولس - مسقط أفينيوز مول","https://www.google.com/maps/search/?api=1&query=Cin%C3%A9polis%20Cinemas%20-%20Oman%20Avenues%20Mall%20%D8%B3%D9%8A%D9%86%D9%85%D8%A7%20%D8%B3%D9%8A%D9%86%D8%A7%D8%A8%D9%88%D9%84%D8%B3%20-%20%D9%85%D8%B3%D9%82%D8%B7%20%D8%A3%D9%81%D9%8A%D9%86%D9%8A%D9%88%D8%B2%20%D9%85%D9%88%D9%84&query_place_id=ChIJJQi8_2X_kT4R_wLK-5zn2ss","5",,,"جميله جداً خدمة رائعة ❤️❤️"
"Cinépolis Cinemas - Oman Avenues Mall سينما سينابولس - مسقط أفينيوز مول","https://www.google.com/maps/search/?api=1&query=Cin%C3%A9polis%20Cinemas%20-%20Oman%20Avenues%20Mall%20%D8%B3%D9%8A%D9%86%D9%85%D8%A7%20%D8%B3%D9%8A%D9%86%D8%A7%D8%A8%D9%88%D9%84%D8%B3%20-%20%D9%85%D8%B3%D9%82%D8%B7%20%D8%A3%D9%81%D9%8A%D9%86%D9%8A%D9%88%D8%B2%20%D9%85%D9%88%D9%84&query_place_id=ChIJJQi8_2X_kT4R_wLK-5zn2ss","5",,,"ممتع جدا"
"Cinépolis Cinemas - Oman Avenues Mall سينما سينابولس - مسقط أفينيوز مول","https://www.google.com/maps/search/?api=1&query=Cin%C3%A9polis%20Cinemas%20-%20Oman%20Avenues%20Mall%20%D8%B3%D9%8A%D9%86%D9%85%D8%A7%20%D8%B3%D9%8A%D9%86%D8%A7%D8%A8%D9%88%D9%84%D8%B3%20-%20%D9%85%D8%B3%D9%82%D8%B7%20%D8%A3%D9%81%D9%8A%D9%86%D9%8A%D9%88%D8%B2%20%D9%85%D9%88%D9%84&query_place_id=ChIJJQi8_2X_kT4R_wLK-5zn2ss","5",,,"تجربة رائعة ،أسعار رمزية ،وخدمة عملاء مميزة من قِبل العاملين في السينما."
"Cinépolis Cinemas - Oman Avenues Mall سينما سينابولس - مسقط أفينيوز مول","https://www.google.com/maps/search/?api=1&query=Cin%C3%A9polis%20Cinemas%20-%20Oman%20Avenues%20Mall%20%D8%B3%D9%8A%D9%86%D9%85%D8%A7%20%D8%B3%D9%8A%D9%86%D8%A7%D8%A8%D9%88%D9%84%D8%B3%20-%20%D9%85%D8%B3%D9%82%D8%B7%20%D8%A3%D9%81%D9%8A%D9%86%D9%8A%D9%88%D8%B2%20%D9%85%D9%88%D9%84&query_place_id=ChIJJQi8_2X_kT4R_wLK-5zn2ss","5",,,
"Cinépolis Cinemas - Oman Avenues Mall سينما سينابولس - مسقط أفينيوز مول","https://www.google.com/maps/search/?api=1&query=Cin%C3%A9polis%20Cinemas%20-%20Oman%20Avenues%20Mall%20%D8%B3%D9%8A%D9%86%D9%85%D8%A7%20%D8%B3%D9%8A%D9%86%D8%A7%D8%A8%D9%88%D9%84%D8%B3%20-%20%D9%85%D8%B3%D9%82%D8%B7%20%D8%A3%D9%81%D9%8A%D9%86%D9%8A%D9%88%D8%B2%20%D9%85%D9%88%D9%84&query_place_id=ChIJJQi8_2X_kT4R_wLK-5zn2ss","5",,,
"Cinépolis Cinemas - Oman Avenues Mall سينما سينابولس - مسقط أفينيوز مول","https://www.google.com/maps/search/?api=1&query=Cin%C3%A9polis%20Cinemas%20-%20Oman%20Avenues%20Mall%20%D8%B3%D9%8A%D9%86%D9%85%D8%A7%20%D8%B3%D9%8A%D9%86%D8%A7%D8%A8%D9%88%D9%84%D8%B3%20-%20%D9%85%D8%B3%D9%82%D8%B7%20%D8%A3%D9%81%D9%8A%D9%86%D9%8A%D9%88%D8%B2%20%D9%85%D9%88%D9%84&query_place_id=ChIJJQi8_2X_kT4R_wLK-5zn2ss","1",,,"جميل جدا والخدمه سريعه ولطافه طاقم الاستقبالزوالخدمه في منتهى الروعه شكرا لكم"
"Cinépolis Cinemas - Oman Avenues Mall سينما سينابولس - مسقط أفينيوز مول","https://www.google.com/maps/search/?api=1&query=Cin%C3%A9polis%20Cinemas%20-%20Oman%20Avenues%20Mall%20%D8%B3%D9%8A%D9%86%D9%85%D8%A7%20%D8%B3%D9%8A%D9%86%D8%A7%D8%A8%D9%88%D9%84%D8%B3%20-%20%D9%85%D8%B3%D9%82%D8%B7%20%D8%A3%D9%81%D9%8A%D9%86%D9%8A%D9%88%D8%B2%20%D9%85%D9%88%D9%84&query_place_id=ChIJJQi8_2X_kT4R_wLK-5zn2ss","5",,,"Best Cinema in City, Staff is very good and polite."
"Cinépolis Cinemas - Oman Avenues Mall سينما سينابولس - مسقط أفينيوز مول","https://www.google.com/maps/search/?api=1&query=Cin%C3%A9polis%20Cinemas%20-%20Oman%20Avenues%20Mall%20%D8%B3%D9%8A%D9%86%D9%85%D8%A7%20%D8%B3%D9%8A%D9%86%D8%A7%D8%A8%D9%88%D9%84%D8%B3%20-%20%D9%85%D8%B3%D9%82%D8%B7%20%D8%A3%D9%81%D9%8A%D9%86%D9%8A%D9%88%D8%B2%20%D9%85%D9%88%D9%84&query_place_id=ChIJJQi8_2X_kT4R_wLK-5zn2ss","5",,,
"Cinépolis Cinemas - Oman Avenues Mall سينما سينابولس - مسقط أفينيوز مول","https://www.google.com/maps/search/?api=1&query=Cin%C3%A9polis%20Cinemas%20-%20Oman%20Avenues%20Mall%20%D8%B3%D9%8A%D9%86%D9%85%D8%A7%20%D8%B3%D9%8A%D9%86%D8%A7%D8%A8%D9%88%D9%84%D8%B3%20-%20%D9%85%D8%B3%D9%82%D8%B7%20%D8%A3%D9%81%D9%8A%D9%86%D9%8A%D9%88%D8%B2%20%D9%85%D9%88%D9%84&query_place_id=ChIJJQi8_2X_kT4R_wLK-5zn2ss","5",,,
"Cinépolis Cinemas - Oman Avenues Mall سينما سينابولس - مسقط أفينيوز مول","https://www.google.com/maps/search/?api=1&query=Cin%C3%A9polis%20Cinemas%20-%20Oman%20Avenues%20Mall%20%D8%B3%D9%8A%D9%86%D9%85%D8%A7%20%D8%B3%D9%8A%D9%86%D8%A7%D8%A8%D9%88%D9%84%D8%B3%20-%20%D9%85%D8%B3%D9%82%D8%B7%20%D8%A3%D9%81%D9%8A%D9%86%D9%8A%D9%88%D8%B2%20%D9%85%D9%88%D9%84&query_place_id=ChIJJQi8_2X_kT4R_wLK-5zn2ss","5",,,
"Cinépolis Cinemas - Oman Avenues Mall سينما سينابولس - مسقط أفينيوز مول","https://www.google.com/maps/search/?api=1&query=Cin%C3%A9polis%20Cinemas%20-%20Oman%20Avenues%20Mall%20%D8%B3%D9%8A%D9%86%D9%85%D8%A7%20%D8%B3%D9%8A%D9%86%D8%A7%D8%A8%D9%88%D9%84%D8%B3%20-%20%D9%85%D8%B3%D9%82%D8%B7%20%D8%A3%D9%81%D9%8A%D9%86%D9%8A%D9%88%D8%B2%20%D9%85%D9%88%D9%84&query_place_id=ChIJJQi8_2X_kT4R_wLK-5zn2ss","5",,,
"Cinépolis Cinemas - Oman Avenues Mall سينما سينابولس - مسقط أفينيوز مول","https://www.google.com/maps/search/?api=1&query=Cin%C3%A9polis%20Cinemas%20-%20Oman%20Avenues%20Mall%20%D8%B3%D9%8A%D9%86%D9%85%D8%A7%20%D8%B3%D9%8A%D9%86%D8%A7%D8%A8%D9%88%D9%84%D8%B3%20-%20%D9%85%D8%B3%D9%82%D8%B7%20%D8%A3%D9%81%D9%8A%D9%86%D9%8A%D9%88%D8%B2%20%D9%85%D9%88%D9%84&query_place_id=ChIJJQi8_2X_kT4R_wLK-5zn2ss","5",,,
"Cinépolis Cinemas - Oman Avenues Mall سينما سينابولس - مسقط أفينيوز مول","https://www.google.com/maps/search/?api=1&query=Cin%C3%A9polis%20Cinemas%20-%20Oman%20Avenues%20Mall%20%D8%B3%D9%8A%D9%86%D9%85%D8%A7%20%D8%B3%D9%8A%D9%86%D8%A7%D8%A8%D9%88%D9%84%D8%B3%20-%20%D9%85%D8%B3%D9%82%D8%B7%20%D8%A3%D9%81%D9%8A%D9%86%D9%8A%D9%88%D8%B2%20%D9%85%D9%88%D9%84&query_place_id=ChIJJQi8_2X_kT4R_wLK-5zn2ss","5",,,
"Cinépolis Cinemas - Oman Avenues Mall سينما سينابولس - مسقط أفينيوز مول","https://www.google.com/maps/search/?api=1&query=Cin%C3%A9polis%20Cinemas%20-%20Oman%20Avenues%20Mall%20%D8%B3%D9%8A%D9%86%D9%85%D8%A7%20%D8%B3%D9%8A%D9%86%D8%A7%D8%A8%D9%88%D9%84%D8%B3%20-%20%D9%85%D8%B3%D9%82%D8%B7%20%D8%A3%D9%81%D9%8A%D9%86%D9%8A%D9%88%D8%B2%20%D9%85%D9%88%D9%84&query_place_id=ChIJJQi8_2X_kT4R_wLK-5zn2ss","5",,,
"Cinépolis Cinemas - Oman Avenues Mall سينما سينابولس - مسقط أفينيوز مول","https://www.google.com/maps/search/?api=1&query=Cin%C3%A9polis%20Cinemas%20-%20Oman%20Avenues%20Mall%20%D8%B3%D9%8A%D9%86%D9%85%D8%A7%20%D8%B3%D9%8A%D9%86%D8%A7%D8%A8%D9%88%D9%84%D8%B3%20-%20%D9%85%D8%B3%D9%82%D8%B7%20%D8%A3%D9%81%D9%8A%D9%86%D9%8A%D9%88%D8%B2%20%D9%85%D9%88%D9%84&query_place_id=ChIJJQi8_2X_kT4R_wLK-5zn2ss","5",,,
"Cinépolis Cinemas - Oman Avenues Mall سينما سينابولس - مسقط أفينيوز مول","https://www.google.com/maps/search/?api=1&query=Cin%C3%A9polis%20Cinemas%20-%20Oman%20Avenues%20Mall%20%D8%B3%D9%8A%D9%86%D9%85%D8%A7%20%D8%B3%D9%8A%D9%86%D8%A7%D8%A8%D9%88%D9%84%D8%B3%20-%20%D9%85%D8%B3%D9%82%D8%B7%20%D8%A3%D9%81%D9%8A%D9%86%D9%8A%D9%88%D8%B2%20%D9%85%D9%88%D9%84&query_place_id=ChIJJQi8_2X_kT4R_wLK-5zn2ss","5",,,
"Cinépolis Cinemas - Oman Avenues Mall سينما سينابولس - مسقط أفينيوز مول","https://www.google.com/maps/search/?api=1&query=Cin%C3%A9polis%20Cinemas%20-%20Oman%20Avenues%20Mall%20%D8%B3%D9%8A%D9%86%D9%85%D8%A7%20%D8%B3%D9%8A%D9%86%D8%A7%D8%A8%D9%88%D9%84%D8%B3%20-%20%D9%85%D8%B3%D9%82%D8%B7%20%D8%A3%D9%81%D9%8A%D9%86%D9%8A%D9%88%D8%B2%20%D9%85%D9%88%D9%84&query_place_id=ChIJJQi8_2X_kT4R_wLK-5zn2ss","5",,,
"Cinépolis Cinemas - Oasis Mall Salalah","https://www.google.com/maps/search/?api=1&query=Cin%C3%A9polis%20Cinemas%20-%20Oasis%20Mall%20Salalah&query_place_id=ChIJu1Gus4ph0T0RBXrJE1myh7Y","5",,,
"Cinépolis Cinemas - Oasis Mall Salalah","https://www.google.com/maps/search/?api=1&query=Cin%C3%A9polis%20Cinemas%20-%20Oasis%20Mall%20Salalah&query_place_id=ChIJu1Gus4ph0T0RBXrJE1myh7Y","5",,,
"Cinépolis Cinemas - Oasis Mall Salalah","https://www.google.com/maps/search/?api=1&query=Cin%C3%A9polis%20Cinemas%20-%20Oasis%20Mall%20Salalah&query_place_id=ChIJu1Gus4ph0T0RBXrJE1myh7Y","1",,,"Service not good, have to wait a lot for a tea add more customer services people"
"Cinépolis Cinemas - Oasis Mall Salalah","https://www.google.com/maps/search/?api=1&query=Cin%C3%A9polis%20Cinemas%20-%20Oasis%20Mall%20Salalah&query_place_id=ChIJu1Gus4ph0T0RBXrJE1myh7Y","4",,,"Air condition should be regulated. With the theatre at 15% occupancy, we were freezing. Otherwise well maintained."
"Cinépolis Cinemas - Oasis Mall Salalah","https://www.google.com/maps/search/?api=1&query=Cin%C3%A9polis%20Cinemas%20-%20Oasis%20Mall%20Salalah&query_place_id=ChIJu1Gus4ph0T0RBXrJE1myh7Y","4",,,
"Cinépolis Cinemas - Oasis Mall Salalah","https://www.google.com/maps/search/?api=1&query=Cin%C3%A9polis%20Cinemas%20-%20Oasis%20Mall%20Salalah&query_place_id=ChIJu1Gus4ph0T0RBXrJE1myh7Y","5",,,"رائع بكل تفاصيله"
"Cinépolis Cinemas - Oasis Mall Salalah","https://www.google.com/maps/search/?api=1&query=Cin%C3%A9polis%20Cinemas%20-%20Oasis%20Mall%20Salalah&query_place_id=ChIJu1Gus4ph0T0RBXrJE1myh7Y","5",,,
"Cinépolis Cinemas - Oasis Mall Salalah","https://www.google.com/maps/search/?api=1&query=Cin%C3%A9polis%20Cinemas%20-%20Oasis%20Mall%20Salalah&query_place_id=ChIJu1Gus4ph0T0RBXrJE1myh7Y","4",,,
"Cinépolis Cinemas - Oasis Mall Salalah","https://www.google.com/maps/search/?api=1&query=Cin%C3%A9polis%20Cinemas%20-%20Oasis%20Mall%20Salalah&query_place_id=ChIJu1Gus4ph0T0RBXrJE1myh7Y","3",,,
"Cinépolis Cinemas - Oasis Mall Salalah","https://www.google.com/maps/search/?api=1&query=Cin%C3%A9polis%20Cinemas%20-%20Oasis%20Mall%20Salalah&query_place_id=ChIJu1Gus4ph0T0RBXrJE1myh7Y","4",,,
"Cinépolis Cinemas - Oasis Mall Salalah","https://www.google.com/maps/search/?api=1&query=Cin%C3%A9polis%20Cinemas%20-%20Oasis%20Mall%20Salalah&query_place_id=ChIJu1Gus4ph0T0RBXrJE1myh7Y","5",,,
"Cinépolis Cinemas - Oasis Mall Salalah","https://www.google.com/maps/search/?api=1&query=Cin%C3%A9polis%20Cinemas%20-%20Oasis%20Mall%20Salalah&query_place_id=ChIJu1Gus4ph0T0RBXrJE1myh7Y","4",,,
"Cinépolis Cinemas - Oasis Mall Salalah","https://www.google.com/maps/search/?api=1&query=Cin%C3%A9polis%20Cinemas%20-%20Oasis%20Mall%20Salalah&query_place_id=ChIJu1Gus4ph0T0RBXrJE1myh7Y","4",,,"Nice place to visit in Salalah"
"Cinépolis Cinemas - Oasis Mall Salalah","https://www.google.com/maps/search/?api=1&query=Cin%C3%A9polis%20Cinemas%20-%20Oasis%20Mall%20Salalah&query_place_id=ChIJu1Gus4ph0T0RBXrJE1myh7Y","3",,,
"Cinépolis Cinemas - Oasis Mall Salalah","https://www.google.com/maps/search/?api=1&query=Cin%C3%A9polis%20Cinemas%20-%20Oasis%20Mall%20Salalah&query_place_id=ChIJu1Gus4ph0T0RBXrJE1myh7Y","4",,,
"Cinépolis Cinemas - Oasis Mall Salalah","https://www.google.com/maps/search/?api=1&query=Cin%C3%A9polis%20Cinemas%20-%20Oasis%20Mall%20Salalah&query_place_id=ChIJu1Gus4ph0T0RBXrJE1myh7Y","5",,,
"Cinépolis Cinemas - Oasis Mall Salalah","https://www.google.com/maps/search/?api=1&query=Cin%C3%A9polis%20Cinemas%20-%20Oasis%20Mall%20Salalah&query_place_id=ChIJu1Gus4ph0T0RBXrJE1myh7Y","5",,,
"Cinépolis Cinemas - Oasis Mall Salalah","https://www.google.com/maps/search/?api=1&query=Cin%C3%A9polis%20Cinemas%20-%20Oasis%20Mall%20Salalah&query_place_id=ChIJu1Gus4ph0T0RBXrJE1myh7Y","5",,,
"Cinépolis Cinemas - Oasis Mall Salalah","https://www.google.com/maps/search/?api=1&query=Cin%C3%A9polis%20Cinemas%20-%20Oasis%20Mall%20Salalah&query_place_id=ChIJu1Gus4ph0T0RBXrJE1myh7Y","5",,,
"Cinépolis Cinemas - Oasis Mall Salalah","https://www.google.com/maps/search/?api=1&query=Cin%C3%A9polis%20Cinemas%20-%20Oasis%20Mall%20Salalah&query_place_id=ChIJu1Gus4ph0T0RBXrJE1myh7Y","5",,,
"Cinepolis Cinemas","https://www.google.com/maps/search/?api=1&query=Cinepolis%20Cinemas&query_place_id=ChIJw4-SAAVFiz4RrJvH7oizRpg","5",,,
"Cinepolis Cinemas","https://www.google.com/maps/search/?api=1&query=Cinepolis%20Cinemas&query_place_id=ChIJw4-SAAVFiz4RrJvH7oizRpg","4",,,
"Cinepolis Cinemas","https://www.google.com/maps/search/?api=1&query=Cinepolis%20Cinemas&query_place_id=ChIJw4-SAAVFiz4RrJvH7oizRpg","5",,,
"Cinepolis Cinemas","https://www.google.com/maps/search/?api=1&query=Cinepolis%20Cinemas&query_place_id=ChIJw4-SAAVFiz4RrJvH7oizRpg","4",,,
"Cinepolis Cinemas","https://www.google.com/maps/search/?api=1&query=Cinepolis%20Cinemas&query_place_id=ChIJw4-SAAVFiz4RrJvH7oizRpg","5",,,
"Cinepolis Cinemas","https://www.google.com/maps/search/?api=1&query=Cinepolis%20Cinemas&query_place_id=ChIJw4-SAAVFiz4RrJvH7oizRpg","4",,,"It's inside Oasis Mall 3rd Floor- ambiance is good,not crowded."
"Cinepolis Cinemas","https://www.google.com/maps/search/?api=1&query=Cinepolis%20Cinemas&query_place_id=ChIJw4-SAAVFiz4RrJvH7oizRpg","4",,,"هادئة و فخمة"
"Cinepolis Cinemas","https://www.google.com/maps/search/?api=1&query=Cinepolis%20Cinemas&query_place_id=ChIJw4-SAAVFiz4RrJvH7oizRpg","5",,,
"Cinepolis Cinemas","https://www.google.com/maps/search/?api=1&query=Cinepolis%20Cinemas&query_place_id=ChIJw4-SAAVFiz4RrJvH7oizRpg","1",,,"تاريخ العرض 19/10/2025
الساعة 6.30pm
سمبوسة وجباتي

للأسف، كانت الترجمة في الفيلم غير واضحة، حيث ظهرت بشكل مقطّع وغير مكتمل في أسفل الشاشة، مما أثر سلبًا على فهم المحتوى والاستمتاع بالعرض.

أتساءل إن كان من المعقول عدم وجود جهة مختصة تتابع جودة العرض وحالة الترجمة أثناء تشغيل الفيلم، خاصة وأن هذه التفاصيل تؤثر بشكل مباشر على تجربة المشاهد.

آمل أن يتم النظر في هذه الملاحظة واتخاذ الإجراءات اللازمة لضمان جودة الترجمة في العروض القادمة.

مع خالص الشكر والتقدير،"
"Cinepolis Cinemas","https://www.google.com/maps/search/?api=1&query=Cinepolis%20Cinemas&query_place_id=ChIJw4-SAAVFiz4RrJvH7oizRpg","3",,,
"Cinepolis Cinemas","https://www.google.com/maps/search/?api=1&query=Cinepolis%20Cinemas&query_place_id=ChIJw4-SAAVFiz4RrJvH7oizRpg","1",,,"Totally disappointment!!!!

We went to the cinema after checking the film timing in their website

We were shocked that the movie has already started 20 mins earlier.

After discussing with the manager, he claimed that this might be a syncing issue with the website!!! How come!!!!????"
"Cinepolis Cinemas","https://www.google.com/maps/search/?api=1&query=Cinepolis%20Cinemas&query_place_id=ChIJw4-SAAVFiz4RrJvH7oizRpg","5",,,
"Cinepolis Cinemas","https://www.google.com/maps/search/?api=1&query=Cinepolis%20Cinemas&query_place_id=ChIJw4-SAAVFiz4RrJvH7oizRpg","5",,,
"Cinepolis Cinemas","https://www.google.com/maps/search/?api=1&query=Cinepolis%20Cinemas&query_place_id=ChIJw4-SAAVFiz4RrJvH7oizRpg","4",,,
"Cinepolis Cinemas","https://www.google.com/maps/search/?api=1&query=Cinepolis%20Cinemas&query_place_id=ChIJw4-SAAVFiz4RrJvH7oizRpg","4",,,"تمام"
"Cinepolis Cinemas","https://www.google.com/maps/search/?api=1&query=Cinepolis%20Cinemas&query_place_id=ChIJw4-SAAVFiz4RrJvH7oizRpg","2",,,
"Cinepolis Cinemas","https://www.google.com/maps/search/?api=1&query=Cinepolis%20Cinemas&query_place_id=ChIJw4-SAAVFiz4RrJvH7oizRpg","5",,,
"Cinepolis Cinemas","https://www.google.com/maps/search/?api=1&query=Cinepolis%20Cinemas&query_place_id=ChIJw4-SAAVFiz4RrJvH7oizRpg","5",,,
"Cinepolis Cinemas","https://www.google.com/maps/search/?api=1&query=Cinepolis%20Cinemas&query_place_id=ChIJw4-SAAVFiz4RrJvH7oizRpg","5",,,
"Cinepolis Cinemas","https://www.google.com/maps/search/?api=1&query=Cinepolis%20Cinemas&query_place_id=ChIJw4-SAAVFiz4RrJvH7oizRpg","5",,,
"Cinépolis Cinemas - Oasis Mall Salalah","https://www.google.com/maps/search/?api=1&query=Cin%C3%A9polis%20Cinemas%20-%20Oasis%20Mall%20Salalah&query_place_id=ChIJu1Gus4ph0T0RBXrJE1myh7Y","1",,,
"Cinépolis Cinemas - Oasis Mall Salalah","https://www.google.com/maps/search/?api=1&query=Cin%C3%A9polis%20Cinemas%20-%20Oasis%20Mall%20Salalah&query_place_id=ChIJu1Gus4ph0T0RBXrJE1myh7Y","4",,,"Una buena experiencia, para mi tendrían que pasar las peliculas en inglës y subtituladas en inglés para que se puedan entender por más personas"
"Cinépolis Cinemas - Oasis Mall Salalah","https://www.google.com/maps/search/?api=1&query=Cin%C3%A9polis%20Cinemas%20-%20Oasis%20Mall%20Salalah&query_place_id=ChIJu1Gus4ph0T0RBXrJE1myh7Y","3",,,"مجمع تجاري"
"Cinépolis Cinemas - Oasis Mall Salalah","https://www.google.com/maps/search/?api=1&query=Cin%C3%A9polis%20Cinemas%20-%20Oasis%20Mall%20Salalah&query_place_id=ChIJu1Gus4ph0T0RBXrJE1myh7Y","4",,,
"Cinépolis Cinemas - Oasis Mall Salalah","https://www.google.com/maps/search/?api=1&query=Cin%C3%A9polis%20Cinemas%20-%20Oasis%20Mall%20Salalah&query_place_id=ChIJu1Gus4ph0T0RBXrJE1myh7Y","5",,,"رائع ..
الموقع و نظام السينما ..
التوفيق لهم دائما"
"Cinépolis Cinemas - Oasis Mall Salalah","https://www.google.com/maps/search/?api=1&query=Cin%C3%A9polis%20Cinemas%20-%20Oasis%20Mall%20Salalah&query_place_id=ChIJu1Gus4ph0T0RBXrJE1myh7Y","5",,,"جميل"
"Cinépolis Cinemas - Oasis Mall Salalah","https://www.google.com/maps/search/?api=1&query=Cin%C3%A9polis%20Cinemas%20-%20Oasis%20Mall%20Salalah&query_place_id=ChIJu1Gus4ph0T0RBXrJE1myh7Y","5",,,"Cinema screen 1, is the best and food counter are with varities."
"Cinépolis Cinemas - Oasis Mall Salalah","https://www.google.com/maps/search/?api=1&query=Cin%C3%A9polis%20Cinemas%20-%20Oasis%20Mall%20Salalah&query_place_id=ChIJu1Gus4ph0T0RBXrJE1myh7Y","5",,,"Nice"
"Cinépolis Cinemas - Oasis Mall Salalah","https://www.google.com/maps/search/?api=1&query=Cin%C3%A9polis%20Cinemas%20-%20Oasis%20Mall%20Salalah&query_place_id=ChIJu1Gus4ph0T0RBXrJE1myh7Y","4",,,"Good theatre."
"Cinépolis Cinemas - Oasis Mall Salalah","https://www.google.com/maps/search/?api=1&query=Cin%C3%A9polis%20Cinemas%20-%20Oasis%20Mall%20Salalah&query_place_id=ChIJu1Gus4ph0T0RBXrJE1myh7Y","4",,,"Good theatre"
"Cinépolis Cinemas - Oasis Mall Salalah","https://www.google.com/maps/search/?api=1&query=Cin%C3%A9polis%20Cinemas%20-%20Oasis%20Mall%20Salalah&query_place_id=ChIJu1Gus4ph0T0RBXrJE1myh7Y","4",,,
"Cinépolis Cinemas - Oasis Mall Salalah","https://www.google.com/maps/search/?api=1&query=Cin%C3%A9polis%20Cinemas%20-%20Oasis%20Mall%20Salalah&query_place_id=ChIJu1Gus4ph0T0RBXrJE1myh7Y","5",,,
"Cinépolis Cinemas - Oasis Mall Salalah","https://www.google.com/maps/search/?api=1&query=Cin%C3%A9polis%20Cinemas%20-%20Oasis%20Mall%20Salalah&query_place_id=ChIJu1Gus4ph0T0RBXrJE1myh7Y","5",,,
"Cinépolis Cinemas - Oasis Mall Salalah","https://www.google.com/maps/search/?api=1&query=Cin%C3%A9polis%20Cinemas%20-%20Oasis%20Mall%20Salalah&query_place_id=ChIJu1Gus4ph0T0RBXrJE1myh7Y","4",,,
"Cinépolis Cinemas - Oasis Mall Salalah","https://www.google.com/maps/search/?api=1&query=Cin%C3%A9polis%20Cinemas%20-%20Oasis%20Mall%20Salalah&query_place_id=ChIJu1Gus4ph0T0RBXrJE1myh7Y","5",,,
"Cinépolis Cinemas - Oasis Mall Salalah","https://www.google.com/maps/search/?api=1&query=Cin%C3%A9polis%20Cinemas%20-%20Oasis%20Mall%20Salalah&query_place_id=ChIJu1Gus4ph0T0RBXrJE1myh7Y","4",,,"Hermoso diseño del lugar muy bien ambientado, la temperatura es muy agradable, la limpieza del lugar es excelente!!!"
"Cinépolis Cinemas - Oasis Mall Salalah","https://www.google.com/maps/search/?api=1&query=Cin%C3%A9polis%20Cinemas%20-%20Oasis%20Mall%20Salalah&query_place_id=ChIJu1Gus4ph0T0RBXrJE1myh7Y","4",,,"قاعة السينما راقيه و جيده جدا ً"
"Cinépolis Cinemas - Oasis Mall Salalah","https://www.google.com/maps/search/?api=1&query=Cin%C3%A9polis%20Cinemas%20-%20Oasis%20Mall%20Salalah&query_place_id=ChIJu1Gus4ph0T0RBXrJE1myh7Y","5",,,
"Cinépolis Cinemas - Oasis Mall Salalah","https://www.google.com/maps/search/?api=1&query=Cin%C3%A9polis%20Cinemas%20-%20Oasis%20Mall%20Salalah&query_place_id=ChIJu1Gus4ph0T0RBXrJE1myh7Y","4",,,
"Cinépolis Cinemas - Oasis Mall Salalah","https://www.google.com/maps/search/?api=1&query=Cin%C3%A9polis%20Cinemas%20-%20Oasis%20Mall%20Salalah&query_place_id=ChIJu1Gus4ph0T0RBXrJE1myh7Y","5",,,
"Cinépolis Cinemas - Oman Avenues Mall سينما سينابولس - مسقط أفينيوز مول","https://www.google.com/maps/search/?api=1&query=Cin%C3%A9polis%20Cinemas%20-%20Oman%20Avenues%20Mall%20%D8%B3%D9%8A%D9%86%D9%85%D8%A7%20%D8%B3%D9%8A%D9%86%D8%A7%D8%A8%D9%88%D9%84%D8%B3%20-%20%D9%85%D8%B3%D9%82%D8%B7%20%D8%A3%D9%81%D9%8A%D9%86%D9%8A%D9%88%D8%B2%20%D9%85%D9%88%D9%84&query_place_id=ChIJJQi8_2X_kT4R_wLK-5zn2ss","5",,,
"Cinépolis Cinemas - Oman Avenues Mall سينما سينابولس - مسقط أفينيوز مول","https://www.google.com/maps/search/?api=1&query=Cin%C3%A9polis%20Cinemas%20-%20Oman%20Avenues%20Mall%20%D8%B3%D9%8A%D9%86%D9%85%D8%A7%20%D8%B3%D9%8A%D9%86%D8%A7%D8%A8%D9%88%D9%84%D8%B3%20-%20%D9%85%D8%B3%D9%82%D8%B7%20%D8%A3%D9%81%D9%8A%D9%86%D9%8A%D9%88%D8%B2%20%D9%85%D9%88%D9%84&query_place_id=ChIJJQi8_2X_kT4R_wLK-5zn2ss","5",,,
"Cinépolis Cinemas - Oman Avenues Mall سينما سينابولس - مسقط أفينيوز مول","https://www.google.com/maps/search/?api=1&query=Cin%C3%A9polis%20Cinemas%20-%20Oman%20Avenues%20Mall%20%D8%B3%D9%8A%D9%86%D9%85%D8%A7%20%D8%B3%D9%8A%D9%86%D8%A7%D8%A8%D9%88%D9%84%D8%B3%20-%20%D9%85%D8%B3%D9%82%D8%B7%20%D8%A3%D9%81%D9%8A%D9%86%D9%8A%D9%88%D8%B2%20%D9%85%D9%88%D9%84&query_place_id=ChIJJQi8_2X_kT4R_wLK-5zn2ss","5",,,
"Cinépolis Cinemas - Oman Avenues Mall سينما سينابولس - مسقط أفينيوز مول","https://www.google.com/maps/search/?api=1&query=Cin%C3%A9polis%20Cinemas%20-%20Oman%20Avenues%20Mall%20%D8%B3%D9%8A%D9%86%D9%85%D8%A7%20%D8%B3%D9%8A%D9%86%D8%A7%D8%A8%D9%88%D9%84%D8%B3%20-%20%D9%85%D8%B3%D9%82%D8%B7%20%D8%A3%D9%81%D9%8A%D9%86%D9%8A%D9%88%D8%B2%20%D9%85%D9%88%D9%84&query_place_id=ChIJJQi8_2X_kT4R_wLK-5zn2ss","5",,,
"Cinépolis Cinemas - Oman Avenues Mall سينما سينابولس - مسقط أفينيوز مول","https://www.google.com/maps/search/?api=1&query=Cin%C3%A9polis%20Cinemas%20-%20Oman%20Avenues%20Mall%20%D8%B3%D9%8A%D9%86%D9%85%D8%A7%20%D8%B3%D9%8A%D9%86%D8%A7%D8%A8%D9%88%D9%84%D8%B3%20-%20%D9%85%D8%B3%D9%82%D8%B7%20%D8%A3%D9%81%D9%8A%D9%86%D9%8A%D9%88%D8%B2%20%D9%85%D9%88%D9%84&query_place_id=ChIJJQi8_2X_kT4R_wLK-5zn2ss","5",,,
"Cinépolis Cinemas - Oman Avenues Mall سينما سينابولس - مسقط أفينيوز مول","https://www.google.com/maps/search/?api=1&query=Cin%C3%A9polis%20Cinemas%20-%20Oman%20Avenues%20Mall%20%D8%B3%D9%8A%D9%86%D9%85%D8%A7%20%D8%B3%D9%8A%D9%86%D8%A7%D8%A8%D9%88%D9%84%D8%B3%20-%20%D9%85%D8%B3%D9%82%D8%B7%20%D8%A3%D9%81%D9%8A%D9%86%D9%8A%D9%88%D8%B2%20%D9%85%D9%88%D9%84&query_place_id=ChIJJQi8_2X_kT4R_wLK-5zn2ss","5",,,
"Cinépolis Cinemas - Oman Avenues Mall سينما سينابولس - مسقط أفينيوز مول","https://www.google.com/maps/search/?api=1&query=Cin%C3%A9polis%20Cinemas%20-%20Oman%20Avenues%20Mall%20%D8%B3%D9%8A%D9%86%D9%85%D8%A7%20%D8%B3%D9%8A%D9%86%D8%A7%D8%A8%D9%88%D9%84%D8%B3%20-%20%D9%85%D8%B3%D9%82%D8%B7%20%D8%A3%D9%81%D9%8A%D9%86%D9%8A%D9%88%D8%B2%20%D9%85%D9%88%D9%84&query_place_id=ChIJJQi8_2X_kT4R_wLK-5zn2ss","5",,,
"Cinépolis Cinemas - Oman Avenues Mall سينما سينابولس - مسقط أفينيوز مول","https://www.google.com/maps/search/?api=1&query=Cin%C3%A9polis%20Cinemas%20-%20Oman%20Avenues%20Mall%20%D8%B3%D9%8A%D9%86%D9%85%D8%A7%20%D8%B3%D9%8A%D9%86%D8%A7%D8%A8%D9%88%D9%84%D8%B3%20-%20%D9%85%D8%B3%D9%82%D8%B7%20%D8%A3%D9%81%D9%8A%D9%86%D9%8A%D9%88%D8%B2%20%D9%85%D9%88%D9%84&query_place_id=ChIJJQi8_2X_kT4R_wLK-5zn2ss","5",,,
"Cinépolis Cinemas - Oman Avenues Mall سينما سينابولس - مسقط أفينيوز مول","https://www.google.com/maps/search/?api=1&query=Cin%C3%A9polis%20Cinemas%20-%20Oman%20Avenues%20Mall%20%D8%B3%D9%8A%D9%86%D9%85%D8%A7%20%D8%B3%D9%8A%D9%86%D8%A7%D8%A8%D9%88%D9%84%D8%B3%20-%20%D9%85%D8%B3%D9%82%D8%B7%20%D8%A3%D9%81%D9%8A%D9%86%D9%8A%D9%88%D8%B2%20%D9%85%D9%88%D9%84&query_place_id=ChIJJQi8_2X_kT4R_wLK-5zn2ss","5",,,
"Cinépolis Cinemas - Oman Avenues Mall سينما سينابولس - مسقط أفينيوز مول","https://www.google.com/maps/search/?api=1&query=Cin%C3%A9polis%20Cinemas%20-%20Oman%20Avenues%20Mall%20%D8%B3%D9%8A%D9%86%D9%85%D8%A7%20%D8%B3%D9%8A%D9%86%D8%A7%D8%A8%D9%88%D9%84%D8%B3%20-%20%D9%85%D8%B3%D9%82%D8%B7%20%D8%A3%D9%81%D9%8A%D9%86%D9%8A%D9%88%D8%B2%20%D9%85%D9%88%D9%84&query_place_id=ChIJJQi8_2X_kT4R_wLK-5zn2ss","5",,,
"Cinépolis Cinemas - Oman Avenues Mall سينما سينابولس - مسقط أفينيوز مول","https://www.google.com/maps/search/?api=1&query=Cin%C3%A9polis%20Cinemas%20-%20Oman%20Avenues%20Mall%20%D8%B3%D9%8A%D9%86%D9%85%D8%A7%20%D8%B3%D9%8A%D9%86%D8%A7%D8%A8%D9%88%D9%84%D8%B3%20-%20%D9%85%D8%B3%D9%82%D8%B7%20%D8%A3%D9%81%D9%8A%D9%86%D9%8A%D9%88%D8%B2%20%D9%85%D9%88%D9%84&query_place_id=ChIJJQi8_2X_kT4R_wLK-5zn2ss","5",,,
"Cinépolis Cinemas - Oman Avenues Mall سينما سينابولس - مسقط أفينيوز مول","https://www.google.com/maps/search/?api=1&query=Cin%C3%A9polis%20Cinemas%20-%20Oman%20Avenues%20Mall%20%D8%B3%D9%8A%D9%86%D9%85%D8%A7%20%D8%B3%D9%8A%D9%86%D8%A7%D8%A8%D9%88%D9%84%D8%B3%20-%20%D9%85%D8%B3%D9%82%D8%B7%20%D8%A3%D9%81%D9%8A%D9%86%D9%8A%D9%88%D8%B2%20%D9%85%D9%88%D9%84&query_place_id=ChIJJQi8_2X_kT4R_wLK-5zn2ss","5",,,
"Cinépolis Cinemas - Oman Avenues Mall سينما سينابولس - مسقط أفينيوز مول","https://www.google.com/maps/search/?api=1&query=Cin%C3%A9polis%20Cinemas%20-%20Oman%20Avenues%20Mall%20%D8%B3%D9%8A%D9%86%D9%85%D8%A7%20%D8%B3%D9%8A%D9%86%D8%A7%D8%A8%D9%88%D9%84%D8%B3%20-%20%D9%85%D8%B3%D9%82%D8%B7%20%D8%A3%D9%81%D9%8A%D9%86%D9%8A%D9%88%D8%B2%20%D9%85%D9%88%D9%84&query_place_id=ChIJJQi8_2X_kT4R_wLK-5zn2ss","5",,,
"Cinépolis Cinemas - Oman Avenues Mall سينما سينابولس - مسقط أفينيوز مول","https://www.google.com/maps/search/?api=1&query=Cin%C3%A9polis%20Cinemas%20-%20Oman%20Avenues%20Mall%20%D8%B3%D9%8A%D9%86%D9%85%D8%A7%20%D8%B3%D9%8A%D9%86%D8%A7%D8%A8%D9%88%D9%84%D8%B3%20-%20%D9%85%D8%B3%D9%82%D8%B7%20%D8%A3%D9%81%D9%8A%D9%86%D9%8A%D9%88%D8%B2%20%D9%85%D9%88%D9%84&query_place_id=ChIJJQi8_2X_kT4R_wLK-5zn2ss","5",,,
"Cinépolis Cinemas - Oman Avenues Mall سينما سينابولس - مسقط أفينيوز مول","https://www.google.com/maps/search/?api=1&query=Cin%C3%A9polis%20Cinemas%20-%20Oman%20Avenues%20Mall%20%D8%B3%D9%8A%D9%86%D9%85%D8%A7%20%D8%B3%D9%8A%D9%86%D8%A7%D8%A8%D9%88%D9%84%D8%B3%20-%20%D9%85%D8%B3%D9%82%D8%B7%20%D8%A3%D9%81%D9%8A%D9%86%D9%8A%D9%88%D8%B2%20%D9%85%D9%88%D9%84&query_place_id=ChIJJQi8_2X_kT4R_wLK-5zn2ss","5",,,
"Cinépolis Cinemas - Oman Avenues Mall سينما سينابولس - مسقط أفينيوز مول","https://www.google.com/maps/search/?api=1&query=Cin%C3%A9polis%20Cinemas%20-%20Oman%20Avenues%20Mall%20%D8%B3%D9%8A%D9%86%D9%85%D8%A7%20%D8%B3%D9%8A%D9%86%D8%A7%D8%A8%D9%88%D9%84%D8%B3%20-%20%D9%85%D8%B3%D9%82%D8%B7%20%D8%A3%D9%81%D9%8A%D9%86%D9%8A%D9%88%D8%B2%20%D9%85%D9%88%D9%84&query_place_id=ChIJJQi8_2X_kT4R_wLK-5zn2ss","1",,,"ONE OF THE WORST CINEMA EXPERIENCES EVER.

The first time the movie started while the lights were still on, like what, if I didn't go to call someone from outside we would have been left like that, completely unacceptable! The deluxe seats are supposed to be comfortable but they are absolutely bad. The AC was off the entire movie, super annoying! Lesson learnt, I was giving a second chance today and they just proved that they didn't deserve it."
"Cinépolis Cinemas - Oman Avenues Mall سينما سينابولس - مسقط أفينيوز مول","https://www.google.com/maps/search/?api=1&query=Cin%C3%A9polis%20Cinemas%20-%20Oman%20Avenues%20Mall%20%D8%B3%D9%8A%D9%86%D9%85%D8%A7%20%D8%B3%D9%8A%D9%86%D8%A7%D8%A8%D9%88%D9%84%D8%B3%20-%20%D9%85%D8%B3%D9%82%D8%B7%20%D8%A3%D9%81%D9%8A%D9%86%D9%8A%D9%88%D8%B2%20%D9%85%D9%88%D9%84&query_place_id=ChIJJQi8_2X_kT4R_wLK-5zn2ss","5",,,
"Cinépolis Cinemas - Oman Avenues Mall سينما سينابولس - مسقط أفينيوز مول","https://www.google.com/maps/search/?api=1&query=Cin%C3%A9polis%20Cinemas%20-%20Oman%20Avenues%20Mall%20%D8%B3%D9%8A%D9%86%D9%85%D8%A7%20%D8%B3%D9%8A%D9%86%D8%A7%D8%A8%D9%88%D9%84%D8%B3%20-%20%D9%85%D8%B3%D9%82%D8%B7%20%D8%A3%D9%81%D9%8A%D9%86%D9%8A%D9%88%D8%B2%20%D9%85%D9%88%D9%84&query_place_id=ChIJJQi8_2X_kT4R_wLK-5zn2ss","5",,,
"Cinépolis Cinemas - Oman Avenues Mall سينما سينابولس - مسقط أفينيوز مول","https://www.google.com/maps/search/?api=1&query=Cin%C3%A9polis%20Cinemas%20-%20Oman%20Avenues%20Mall%20%D8%B3%D9%8A%D9%86%D9%85%D8%A7%20%D8%B3%D9%8A%D9%86%D8%A7%D8%A8%D9%88%D9%84%D8%B3%20-%20%D9%85%D8%B3%D9%82%D8%B7%20%D8%A3%D9%81%D9%8A%D9%86%D9%8A%D9%88%D8%B2%20%D9%85%D9%88%D9%84&query_place_id=ChIJJQi8_2X_kT4R_wLK-5zn2ss","4",,,
"Cinépolis Cinemas - Oman Avenues Mall سينما سينابولس - مسقط أفينيوز مول","https://www.google.com/maps/search/?api=1&query=Cin%C3%A9polis%20Cinemas%20-%20Oman%20Avenues%20Mall%20%D8%B3%D9%8A%D9%86%D9%85%D8%A7%20%D8%B3%D9%8A%D9%86%D8%A7%D8%A8%D9%88%D9%84%D8%B3%20-%20%D9%85%D8%B3%D9%82%D8%B7%20%D8%A3%D9%81%D9%8A%D9%86%D9%8A%D9%88%D8%B2%20%D9%85%D9%88%D9%84&query_place_id=ChIJJQi8_2X_kT4R_wLK-5zn2ss","5",,,"deserves more than 5 stars"
"Cinepolis Cinemas","https://www.google.com/maps/search/?api=1&query=Cinepolis%20Cinemas&query_place_id=ChIJw4-SAAVFiz4RrJvH7oizRpg","5",,,
"Cinepolis Cinemas","https://www.google.com/maps/search/?api=1&query=Cinepolis%20Cinemas&query_place_id=ChIJw4-SAAVFiz4RrJvH7oizRpg","4",,,
"Cinepolis Cinemas","https://www.google.com/maps/search/?api=1&query=Cinepolis%20Cinemas&query_place_id=ChIJw4-SAAVFiz4RrJvH7oizRpg","1",,,
"Cinepolis Cinemas","https://www.google.com/maps/search/?api=1&query=Cinepolis%20Cinemas&query_place_id=ChIJw4-SAAVFiz4RrJvH7oizRpg","4",,,"قسم بالله فنان"
"Cinepolis Cinemas","https://www.google.com/maps/search/?api=1&query=Cinepolis%20Cinemas&query_place_id=ChIJw4-SAAVFiz4RrJvH7oizRpg","4",,,"مميزه من ناحية المقاعد مريحه اكثر مقارنه بالمنافس ..
بخصوص الاكل يحتبر جيد والاسعار جيده"
"Cinepolis Cinemas","https://www.google.com/maps/search/?api=1&query=Cinepolis%20Cinemas&query_place_id=ChIJw4-SAAVFiz4RrJvH7oizRpg","4",,,
"Cinepolis Cinemas","https://www.google.com/maps/search/?api=1&query=Cinepolis%20Cinemas&query_place_id=ChIJw4-SAAVFiz4RrJvH7oizRpg","1",,,"This was my first time at this cinema, and it will definitely be the last. Our experience was disappointing — Vox Cinema is far better in every way."
"Cinepolis Cinemas","https://www.google.com/maps/search/?api=1&query=Cinepolis%20Cinemas&query_place_id=ChIJw4-SAAVFiz4RrJvH7oizRpg","4",,,
"Cinepolis Cinemas","https://www.google.com/maps/search/?api=1&query=Cinepolis%20Cinemas&query_place_id=ChIJw4-SAAVFiz4RrJvH7oizRpg","3",,,
"Cinepolis Cinemas","https://www.google.com/maps/search/?api=1&query=Cinepolis%20Cinemas&query_place_id=ChIJw4-SAAVFiz4RrJvH7oizRpg","5",,,
"Cinepolis Cinemas","https://www.google.com/maps/search/?api=1&query=Cinepolis%20Cinemas&query_place_id=ChIJw4-SAAVFiz4RrJvH7oizRpg","5",,,
"Cinepolis Cinemas","https://www.google.com/maps/search/?api=1&query=Cinepolis%20Cinemas&query_place_id=ChIJw4-SAAVFiz4RrJvH7oizRpg","5",,,"Superb experience.."
"Cinepolis Cinemas","https://www.google.com/maps/search/?api=1&query=Cinepolis%20Cinemas&query_place_id=ChIJw4-SAAVFiz4RrJvH7oizRpg","5",,,
"Cinepolis Cinemas","https://www.google.com/maps/search/?api=1&query=Cinepolis%20Cinemas&query_place_id=ChIJw4-SAAVFiz4RrJvH7oizRpg","5",,,
"Cinepolis Cinemas","https://www.google.com/maps/search/?api=1&query=Cinepolis%20Cinemas&query_place_id=ChIJw4-SAAVFiz4RrJvH7oizRpg","5",,,"Like it"
"Cinepolis Cinemas","https://www.google.com/maps/search/?api=1&query=Cinepolis%20Cinemas&query_place_id=ChIJw4-SAAVFiz4RrJvH7oizRpg","5",,,
"Cinepolis Cinemas","https://www.google.com/maps/search/?api=1&query=Cinepolis%20Cinemas&query_place_id=ChIJw4-SAAVFiz4RrJvH7oizRpg","5",,,"مكان ممتاز و راقي و خدماتهم حلوة و أسعار مناسبة بس ما سريعين في تحديث الأفلام"
"Cinepolis Cinemas","https://www.google.com/maps/search/?api=1&query=Cinepolis%20Cinemas&query_place_id=ChIJw4-SAAVFiz4RrJvH7oizRpg","4",,,"تجربة سينمائية رائعه بفكر واعي وتصميم جذاب"
"Cinepolis Cinemas","https://www.google.com/maps/search/?api=1&query=Cinepolis%20Cinemas&query_place_id=ChIJw4-SAAVFiz4RrJvH7oizRpg","5",,,
"Cinepolis Cinemas","https://www.google.com/maps/search/?api=1&query=Cinepolis%20Cinemas&query_place_id=ChIJw4-SAAVFiz4RrJvH7oizRpg","5",,,"Excellent cinema in sohar oasis mall, we can enjoy with family"
"Cinépolis Cinemas - Oasis Mall Salalah","https://www.google.com/maps/search/?api=1&query=Cin%C3%A9polis%20Cinemas%20-%20Oasis%20Mall%20Salalah&query_place_id=ChIJu1Gus4ph0T0RBXrJE1myh7Y","4",,,"جيدة"
"Cinépolis Cinemas - Oasis Mall Salalah","https://www.google.com/maps/search/?api=1&query=Cin%C3%A9polis%20Cinemas%20-%20Oasis%20Mall%20Salalah&query_place_id=ChIJu1Gus4ph0T0RBXrJE1myh7Y","4",,,"Good place but Hindi pitchers no more seats and sounds system Thater was nice"
"Cinépolis Cinemas - Oasis Mall Salalah","https://www.google.com/maps/search/?api=1&query=Cin%C3%A9polis%20Cinemas%20-%20Oasis%20Mall%20Salalah&query_place_id=ChIJu1Gus4ph0T0RBXrJE1myh7Y","3",,,
"Cinépolis Cinemas - Oasis Mall Salalah","https://www.google.com/maps/search/?api=1&query=Cin%C3%A9polis%20Cinemas%20-%20Oasis%20Mall%20Salalah&query_place_id=ChIJu1Gus4ph0T0RBXrJE1myh7Y","5",,,"very good experience ..good seats amazing sound effects overall awesome"
"Cinépolis Cinemas - Oasis Mall Salalah","https://www.google.com/maps/search/?api=1&query=Cin%C3%A9polis%20Cinemas%20-%20Oasis%20Mall%20Salalah&query_place_id=ChIJu1Gus4ph0T0RBXrJE1myh7Y","5",,,"انسجاااام"
"Cinépolis Cinemas - Oasis Mall Salalah","https://www.google.com/maps/search/?api=1&query=Cin%C3%A9polis%20Cinemas%20-%20Oasis%20Mall%20Salalah&query_place_id=ChIJu1Gus4ph0T0RBXrJE1myh7Y","5",,,"تجربه ممتازه"
"Cinépolis Cinemas - Oasis Mall Salalah","https://www.google.com/maps/search/?api=1&query=Cin%C3%A9polis%20Cinemas%20-%20Oasis%20Mall%20Salalah&query_place_id=ChIJu1Gus4ph0T0RBXrJE1myh7Y","4",,,"يعد من افضل المراكز التجارية في صلالة يظم مجموعة شركات سنتر بوينت للتسوق مع وجود سينماء ومركز العاب للاطفال ومطاعم ."
"Cinépolis Cinemas - Oasis Mall Salalah","https://www.google.com/maps/search/?api=1&query=Cin%C3%A9polis%20Cinemas%20-%20Oasis%20Mall%20Salalah&query_place_id=ChIJu1Gus4ph0T0RBXrJE1myh7Y","2",,,
"Cinépolis Cinemas - Oasis Mall Salalah","https://www.google.com/maps/search/?api=1&query=Cin%C3%A9polis%20Cinemas%20-%20Oasis%20Mall%20Salalah&query_place_id=ChIJu1Gus4ph0T0RBXrJE1myh7Y","5",,,
"Cinépolis Cinemas - Oasis Mall Salalah","https://www.google.com/maps/search/?api=1&query=Cin%C3%A9polis%20Cinemas%20-%20Oasis%20Mall%20Salalah&query_place_id=ChIJu1Gus4ph0T0RBXrJE1myh7Y","5",,,
"Cinépolis Cinemas - Oasis Mall Salalah","https://www.google.com/maps/search/?api=1&query=Cin%C3%A9polis%20Cinemas%20-%20Oasis%20Mall%20Salalah&query_place_id=ChIJu1Gus4ph0T0RBXrJE1myh7Y","3",,,"حلو"
"Cinépolis Cinemas - Oasis Mall Salalah","https://www.google.com/maps/search/?api=1&query=Cin%C3%A9polis%20Cinemas%20-%20Oasis%20Mall%20Salalah&query_place_id=ChIJu1Gus4ph0T0RBXrJE1myh7Y","5",,,"مكان جمبل
رائع للتسوق بوجد ماكس اطفال كبار سنتربوينت
واماكن أخرى الاهم بالنسبة لنا كان السينما اختيارهم للأفلام جميل جدا يوجد خصم في السينما على بطاقة شكرا  كراسي ال vip والسينما الماكرو خيالية وساحرة
👌👍👏 تجربة ممتعة ورائعة ♥️"
"Cinépolis Cinemas - Oasis Mall Salalah","https://www.google.com/maps/search/?api=1&query=Cin%C3%A9polis%20Cinemas%20-%20Oasis%20Mall%20Salalah&query_place_id=ChIJu1Gus4ph0T0RBXrJE1myh7Y","4",,,
"Cinépolis Cinemas - Oasis Mall Salalah","https://www.google.com/maps/search/?api=1&query=Cin%C3%A9polis%20Cinemas%20-%20Oasis%20Mall%20Salalah&query_place_id=ChIJu1Gus4ph0T0RBXrJE1myh7Y","5",,,"It's in Oasis Mall ,nice to watch movies in Cinipolis."
"Cinépolis Cinemas - Oasis Mall Salalah","https://www.google.com/maps/search/?api=1&query=Cin%C3%A9polis%20Cinemas%20-%20Oasis%20Mall%20Salalah&query_place_id=ChIJu1Gus4ph0T0RBXrJE1myh7Y","5",,,
"Cinépolis Cinemas - Oasis Mall Salalah","https://www.google.com/maps/search/?api=1&query=Cin%C3%A9polis%20Cinemas%20-%20Oasis%20Mall%20Salalah&query_place_id=ChIJu1Gus4ph0T0RBXrJE1myh7Y","5",,,"Good place and quality"
"Cinépolis Cinemas - Oasis Mall Salalah","https://www.google.com/maps/search/?api=1&query=Cin%C3%A9polis%20Cinemas%20-%20Oasis%20Mall%20Salalah&query_place_id=ChIJu1Gus4ph0T0RBXrJE1myh7Y","4",,,
"Cinépolis Cinemas - Oasis Mall Salalah","https://www.google.com/maps/search/?api=1&query=Cin%C3%A9polis%20Cinemas%20-%20Oasis%20Mall%20Salalah&query_place_id=ChIJu1Gus4ph0T0RBXrJE1myh7Y","5",,,
"Cinépolis Cinemas - Oasis Mall Salalah","https://www.google.com/maps/search/?api=1&query=Cin%C3%A9polis%20Cinemas%20-%20Oasis%20Mall%20Salalah&query_place_id=ChIJu1Gus4ph0T0RBXrJE1myh7Y","4",,,
"Cinépolis Cinemas - Oasis Mall Salalah","https://www.google.com/maps/search/?api=1&query=Cin%C3%A9polis%20Cinemas%20-%20Oasis%20Mall%20Salalah&query_place_id=ChIJu1Gus4ph0T0RBXrJE1myh7Y","5",,,
"Cinépolis Cinemas - Oman Avenues Mall سينما سينابولس - مسقط أفينيوز مول","https://www.google.com/maps/search/?api=1&query=Cin%C3%A9polis%20Cinemas%20-%20Oman%20Avenues%20Mall%20%D8%B3%D9%8A%D9%86%D9%85%D8%A7%20%D8%B3%D9%8A%D9%86%D8%A7%D8%A8%D9%88%D9%84%D8%B3%20-%20%D9%85%D8%B3%D9%82%D8%B7%20%D8%A3%D9%81%D9%8A%D9%86%D9%8A%D9%88%D8%B2%20%D9%85%D9%88%D9%84&query_place_id=ChIJJQi8_2X_kT4R_wLK-5zn2ss","5",,,
"Cinépolis Cinemas - Oman Avenues Mall سينما سينابولس - مسقط أفينيوز مول","https://www.google.com/maps/search/?api=1&query=Cin%C3%A9polis%20Cinemas%20-%20Oman%20Avenues%20Mall%20%D8%B3%D9%8A%D9%86%D9%85%D8%A7%20%D8%B3%D9%8A%D9%86%D8%A7%D8%A8%D9%88%D9%84%D8%B3%20-%20%D9%85%D8%B3%D9%82%D8%B7%20%D8%A3%D9%81%D9%8A%D9%86%D9%8A%D9%88%D8%B2%20%D9%85%D9%88%D9%84&query_place_id=ChIJJQi8_2X_kT4R_wLK-5zn2ss","5",,,
"Cinépolis Cinemas - Oman Avenues Mall سينما سينابولس - مسقط أفينيوز مول","https://www.google.com/maps/search/?api=1&query=Cin%C3%A9polis%20Cinemas%20-%20Oman%20Avenues%20Mall%20%D8%B3%D9%8A%D9%86%D9%85%D8%A7%20%D8%B3%D9%8A%D9%86%D8%A7%D8%A8%D9%88%D9%84%D8%B3%20-%20%D9%85%D8%B3%D9%82%D8%B7%20%D8%A3%D9%81%D9%8A%D9%86%D9%8A%D9%88%D8%B2%20%D9%85%D9%88%D9%84&query_place_id=ChIJJQi8_2X_kT4R_wLK-5zn2ss","5",,,
"Cinépolis Cinemas - Oman Avenues Mall سينما سينابولس - مسقط أفينيوز مول","https://www.google.com/maps/search/?api=1&query=Cin%C3%A9polis%20Cinemas%20-%20Oman%20Avenues%20Mall%20%D8%B3%D9%8A%D9%86%D9%85%D8%A7%20%D8%B3%D9%8A%D9%86%D8%A7%D8%A8%D9%88%D9%84%D8%B3%20-%20%D9%85%D8%B3%D9%82%D8%B7%20%D8%A3%D9%81%D9%8A%D9%86%D9%8A%D9%88%D8%B2%20%D9%85%D9%88%D9%84&query_place_id=ChIJJQi8_2X_kT4R_wLK-5zn2ss","5",,,
"Cinépolis Cinemas - Oman Avenues Mall سينما سينابولس - مسقط أفينيوز مول","https://www.google.com/maps/search/?api=1&query=Cin%C3%A9polis%20Cinemas%20-%20Oman%20Avenues%20Mall%20%D8%B3%D9%8A%D9%86%D9%85%D8%A7%20%D8%B3%D9%8A%D9%86%D8%A7%D8%A8%D9%88%D9%84%D8%B3%20-%20%D9%85%D8%B3%D9%82%D8%B7%20%D8%A3%D9%81%D9%8A%D9%86%D9%8A%D9%88%D8%B2%20%D9%85%D9%88%D9%84&query_place_id=ChIJJQi8_2X_kT4R_wLK-5zn2ss","5",,,
"Cinépolis Cinemas - Oman Avenues Mall سينما سينابولس - مسقط أفينيوز مول","https://www.google.com/maps/search/?api=1&query=Cin%C3%A9polis%20Cinemas%20-%20Oman%20Avenues%20Mall%20%D8%B3%D9%8A%D9%86%D9%85%D8%A7%20%D8%B3%D9%8A%D9%86%D8%A7%D8%A8%D9%88%D9%84%D8%B3%20-%20%D9%85%D8%B3%D9%82%D8%B7%20%D8%A3%D9%81%D9%8A%D9%86%D9%8A%D9%88%D8%B2%20%D9%85%D9%88%D9%84&query_place_id=ChIJJQi8_2X_kT4R_wLK-5zn2ss","5",,,
"Cinépolis Cinemas - Oman Avenues Mall سينما سينابولس - مسقط أفينيوز مول","https://www.google.com/maps/search/?api=1&query=Cin%C3%A9polis%20Cinemas%20-%20Oman%20Avenues%20Mall%20%D8%B3%D9%8A%D9%86%D9%85%D8%A7%20%D8%B3%D9%8A%D9%86%D8%A7%D8%A8%D9%88%D9%84%D8%B3%20-%20%D9%85%D8%B3%D9%82%D8%B7%20%D8%A3%D9%81%D9%8A%D9%86%D9%8A%D9%88%D8%B2%20%D9%85%D9%88%D9%84&query_place_id=ChIJJQi8_2X_kT4R_wLK-5zn2ss","4",,,
"Cinépolis Cinemas - Oman Avenues Mall سينما سينابولس - مسقط أفينيوز مول","https://www.google.com/maps/search/?api=1&query=Cin%C3%A9polis%20Cinemas%20-%20Oman%20Avenues%20Mall%20%D8%B3%D9%8A%D9%86%D9%85%D8%A7%20%D8%B3%D9%8A%D9%86%D8%A7%D8%A8%D9%88%D9%84%D8%B3%20-%20%D9%85%D8%B3%D9%82%D8%B7%20%D8%A3%D9%81%D9%8A%D9%86%D9%8A%D9%88%D8%B2%20%D9%85%D9%88%D9%84&query_place_id=ChIJJQi8_2X_kT4R_wLK-5zn2ss","4",,,
"Cinépolis Cinemas - Oman Avenues Mall سينما سينابولس - مسقط أفينيوز مول","https://www.google.com/maps/search/?api=1&query=Cin%C3%A9polis%20Cinemas%20-%20Oman%20Avenues%20Mall%20%D8%B3%D9%8A%D9%86%D9%85%D8%A7%20%D8%B3%D9%8A%D9%86%D8%A7%D8%A8%D9%88%D9%84%D8%B3%20-%20%D9%85%D8%B3%D9%82%D8%B7%20%D8%A3%D9%81%D9%8A%D9%86%D9%8A%D9%88%D8%B2%20%D9%85%D9%88%D9%84&query_place_id=ChIJJQi8_2X_kT4R_wLK-5zn2ss","5",,,
"Cinépolis Cinemas - Oman Avenues Mall سينما سينابولس - مسقط أفينيوز مول","https://www.google.com/maps/search/?api=1&query=Cin%C3%A9polis%20Cinemas%20-%20Oman%20Avenues%20Mall%20%D8%B3%D9%8A%D9%86%D9%85%D8%A7%20%D8%B3%D9%8A%D9%86%D8%A7%D8%A8%D9%88%D9%84%D8%B3%20-%20%D9%85%D8%B3%D9%82%D8%B7%20%D8%A3%D9%81%D9%8A%D9%86%D9%8A%D9%88%D8%B2%20%D9%85%D9%88%D9%84&query_place_id=ChIJJQi8_2X_kT4R_wLK-5zn2ss","5",,,
"Cinépolis Cinemas - Oman Avenues Mall سينما سينابولس - مسقط أفينيوز مول","https://www.google.com/maps/search/?api=1&query=Cin%C3%A9polis%20Cinemas%20-%20Oman%20Avenues%20Mall%20%D8%B3%D9%8A%D9%86%D9%85%D8%A7%20%D8%B3%D9%8A%D9%86%D8%A7%D8%A8%D9%88%D9%84%D8%B3%20-%20%D9%85%D8%B3%D9%82%D8%B7%20%D8%A3%D9%81%D9%8A%D9%86%D9%8A%D9%88%D8%B2%20%D9%85%D9%88%D9%84&query_place_id=ChIJJQi8_2X_kT4R_wLK-5zn2ss","5",,,"Great management and experience, thank you Mr Adarsh for making it such a memorable time for the family."
"Cinépolis Cinemas - Oman Avenues Mall سينما سينابولس - مسقط أفينيوز مول","https://www.google.com/maps/search/?api=1&query=Cin%C3%A9polis%20Cinemas%20-%20Oman%20Avenues%20Mall%20%D8%B3%D9%8A%D9%86%D9%85%D8%A7%20%D8%B3%D9%8A%D9%86%D8%A7%D8%A8%D9%88%D9%84%D8%B3%20-%20%D9%85%D8%B3%D9%82%D8%B7%20%D8%A3%D9%81%D9%8A%D9%86%D9%8A%D9%88%D8%B2%20%D9%85%D9%88%D9%84&query_place_id=ChIJJQi8_2X_kT4R_wLK-5zn2ss","2",,,"Rude staff with extremely bad attitude. Don't know how to treat customers."
"Cinépolis Cinemas - Oman Avenues Mall سينما سينابولس - مسقط أفينيوز مول","https://www.google.com/maps/search/?api=1&query=Cin%C3%A9polis%20Cinemas%20-%20Oman%20Avenues%20Mall%20%D8%B3%D9%8A%D9%86%D9%85%D8%A7%20%D8%B3%D9%8A%D9%86%D8%A7%D8%A8%D9%88%D9%84%D8%B3%20-%20%D9%85%D8%B3%D9%82%D8%B7%20%D8%A3%D9%81%D9%8A%D9%86%D9%8A%D9%88%D8%B2%20%D9%85%D9%88%D9%84&query_place_id=ChIJJQi8_2X_kT4R_wLK-5zn2ss","5",,,
"Cinépolis Cinemas - Oman Avenues Mall سينما سينابولس - مسقط أفينيوز مول","https://www.google.com/maps/search/?api=1&query=Cin%C3%A9polis%20Cinemas%20-%20Oman%20Avenues%20Mall%20%D8%B3%D9%8A%D9%86%D9%85%D8%A7%20%D8%B3%D9%8A%D9%86%D8%A7%D8%A8%D9%88%D9%84%D8%B3%20-%20%D9%85%D8%B3%D9%82%D8%B7%20%D8%A3%D9%81%D9%8A%D9%86%D9%8A%D9%88%D8%B2%20%D9%85%D9%88%D9%84&query_place_id=ChIJJQi8_2X_kT4R_wLK-5zn2ss","2",,,
"Cinépolis Cinemas - Oman Avenues Mall سينما سينابولس - مسقط أفينيوز مول","https://www.google.com/maps/search/?api=1&query=Cin%C3%A9polis%20Cinemas%20-%20Oman%20Avenues%20Mall%20%D8%B3%D9%8A%D9%86%D9%85%D8%A7%20%D8%B3%D9%8A%D9%86%D8%A7%D8%A8%D9%88%D9%84%D8%B3%20-%20%D9%85%D8%B3%D9%82%D8%B7%20%D8%A3%D9%81%D9%8A%D9%86%D9%8A%D9%88%D8%B2%20%D9%85%D9%88%D9%84&query_place_id=ChIJJQi8_2X_kT4R_wLK-5zn2ss","5",,,
"Cinépolis Cinemas - Oman Avenues Mall سينما سينابولس - مسقط أفينيوز مول","https://www.google.com/maps/search/?api=1&query=Cin%C3%A9polis%20Cinemas%20-%20Oman%20Avenues%20Mall%20%D8%B3%D9%8A%D9%86%D9%85%D8%A7%20%D8%B3%D9%8A%D9%86%D8%A7%D8%A8%D9%88%D9%84%D8%B3%20-%20%D9%85%D8%B3%D9%82%D8%B7%20%D8%A3%D9%81%D9%8A%D9%86%D9%8A%D9%88%D8%B2%20%D9%85%D9%88%D9%84&query_place_id=ChIJJQi8_2X_kT4R_wLK-5zn2ss","5",,,
"Cinépolis Cinemas - Oman Avenues Mall سينما سينابولس - مسقط أفينيوز مول","https://www.google.com/maps/search/?api=1&query=Cin%C3%A9polis%20Cinemas%20-%20Oman%20Avenues%20Mall%20%D8%B3%D9%8A%D9%86%D9%85%D8%A7%20%D8%B3%D9%8A%D9%86%D8%A7%D8%A8%D9%88%D9%84%D8%B3%20-%20%D9%85%D8%B3%D9%82%D8%B7%20%D8%A3%D9%81%D9%8A%D9%86%D9%8A%D9%88%D8%B2%20%D9%85%D9%88%D9%84&query_place_id=ChIJJQi8_2X_kT4R_wLK-5zn2ss","5",,,
"Cinépolis Cinemas - Oman Avenues Mall سينما سينابولس - مسقط أفينيوز مول","https://www.google.com/maps/search/?api=1&query=Cin%C3%A9polis%20Cinemas%20-%20Oman%20Avenues%20Mall%20%D8%B3%D9%8A%D9%86%D9%85%D8%A7%20%D8%B3%D9%8A%D9%86%D8%A7%D8%A8%D9%88%D9%84%D8%B3%20-%20%D9%85%D8%B3%D9%82%D8%B7%20%D8%A3%D9%81%D9%8A%D9%86%D9%8A%D9%88%D8%B2%20%D9%85%D9%88%D9%84&query_place_id=ChIJJQi8_2X_kT4R_wLK-5zn2ss","5",,,
"Cinépolis Cinemas - Oman Avenues Mall سينما سينابولس - مسقط أفينيوز مول","https://www.google.com/maps/search/?api=1&query=Cin%C3%A9polis%20Cinemas%20-%20Oman%20Avenues%20Mall%20%D8%B3%D9%8A%D9%86%D9%85%D8%A7%20%D8%B3%D9%8A%D9%86%D8%A7%D8%A8%D9%88%D9%84%D8%B3%20-%20%D9%85%D8%B3%D9%82%D8%B7%20%D8%A3%D9%81%D9%8A%D9%86%D9%8A%D9%88%D8%B2%20%D9%85%D9%88%D9%84&query_place_id=ChIJJQi8_2X_kT4R_wLK-5zn2ss","5",,,"Best Cinema with Great Customers Service"
"Cinépolis Cinemas - Oman Avenues Mall سينما سينابولس - مسقط أفينيوز مول","https://www.google.com/maps/search/?api=1&query=Cin%C3%A9polis%20Cinemas%20-%20Oman%20Avenues%20Mall%20%D8%B3%D9%8A%D9%86%D9%85%D8%A7%20%D8%B3%D9%8A%D9%86%D8%A7%D8%A8%D9%88%D9%84%D8%B3%20-%20%D9%85%D8%B3%D9%82%D8%B7%20%D8%A3%D9%81%D9%8A%D9%86%D9%8A%D9%88%D8%B2%20%D9%85%D9%88%D9%84&query_place_id=ChIJJQi8_2X_kT4R_wLK-5zn2ss","5",,,
"Cinépolis Cinemas - Oasis Mall Salalah","https://www.google.com/maps/search/?api=1&query=Cin%C3%A9polis%20Cinemas%20-%20Oasis%20Mall%20Salalah&query_place_id=ChIJu1Gus4ph0T0RBXrJE1myh7Y","1",,,"Very rude behavior. There is a girl working there . She don't allow us to change seats even if there was not anyone booked on that seat. She just randomly come and demand for out ticket and indirectly says ""get some money peasants"""
"Cinépolis Cinemas - Oasis Mall Salalah","https://www.google.com/maps/search/?api=1&query=Cin%C3%A9polis%20Cinemas%20-%20Oasis%20Mall%20Salalah&query_place_id=ChIJu1Gus4ph0T0RBXrJE1myh7Y","3",,,"Watched KGF2 .. Nice experience ...

Thank you Oman"
"Cinépolis Cinemas - Oasis Mall Salalah","https://www.google.com/maps/search/?api=1&query=Cin%C3%A9polis%20Cinemas%20-%20Oasis%20Mall%20Salalah&query_place_id=ChIJu1Gus4ph0T0RBXrJE1myh7Y","4",,,
"Cinépolis Cinemas - Oasis Mall Salalah","https://www.google.com/maps/search/?api=1&query=Cin%C3%A9polis%20Cinemas%20-%20Oasis%20Mall%20Salalah&query_place_id=ChIJu1Gus4ph0T0RBXrJE1myh7Y","5",,,"My first experience of watching a movie in the mall."
"Cinépolis Cinemas - Oasis Mall Salalah","https://www.google.com/maps/search/?api=1&query=Cin%C3%A9polis%20Cinemas%20-%20Oasis%20Mall%20Salalah&query_place_id=ChIJu1Gus4ph0T0RBXrJE1myh7Y","5",,,
"Cinépolis Cinemas - Oasis Mall Salalah","https://www.google.com/maps/search/?api=1&query=Cin%C3%A9polis%20Cinemas%20-%20Oasis%20Mall%20Salalah&query_place_id=ChIJu1Gus4ph0T0RBXrJE1myh7Y","5",,,"Very good"
"Cinépolis Cinemas - Oasis Mall Salalah","https://www.google.com/maps/search/?api=1&query=Cin%C3%A9polis%20Cinemas%20-%20Oasis%20Mall%20Salalah&query_place_id=ChIJu1Gus4ph0T0RBXrJE1myh7Y","5",,,"Nice to enjoy witjwithFamily and frnds..  I watchd KGF 2  Superbb mall 😎😎"
"Cinépolis Cinemas - Oasis Mall Salalah","https://www.google.com/maps/search/?api=1&query=Cin%C3%A9polis%20Cinemas%20-%20Oasis%20Mall%20Salalah&query_place_id=ChIJu1Gus4ph0T0RBXrJE1myh7Y","5",,,"Comfortable seats and one of the best cinema experience."
"Cinépolis Cinemas - Oasis Mall Salalah","https://www.google.com/maps/search/?api=1&query=Cin%C3%A9polis%20Cinemas%20-%20Oasis%20Mall%20Salalah&query_place_id=ChIJu1Gus4ph0T0RBXrJE1myh7Y","4",,,
"Cinépolis Cinemas - Oasis Mall Salalah","https://www.google.com/maps/search/?api=1&query=Cin%C3%A9polis%20Cinemas%20-%20Oasis%20Mall%20Salalah&query_place_id=ChIJu1Gus4ph0T0RBXrJE1myh7Y","5",,,
"Cinépolis Cinemas - Oasis Mall Salalah","https://www.google.com/maps/search/?api=1&query=Cin%C3%A9polis%20Cinemas%20-%20Oasis%20Mall%20Salalah&query_place_id=ChIJu1Gus4ph0T0RBXrJE1myh7Y","5",,,
"Cinépolis Cinemas - Oasis Mall Salalah","https://www.google.com/maps/search/?api=1&query=Cin%C3%A9polis%20Cinemas%20-%20Oasis%20Mall%20Salalah&query_place_id=ChIJu1Gus4ph0T0RBXrJE1myh7Y","4",,,"Good"
"Cinépolis Cinemas - Oasis Mall Salalah","https://www.google.com/maps/search/?api=1&query=Cin%C3%A9polis%20Cinemas%20-%20Oasis%20Mall%20Salalah&query_place_id=ChIJu1Gus4ph0T0RBXrJE1myh7Y","5",,,
"Cinépolis Cinemas - Oasis Mall Salalah","https://www.google.com/maps/search/?api=1&query=Cin%C3%A9polis%20Cinemas%20-%20Oasis%20Mall%20Salalah&query_place_id=ChIJu1Gus4ph0T0RBXrJE1myh7Y","4",,,
"Cinépolis Cinemas - Oasis Mall Salalah","https://www.google.com/maps/search/?api=1&query=Cin%C3%A9polis%20Cinemas%20-%20Oasis%20Mall%20Salalah&query_place_id=ChIJu1Gus4ph0T0RBXrJE1myh7Y","5",,,"Went to view the screening of RRR.
Nice ambience,well managed hall."
"Cinépolis Cinemas - Oasis Mall Salalah","https://www.google.com/maps/search/?api=1&query=Cin%C3%A9polis%20Cinemas%20-%20Oasis%20Mall%20Salalah&query_place_id=ChIJu1Gus4ph0T0RBXrJE1myh7Y","2",,,"Good"
"Cinépolis Cinemas - Oasis Mall Salalah","https://www.google.com/maps/search/?api=1&query=Cin%C3%A9polis%20Cinemas%20-%20Oasis%20Mall%20Salalah&query_place_id=ChIJu1Gus4ph0T0RBXrJE1myh7Y","1",,,"😩😩😩"
"Cinépolis Cinemas - Oasis Mall Salalah","https://www.google.com/maps/search/?api=1&query=Cin%C3%A9polis%20Cinemas%20-%20Oasis%20Mall%20Salalah&query_place_id=ChIJu1Gus4ph0T0RBXrJE1myh7Y","5",,,
"Cinépolis Cinemas - Oasis Mall Salalah","https://www.google.com/maps/search/?api=1&query=Cin%C3%A9polis%20Cinemas%20-%20Oasis%20Mall%20Salalah&query_place_id=ChIJu1Gus4ph0T0RBXrJE1myh7Y","3",,,
"Cinépolis Cinemas - Oasis Mall Salalah","https://www.google.com/maps/search/?api=1&query=Cin%C3%A9polis%20Cinemas%20-%20Oasis%20Mall%20Salalah&query_place_id=ChIJu1Gus4ph0T0RBXrJE1myh7Y","5",,,
"Cinepolis Cinemas","https://www.google.com/maps/search/?api=1&query=Cinepolis%20Cinemas&query_place_id=ChIJw4-SAAVFiz4RrJvH7oizRpg","4",,,"Cinepolis offers a great movie experience. The seats are comfy, the sound is clear, and the screen is perfect. The staff is always friendly and helpful. I normally visit most weekends and always enjoy my time here. However, the food and drinks are too expensive. A small 500ml water costs 500 Baiza, while in supermarkets it's usually just 60 to 70 Baiza."
"Cinepolis Cinemas","https://www.google.com/maps/search/?api=1&query=Cinepolis%20Cinemas&query_place_id=ChIJw4-SAAVFiz4RrJvH7oizRpg","5",,,
"Cinepolis Cinemas","https://www.google.com/maps/search/?api=1&query=Cinepolis%20Cinemas&query_place_id=ChIJw4-SAAVFiz4RrJvH7oizRpg","3",,,
"Cinepolis Cinemas","https://www.google.com/maps/search/?api=1&query=Cinepolis%20Cinemas&query_place_id=ChIJw4-SAAVFiz4RrJvH7oizRpg","5",,,
"Cinepolis Cinemas","https://www.google.com/maps/search/?api=1&query=Cinepolis%20Cinemas&query_place_id=ChIJw4-SAAVFiz4RrJvH7oizRpg","4",,,"Good place for cinemas. And not very crowded"
"Cinepolis Cinemas","https://www.google.com/maps/search/?api=1&query=Cinepolis%20Cinemas&query_place_id=ChIJw4-SAAVFiz4RrJvH7oizRpg","5",,,
"Cinepolis Cinemas","https://www.google.com/maps/search/?api=1&query=Cinepolis%20Cinemas&query_place_id=ChIJw4-SAAVFiz4RrJvH7oizRpg","5",,,
"Cinepolis Cinemas","https://www.google.com/maps/search/?api=1&query=Cinepolis%20Cinemas&query_place_id=ChIJw4-SAAVFiz4RrJvH7oizRpg","4",,,"Good Theatre with great Ambiance in Sohar city. You can roam around in the mall too having some coffee.

But if you are Indian you'll be disappointed with the Sound Experience in the theatre 🎭"
"Cinepolis Cinemas","https://www.google.com/maps/search/?api=1&query=Cinepolis%20Cinemas&query_place_id=ChIJw4-SAAVFiz4RrJvH7oizRpg","5",,,"Review of Cinepolis Theatre in English and Telugu (Oasis Mall, Sohar)

తెలుగులో సినీ పోలీస్ థియేటర్ రివ్యూ (సోహార్, ఓయాసిస్ మాల్)

సోహార్‌లోని ఓయాసిస్ మాల్‌లో ఉన్న సినీ పోలీస్ మూవీ థియేటర్‌ను సందర్శించిన అనుభవం నిజంగా అద్భుతమైనది. ఈ థియేటర్‌లో సినిమా చూసే ప్రతి క్షణం అసాధారణమైన అనుభూతిని అందిస్తుంది. థియేటర్‌లోని సౌండ్ సిస్టమ్ అత్యుత్తమ నాణ్యతతో, సినిమా అనుభవాన్ని మరింత ఆకర్షణీయంగా మార్చింది. స్క్రీన్‌ల నాణ్యత, శుభ్రత, మరియు వాతావరణం అన్నీ అత్యంత ఆకర్షణీయంగా ఉన్నాయి.

ముఖ్యంగా, సిబ్బంది ప్రవర్తన చాలా సహకార ధోరణితో మరియు స్నేహపూర్వకంగా ఉంది, ఇది సందర్శకులకు సౌకర్యవంతమైన అనుభవాన్ని అందిస్తుంది. టికెట్ బుకింగ్ కోసం అందుబాటులో ఉన్న టచ్ స్క్రీన్ మానిటర్‌లు స్వయం సేవను సులభతరం చేస్తాయి, ఇది సమయాన్ని ఆదా చేస్తుంది. ఈ థియేటర్‌లో మొత్తం ఎనిమిది స్క్రీన్‌లు ఉన్నాయి, ఇందులో భారతదేశంలోని వివిధ రీజనల్ భాషల సినిమాలతో పాటు హాలీవుడ్ చిత్రాలు కూడా ప్రదర్శితమవుతాయి, ఇది విభిన్న రుచులను ఆకర్షిస్తుంది.

ఓయాసిస్ మాల్‌లో షాపింగ్ అనుభవం కూడా అద్భుతంగా ఉంది. ఫుట్‌వేర్, దుస్తులు, పుస్తకాలు, కాస్మెటిక్స్, బేకరీ ఐటమ్స్, ఫుడ్ కోర్ట్‌లు ఇలా అన్ని రకాల షాపింగ్ సౌకర్యాలు ఒకే చోట అందుబాటులో ఉన్నాయి. మొత్తంగా, సినీ పోలీస్ థియేటర్ మరియు ఓయాసిస్ మాల్ సందర్శన సినిమా ప్రియులకు మరియు షాపింగ్ ఔత్సాహికులకు ఒక అసాధారణ అనుభవాన్ని అందిస్తుంది.

Visiting the Cinepolis Movie Theatre at Oasis Mall in Sohar was an absolutely delightful experience. The theatre offers a remarkable cinematic experience, with top-notch sound quality and screen visuals that elevate the movie-watching experience to another level. The cleanliness, ambiance, and overall environment are impeccable, creating a welcoming and comfortable atmosphere for visitors.

A standout feature is the exceptional behavior of the staff, who are highly cooperative, friendly, and professional, ensuring a seamless experience. The self-service touch screen monitors for ticket booking are a convenient addition, making the process quick and efficient. With a total of eight screens, the theatre showcases a diverse range of films, including Indian regional language movies and Hollywood blockbusters, catering to a wide audience.

Beyond the theatre, Oasis Mall itself offers a fantastic shopping experience. From footwear and clothing to books, cosmetics, bakery items, and a variety of food options, the mall has it all, making it a one-stop destination for shopping and entertainment. Overall, Cinepolis at Oasis Mall delivers an outstanding experience for moviegoers and shoppers alike."
"Cinepolis Cinemas","https://www.google.com/maps/search/?api=1&query=Cinepolis%20Cinemas&query_place_id=ChIJw4-SAAVFiz4RrJvH7oizRpg","3",,,"عطيتها 3 نجوم لأن المكان هاديء.
الصوت مقبول، والصورة غير نقية، حتى لاحظت إنعكاس البروجكتر على الشاشة"
"Cinepolis Cinemas","https://www.google.com/maps/search/?api=1&query=Cinepolis%20Cinemas&query_place_id=ChIJw4-SAAVFiz4RrJvH7oizRpg","5",,,
"Cinepolis Cinemas","https://www.google.com/maps/search/?api=1&query=Cinepolis%20Cinemas&query_place_id=ChIJw4-SAAVFiz4RrJvH7oizRpg","1",,,
"Cinepolis Cinemas","https://www.google.com/maps/search/?api=1&query=Cinepolis%20Cinemas&query_place_id=ChIJw4-SAAVFiz4RrJvH7oizRpg","4",,,
"Cinepolis Cinemas","https://www.google.com/maps/search/?api=1&query=Cinepolis%20Cinemas&query_place_id=ChIJw4-SAAVFiz4RrJvH7oizRpg","4",,,
"Cinepolis Cinemas","https://www.google.com/maps/search/?api=1&query=Cinepolis%20Cinemas&query_place_id=ChIJw4-SAAVFiz4RrJvH7oizRpg","1",,,
"Cinepolis Cinemas","https://www.google.com/maps/search/?api=1&query=Cinepolis%20Cinemas&query_place_id=ChIJw4-SAAVFiz4RrJvH7oizRpg","4",,,"Good cinema and entertainment"
"Cinepolis Cinemas","https://www.google.com/maps/search/?api=1&query=Cinepolis%20Cinemas&query_place_id=ChIJw4-SAAVFiz4RrJvH7oizRpg","1",,,"اسعارهم غاليه،، وخاصه ايام الويكين 3.200 ريال عماني  للشخص واذا تحجز عن طريق الموقع 4.5دبل"
"Cinepolis Cinemas","https://www.google.com/maps/search/?api=1&query=Cinepolis%20Cinemas&query_place_id=ChIJw4-SAAVFiz4RrJvH7oizRpg","5",,,
"Cinepolis Cinemas","https://www.google.com/maps/search/?api=1&query=Cinepolis%20Cinemas&query_place_id=ChIJw4-SAAVFiz4RrJvH7oizRpg","5",,,
"Cinepolis Cinemas","https://www.google.com/maps/search/?api=1&query=Cinepolis%20Cinemas&query_place_id=ChIJw4-SAAVFiz4RrJvH7oizRpg","5",,,"Good ,not crowded"
"Cinépolis Cinemas - Oasis Mall Salalah","https://www.google.com/maps/search/?api=1&query=Cin%C3%A9polis%20Cinemas%20-%20Oasis%20Mall%20Salalah&query_place_id=ChIJu1Gus4ph0T0RBXrJE1myh7Y","5",,,"جميل يستحق الزيارة"
"Cinépolis Cinemas - Oasis Mall Salalah","https://www.google.com/maps/search/?api=1&query=Cin%C3%A9polis%20Cinemas%20-%20Oasis%20Mall%20Salalah&query_place_id=ChIJu1Gus4ph0T0RBXrJE1myh7Y","5",,,
"Cinépolis Cinemas - Oasis Mall Salalah","https://www.google.com/maps/search/?api=1&query=Cin%C3%A9polis%20Cinemas%20-%20Oasis%20Mall%20Salalah&query_place_id=ChIJu1Gus4ph0T0RBXrJE1myh7Y","5",,,"nice place"
"Cinépolis Cinemas - Oasis Mall Salalah","https://www.google.com/maps/search/?api=1&query=Cin%C3%A9polis%20Cinemas%20-%20Oasis%20Mall%20Salalah&query_place_id=ChIJu1Gus4ph0T0RBXrJE1myh7Y","5",,,
"Cinépolis Cinemas - Oasis Mall Salalah","https://www.google.com/maps/search/?api=1&query=Cin%C3%A9polis%20Cinemas%20-%20Oasis%20Mall%20Salalah&query_place_id=ChIJu1Gus4ph0T0RBXrJE1myh7Y","5",,,
"Cinépolis Cinemas - Oasis Mall Salalah","https://www.google.com/maps/search/?api=1&query=Cin%C3%A9polis%20Cinemas%20-%20Oasis%20Mall%20Salalah&query_place_id=ChIJu1Gus4ph0T0RBXrJE1myh7Y","4",,,
"Cinépolis Cinemas - Oasis Mall Salalah","https://www.google.com/maps/search/?api=1&query=Cin%C3%A9polis%20Cinemas%20-%20Oasis%20Mall%20Salalah&query_place_id=ChIJu1Gus4ph0T0RBXrJE1myh7Y","4",,,
"Cinépolis Cinemas - Oasis Mall Salalah","https://www.google.com/maps/search/?api=1&query=Cin%C3%A9polis%20Cinemas%20-%20Oasis%20Mall%20Salalah&query_place_id=ChIJu1Gus4ph0T0RBXrJE1myh7Y","5",,,"Very nice"
"Cinépolis Cinemas - Oasis Mall Salalah","https://www.google.com/maps/search/?api=1&query=Cin%C3%A9polis%20Cinemas%20-%20Oasis%20Mall%20Salalah&query_place_id=ChIJu1Gus4ph0T0RBXrJE1myh7Y","5",,,
"Cinépolis Cinemas - Oasis Mall Salalah","https://www.google.com/maps/search/?api=1&query=Cin%C3%A9polis%20Cinemas%20-%20Oasis%20Mall%20Salalah&query_place_id=ChIJu1Gus4ph0T0RBXrJE1myh7Y","3",,,"good show...its give you another option in the city 💗"
"Cinépolis Cinemas - Oasis Mall Salalah","https://www.google.com/maps/search/?api=1&query=Cin%C3%A9polis%20Cinemas%20-%20Oasis%20Mall%20Salalah&query_place_id=ChIJu1Gus4ph0T0RBXrJE1myh7Y","5",,,
"Cinépolis Cinemas - Oasis Mall Salalah","https://www.google.com/maps/search/?api=1&query=Cin%C3%A9polis%20Cinemas%20-%20Oasis%20Mall%20Salalah&query_place_id=ChIJu1Gus4ph0T0RBXrJE1myh7Y","5",,,"Nice to join with loves one"
"Cinépolis Cinemas - Oasis Mall Salalah","https://www.google.com/maps/search/?api=1&query=Cin%C3%A9polis%20Cinemas%20-%20Oasis%20Mall%20Salalah&query_place_id=ChIJu1Gus4ph0T0RBXrJE1myh7Y","1",,,"Very bad sound quality, bad food outside"
"Cinépolis Cinemas - Oasis Mall Salalah","https://www.google.com/maps/search/?api=1&query=Cin%C3%A9polis%20Cinemas%20-%20Oasis%20Mall%20Salalah&query_place_id=ChIJu1Gus4ph0T0RBXrJE1myh7Y","4",,,
"Cinépolis Cinemas - Oasis Mall Salalah","https://www.google.com/maps/search/?api=1&query=Cin%C3%A9polis%20Cinemas%20-%20Oasis%20Mall%20Salalah&query_place_id=ChIJu1Gus4ph0T0RBXrJE1myh7Y","4",,,"Best discounts for cinemas in salalah"
"Cinépolis Cinemas - Oasis Mall Salalah","https://www.google.com/maps/search/?api=1&query=Cin%C3%A9polis%20Cinemas%20-%20Oasis%20Mall%20Salalah&query_place_id=ChIJu1Gus4ph0T0RBXrJE1myh7Y","1",,,"سعر المياه والأشياء مرتفع جدآ😒"
"Cinépolis Cinemas - Oasis Mall Salalah","https://www.google.com/maps/search/?api=1&query=Cin%C3%A9polis%20Cinemas%20-%20Oasis%20Mall%20Salalah&query_place_id=ChIJu1Gus4ph0T0RBXrJE1myh7Y","5",,,"Best place ever"
"Cinépolis Cinemas - Oasis Mall Salalah","https://www.google.com/maps/search/?api=1&query=Cin%C3%A9polis%20Cinemas%20-%20Oasis%20Mall%20Salalah&query_place_id=ChIJu1Gus4ph0T0RBXrJE1myh7Y","5",,,
"Cinépolis Cinemas - Oasis Mall Salalah","https://www.google.com/maps/search/?api=1&query=Cin%C3%A9polis%20Cinemas%20-%20Oasis%20Mall%20Salalah&query_place_id=ChIJu1Gus4ph0T0RBXrJE1myh7Y","4",,,
"Cinépolis Cinemas - Oasis Mall Salalah","https://www.google.com/maps/search/?api=1&query=Cin%C3%A9polis%20Cinemas%20-%20Oasis%20Mall%20Salalah&query_place_id=ChIJu1Gus4ph0T0RBXrJE1myh7Y","5",,,
"Cinépolis Cinemas - Oman Avenues Mall سينما سينابولس - مسقط أفينيوز مول","https://www.google.com/maps/search/?api=1&query=Cin%C3%A9polis%20Cinemas%20-%20Oman%20Avenues%20Mall%20%D8%B3%D9%8A%D9%86%D9%85%D8%A7%20%D8%B3%D9%8A%D9%86%D8%A7%D8%A8%D9%88%D9%84%D8%B3%20-%20%D9%85%D8%B3%D9%82%D8%B7%20%D8%A3%D9%81%D9%8A%D9%86%D9%8A%D9%88%D8%B2%20%D9%85%D9%88%D9%84&query_place_id=ChIJJQi8_2X_kT4R_wLK-5zn2ss","5",,,
"Cinépolis Cinemas - Oman Avenues Mall سينما سينابولس - مسقط أفينيوز مول","https://www.google.com/maps/search/?api=1&query=Cin%C3%A9polis%20Cinemas%20-%20Oman%20Avenues%20Mall%20%D8%B3%D9%8A%D9%86%D9%85%D8%A7%20%D8%B3%D9%8A%D9%86%D8%A7%D8%A8%D9%88%D9%84%D8%B3%20-%20%D9%85%D8%B3%D9%82%D8%B7%20%D8%A3%D9%81%D9%8A%D9%86%D9%8A%D9%88%D8%B2%20%D9%85%D9%88%D9%84&query_place_id=ChIJJQi8_2X_kT4R_wLK-5zn2ss","5",,,
"Cinépolis Cinemas - Oman Avenues Mall سينما سينابولس - مسقط أفينيوز مول","https://www.google.com/maps/search/?api=1&query=Cin%C3%A9polis%20Cinemas%20-%20Oman%20Avenues%20Mall%20%D8%B3%D9%8A%D9%86%D9%85%D8%A7%20%D8%B3%D9%8A%D9%86%D8%A7%D8%A8%D9%88%D9%84%D8%B3%20-%20%D9%85%D8%B3%D9%82%D8%B7%20%D8%A3%D9%81%D9%8A%D9%86%D9%8A%D9%88%D8%B2%20%D9%85%D9%88%D9%84&query_place_id=ChIJJQi8_2X_kT4R_wLK-5zn2ss","5",,,
"Cinépolis Cinemas - Oman Avenues Mall سينما سينابولس - مسقط أفينيوز مول","https://www.google.com/maps/search/?api=1&query=Cin%C3%A9polis%20Cinemas%20-%20Oman%20Avenues%20Mall%20%D8%B3%D9%8A%D9%86%D9%85%D8%A7%20%D8%B3%D9%8A%D9%86%D8%A7%D8%A8%D9%88%D9%84%D8%B3%20-%20%D9%85%D8%B3%D9%82%D8%B7%20%D8%A3%D9%81%D9%8A%D9%86%D9%8A%D9%88%D8%B2%20%D9%85%D9%88%D9%84&query_place_id=ChIJJQi8_2X_kT4R_wLK-5zn2ss","5",,,
"Cinépolis Cinemas - Oman Avenues Mall سينما سينابولس - مسقط أفينيوز مول","https://www.google.com/maps/search/?api=1&query=Cin%C3%A9polis%20Cinemas%20-%20Oman%20Avenues%20Mall%20%D8%B3%D9%8A%D9%86%D9%85%D8%A7%20%D8%B3%D9%8A%D9%86%D8%A7%D8%A8%D9%88%D9%84%D8%B3%20-%20%D9%85%D8%B3%D9%82%D8%B7%20%D8%A3%D9%81%D9%8A%D9%86%D9%8A%D9%88%D8%B2%20%D9%85%D9%88%D9%84&query_place_id=ChIJJQi8_2X_kT4R_wLK-5zn2ss","5",,,
"Cinépolis Cinemas - Oman Avenues Mall سينما سينابولس - مسقط أفينيوز مول","https://www.google.com/maps/search/?api=1&query=Cin%C3%A9polis%20Cinemas%20-%20Oman%20Avenues%20Mall%20%D8%B3%D9%8A%D9%86%D9%85%D8%A7%20%D8%B3%D9%8A%D9%86%D8%A7%D8%A8%D9%88%D9%84%D8%B3%20-%20%D9%85%D8%B3%D9%82%D8%B7%20%D8%A3%D9%81%D9%8A%D9%86%D9%8A%D9%88%D8%B2%20%D9%85%D9%88%D9%84&query_place_id=ChIJJQi8_2X_kT4R_wLK-5zn2ss","5",,,"Perfect , and they are one guy they work in reception his name saud very kindly men"
"Cinépolis Cinemas - Oman Avenues Mall سينما سينابولس - مسقط أفينيوز مول","https://www.google.com/maps/search/?api=1&query=Cin%C3%A9polis%20Cinemas%20-%20Oman%20Avenues%20Mall%20%D8%B3%D9%8A%D9%86%D9%85%D8%A7%20%D8%B3%D9%8A%D9%86%D8%A7%D8%A8%D9%88%D9%84%D8%B3%20-%20%D9%85%D8%B3%D9%82%D8%B7%20%D8%A3%D9%81%D9%8A%D9%86%D9%8A%D9%88%D8%B2%20%D9%85%D9%88%D9%84&query_place_id=ChIJJQi8_2X_kT4R_wLK-5zn2ss","5",,,
"Cinépolis Cinemas - Oman Avenues Mall سينما سينابولس - مسقط أفينيوز مول","https://www.google.com/maps/search/?api=1&query=Cin%C3%A9polis%20Cinemas%20-%20Oman%20Avenues%20Mall%20%D8%B3%D9%8A%D9%86%D9%85%D8%A7%20%D8%B3%D9%8A%D9%86%D8%A7%D8%A8%D9%88%D9%84%D8%B3%20-%20%D9%85%D8%B3%D9%82%D8%B7%20%D8%A3%D9%81%D9%8A%D9%86%D9%8A%D9%88%D8%B2%20%D9%85%D9%88%D9%84&query_place_id=ChIJJQi8_2X_kT4R_wLK-5zn2ss","2",,,
"Cinépolis Cinemas - Oman Avenues Mall سينما سينابولس - مسقط أفينيوز مول","https://www.google.com/maps/search/?api=1&query=Cin%C3%A9polis%20Cinemas%20-%20Oman%20Avenues%20Mall%20%D8%B3%D9%8A%D9%86%D9%85%D8%A7%20%D8%B3%D9%8A%D9%86%D8%A7%D8%A8%D9%88%D9%84%D8%B3%20-%20%D9%85%D8%B3%D9%82%D8%B7%20%D8%A3%D9%81%D9%8A%D9%86%D9%8A%D9%88%D8%B2%20%D9%85%D9%88%D9%84&query_place_id=ChIJJQi8_2X_kT4R_wLK-5zn2ss","1",,,"The worst cinema app I’ve experienced. So laggy and heavy, doesn’t give you confirmation of booking unless an email maybe or not comes to you 20 mins later. Every single time there’s an issue either with the food or the AC or the 4D emotion where there is no emotion neither 4D. Shocking such customer experience coming from such a a chain"
"Cinépolis Cinemas - Oman Avenues Mall سينما سينابولس - مسقط أفينيوز مول","https://www.google.com/maps/search/?api=1&query=Cin%C3%A9polis%20Cinemas%20-%20Oman%20Avenues%20Mall%20%D8%B3%D9%8A%D9%86%D9%85%D8%A7%20%D8%B3%D9%8A%D9%86%D8%A7%D8%A8%D9%88%D9%84%D8%B3%20-%20%D9%85%D8%B3%D9%82%D8%B7%20%D8%A3%D9%81%D9%8A%D9%86%D9%8A%D9%88%D8%B2%20%D9%85%D9%88%D9%84&query_place_id=ChIJJQi8_2X_kT4R_wLK-5zn2ss","4",,,"Experience the cinema at luxury"
"Cinépolis Cinemas - Oman Avenues Mall سينما سينابولس - مسقط أفينيوز مول","https://www.google.com/maps/search/?api=1&query=Cin%C3%A9polis%20Cinemas%20-%20Oman%20Avenues%20Mall%20%D8%B3%D9%8A%D9%86%D9%85%D8%A7%20%D8%B3%D9%8A%D9%86%D8%A7%D8%A8%D9%88%D9%84%D8%B3%20-%20%D9%85%D8%B3%D9%82%D8%B7%20%D8%A3%D9%81%D9%8A%D9%86%D9%8A%D9%88%D8%B2%20%D9%85%D9%88%D9%84&query_place_id=ChIJJQi8_2X_kT4R_wLK-5zn2ss","4",,,
"Cinépolis Cinemas - Oman Avenues Mall سينما سينابولس - مسقط أفينيوز مول","https://www.google.com/maps/search/?api=1&query=Cin%C3%A9polis%20Cinemas%20-%20Oman%20Avenues%20Mall%20%D8%B3%D9%8A%D9%86%D9%85%D8%A7%20%D8%B3%D9%8A%D9%86%D8%A7%D8%A8%D9%88%D9%84%D8%B3%20-%20%D9%85%D8%B3%D9%82%D8%B7%20%D8%A3%D9%81%D9%8A%D9%86%D9%8A%D9%88%D8%B2%20%D9%85%D9%88%D9%84&query_place_id=ChIJJQi8_2X_kT4R_wLK-5zn2ss","5",,,
"Cinépolis Cinemas - Oman Avenues Mall سينما سينابولس - مسقط أفينيوز مول","https://www.google.com/maps/search/?api=1&query=Cin%C3%A9polis%20Cinemas%20-%20Oman%20Avenues%20Mall%20%D8%B3%D9%8A%D9%86%D9%85%D8%A7%20%D8%B3%D9%8A%D9%86%D8%A7%D8%A8%D9%88%D9%84%D8%B3%20-%20%D9%85%D8%B3%D9%82%D8%B7%20%D8%A3%D9%81%D9%8A%D9%86%D9%8A%D9%88%D8%B2%20%D9%85%D9%88%D9%84&query_place_id=ChIJJQi8_2X_kT4R_wLK-5zn2ss","5",,,"شكراً سنبوليس على الخدمه 💙💙."
"Cinépolis Cinemas - Oman Avenues Mall سينما سينابولس - مسقط أفينيوز مول","https://www.google.com/maps/search/?api=1&query=Cin%C3%A9polis%20Cinemas%20-%20Oman%20Avenues%20Mall%20%D8%B3%D9%8A%D9%86%D9%85%D8%A7%20%D8%B3%D9%8A%D9%86%D8%A7%D8%A8%D9%88%D9%84%D8%B3%20-%20%D9%85%D8%B3%D9%82%D8%B7%20%D8%A3%D9%81%D9%8A%D9%86%D9%8A%D9%88%D8%B2%20%D9%85%D9%88%D9%84&query_place_id=ChIJJQi8_2X_kT4R_wLK-5zn2ss","5",,,"Great service"
"Cinépolis Cinemas - Oman Avenues Mall سينما سينابولس - مسقط أفينيوز مول","https://www.google.com/maps/search/?api=1&query=Cin%C3%A9polis%20Cinemas%20-%20Oman%20Avenues%20Mall%20%D8%B3%D9%8A%D9%86%D9%85%D8%A7%20%D8%B3%D9%8A%D9%86%D8%A7%D8%A8%D9%88%D9%84%D8%B3%20-%20%D9%85%D8%B3%D9%82%D8%B7%20%D8%A3%D9%81%D9%8A%D9%86%D9%8A%D9%88%D8%B2%20%D9%85%D9%88%D9%84&query_place_id=ChIJJQi8_2X_kT4R_wLK-5zn2ss","5",,,
"Cinépolis Cinemas - Oman Avenues Mall سينما سينابولس - مسقط أفينيوز مول","https://www.google.com/maps/search/?api=1&query=Cin%C3%A9polis%20Cinemas%20-%20Oman%20Avenues%20Mall%20%D8%B3%D9%8A%D9%86%D9%85%D8%A7%20%D8%B3%D9%8A%D9%86%D8%A7%D8%A8%D9%88%D9%84%D8%B3%20-%20%D9%85%D8%B3%D9%82%D8%B7%20%D8%A3%D9%81%D9%8A%D9%86%D9%8A%D9%88%D8%B2%20%D9%85%D9%88%D9%84&query_place_id=ChIJJQi8_2X_kT4R_wLK-5zn2ss","5",,,
"Cinépolis Cinemas - Oman Avenues Mall سينما سينابولس - مسقط أفينيوز مول","https://www.google.com/maps/search/?api=1&query=Cin%C3%A9polis%20Cinemas%20-%20Oman%20Avenues%20Mall%20%D8%B3%D9%8A%D9%86%D9%85%D8%A7%20%D8%B3%D9%8A%D9%86%D8%A7%D8%A8%D9%88%D9%84%D8%B3%20-%20%D9%85%D8%B3%D9%82%D8%B7%20%D8%A3%D9%81%D9%8A%D9%86%D9%8A%D9%88%D8%B2%20%D9%85%D9%88%D9%84&query_place_id=ChIJJQi8_2X_kT4R_wLK-5zn2ss","5",,,
"Cinépolis Cinemas - Oman Avenues Mall سينما سينابولس - مسقط أفينيوز مول","https://www.google.com/maps/search/?api=1&query=Cin%C3%A9polis%20Cinemas%20-%20Oman%20Avenues%20Mall%20%D8%B3%D9%8A%D9%86%D9%85%D8%A7%20%D8%B3%D9%8A%D9%86%D8%A7%D8%A8%D9%88%D9%84%D8%B3%20-%20%D9%85%D8%B3%D9%82%D8%B7%20%D8%A3%D9%81%D9%8A%D9%86%D9%8A%D9%88%D8%B2%20%D9%85%D9%88%D9%84&query_place_id=ChIJJQi8_2X_kT4R_wLK-5zn2ss","5",,,"خدمة عملاء ممتازة"
"Cinépolis Cinemas - Oman Avenues Mall سينما سينابولس - مسقط أفينيوز مول","https://www.google.com/maps/search/?api=1&query=Cin%C3%A9polis%20Cinemas%20-%20Oman%20Avenues%20Mall%20%D8%B3%D9%8A%D9%86%D9%85%D8%A7%20%D8%B3%D9%8A%D9%86%D8%A7%D8%A8%D9%88%D9%84%D8%B3%20-%20%D9%85%D8%B3%D9%82%D8%B7%20%D8%A3%D9%81%D9%8A%D9%86%D9%8A%D9%88%D8%B2%20%D9%85%D9%88%D9%84&query_place_id=ChIJJQi8_2X_kT4R_wLK-5zn2ss","5",,,
"Cinépolis Cinemas - Oman Avenues Mall سينما سينابولس - مسقط أفينيوز مول","https://www.google.com/maps/search/?api=1&query=Cin%C3%A9polis%20Cinemas%20-%20Oman%20Avenues%20Mall%20%D8%B3%D9%8A%D9%86%D9%85%D8%A7%20%D8%B3%D9%8A%D9%86%D8%A7%D8%A8%D9%88%D9%84%D8%B3%20-%20%D9%85%D8%B3%D9%82%D8%B7%20%D8%A3%D9%81%D9%8A%D9%86%D9%8A%D9%88%D8%B2%20%D9%85%D9%88%D9%84&query_place_id=ChIJJQi8_2X_kT4R_wLK-5zn2ss","5",,,
"Cinépolis Cinemas - Oasis Mall Salalah","https://www.google.com/maps/search/?api=1&query=Cin%C3%A9polis%20Cinemas%20-%20Oasis%20Mall%20Salalah&query_place_id=ChIJu1Gus4ph0T0RBXrJE1myh7Y","4",,,"👍🏽"
"Cinépolis Cinemas - Oasis Mall Salalah","https://www.google.com/maps/search/?api=1&query=Cin%C3%A9polis%20Cinemas%20-%20Oasis%20Mall%20Salalah&query_place_id=ChIJu1Gus4ph0T0RBXrJE1myh7Y","5",,,
"Cinépolis Cinemas - Oasis Mall Salalah","https://www.google.com/maps/search/?api=1&query=Cin%C3%A9polis%20Cinemas%20-%20Oasis%20Mall%20Salalah&query_place_id=ChIJu1Gus4ph0T0RBXrJE1myh7Y","1",,,"ذهبت  الساعه ٥ وكان مغلق"
"Cinépolis Cinemas - Oasis Mall Salalah","https://www.google.com/maps/search/?api=1&query=Cin%C3%A9polis%20Cinemas%20-%20Oasis%20Mall%20Salalah&query_place_id=ChIJu1Gus4ph0T0RBXrJE1myh7Y","1",,,
"Cinépolis Cinemas - Oasis Mall Salalah","https://www.google.com/maps/search/?api=1&query=Cin%C3%A9polis%20Cinemas%20-%20Oasis%20Mall%20Salalah&query_place_id=ChIJu1Gus4ph0T0RBXrJE1myh7Y","5",,,
"Cinépolis Cinemas - Oasis Mall Salalah","https://www.google.com/maps/search/?api=1&query=Cin%C3%A9polis%20Cinemas%20-%20Oasis%20Mall%20Salalah&query_place_id=ChIJu1Gus4ph0T0RBXrJE1myh7Y","5",,,"Superb experience .nice ambience. Acoustics at the most advanced level..good sound clarity nice seating position . overall a good experience .enjoyed better . looking forward to go for good movies to watch .easy to access near salalah new industrial area faced toward the highway road"
"Cinépolis Cinemas - Oasis Mall Salalah","https://www.google.com/maps/search/?api=1&query=Cin%C3%A9polis%20Cinemas%20-%20Oasis%20Mall%20Salalah&query_place_id=ChIJu1Gus4ph0T0RBXrJE1myh7Y","5",,,"Poli...."
"Cinépolis Cinemas - Oasis Mall Salalah","https://www.google.com/maps/search/?api=1&query=Cin%C3%A9polis%20Cinemas%20-%20Oasis%20Mall%20Salalah&query_place_id=ChIJu1Gus4ph0T0RBXrJE1myh7Y","4",,,
"Cinépolis Cinemas - Oasis Mall Salalah","https://www.google.com/maps/search/?api=1&query=Cin%C3%A9polis%20Cinemas%20-%20Oasis%20Mall%20Salalah&query_place_id=ChIJu1Gus4ph0T0RBXrJE1myh7Y","5",,,
"Cinépolis Cinemas - Oasis Mall Salalah","https://www.google.com/maps/search/?api=1&query=Cin%C3%A9polis%20Cinemas%20-%20Oasis%20Mall%20Salalah&query_place_id=ChIJu1Gus4ph0T0RBXrJE1myh7Y","5",,,
"Cinépolis Cinemas - Oasis Mall Salalah","https://www.google.com/maps/search/?api=1&query=Cin%C3%A9polis%20Cinemas%20-%20Oasis%20Mall%20Salalah&query_place_id=ChIJu1Gus4ph0T0RBXrJE1myh7Y","5",,,
"Cinépolis Cinemas - Oasis Mall Salalah","https://www.google.com/maps/search/?api=1&query=Cin%C3%A9polis%20Cinemas%20-%20Oasis%20Mall%20Salalah&query_place_id=ChIJu1Gus4ph0T0RBXrJE1myh7Y","1",,,
"Cinépolis Cinemas - Oasis Mall Salalah","https://www.google.com/maps/search/?api=1&query=Cin%C3%A9polis%20Cinemas%20-%20Oasis%20Mall%20Salalah&query_place_id=ChIJu1Gus4ph0T0RBXrJE1myh7Y","4",,,
"Cinépolis Cinemas - Oasis Mall Salalah","https://www.google.com/maps/search/?api=1&query=Cin%C3%A9polis%20Cinemas%20-%20Oasis%20Mall%20Salalah&query_place_id=ChIJu1Gus4ph0T0RBXrJE1myh7Y","5",,,
"Cinépolis Cinemas - Oasis Mall Salalah","https://www.google.com/maps/search/?api=1&query=Cin%C3%A9polis%20Cinemas%20-%20Oasis%20Mall%20Salalah&query_place_id=ChIJu1Gus4ph0T0RBXrJE1myh7Y","4",,,
"Cinépolis Cinemas - Oasis Mall Salalah","https://www.google.com/maps/search/?api=1&query=Cin%C3%A9polis%20Cinemas%20-%20Oasis%20Mall%20Salalah&query_place_id=ChIJu1Gus4ph0T0RBXrJE1myh7Y","5",,,
"Cinépolis Cinemas - Oasis Mall Salalah","https://www.google.com/maps/search/?api=1&query=Cin%C3%A9polis%20Cinemas%20-%20Oasis%20Mall%20Salalah&query_place_id=ChIJu1Gus4ph0T0RBXrJE1myh7Y","5",,,"Great place to watch movies, A ticket machine was in a windows desktop"
"Cinépolis Cinemas - Oasis Mall Salalah","https://www.google.com/maps/search/?api=1&query=Cin%C3%A9polis%20Cinemas%20-%20Oasis%20Mall%20Salalah&query_place_id=ChIJu1Gus4ph0T0RBXrJE1myh7Y","5",,,
"Cinépolis Cinemas - Oasis Mall Salalah","https://www.google.com/maps/search/?api=1&query=Cin%C3%A9polis%20Cinemas%20-%20Oasis%20Mall%20Salalah&query_place_id=ChIJu1Gus4ph0T0RBXrJE1myh7Y","5",,,
"Cinépolis Cinemas - Oasis Mall Salalah","https://www.google.com/maps/search/?api=1&query=Cin%C3%A9polis%20Cinemas%20-%20Oasis%20Mall%20Salalah&query_place_id=ChIJu1Gus4ph0T0RBXrJE1myh7Y","4",,,"Good Theatre"
"Cinepolis Cinemas","https://www.google.com/maps/search/?api=1&query=Cinepolis%20Cinemas&query_place_id=ChIJw4-SAAVFiz4RrJvH7oizRpg","5",,,
"Cinepolis Cinemas","https://www.google.com/maps/search/?api=1&query=Cinepolis%20Cinemas&query_place_id=ChIJw4-SAAVFiz4RrJvH7oizRpg","5",,,
"Cinepolis Cinemas","https://www.google.com/maps/search/?api=1&query=Cinepolis%20Cinemas&query_place_id=ChIJw4-SAAVFiz4RrJvH7oizRpg","1",,,
"Cinepolis Cinemas","https://www.google.com/maps/search/?api=1&query=Cinepolis%20Cinemas&query_place_id=ChIJw4-SAAVFiz4RrJvH7oizRpg","4",,,
"Cinepolis Cinemas","https://www.google.com/maps/search/?api=1&query=Cinepolis%20Cinemas&query_place_id=ChIJw4-SAAVFiz4RrJvH7oizRpg","5",,,
"Cinepolis Cinemas","https://www.google.com/maps/search/?api=1&query=Cinepolis%20Cinemas&query_place_id=ChIJw4-SAAVFiz4RrJvH7oizRpg","5",,,
"Cinepolis Cinemas","https://www.google.com/maps/search/?api=1&query=Cinepolis%20Cinemas&query_place_id=ChIJw4-SAAVFiz4RrJvH7oizRpg","5",,,
"Cinepolis Cinemas","https://www.google.com/maps/search/?api=1&query=Cinepolis%20Cinemas&query_place_id=ChIJw4-SAAVFiz4RrJvH7oizRpg","4",,,"مكان جميل وممتع"
"Cinepolis Cinemas","https://www.google.com/maps/search/?api=1&query=Cinepolis%20Cinemas&query_place_id=ChIJw4-SAAVFiz4RrJvH7oizRpg","4",,,"جيد جدا"
"Cinepolis Cinemas","https://www.google.com/maps/search/?api=1&query=Cinepolis%20Cinemas&query_place_id=ChIJw4-SAAVFiz4RrJvH7oizRpg","5",,,"Good location good sound for theatre"
"Cinepolis Cinemas","https://www.google.com/maps/search/?api=1&query=Cinepolis%20Cinemas&query_place_id=ChIJw4-SAAVFiz4RrJvH7oizRpg","5",,,"تعامل مميز والموظف متميز"
"Cinepolis Cinemas","https://www.google.com/maps/search/?api=1&query=Cinepolis%20Cinemas&query_place_id=ChIJw4-SAAVFiz4RrJvH7oizRpg","5",,,"Cinépolis Sohar offers a clean, modern cinema experience with comfortable seating and great sound quality. The Junior Theatre is perfect for kids, and the food options are varied and tasty. A bit pricey, but worth it for a premium movie night."
"Cinepolis Cinemas","https://www.google.com/maps/search/?api=1&query=Cinepolis%20Cinemas&query_place_id=ChIJw4-SAAVFiz4RrJvH7oizRpg","5",,,"ممتاز"
"Cinepolis Cinemas","https://www.google.com/maps/search/?api=1&query=Cinepolis%20Cinemas&query_place_id=ChIJw4-SAAVFiz4RrJvH7oizRpg","4",,,"Really Enjoyed a Movie"
"Cinepolis Cinemas","https://www.google.com/maps/search/?api=1&query=Cinepolis%20Cinemas&query_place_id=ChIJw4-SAAVFiz4RrJvH7oizRpg","5",,,
"Cinepolis Cinemas","https://www.google.com/maps/search/?api=1&query=Cinepolis%20Cinemas&query_place_id=ChIJw4-SAAVFiz4RrJvH7oizRpg","5",,,
"Cinepolis Cinemas","https://www.google.com/maps/search/?api=1&query=Cinepolis%20Cinemas&query_place_id=ChIJw4-SAAVFiz4RrJvH7oizRpg","5",,,
"Cinepolis Cinemas","https://www.google.com/maps/search/?api=1&query=Cinepolis%20Cinemas&query_place_id=ChIJw4-SAAVFiz4RrJvH7oizRpg","5",,,
"Cinepolis Cinemas","https://www.google.com/maps/search/?api=1&query=Cinepolis%20Cinemas&query_place_id=ChIJw4-SAAVFiz4RrJvH7oizRpg","1",,,
"Cinepolis Cinemas","https://www.google.com/maps/search/?api=1&query=Cinepolis%20Cinemas&query_place_id=ChIJw4-SAAVFiz4RrJvH7oizRpg","5",,,
"Cinépolis Cinemas - Oasis Mall Salalah","https://www.google.com/maps/search/?api=1&query=Cin%C3%A9polis%20Cinemas%20-%20Oasis%20Mall%20Salalah&query_place_id=ChIJu1Gus4ph0T0RBXrJE1myh7Y","5",,,
"Cinépolis Cinemas - Oasis Mall Salalah","https://www.google.com/maps/search/?api=1&query=Cin%C3%A9polis%20Cinemas%20-%20Oasis%20Mall%20Salalah&query_place_id=ChIJu1Gus4ph0T0RBXrJE1myh7Y","5",,,"Amazing Cinema.. if you are a cinema lover and you fine your self in Salalah then there is no other place to catch fun than Cinépolis Oasis mall Salalah. 8 screens multiplex with a specialised junior auditorium for your kids. And a bonus the staffs and very kind and friendly"
"Cinépolis Cinemas - Oasis Mall Salalah","https://www.google.com/maps/search/?api=1&query=Cin%C3%A9polis%20Cinemas%20-%20Oasis%20Mall%20Salalah&query_place_id=ChIJu1Gus4ph0T0RBXrJE1myh7Y","5",,,
"Cinépolis Cinemas - Oasis Mall Salalah","https://www.google.com/maps/search/?api=1&query=Cin%C3%A9polis%20Cinemas%20-%20Oasis%20Mall%20Salalah&query_place_id=ChIJu1Gus4ph0T0RBXrJE1myh7Y","5",,,
"Cinépolis Cinemas - Oasis Mall Salalah","https://www.google.com/maps/search/?api=1&query=Cin%C3%A9polis%20Cinemas%20-%20Oasis%20Mall%20Salalah&query_place_id=ChIJu1Gus4ph0T0RBXrJE1myh7Y","5",,,
"Cinépolis Cinemas - Oasis Mall Salalah","https://www.google.com/maps/search/?api=1&query=Cin%C3%A9polis%20Cinemas%20-%20Oasis%20Mall%20Salalah&query_place_id=ChIJu1Gus4ph0T0RBXrJE1myh7Y","5",,,"Good"
"Cinépolis Cinemas - Oasis Mall Salalah","https://www.google.com/maps/search/?api=1&query=Cin%C3%A9polis%20Cinemas%20-%20Oasis%20Mall%20Salalah&query_place_id=ChIJu1Gus4ph0T0RBXrJE1myh7Y","5",,,
"Cinépolis Cinemas - Oasis Mall Salalah","https://www.google.com/maps/search/?api=1&query=Cin%C3%A9polis%20Cinemas%20-%20Oasis%20Mall%20Salalah&query_place_id=ChIJu1Gus4ph0T0RBXrJE1myh7Y","5",,,
"Cinépolis Cinemas - Oasis Mall Salalah","https://www.google.com/maps/search/?api=1&query=Cin%C3%A9polis%20Cinemas%20-%20Oasis%20Mall%20Salalah&query_place_id=ChIJu1Gus4ph0T0RBXrJE1myh7Y","5",,,
"Cinépolis Cinemas - Oasis Mall Salalah","https://www.google.com/maps/search/?api=1&query=Cin%C3%A9polis%20Cinemas%20-%20Oasis%20Mall%20Salalah&query_place_id=ChIJu1Gus4ph0T0RBXrJE1myh7Y","3",,,
"Cinépolis Cinemas - Oasis Mall Salalah","https://www.google.com/maps/search/?api=1&query=Cin%C3%A9polis%20Cinemas%20-%20Oasis%20Mall%20Salalah&query_place_id=ChIJu1Gus4ph0T0RBXrJE1myh7Y","5",,,
"Cinépolis Cinemas - Oasis Mall Salalah","https://www.google.com/maps/search/?api=1&query=Cin%C3%A9polis%20Cinemas%20-%20Oasis%20Mall%20Salalah&query_place_id=ChIJu1Gus4ph0T0RBXrJE1myh7Y","5",,,
"Cinépolis Cinemas - Oasis Mall Salalah","https://www.google.com/maps/search/?api=1&query=Cin%C3%A9polis%20Cinemas%20-%20Oasis%20Mall%20Salalah&query_place_id=ChIJu1Gus4ph0T0RBXrJE1myh7Y","5",,,"Nice cinema experience. Newly opened."
"Cinépolis Cinemas - Oasis Mall Salalah","https://www.google.com/maps/search/?api=1&query=Cin%C3%A9polis%20Cinemas%20-%20Oasis%20Mall%20Salalah&query_place_id=ChIJu1Gus4ph0T0RBXrJE1myh7Y","4",,,"Gud movie experience in salalah location."
"Cinépolis Cinemas - Oasis Mall Salalah","https://www.google.com/maps/search/?api=1&query=Cin%C3%A9polis%20Cinemas%20-%20Oasis%20Mall%20Salalah&query_place_id=ChIJu1Gus4ph0T0RBXrJE1myh7Y","5",,,"Great cinematic experience and cordial staff! 💯 would recommend to people!"
"Cinépolis Cinemas - Oasis Mall Salalah","https://www.google.com/maps/search/?api=1&query=Cin%C3%A9polis%20Cinemas%20-%20Oasis%20Mall%20Salalah&query_place_id=ChIJu1Gus4ph0T0RBXrJE1myh7Y","5",,,"Nice mall for time pass"
"Cinépolis Cinemas - Oasis Mall Salalah","https://www.google.com/maps/search/?api=1&query=Cin%C3%A9polis%20Cinemas%20-%20Oasis%20Mall%20Salalah&query_place_id=ChIJu1Gus4ph0T0RBXrJE1myh7Y","5",,,
"Cinépolis Cinemas - Oasis Mall Salalah","https://www.google.com/maps/search/?api=1&query=Cin%C3%A9polis%20Cinemas%20-%20Oasis%20Mall%20Salalah&query_place_id=ChIJu1Gus4ph0T0RBXrJE1myh7Y","5",,,"Excellent 👌"
"Cinépolis Cinemas - Oasis Mall Salalah","https://www.google.com/maps/search/?api=1&query=Cin%C3%A9polis%20Cinemas%20-%20Oasis%20Mall%20Salalah&query_place_id=ChIJu1Gus4ph0T0RBXrJE1myh7Y","5",,,
"Cinépolis Cinemas - Oasis Mall Salalah","https://www.google.com/maps/search/?api=1&query=Cin%C3%A9polis%20Cinemas%20-%20Oasis%20Mall%20Salalah&query_place_id=ChIJu1Gus4ph0T0RBXrJE1myh7Y","5",,,
"Cinépolis Cinemas - Oman Avenues Mall سينما سينابولس - مسقط أفينيوز مول","https://www.google.com/maps/search/?api=1&query=Cin%C3%A9polis%20Cinemas%20-%20Oman%20Avenues%20Mall%20%D8%B3%D9%8A%D9%86%D9%85%D8%A7%20%D8%B3%D9%8A%D9%86%D8%A7%D8%A8%D9%88%D9%84%D8%B3%20-%20%D9%85%D8%B3%D9%82%D8%B7%20%D8%A3%D9%81%D9%8A%D9%86%D9%8A%D9%88%D8%B2%20%D9%85%D9%88%D9%84&query_place_id=ChIJJQi8_2X_kT4R_wLK-5zn2ss","4",,,
"Cinépolis Cinemas - Oman Avenues Mall سينما سينابولس - مسقط أفينيوز مول","https://www.google.com/maps/search/?api=1&query=Cin%C3%A9polis%20Cinemas%20-%20Oman%20Avenues%20Mall%20%D8%B3%D9%8A%D9%86%D9%85%D8%A7%20%D8%B3%D9%8A%D9%86%D8%A7%D8%A8%D9%88%D9%84%D8%B3%20-%20%D9%85%D8%B3%D9%82%D8%B7%20%D8%A3%D9%81%D9%8A%D9%86%D9%8A%D9%88%D8%B2%20%D9%85%D9%88%D9%84&query_place_id=ChIJJQi8_2X_kT4R_wLK-5zn2ss","4",,,"Great"
"Cinépolis Cinemas - Oman Avenues Mall سينما سينابولس - مسقط أفينيوز مول","https://www.google.com/maps/search/?api=1&query=Cin%C3%A9polis%20Cinemas%20-%20Oman%20Avenues%20Mall%20%D8%B3%D9%8A%D9%86%D9%85%D8%A7%20%D8%B3%D9%8A%D9%86%D8%A7%D8%A8%D9%88%D9%84%D8%B3%20-%20%D9%85%D8%B3%D9%82%D8%B7%20%D8%A3%D9%81%D9%8A%D9%86%D9%8A%D9%88%D8%B2%20%D9%85%D9%88%D9%84&query_place_id=ChIJJQi8_2X_kT4R_wLK-5zn2ss","5",,,"Nice"
"Cinépolis Cinemas - Oman Avenues Mall سينما سينابولس - مسقط أفينيوز مول","https://www.google.com/maps/search/?api=1&query=Cin%C3%A9polis%20Cinemas%20-%20Oman%20Avenues%20Mall%20%D8%B3%D9%8A%D9%86%D9%85%D8%A7%20%D8%B3%D9%8A%D9%86%D8%A7%D8%A8%D9%88%D9%84%D8%B3%20-%20%D9%85%D8%B3%D9%82%D8%B7%20%D8%A3%D9%81%D9%8A%D9%86%D9%8A%D9%88%D8%B2%20%D9%85%D9%88%D9%84&query_place_id=ChIJJQi8_2X_kT4R_wLK-5zn2ss","5",,,
"Cinépolis Cinemas - Oman Avenues Mall سينما سينابولس - مسقط أفينيوز مول","https://www.google.com/maps/search/?api=1&query=Cin%C3%A9polis%20Cinemas%20-%20Oman%20Avenues%20Mall%20%D8%B3%D9%8A%D9%86%D9%85%D8%A7%20%D8%B3%D9%8A%D9%86%D8%A7%D8%A8%D9%88%D9%84%D8%B3%20-%20%D9%85%D8%B3%D9%82%D8%B7%20%D8%A3%D9%81%D9%8A%D9%86%D9%8A%D9%88%D8%B2%20%D9%85%D9%88%D9%84&query_place_id=ChIJJQi8_2X_kT4R_wLK-5zn2ss","5",,,
"Cinépolis Cinemas - Oman Avenues Mall سينما سينابولس - مسقط أفينيوز مول","https://www.google.com/maps/search/?api=1&query=Cin%C3%A9polis%20Cinemas%20-%20Oman%20Avenues%20Mall%20%D8%B3%D9%8A%D9%86%D9%85%D8%A7%20%D8%B3%D9%8A%D9%86%D8%A7%D8%A8%D9%88%D9%84%D8%B3%20-%20%D9%85%D8%B3%D9%82%D8%B7%20%D8%A3%D9%81%D9%8A%D9%86%D9%8A%D9%88%D8%B2%20%D9%85%D9%88%D9%84&query_place_id=ChIJJQi8_2X_kT4R_wLK-5zn2ss","5",,,
"Cinépolis Cinemas - Oman Avenues Mall سينما سينابولس - مسقط أفينيوز مول","https://www.google.com/maps/search/?api=1&query=Cin%C3%A9polis%20Cinemas%20-%20Oman%20Avenues%20Mall%20%D8%B3%D9%8A%D9%86%D9%85%D8%A7%20%D8%B3%D9%8A%D9%86%D8%A7%D8%A8%D9%88%D9%84%D8%B3%20-%20%D9%85%D8%B3%D9%82%D8%B7%20%D8%A3%D9%81%D9%8A%D9%86%D9%8A%D9%88%D8%B2%20%D9%85%D9%88%D9%84&query_place_id=ChIJJQi8_2X_kT4R_wLK-5zn2ss","5",,,
"Cinépolis Cinemas - Oman Avenues Mall سينما سينابولس - مسقط أفينيوز مول","https://www.google.com/maps/search/?api=1&query=Cin%C3%A9polis%20Cinemas%20-%20Oman%20Avenues%20Mall%20%D8%B3%D9%8A%D9%86%D9%85%D8%A7%20%D8%B3%D9%8A%D9%86%D8%A7%D8%A8%D9%88%D9%84%D8%B3%20-%20%D9%85%D8%B3%D9%82%D8%B7%20%D8%A3%D9%81%D9%8A%D9%86%D9%8A%D9%88%D8%B2%20%D9%85%D9%88%D9%84&query_place_id=ChIJJQi8_2X_kT4R_wLK-5zn2ss","5",,,
"Cinépolis Cinemas - Oman Avenues Mall سينما سينابولس - مسقط أفينيوز مول","https://www.google.com/maps/search/?api=1&query=Cin%C3%A9polis%20Cinemas%20-%20Oman%20Avenues%20Mall%20%D8%B3%D9%8A%D9%86%D9%85%D8%A7%20%D8%B3%D9%8A%D9%86%D8%A7%D8%A8%D9%88%D9%84%D8%B3%20-%20%D9%85%D8%B3%D9%82%D8%B7%20%D8%A3%D9%81%D9%8A%D9%86%D9%8A%D9%88%D8%B2%20%D9%85%D9%88%D9%84&query_place_id=ChIJJQi8_2X_kT4R_wLK-5zn2ss","4",,,
"Cinépolis Cinemas - Oman Avenues Mall سينما سينابولس - مسقط أفينيوز مول","https://www.google.com/maps/search/?api=1&query=Cin%C3%A9polis%20Cinemas%20-%20Oman%20Avenues%20Mall%20%D8%B3%D9%8A%D9%86%D9%85%D8%A7%20%D8%B3%D9%8A%D9%86%D8%A7%D8%A8%D9%88%D9%84%D8%B3%20-%20%D9%85%D8%B3%D9%82%D8%B7%20%D8%A3%D9%81%D9%8A%D9%86%D9%8A%D9%88%D8%B2%20%D9%85%D9%88%D9%84&query_place_id=ChIJJQi8_2X_kT4R_wLK-5zn2ss","5",,,
"Cinépolis Cinemas - Oman Avenues Mall سينما سينابولس - مسقط أفينيوز مول","https://www.google.com/maps/search/?api=1&query=Cin%C3%A9polis%20Cinemas%20-%20Oman%20Avenues%20Mall%20%D8%B3%D9%8A%D9%86%D9%85%D8%A7%20%D8%B3%D9%8A%D9%86%D8%A7%D8%A8%D9%88%D9%84%D8%B3%20-%20%D9%85%D8%B3%D9%82%D8%B7%20%D8%A3%D9%81%D9%8A%D9%86%D9%8A%D9%88%D8%B2%20%D9%85%D9%88%D9%84&query_place_id=ChIJJQi8_2X_kT4R_wLK-5zn2ss","5",,,
"Cinépolis Cinemas - Oman Avenues Mall سينما سينابولس - مسقط أفينيوز مول","https://www.google.com/maps/search/?api=1&query=Cin%C3%A9polis%20Cinemas%20-%20Oman%20Avenues%20Mall%20%D8%B3%D9%8A%D9%86%D9%85%D8%A7%20%D8%B3%D9%8A%D9%86%D8%A7%D8%A8%D9%88%D9%84%D8%B3%20-%20%D9%85%D8%B3%D9%82%D8%B7%20%D8%A3%D9%81%D9%8A%D9%86%D9%8A%D9%88%D8%B2%20%D9%85%D9%88%D9%84&query_place_id=ChIJJQi8_2X_kT4R_wLK-5zn2ss","4",,,
"Cinépolis Cinemas - Oman Avenues Mall سينما سينابولس - مسقط أفينيوز مول","https://www.google.com/maps/search/?api=1&query=Cin%C3%A9polis%20Cinemas%20-%20Oman%20Avenues%20Mall%20%D8%B3%D9%8A%D9%86%D9%85%D8%A7%20%D8%B3%D9%8A%D9%86%D8%A7%D8%A8%D9%88%D9%84%D8%B3%20-%20%D9%85%D8%B3%D9%82%D8%B7%20%D8%A3%D9%81%D9%8A%D9%86%D9%8A%D9%88%D8%B2%20%D9%85%D9%88%D9%84&query_place_id=ChIJJQi8_2X_kT4R_wLK-5zn2ss","5",,,"He is very helpful & kindly.. he give a high quality service.. his behaviour very  polite"
"Cinépolis Cinemas - Oman Avenues Mall سينما سينابولس - مسقط أفينيوز مول","https://www.google.com/maps/search/?api=1&query=Cin%C3%A9polis%20Cinemas%20-%20Oman%20Avenues%20Mall%20%D8%B3%D9%8A%D9%86%D9%85%D8%A7%20%D8%B3%D9%8A%D9%86%D8%A7%D8%A8%D9%88%D9%84%D8%B3%20-%20%D9%85%D8%B3%D9%82%D8%B7%20%D8%A3%D9%81%D9%8A%D9%86%D9%8A%D9%88%D8%B2%20%D9%85%D9%88%D9%84&query_place_id=ChIJJQi8_2X_kT4R_wLK-5zn2ss","5",,,"Actually we have great experience and good attitude great person to deal with.. keep the good work"
"Cinépolis Cinemas - Oman Avenues Mall سينما سينابولس - مسقط أفينيوز مول","https://www.google.com/maps/search/?api=1&query=Cin%C3%A9polis%20Cinemas%20-%20Oman%20Avenues%20Mall%20%D8%B3%D9%8A%D9%86%D9%85%D8%A7%20%D8%B3%D9%8A%D9%86%D8%A7%D8%A8%D9%88%D9%84%D8%B3%20-%20%D9%85%D8%B3%D9%82%D8%B7%20%D8%A3%D9%81%D9%8A%D9%86%D9%8A%D9%88%D8%B2%20%D9%85%D9%88%D9%84&query_place_id=ChIJJQi8_2X_kT4R_wLK-5zn2ss","5",,,
"Cinépolis Cinemas - Oman Avenues Mall سينما سينابولس - مسقط أفينيوز مول","https://www.google.com/maps/search/?api=1&query=Cin%C3%A9polis%20Cinemas%20-%20Oman%20Avenues%20Mall%20%D8%B3%D9%8A%D9%86%D9%85%D8%A7%20%D8%B3%D9%8A%D9%86%D8%A7%D8%A8%D9%88%D9%84%D8%B3%20-%20%D9%85%D8%B3%D9%82%D8%B7%20%D8%A3%D9%81%D9%8A%D9%86%D9%8A%D9%88%D8%B2%20%D9%85%D9%88%D9%84&query_place_id=ChIJJQi8_2X_kT4R_wLK-5zn2ss","4",,,"Nice facilities, clean and good food .
Good place to visit. The kids room is  good fun"
"Cinépolis Cinemas - Oman Avenues Mall سينما سينابولس - مسقط أفينيوز مول","https://www.google.com/maps/search/?api=1&query=Cin%C3%A9polis%20Cinemas%20-%20Oman%20Avenues%20Mall%20%D8%B3%D9%8A%D9%86%D9%85%D8%A7%20%D8%B3%D9%8A%D9%86%D8%A7%D8%A8%D9%88%D9%84%D8%B3%20-%20%D9%85%D8%B3%D9%82%D8%B7%20%D8%A3%D9%81%D9%8A%D9%86%D9%8A%D9%88%D8%B2%20%D9%85%D9%88%D9%84&query_place_id=ChIJJQi8_2X_kT4R_wLK-5zn2ss","5",,,
"Cinépolis Cinemas - Oman Avenues Mall سينما سينابولس - مسقط أفينيوز مول","https://www.google.com/maps/search/?api=1&query=Cin%C3%A9polis%20Cinemas%20-%20Oman%20Avenues%20Mall%20%D8%B3%D9%8A%D9%86%D9%85%D8%A7%20%D8%B3%D9%8A%D9%86%D8%A7%D8%A8%D9%88%D9%84%D8%B3%20-%20%D9%85%D8%B3%D9%82%D8%B7%20%D8%A3%D9%81%D9%8A%D9%86%D9%8A%D9%88%D8%B2%20%D9%85%D9%88%D9%84&query_place_id=ChIJJQi8_2X_kT4R_wLK-5zn2ss","2",,,"Great experience, if you want a noisy movie room with tons of kids jumping around"
"Cinépolis Cinemas - Oman Avenues Mall سينما سينابولس - مسقط أفينيوز مول","https://www.google.com/maps/search/?api=1&query=Cin%C3%A9polis%20Cinemas%20-%20Oman%20Avenues%20Mall%20%D8%B3%D9%8A%D9%86%D9%85%D8%A7%20%D8%B3%D9%8A%D9%86%D8%A7%D8%A8%D9%88%D9%84%D8%B3%20-%20%D9%85%D8%B3%D9%82%D8%B7%20%D8%A3%D9%81%D9%8A%D9%86%D9%8A%D9%88%D8%B2%20%D9%85%D9%88%D9%84&query_place_id=ChIJJQi8_2X_kT4R_wLK-5zn2ss","5",,,"Great service"
"Cinépolis Cinemas - Oman Avenues Mall سينما سينابولس - مسقط أفينيوز مول","https://www.google.com/maps/search/?api=1&query=Cin%C3%A9polis%20Cinemas%20-%20Oman%20Avenues%20Mall%20%D8%B3%D9%8A%D9%86%D9%85%D8%A7%20%D8%B3%D9%8A%D9%86%D8%A7%D8%A8%D9%88%D9%84%D8%B3%20-%20%D9%85%D8%B3%D9%82%D8%B7%20%D8%A3%D9%81%D9%8A%D9%86%D9%8A%D9%88%D8%B2%20%D9%85%D9%88%D9%84&query_place_id=ChIJJQi8_2X_kT4R_wLK-5zn2ss","5",,,"Very accomodating and very nice movie.
We enjoy."
"Cinepolis Cinemas","https://www.google.com/maps/search/?api=1&query=Cinepolis%20Cinemas&query_place_id=ChIJw4-SAAVFiz4RrJvH7oizRpg","5",,,"Nice movie theater. Excellent speakers and stero. Best in sohar town"
"Cinepolis Cinemas","https://www.google.com/maps/search/?api=1&query=Cinepolis%20Cinemas&query_place_id=ChIJw4-SAAVFiz4RrJvH7oizRpg","5",,,
"Cinepolis Cinemas","https://www.google.com/maps/search/?api=1&query=Cinepolis%20Cinemas&query_place_id=ChIJw4-SAAVFiz4RrJvH7oizRpg","5",,,
"Cinepolis Cinemas","https://www.google.com/maps/search/?api=1&query=Cinepolis%20Cinemas&query_place_id=ChIJw4-SAAVFiz4RrJvH7oizRpg","5",,,
"Cinepolis Cinemas","https://www.google.com/maps/search/?api=1&query=Cinepolis%20Cinemas&query_place_id=ChIJw4-SAAVFiz4RrJvH7oizRpg","4",,,
"Cinepolis Cinemas","https://www.google.com/maps/search/?api=1&query=Cinepolis%20Cinemas&query_place_id=ChIJw4-SAAVFiz4RrJvH7oizRpg","2",,,"I felt so disappointed with the sound performance in the Macro screen. Many of the surround sound were silent which made me feel that the speakers were off. But when I seen the same movie in another cinema with similar Dolby Atmos sound system, the sound tracks were clear which made me much disappointment. Adding to that there is a minor problem in scree projection focus which is so neglectable. But it is existing. Even being the ticket rate for Macro screen is highest, it is very much bad that the audio and video system are not calibrated timely."
"Cinepolis Cinemas","https://www.google.com/maps/search/?api=1&query=Cinepolis%20Cinemas&query_place_id=ChIJw4-SAAVFiz4RrJvH7oizRpg","4",,,
"Cinepolis Cinemas","https://www.google.com/maps/search/?api=1&query=Cinepolis%20Cinemas&query_place_id=ChIJw4-SAAVFiz4RrJvH7oizRpg","4",,,"Good"
"Cinepolis Cinemas","https://www.google.com/maps/search/?api=1&query=Cinepolis%20Cinemas&query_place_id=ChIJw4-SAAVFiz4RrJvH7oizRpg","3",,,
"Cinepolis Cinemas","https://www.google.com/maps/search/?api=1&query=Cinepolis%20Cinemas&query_place_id=ChIJw4-SAAVFiz4RrJvH7oizRpg","4",,,
"Cinepolis Cinemas","https://www.google.com/maps/search/?api=1&query=Cinepolis%20Cinemas&query_place_id=ChIJw4-SAAVFiz4RrJvH7oizRpg","4",,,"Gud place to be with!"
"Cinepolis Cinemas","https://www.google.com/maps/search/?api=1&query=Cinepolis%20Cinemas&query_place_id=ChIJw4-SAAVFiz4RrJvH7oizRpg","5",,,
"Cinepolis Cinemas","https://www.google.com/maps/search/?api=1&query=Cinepolis%20Cinemas&query_place_id=ChIJw4-SAAVFiz4RrJvH7oizRpg","5",,,"مكان جميل"
"Cinepolis Cinemas","https://www.google.com/maps/search/?api=1&query=Cinepolis%20Cinemas&query_place_id=ChIJw4-SAAVFiz4RrJvH7oizRpg","4",,,"Very good,  you can see what you want there."
"Cinepolis Cinemas","https://www.google.com/maps/search/?api=1&query=Cinepolis%20Cinemas&query_place_id=ChIJw4-SAAVFiz4RrJvH7oizRpg","4",,,
"Cinepolis Cinemas","https://www.google.com/maps/search/?api=1&query=Cinepolis%20Cinemas&query_place_id=ChIJw4-SAAVFiz4RrJvH7oizRpg","2",,,
"Cinepolis Cinemas","https://www.google.com/maps/search/?api=1&query=Cinepolis%20Cinemas&query_place_id=ChIJw4-SAAVFiz4RrJvH7oizRpg","5",,,
"Cinepolis Cinemas","https://www.google.com/maps/search/?api=1&query=Cinepolis%20Cinemas&query_place_id=ChIJw4-SAAVFiz4RrJvH7oizRpg","4",,,"ممتاز"
"Cinepolis Cinemas","https://www.google.com/maps/search/?api=1&query=Cinepolis%20Cinemas&query_place_id=ChIJw4-SAAVFiz4RrJvH7oizRpg","5",,,
"Cinepolis Cinemas","https://www.google.com/maps/search/?api=1&query=Cinepolis%20Cinemas&query_place_id=ChIJw4-SAAVFiz4RrJvH7oizRpg","5",,,
"Cinépolis Cinemas - Oasis Mall Salalah","https://www.google.com/maps/search/?api=1&query=Cin%C3%A9polis%20Cinemas%20-%20Oasis%20Mall%20Salalah&query_place_id=ChIJu1Gus4ph0T0RBXrJE1myh7Y","5",,,"Fantastic screen and sound quality  😎"
"Cinépolis Cinemas - Oasis Mall Salalah","https://www.google.com/maps/search/?api=1&query=Cin%C3%A9polis%20Cinemas%20-%20Oasis%20Mall%20Salalah&query_place_id=ChIJu1Gus4ph0T0RBXrJE1myh7Y","5",,,"Definitely my favorite cinema in Salalah. They have the best promotions and service from the assistant manager and staff. And ofcourse very comfortable seats."
"Cinépolis Cinemas - Oasis Mall Salalah","https://www.google.com/maps/search/?api=1&query=Cin%C3%A9polis%20Cinemas%20-%20Oasis%20Mall%20Salalah&query_place_id=ChIJu1Gus4ph0T0RBXrJE1myh7Y","5",,,
"Cinépolis Cinemas - Oasis Mall Salalah","https://www.google.com/maps/search/?api=1&query=Cin%C3%A9polis%20Cinemas%20-%20Oasis%20Mall%20Salalah&query_place_id=ChIJu1Gus4ph0T0RBXrJE1myh7Y","5",,,"Best cinema in town. Spacious and comfy seats, good food, service and friendly staffs."
"Cinépolis Cinemas - Oasis Mall Salalah","https://www.google.com/maps/search/?api=1&query=Cin%C3%A9polis%20Cinemas%20-%20Oasis%20Mall%20Salalah&query_place_id=ChIJu1Gus4ph0T0RBXrJE1myh7Y","5",,,"Well served by Alwyn."
"Cinépolis Cinemas - Oasis Mall Salalah","https://www.google.com/maps/search/?api=1&query=Cin%C3%A9polis%20Cinemas%20-%20Oasis%20Mall%20Salalah&query_place_id=ChIJu1Gus4ph0T0RBXrJE1myh7Y","5",,,"Excellent cinema with friendly atmosphere.
Lots of promotion on tickets with good food option."
"Cinépolis Cinemas - Oasis Mall Salalah","https://www.google.com/maps/search/?api=1&query=Cin%C3%A9polis%20Cinemas%20-%20Oasis%20Mall%20Salalah&query_place_id=ChIJu1Gus4ph0T0RBXrJE1myh7Y","5",,,
"Cinépolis Cinemas - Oasis Mall Salalah","https://www.google.com/maps/search/?api=1&query=Cin%C3%A9polis%20Cinemas%20-%20Oasis%20Mall%20Salalah&query_place_id=ChIJu1Gus4ph0T0RBXrJE1myh7Y","4",,,
"Cinépolis Cinemas - Oasis Mall Salalah","https://www.google.com/maps/search/?api=1&query=Cin%C3%A9polis%20Cinemas%20-%20Oasis%20Mall%20Salalah&query_place_id=ChIJu1Gus4ph0T0RBXrJE1myh7Y","5",,,"Great place to watch movies."
"Cinépolis Cinemas - Oasis Mall Salalah","https://www.google.com/maps/search/?api=1&query=Cin%C3%A9polis%20Cinemas%20-%20Oasis%20Mall%20Salalah&query_place_id=ChIJu1Gus4ph0T0RBXrJE1myh7Y","5",,,"Excellent"
"Cinépolis Cinemas - Oasis Mall Salalah","https://www.google.com/maps/search/?api=1&query=Cin%C3%A9polis%20Cinemas%20-%20Oasis%20Mall%20Salalah&query_place_id=ChIJu1Gus4ph0T0RBXrJE1myh7Y","4",,,"There are only two cinema complex available in salalah for movie buffs.cinepolis is the recently opened one. Good seating including recliner seating available."
"Cinépolis Cinemas - Oasis Mall Salalah","https://www.google.com/maps/search/?api=1&query=Cin%C3%A9polis%20Cinemas%20-%20Oasis%20Mall%20Salalah&query_place_id=ChIJu1Gus4ph0T0RBXrJE1myh7Y","4",,,
"Cinépolis Cinemas - Oasis Mall Salalah","https://www.google.com/maps/search/?api=1&query=Cin%C3%A9polis%20Cinemas%20-%20Oasis%20Mall%20Salalah&query_place_id=ChIJu1Gus4ph0T0RBXrJE1myh7Y","1",,,"الشاشة صغيرة مقارنة بباقي دور السينما، كما أن كراسي الدرجة العادية غير مريحة وتعامل العاملين هناك لم يكن طيبا للأسف.

Not that good for many reasons!!!!"
"Cinépolis Cinemas - Oasis Mall Salalah","https://www.google.com/maps/search/?api=1&query=Cin%C3%A9polis%20Cinemas%20-%20Oasis%20Mall%20Salalah&query_place_id=ChIJu1Gus4ph0T0RBXrJE1myh7Y","5",,,"من أفضل الأفلام التي تعرض في السينمائي"
"Cinépolis Cinemas - Oasis Mall Salalah","https://www.google.com/maps/search/?api=1&query=Cin%C3%A9polis%20Cinemas%20-%20Oasis%20Mall%20Salalah&query_place_id=ChIJu1Gus4ph0T0RBXrJE1myh7Y","4",,,
"Cinépolis Cinemas - Oasis Mall Salalah","https://www.google.com/maps/search/?api=1&query=Cin%C3%A9polis%20Cinemas%20-%20Oasis%20Mall%20Salalah&query_place_id=ChIJu1Gus4ph0T0RBXrJE1myh7Y","5",,,"Overall excellent experience... Even for 2 guyz they will run a film without cancelling the show same as other theatres. Also the response in time of any technical failure was handling in great manner. Have a suggestion that the kinds of snacks can be in more varieties.. All others were maintaining good..."
"Cinépolis Cinemas - Oasis Mall Salalah","https://www.google.com/maps/search/?api=1&query=Cin%C3%A9polis%20Cinemas%20-%20Oasis%20Mall%20Salalah&query_place_id=ChIJu1Gus4ph0T0RBXrJE1myh7Y","5",,,
"Cinépolis Cinemas - Oasis Mall Salalah","https://www.google.com/maps/search/?api=1&query=Cin%C3%A9polis%20Cinemas%20-%20Oasis%20Mall%20Salalah&query_place_id=ChIJu1Gus4ph0T0RBXrJE1myh7Y","5",,,"Cinepolis, always priority in watching my favorite movies, wonderful experience and accolades their arrangements and customer support. All their staff meet my expectations always on their services and pleasant face."
"Cinépolis Cinemas - Oasis Mall Salalah","https://www.google.com/maps/search/?api=1&query=Cin%C3%A9polis%20Cinemas%20-%20Oasis%20Mall%20Salalah&query_place_id=ChIJu1Gus4ph0T0RBXrJE1myh7Y","5",,,
"Cinépolis Cinemas - Oasis Mall Salalah","https://www.google.com/maps/search/?api=1&query=Cin%C3%A9polis%20Cinemas%20-%20Oasis%20Mall%20Salalah&query_place_id=ChIJu1Gus4ph0T0RBXrJE1myh7Y","3",,,
"Cinépolis Cinemas - Oman Avenues Mall سينما سينابولس - مسقط أفينيوز مول","https://www.google.com/maps/search/?api=1&query=Cin%C3%A9polis%20Cinemas%20-%20Oman%20Avenues%20Mall%20%D8%B3%D9%8A%D9%86%D9%85%D8%A7%20%D8%B3%D9%8A%D9%86%D8%A7%D8%A8%D9%88%D9%84%D8%B3%20-%20%D9%85%D8%B3%D9%82%D8%B7%20%D8%A3%D9%81%D9%8A%D9%86%D9%8A%D9%88%D8%B2%20%D9%85%D9%88%D9%84&query_place_id=ChIJJQi8_2X_kT4R_wLK-5zn2ss","5",,,"Nice cinema and great prices"
"Cinépolis Cinemas - Oman Avenues Mall سينما سينابولس - مسقط أفينيوز مول","https://www.google.com/maps/search/?api=1&query=Cin%C3%A9polis%20Cinemas%20-%20Oman%20Avenues%20Mall%20%D8%B3%D9%8A%D9%86%D9%85%D8%A7%20%D8%B3%D9%8A%D9%86%D8%A7%D8%A8%D9%88%D9%84%D8%B3%20-%20%D9%85%D8%B3%D9%82%D8%B7%20%D8%A3%D9%81%D9%8A%D9%86%D9%8A%D9%88%D8%B2%20%D9%85%D9%88%D9%84&query_place_id=ChIJJQi8_2X_kT4R_wLK-5zn2ss","5",,,
"Cinépolis Cinemas - Oman Avenues Mall سينما سينابولس - مسقط أفينيوز مول","https://www.google.com/maps/search/?api=1&query=Cin%C3%A9polis%20Cinemas%20-%20Oman%20Avenues%20Mall%20%D8%B3%D9%8A%D9%86%D9%85%D8%A7%20%D8%B3%D9%8A%D9%86%D8%A7%D8%A8%D9%88%D9%84%D8%B3%20-%20%D9%85%D8%B3%D9%82%D8%B7%20%D8%A3%D9%81%D9%8A%D9%86%D9%8A%D9%88%D8%B2%20%D9%85%D9%88%D9%84&query_place_id=ChIJJQi8_2X_kT4R_wLK-5zn2ss","5",,,"يستحق سعود جائزة موظف الشهر"
"Cinépolis Cinemas - Oman Avenues Mall سينما سينابولس - مسقط أفينيوز مول","https://www.google.com/maps/search/?api=1&query=Cin%C3%A9polis%20Cinemas%20-%20Oman%20Avenues%20Mall%20%D8%B3%D9%8A%D9%86%D9%85%D8%A7%20%D8%B3%D9%8A%D9%86%D8%A7%D8%A8%D9%88%D9%84%D8%B3%20-%20%D9%85%D8%B3%D9%82%D8%B7%20%D8%A3%D9%81%D9%8A%D9%86%D9%8A%D9%88%D8%B2%20%D9%85%D9%88%D9%84&query_place_id=ChIJJQi8_2X_kT4R_wLK-5zn2ss","5",,,"ارهب خدمه"
"Cinépolis Cinemas - Oman Avenues Mall سينما سينابولس - مسقط أفينيوز مول","https://www.google.com/maps/search/?api=1&query=Cin%C3%A9polis%20Cinemas%20-%20Oman%20Avenues%20Mall%20%D8%B3%D9%8A%D9%86%D9%85%D8%A7%20%D8%B3%D9%8A%D9%86%D8%A7%D8%A8%D9%88%D9%84%D8%B3%20-%20%D9%85%D8%B3%D9%82%D8%B7%20%D8%A3%D9%81%D9%8A%D9%86%D9%8A%D9%88%D8%B2%20%D9%85%D9%88%D9%84&query_place_id=ChIJJQi8_2X_kT4R_wLK-5zn2ss","5",,,
"Cinépolis Cinemas - Oman Avenues Mall سينما سينابولس - مسقط أفينيوز مول","https://www.google.com/maps/search/?api=1&query=Cin%C3%A9polis%20Cinemas%20-%20Oman%20Avenues%20Mall%20%D8%B3%D9%8A%D9%86%D9%85%D8%A7%20%D8%B3%D9%8A%D9%86%D8%A7%D8%A8%D9%88%D9%84%D8%B3%20-%20%D9%85%D8%B3%D9%82%D8%B7%20%D8%A3%D9%81%D9%8A%D9%86%D9%8A%D9%88%D8%B2%20%D9%85%D9%88%D9%84&query_place_id=ChIJJQi8_2X_kT4R_wLK-5zn2ss","5",,,"سينما ممتازة والوحيدة في السلطنة الي فيها 4d
وخدمة العملاء ممتازة ولطفاء ."
"Cinépolis Cinemas - Oman Avenues Mall سينما سينابولس - مسقط أفينيوز مول","https://www.google.com/maps/search/?api=1&query=Cin%C3%A9polis%20Cinemas%20-%20Oman%20Avenues%20Mall%20%D8%B3%D9%8A%D9%86%D9%85%D8%A7%20%D8%B3%D9%8A%D9%86%D8%A7%D8%A8%D9%88%D9%84%D8%B3%20-%20%D9%85%D8%B3%D9%82%D8%B7%20%D8%A3%D9%81%D9%8A%D9%86%D9%8A%D9%88%D8%B2%20%D9%85%D9%88%D9%84&query_place_id=ChIJJQi8_2X_kT4R_wLK-5zn2ss","5",,,"احسن واحد سعود"
"Cinépolis Cinemas - Oman Avenues Mall سينما سينابولس - مسقط أفينيوز مول","https://www.google.com/maps/search/?api=1&query=Cin%C3%A9polis%20Cinemas%20-%20Oman%20Avenues%20Mall%20%D8%B3%D9%8A%D9%86%D9%85%D8%A7%20%D8%B3%D9%8A%D9%86%D8%A7%D8%A8%D9%88%D9%84%D8%B3%20-%20%D9%85%D8%B3%D9%82%D8%B7%20%D8%A3%D9%81%D9%8A%D9%86%D9%8A%D9%88%D8%B2%20%D9%85%D9%88%D9%84&query_place_id=ChIJJQi8_2X_kT4R_wLK-5zn2ss","5",,,"very helpful person"
"Cinépolis Cinemas - Oman Avenues Mall سينما سينابولس - مسقط أفينيوز مول","https://www.google.com/maps/search/?api=1&query=Cin%C3%A9polis%20Cinemas%20-%20Oman%20Avenues%20Mall%20%D8%B3%D9%8A%D9%86%D9%85%D8%A7%20%D8%B3%D9%8A%D9%86%D8%A7%D8%A8%D9%88%D9%84%D8%B3%20-%20%D9%85%D8%B3%D9%82%D8%B7%20%D8%A3%D9%81%D9%8A%D9%86%D9%8A%D9%88%D8%B2%20%D9%85%D9%88%D9%84&query_place_id=ChIJJQi8_2X_kT4R_wLK-5zn2ss","5",,,
"Cinépolis Cinemas - Oman Avenues Mall سينما سينابولس - مسقط أفينيوز مول","https://www.google.com/maps/search/?api=1&query=Cin%C3%A9polis%20Cinemas%20-%20Oman%20Avenues%20Mall%20%D8%B3%D9%8A%D9%86%D9%85%D8%A7%20%D8%B3%D9%8A%D9%86%D8%A7%D8%A8%D9%88%D9%84%D8%B3%20-%20%D9%85%D8%B3%D9%82%D8%B7%20%D8%A3%D9%81%D9%8A%D9%86%D9%8A%D9%88%D8%B2%20%D9%85%D9%88%D9%84&query_place_id=ChIJJQi8_2X_kT4R_wLK-5zn2ss","5",,,
"Cinépolis Cinemas - Oman Avenues Mall سينما سينابولس - مسقط أفينيوز مول","https://www.google.com/maps/search/?api=1&query=Cin%C3%A9polis%20Cinemas%20-%20Oman%20Avenues%20Mall%20%D8%B3%D9%8A%D9%86%D9%85%D8%A7%20%D8%B3%D9%8A%D9%86%D8%A7%D8%A8%D9%88%D9%84%D8%B3%20-%20%D9%85%D8%B3%D9%82%D8%B7%20%D8%A3%D9%81%D9%8A%D9%86%D9%8A%D9%88%D8%B2%20%D9%85%D9%88%D9%84&query_place_id=ChIJJQi8_2X_kT4R_wLK-5zn2ss","5",,,"Best cinema in Oman very good"
"Cinépolis Cinemas - Oman Avenues Mall سينما سينابولس - مسقط أفينيوز مول","https://www.google.com/maps/search/?api=1&query=Cin%C3%A9polis%20Cinemas%20-%20Oman%20Avenues%20Mall%20%D8%B3%D9%8A%D9%86%D9%85%D8%A7%20%D8%B3%D9%8A%D9%86%D8%A7%D8%A8%D9%88%D9%84%D8%B3%20-%20%D9%85%D8%B3%D9%82%D8%B7%20%D8%A3%D9%81%D9%8A%D9%86%D9%8A%D9%88%D8%B2%20%D9%85%D9%88%D9%84&query_place_id=ChIJJQi8_2X_kT4R_wLK-5zn2ss","5",,,
"Cinépolis Cinemas - Oman Avenues Mall سينما سينابولس - مسقط أفينيوز مول","https://www.google.com/maps/search/?api=1&query=Cin%C3%A9polis%20Cinemas%20-%20Oman%20Avenues%20Mall%20%D8%B3%D9%8A%D9%86%D9%85%D8%A7%20%D8%B3%D9%8A%D9%86%D8%A7%D8%A8%D9%88%D9%84%D8%B3%20-%20%D9%85%D8%B3%D9%82%D8%B7%20%D8%A3%D9%81%D9%8A%D9%86%D9%8A%D9%88%D8%B2%20%D9%85%D9%88%D9%84&query_place_id=ChIJJQi8_2X_kT4R_wLK-5zn2ss","5",,,
"Cinépolis Cinemas - Oman Avenues Mall سينما سينابولس - مسقط أفينيوز مول","https://www.google.com/maps/search/?api=1&query=Cin%C3%A9polis%20Cinemas%20-%20Oman%20Avenues%20Mall%20%D8%B3%D9%8A%D9%86%D9%85%D8%A7%20%D8%B3%D9%8A%D9%86%D8%A7%D8%A8%D9%88%D9%84%D8%B3%20-%20%D9%85%D8%B3%D9%82%D8%B7%20%D8%A3%D9%81%D9%8A%D9%86%D9%8A%D9%88%D8%B2%20%D9%85%D9%88%D9%84&query_place_id=ChIJJQi8_2X_kT4R_wLK-5zn2ss","5",,,"Service is excellent and no comparisons..."
"Cinépolis Cinemas - Oman Avenues Mall سينما سينابولس - مسقط أفينيوز مول","https://www.google.com/maps/search/?api=1&query=Cin%C3%A9polis%20Cinemas%20-%20Oman%20Avenues%20Mall%20%D8%B3%D9%8A%D9%86%D9%85%D8%A7%20%D8%B3%D9%8A%D9%86%D8%A7%D8%A8%D9%88%D9%84%D8%B3%20-%20%D9%85%D8%B3%D9%82%D8%B7%20%D8%A3%D9%81%D9%8A%D9%86%D9%8A%D9%88%D8%B2%20%D9%85%D9%88%D9%84&query_place_id=ChIJJQi8_2X_kT4R_wLK-5zn2ss","5",,,
"Cinépolis Cinemas - Oman Avenues Mall سينما سينابولس - مسقط أفينيوز مول","https://www.google.com/maps/search/?api=1&query=Cin%C3%A9polis%20Cinemas%20-%20Oman%20Avenues%20Mall%20%D8%B3%D9%8A%D9%86%D9%85%D8%A7%20%D8%B3%D9%8A%D9%86%D8%A7%D8%A8%D9%88%D9%84%D8%B3%20-%20%D9%85%D8%B3%D9%82%D8%B7%20%D8%A3%D9%81%D9%8A%D9%86%D9%8A%D9%88%D8%B2%20%D9%85%D9%88%D9%84&query_place_id=ChIJJQi8_2X_kT4R_wLK-5zn2ss","5",,,"Was great experience"
"Cinépolis Cinemas - Oman Avenues Mall سينما سينابولس - مسقط أفينيوز مول","https://www.google.com/maps/search/?api=1&query=Cin%C3%A9polis%20Cinemas%20-%20Oman%20Avenues%20Mall%20%D8%B3%D9%8A%D9%86%D9%85%D8%A7%20%D8%B3%D9%8A%D9%86%D8%A7%D8%A8%D9%88%D9%84%D8%B3%20-%20%D9%85%D8%B3%D9%82%D8%B7%20%D8%A3%D9%81%D9%8A%D9%86%D9%8A%D9%88%D8%B2%20%D9%85%D9%88%D9%84&query_place_id=ChIJJQi8_2X_kT4R_wLK-5zn2ss","5",,,"Amazing ambiance.. Good experience in watching with Dolby 🔥🔥🔥🔥"
"Cinépolis Cinemas - Oman Avenues Mall سينما سينابولس - مسقط أفينيوز مول","https://www.google.com/maps/search/?api=1&query=Cin%C3%A9polis%20Cinemas%20-%20Oman%20Avenues%20Mall%20%D8%B3%D9%8A%D9%86%D9%85%D8%A7%20%D8%B3%D9%8A%D9%86%D8%A7%D8%A8%D9%88%D9%84%D8%B3%20-%20%D9%85%D8%B3%D9%82%D8%B7%20%D8%A3%D9%81%D9%8A%D9%86%D9%8A%D9%88%D8%B2%20%D9%85%D9%88%D9%84&query_place_id=ChIJJQi8_2X_kT4R_wLK-5zn2ss","5",,,"Good services"
"Cinépolis Cinemas - Oman Avenues Mall سينما سينابولس - مسقط أفينيوز مول","https://www.google.com/maps/search/?api=1&query=Cin%C3%A9polis%20Cinemas%20-%20Oman%20Avenues%20Mall%20%D8%B3%D9%8A%D9%86%D9%85%D8%A7%20%D8%B3%D9%8A%D9%86%D8%A7%D8%A8%D9%88%D9%84%D8%B3%20-%20%D9%85%D8%B3%D9%82%D8%B7%20%D8%A3%D9%81%D9%8A%D9%86%D9%8A%D9%88%D8%B2%20%D9%85%D9%88%D9%84&query_place_id=ChIJJQi8_2X_kT4R_wLK-5zn2ss","5",,,"Always favorite"
"Cinépolis Cinemas - Oman Avenues Mall سينما سينابولس - مسقط أفينيوز مول","https://www.google.com/maps/search/?api=1&query=Cin%C3%A9polis%20Cinemas%20-%20Oman%20Avenues%20Mall%20%D8%B3%D9%8A%D9%86%D9%85%D8%A7%20%D8%B3%D9%8A%D9%86%D8%A7%D8%A8%D9%88%D9%84%D8%B3%20-%20%D9%85%D8%B3%D9%82%D8%B7%20%D8%A3%D9%81%D9%8A%D9%86%D9%8A%D9%88%D8%B2%20%D9%85%D9%88%D9%84&query_place_id=ChIJJQi8_2X_kT4R_wLK-5zn2ss","5",,,"ماشاءالله المكان وهيب وجميل جدا وكنت سعيد جدا"
"Cinépolis Cinemas - Oasis Mall Salalah","https://www.google.com/maps/search/?api=1&query=Cin%C3%A9polis%20Cinemas%20-%20Oasis%20Mall%20Salalah&query_place_id=ChIJu1Gus4ph0T0RBXrJE1myh7Y","4",,,
"Cinépolis Cinemas - Oasis Mall Salalah","https://www.google.com/maps/search/?api=1&query=Cin%C3%A9polis%20Cinemas%20-%20Oasis%20Mall%20Salalah&query_place_id=ChIJu1Gus4ph0T0RBXrJE1myh7Y","4",,,
"Cinépolis Cinemas - Oasis Mall Salalah","https://www.google.com/maps/search/?api=1&query=Cin%C3%A9polis%20Cinemas%20-%20Oasis%20Mall%20Salalah&query_place_id=ChIJu1Gus4ph0T0RBXrJE1myh7Y","4",,,
"Cinépolis Cinemas - Oasis Mall Salalah","https://www.google.com/maps/search/?api=1&query=Cin%C3%A9polis%20Cinemas%20-%20Oasis%20Mall%20Salalah&query_place_id=ChIJu1Gus4ph0T0RBXrJE1myh7Y","4",,,
"Cinépolis Cinemas - Oasis Mall Salalah","https://www.google.com/maps/search/?api=1&query=Cin%C3%A9polis%20Cinemas%20-%20Oasis%20Mall%20Salalah&query_place_id=ChIJu1Gus4ph0T0RBXrJE1myh7Y","4",,,
"Cinépolis Cinemas - Oasis Mall Salalah","https://www.google.com/maps/search/?api=1&query=Cin%C3%A9polis%20Cinemas%20-%20Oasis%20Mall%20Salalah&query_place_id=ChIJu1Gus4ph0T0RBXrJE1myh7Y","4",,,
"Cinépolis Cinemas - Oasis Mall Salalah","https://www.google.com/maps/search/?api=1&query=Cin%C3%A9polis%20Cinemas%20-%20Oasis%20Mall%20Salalah&query_place_id=ChIJu1Gus4ph0T0RBXrJE1myh7Y","4",,,"Awesome"
"Cinépolis Cinemas - Oasis Mall Salalah","https://www.google.com/maps/search/?api=1&query=Cin%C3%A9polis%20Cinemas%20-%20Oasis%20Mall%20Salalah&query_place_id=ChIJu1Gus4ph0T0RBXrJE1myh7Y","5",,,
"Cinépolis Cinemas - Oasis Mall Salalah","https://www.google.com/maps/search/?api=1&query=Cin%C3%A9polis%20Cinemas%20-%20Oasis%20Mall%20Salalah&query_place_id=ChIJu1Gus4ph0T0RBXrJE1myh7Y","5",,,"Watched many movies, had an extraordinary movie screen experience. Low pricing on tickets compares to Vox cinemas. Looking for new upcoming movies. The macro screen is awesome ✨"
"Cinépolis Cinemas - Oasis Mall Salalah","https://www.google.com/maps/search/?api=1&query=Cin%C3%A9polis%20Cinemas%20-%20Oasis%20Mall%20Salalah&query_place_id=ChIJu1Gus4ph0T0RBXrJE1myh7Y","5",,,"Love this place"
"Cinépolis Cinemas - Oasis Mall Salalah","https://www.google.com/maps/search/?api=1&query=Cin%C3%A9polis%20Cinemas%20-%20Oasis%20Mall%20Salalah&query_place_id=ChIJu1Gus4ph0T0RBXrJE1myh7Y","4",,,"The best cinema theater on salalah"
"Cinépolis Cinemas - Oasis Mall Salalah","https://www.google.com/maps/search/?api=1&query=Cin%C3%A9polis%20Cinemas%20-%20Oasis%20Mall%20Salalah&query_place_id=ChIJu1Gus4ph0T0RBXrJE1myh7Y","4",,,
"Cinépolis Cinemas - Oasis Mall Salalah","https://www.google.com/maps/search/?api=1&query=Cin%C3%A9polis%20Cinemas%20-%20Oasis%20Mall%20Salalah&query_place_id=ChIJu1Gus4ph0T0RBXrJE1myh7Y","3",,,"جميل"
"Cinépolis Cinemas - Oasis Mall Salalah","https://www.google.com/maps/search/?api=1&query=Cin%C3%A9polis%20Cinemas%20-%20Oasis%20Mall%20Salalah&query_place_id=ChIJu1Gus4ph0T0RBXrJE1myh7Y","5",,,"شكرا لكم ع الاتقان والعمل الجميل"
"Cinépolis Cinemas - Oasis Mall Salalah","https://www.google.com/maps/search/?api=1&query=Cin%C3%A9polis%20Cinemas%20-%20Oasis%20Mall%20Salalah&query_place_id=ChIJu1Gus4ph0T0RBXrJE1myh7Y","5",,,"Very Nice and Clean Place."
"Cinépolis Cinemas - Oasis Mall Salalah","https://www.google.com/maps/search/?api=1&query=Cin%C3%A9polis%20Cinemas%20-%20Oasis%20Mall%20Salalah&query_place_id=ChIJu1Gus4ph0T0RBXrJE1myh7Y","4",,,"Beautiful theatre"
"Cinépolis Cinemas - Oasis Mall Salalah","https://www.google.com/maps/search/?api=1&query=Cin%C3%A9polis%20Cinemas%20-%20Oasis%20Mall%20Salalah&query_place_id=ChIJu1Gus4ph0T0RBXrJE1myh7Y","5",,,"Very beautiful"
"Cinépolis Cinemas - Oasis Mall Salalah","https://www.google.com/maps/search/?api=1&query=Cin%C3%A9polis%20Cinemas%20-%20Oasis%20Mall%20Salalah&query_place_id=ChIJu1Gus4ph0T0RBXrJE1myh7Y","5",,,
"Cinépolis Cinemas - Oasis Mall Salalah","https://www.google.com/maps/search/?api=1&query=Cin%C3%A9polis%20Cinemas%20-%20Oasis%20Mall%20Salalah&query_place_id=ChIJu1Gus4ph0T0RBXrJE1myh7Y","5",,,"ممتازة"
"Cinépolis Cinemas - Oasis Mall Salalah","https://www.google.com/maps/search/?api=1&query=Cin%C3%A9polis%20Cinemas%20-%20Oasis%20Mall%20Salalah&query_place_id=ChIJu1Gus4ph0T0RBXrJE1myh7Y","5",,,
"Cinepolis Cinemas","https://www.google.com/maps/search/?api=1&query=Cinepolis%20Cinemas&query_place_id=ChIJw4-SAAVFiz4RrJvH7oizRpg","5",,,
"Cinepolis Cinemas","https://www.google.com/maps/search/?api=1&query=Cinepolis%20Cinemas&query_place_id=ChIJw4-SAAVFiz4RrJvH7oizRpg","5",,,"Super"
"Cinepolis Cinemas","https://www.google.com/maps/search/?api=1&query=Cinepolis%20Cinemas&query_place_id=ChIJw4-SAAVFiz4RrJvH7oizRpg","5",,,"Nice theater"
"Cinepolis Cinemas","https://www.google.com/maps/search/?api=1&query=Cinepolis%20Cinemas&query_place_id=ChIJw4-SAAVFiz4RrJvH7oizRpg","5",,,"Best place for Indian food at all"
"Cinepolis Cinemas","https://www.google.com/maps/search/?api=1&query=Cinepolis%20Cinemas&query_place_id=ChIJw4-SAAVFiz4RrJvH7oizRpg","1",,,
"Cinepolis Cinemas","https://www.google.com/maps/search/?api=1&query=Cinepolis%20Cinemas&query_place_id=ChIJw4-SAAVFiz4RrJvH7oizRpg","5",,,"ممتازة للمشاهدة و مريحه"
"Cinepolis Cinemas","https://www.google.com/maps/search/?api=1&query=Cinepolis%20Cinemas&query_place_id=ChIJw4-SAAVFiz4RrJvH7oizRpg","5",,,"Good"
"Cinepolis Cinemas","https://www.google.com/maps/search/?api=1&query=Cinepolis%20Cinemas&query_place_id=ChIJw4-SAAVFiz4RrJvH7oizRpg","4",,,
"Cinepolis Cinemas","https://www.google.com/maps/search/?api=1&query=Cinepolis%20Cinemas&query_place_id=ChIJw4-SAAVFiz4RrJvH7oizRpg","5",,,"جميل"
"Cinepolis Cinemas","https://www.google.com/maps/search/?api=1&query=Cinepolis%20Cinemas&query_place_id=ChIJw4-SAAVFiz4RrJvH7oizRpg","4",,,
"Cinepolis Cinemas","https://www.google.com/maps/search/?api=1&query=Cinepolis%20Cinemas&query_place_id=ChIJw4-SAAVFiz4RrJvH7oizRpg","4",,,
"Cinepolis Cinemas","https://www.google.com/maps/search/?api=1&query=Cinepolis%20Cinemas&query_place_id=ChIJw4-SAAVFiz4RrJvH7oizRpg","5",,,
"Cinepolis Cinemas","https://www.google.com/maps/search/?api=1&query=Cinepolis%20Cinemas&query_place_id=ChIJw4-SAAVFiz4RrJvH7oizRpg","5",,,
"Cinepolis Cinemas","https://www.google.com/maps/search/?api=1&query=Cinepolis%20Cinemas&query_place_id=ChIJw4-SAAVFiz4RrJvH7oizRpg","5",,,"Excellent service
Quality superb"
"Cinepolis Cinemas","https://www.google.com/maps/search/?api=1&query=Cinepolis%20Cinemas&query_place_id=ChIJw4-SAAVFiz4RrJvH7oizRpg","4",,,
"Cinepolis Cinemas","https://www.google.com/maps/search/?api=1&query=Cinepolis%20Cinemas&query_place_id=ChIJw4-SAAVFiz4RrJvH7oizRpg","5",,,"احب السينما جدا"
"Cinepolis Cinemas","https://www.google.com/maps/search/?api=1&query=Cinepolis%20Cinemas&query_place_id=ChIJw4-SAAVFiz4RrJvH7oizRpg","5",,,"Nice"
"Cinepolis Cinemas","https://www.google.com/maps/search/?api=1&query=Cinepolis%20Cinemas&query_place_id=ChIJw4-SAAVFiz4RrJvH7oizRpg","4",,,"Very good movie theatres enjoyed the atmosphere inside"
"Cinepolis Cinemas","https://www.google.com/maps/search/?api=1&query=Cinepolis%20Cinemas&query_place_id=ChIJw4-SAAVFiz4RrJvH7oizRpg","3",,,
"Cinepolis Cinemas","https://www.google.com/maps/search/?api=1&query=Cinepolis%20Cinemas&query_place_id=ChIJw4-SAAVFiz4RrJvH7oizRpg","5",,,
"Cinépolis Cinemas - Oasis Mall Salalah","https://www.google.com/maps/search/?api=1&query=Cin%C3%A9polis%20Cinemas%20-%20Oasis%20Mall%20Salalah&query_place_id=ChIJu1Gus4ph0T0RBXrJE1myh7Y","1",,,"مكان أنيق ،،، وجووووو مع تهيئة ولا ارووووع"
"Cinépolis Cinemas - Oasis Mall Salalah","https://www.google.com/maps/search/?api=1&query=Cin%C3%A9polis%20Cinemas%20-%20Oasis%20Mall%20Salalah&query_place_id=ChIJu1Gus4ph0T0RBXrJE1myh7Y","3",,,"Love story"
"Cinépolis Cinemas - Oasis Mall Salalah","https://www.google.com/maps/search/?api=1&query=Cin%C3%A9polis%20Cinemas%20-%20Oasis%20Mall%20Salalah&query_place_id=ChIJu1Gus4ph0T0RBXrJE1myh7Y","4",,,"مكان جميل"
"Cinépolis Cinemas - Oasis Mall Salalah","https://www.google.com/maps/search/?api=1&query=Cin%C3%A9polis%20Cinemas%20-%20Oasis%20Mall%20Salalah&query_place_id=ChIJu1Gus4ph0T0RBXrJE1myh7Y","5",,,
"Cinépolis Cinemas - Oasis Mall Salalah","https://www.google.com/maps/search/?api=1&query=Cin%C3%A9polis%20Cinemas%20-%20Oasis%20Mall%20Salalah&query_place_id=ChIJu1Gus4ph0T0RBXrJE1myh7Y","5",,,
"Cinépolis Cinemas - Oasis Mall Salalah","https://www.google.com/maps/search/?api=1&query=Cin%C3%A9polis%20Cinemas%20-%20Oasis%20Mall%20Salalah&query_place_id=ChIJu1Gus4ph0T0RBXrJE1myh7Y","5",,,"مكان رائع وهادئ للتسوق بعيدا عن الازدحام
تتوفر فيه سينما كما تتوفر فيه جميع خيارات التسوق من مواد غذائية وكماليات ويحتوي على ركن خاص للإلكترونيات والأثاث المنزلي"
"Cinépolis Cinemas - Oasis Mall Salalah","https://www.google.com/maps/search/?api=1&query=Cin%C3%A9polis%20Cinemas%20-%20Oasis%20Mall%20Salalah&query_place_id=ChIJu1Gus4ph0T0RBXrJE1myh7Y","4",,,
"Cinépolis Cinemas - Oasis Mall Salalah","https://www.google.com/maps/search/?api=1&query=Cin%C3%A9polis%20Cinemas%20-%20Oasis%20Mall%20Salalah&query_place_id=ChIJu1Gus4ph0T0RBXrJE1myh7Y","4",,,"Awesome"
"Cinépolis Cinemas - Oasis Mall Salalah","https://www.google.com/maps/search/?api=1&query=Cin%C3%A9polis%20Cinemas%20-%20Oasis%20Mall%20Salalah&query_place_id=ChIJu1Gus4ph0T0RBXrJE1myh7Y","5",,,
"Cinépolis Cinemas - Oasis Mall Salalah","https://www.google.com/maps/search/?api=1&query=Cin%C3%A9polis%20Cinemas%20-%20Oasis%20Mall%20Salalah&query_place_id=ChIJu1Gus4ph0T0RBXrJE1myh7Y","4",,,
"Cinépolis Cinemas - Oasis Mall Salalah","https://www.google.com/maps/search/?api=1&query=Cin%C3%A9polis%20Cinemas%20-%20Oasis%20Mall%20Salalah&query_place_id=ChIJu1Gus4ph0T0RBXrJE1myh7Y","5",,,"سينما مرتب وتتوفر جميع الاحترازات  وقاعه كبيره وممتعه"
"Cinépolis Cinemas - Oasis Mall Salalah","https://www.google.com/maps/search/?api=1&query=Cin%C3%A9polis%20Cinemas%20-%20Oasis%20Mall%20Salalah&query_place_id=ChIJu1Gus4ph0T0RBXrJE1myh7Y","5",,,
"Cinépolis Cinemas - Oasis Mall Salalah","https://www.google.com/maps/search/?api=1&query=Cin%C3%A9polis%20Cinemas%20-%20Oasis%20Mall%20Salalah&query_place_id=ChIJu1Gus4ph0T0RBXrJE1myh7Y","5",,,"Amazing place for movies"
"Cinépolis Cinemas - Oasis Mall Salalah","https://www.google.com/maps/search/?api=1&query=Cin%C3%A9polis%20Cinemas%20-%20Oasis%20Mall%20Salalah&query_place_id=ChIJu1Gus4ph0T0RBXrJE1myh7Y","5",,,"Excellent ... cinema and especially VIP chairs Lie down watching your movie 🍿🎥,Best place to watch a movie in salalah, that to with a reasonable price.."
"Cinépolis Cinemas - Oasis Mall Salalah","https://www.google.com/maps/search/?api=1&query=Cin%C3%A9polis%20Cinemas%20-%20Oasis%20Mall%20Salalah&query_place_id=ChIJu1Gus4ph0T0RBXrJE1myh7Y","3",,,
"Cinépolis Cinemas - Oasis Mall Salalah","https://www.google.com/maps/search/?api=1&query=Cin%C3%A9polis%20Cinemas%20-%20Oasis%20Mall%20Salalah&query_place_id=ChIJu1Gus4ph0T0RBXrJE1myh7Y","5",,,"ممتازه جدا"
"Cinépolis Cinemas - Oasis Mall Salalah","https://www.google.com/maps/search/?api=1&query=Cin%C3%A9polis%20Cinemas%20-%20Oasis%20Mall%20Salalah&query_place_id=ChIJu1Gus4ph0T0RBXrJE1myh7Y","5",,,"صف مقاعد الreclyne روعة و مريح و التجربة و لا أروع
انصح بشراء قارورة الماء من خارج المحل ب100 بيسة بدل دفع 700 عليها عندهم و مرات لا تتوفر و تضطر تشرب مشروبات غازية او غير صحية"
"Cinépolis Cinemas - Oasis Mall Salalah","https://www.google.com/maps/search/?api=1&query=Cin%C3%A9polis%20Cinemas%20-%20Oasis%20Mall%20Salalah&query_place_id=ChIJu1Gus4ph0T0RBXrJE1myh7Y","4",,,
"Cinépolis Cinemas - Oasis Mall Salalah","https://www.google.com/maps/search/?api=1&query=Cin%C3%A9polis%20Cinemas%20-%20Oasis%20Mall%20Salalah&query_place_id=ChIJu1Gus4ph0T0RBXrJE1myh7Y","5",,,"مميزه"
"Cinépolis Cinemas - Oasis Mall Salalah","https://www.google.com/maps/search/?api=1&query=Cin%C3%A9polis%20Cinemas%20-%20Oasis%20Mall%20Salalah&query_place_id=ChIJu1Gus4ph0T0RBXrJE1myh7Y","4",,,
"Cinépolis Cinemas - Oman Avenues Mall سينما سينابولس - مسقط أفينيوز مول","https://www.google.com/maps/search/?api=1&query=Cin%C3%A9polis%20Cinemas%20-%20Oman%20Avenues%20Mall%20%D8%B3%D9%8A%D9%86%D9%85%D8%A7%20%D8%B3%D9%8A%D9%86%D8%A7%D8%A8%D9%88%D9%84%D8%B3%20-%20%D9%85%D8%B3%D9%82%D8%B7%20%D8%A3%D9%81%D9%8A%D9%86%D9%8A%D9%88%D8%B2%20%D9%85%D9%88%D9%84&query_place_id=ChIJJQi8_2X_kT4R_wLK-5zn2ss","5",,,"Amazing 🤩"
"Cinépolis Cinemas - Oman Avenues Mall سينما سينابولس - مسقط أفينيوز مول","https://www.google.com/maps/search/?api=1&query=Cin%C3%A9polis%20Cinemas%20-%20Oman%20Avenues%20Mall%20%D8%B3%D9%8A%D9%86%D9%85%D8%A7%20%D8%B3%D9%8A%D9%86%D8%A7%D8%A8%D9%88%D9%84%D8%B3%20-%20%D9%85%D8%B3%D9%82%D8%B7%20%D8%A3%D9%81%D9%8A%D9%86%D9%8A%D9%88%D8%B2%20%D9%85%D9%88%D9%84&query_place_id=ChIJJQi8_2X_kT4R_wLK-5zn2ss","5",,,"One of the Best Cinemas in Oman.

They offer better combo offers to attract more customers.

Offering foods and drinks are good. Note outside foods are allowed.

Well maintained cinemas.

4D E-Moition screen, Kids screen are very special screens in Oman cinemas operated by Cinepolis."
"Cinépolis Cinemas - Oman Avenues Mall سينما سينابولس - مسقط أفينيوز مول","https://www.google.com/maps/search/?api=1&query=Cin%C3%A9polis%20Cinemas%20-%20Oman%20Avenues%20Mall%20%D8%B3%D9%8A%D9%86%D9%85%D8%A7%20%D8%B3%D9%8A%D9%86%D8%A7%D8%A8%D9%88%D9%84%D8%B3%20-%20%D9%85%D8%B3%D9%82%D8%B7%20%D8%A3%D9%81%D9%8A%D9%86%D9%8A%D9%88%D8%B2%20%D9%85%D9%88%D9%84&query_place_id=ChIJJQi8_2X_kT4R_wLK-5zn2ss","4",,,
"Cinépolis Cinemas - Oman Avenues Mall سينما سينابولس - مسقط أفينيوز مول","https://www.google.com/maps/search/?api=1&query=Cin%C3%A9polis%20Cinemas%20-%20Oman%20Avenues%20Mall%20%D8%B3%D9%8A%D9%86%D9%85%D8%A7%20%D8%B3%D9%8A%D9%86%D8%A7%D8%A8%D9%88%D9%84%D8%B3%20-%20%D9%85%D8%B3%D9%82%D8%B7%20%D8%A3%D9%81%D9%8A%D9%86%D9%8A%D9%88%D8%B2%20%D9%85%D9%88%D9%84&query_place_id=ChIJJQi8_2X_kT4R_wLK-5zn2ss","5",,,
"Cinépolis Cinemas - Oman Avenues Mall سينما سينابولس - مسقط أفينيوز مول","https://www.google.com/maps/search/?api=1&query=Cin%C3%A9polis%20Cinemas%20-%20Oman%20Avenues%20Mall%20%D8%B3%D9%8A%D9%86%D9%85%D8%A7%20%D8%B3%D9%8A%D9%86%D8%A7%D8%A8%D9%88%D9%84%D8%B3%20-%20%D9%85%D8%B3%D9%82%D8%B7%20%D8%A3%D9%81%D9%8A%D9%86%D9%8A%D9%88%D8%B2%20%D9%85%D9%88%D9%84&query_place_id=ChIJJQi8_2X_kT4R_wLK-5zn2ss","5",,,
"Cinépolis Cinemas - Oman Avenues Mall سينما سينابولس - مسقط أفينيوز مول","https://www.google.com/maps/search/?api=1&query=Cin%C3%A9polis%20Cinemas%20-%20Oman%20Avenues%20Mall%20%D8%B3%D9%8A%D9%86%D9%85%D8%A7%20%D8%B3%D9%8A%D9%86%D8%A7%D8%A8%D9%88%D9%84%D8%B3%20-%20%D9%85%D8%B3%D9%82%D8%B7%20%D8%A3%D9%81%D9%8A%D9%86%D9%8A%D9%88%D8%B2%20%D9%85%D9%88%D9%84&query_place_id=ChIJJQi8_2X_kT4R_wLK-5zn2ss","5",,,
"Cinépolis Cinemas - Oman Avenues Mall سينما سينابولس - مسقط أفينيوز مول","https://www.google.com/maps/search/?api=1&query=Cin%C3%A9polis%20Cinemas%20-%20Oman%20Avenues%20Mall%20%D8%B3%D9%8A%D9%86%D9%85%D8%A7%20%D8%B3%D9%8A%D9%86%D8%A7%D8%A8%D9%88%D9%84%D8%B3%20-%20%D9%85%D8%B3%D9%82%D8%B7%20%D8%A3%D9%81%D9%8A%D9%86%D9%8A%D9%88%D8%B2%20%D9%85%D9%88%D9%84&query_place_id=ChIJJQi8_2X_kT4R_wLK-5zn2ss","5",,,"We had a great experience having my son’s birthday party at the junior’s cinema.. great staff and special shout outs to Roohan 💪🏼 for arranging the whole event 👍👍👍"
"Cinépolis Cinemas - Oman Avenues Mall سينما سينابولس - مسقط أفينيوز مول","https://www.google.com/maps/search/?api=1&query=Cin%C3%A9polis%20Cinemas%20-%20Oman%20Avenues%20Mall%20%D8%B3%D9%8A%D9%86%D9%85%D8%A7%20%D8%B3%D9%8A%D9%86%D8%A7%D8%A8%D9%88%D9%84%D8%B3%20-%20%D9%85%D8%B3%D9%82%D8%B7%20%D8%A3%D9%81%D9%8A%D9%86%D9%8A%D9%88%D8%B2%20%D9%85%D9%88%D9%84&query_place_id=ChIJJQi8_2X_kT4R_wLK-5zn2ss","5",,,"This review is pertaining specifically to the Junior Theatre in Cinepolis at Avenues Mall. This is a unique experience as a mini play area is created right inside the theatre. There is a long slide which ends in a ball pit. There is a section for toddlers as well.
The seating area has been well designed for kids and adults to enjoy. The bean bag seats are a lot more comfortable than the non-reclining seats in other theatres. Of course, there is bound to be squeaks and cries of the kids since it is designed for them but for those families going with small kids, it should definitely be the first choice.
The screen and audio system cannot be called the best as there are better options available but then with the kids around, one will barely notice that."
"Cinépolis Cinemas - Oman Avenues Mall سينما سينابولس - مسقط أفينيوز مول","https://www.google.com/maps/search/?api=1&query=Cin%C3%A9polis%20Cinemas%20-%20Oman%20Avenues%20Mall%20%D8%B3%D9%8A%D9%86%D9%85%D8%A7%20%D8%B3%D9%8A%D9%86%D8%A7%D8%A8%D9%88%D9%84%D8%B3%20-%20%D9%85%D8%B3%D9%82%D8%B7%20%D8%A3%D9%81%D9%8A%D9%86%D9%8A%D9%88%D8%B2%20%D9%85%D9%88%D9%84&query_place_id=ChIJJQi8_2X_kT4R_wLK-5zn2ss","1",,,"Screen and shows are good, but they are turning off A/C while people inside the theatre and making movies miserable.
It's been observed on night time mostly.
They are not giving value to the viewers who are buying the tickets to watch shows. 😡"
"Cinépolis Cinemas - Oman Avenues Mall سينما سينابولس - مسقط أفينيوز مول","https://www.google.com/maps/search/?api=1&query=Cin%C3%A9polis%20Cinemas%20-%20Oman%20Avenues%20Mall%20%D8%B3%D9%8A%D9%86%D9%85%D8%A7%20%D8%B3%D9%8A%D9%86%D8%A7%D8%A8%D9%88%D9%84%D8%B3%20-%20%D9%85%D8%B3%D9%82%D8%B7%20%D8%A3%D9%81%D9%8A%D9%86%D9%8A%D9%88%D8%B2%20%D9%85%D9%88%D9%84&query_place_id=ChIJJQi8_2X_kT4R_wLK-5zn2ss","4",,,
"Cinépolis Cinemas - Oman Avenues Mall سينما سينابولس - مسقط أفينيوز مول","https://www.google.com/maps/search/?api=1&query=Cin%C3%A9polis%20Cinemas%20-%20Oman%20Avenues%20Mall%20%D8%B3%D9%8A%D9%86%D9%85%D8%A7%20%D8%B3%D9%8A%D9%86%D8%A7%D8%A8%D9%88%D9%84%D8%B3%20-%20%D9%85%D8%B3%D9%82%D8%B7%20%D8%A3%D9%81%D9%8A%D9%86%D9%8A%D9%88%D8%B2%20%D9%85%D9%88%D9%84&query_place_id=ChIJJQi8_2X_kT4R_wLK-5zn2ss","4",,,"Better than the VOX as it's huge and comfortable seats"
"Cinépolis Cinemas - Oman Avenues Mall سينما سينابولس - مسقط أفينيوز مول","https://www.google.com/maps/search/?api=1&query=Cin%C3%A9polis%20Cinemas%20-%20Oman%20Avenues%20Mall%20%D8%B3%D9%8A%D9%86%D9%85%D8%A7%20%D8%B3%D9%8A%D9%86%D8%A7%D8%A8%D9%88%D9%84%D8%B3%20-%20%D9%85%D8%B3%D9%82%D8%B7%20%D8%A3%D9%81%D9%8A%D9%86%D9%8A%D9%88%D8%B2%20%D9%85%D9%88%D9%84&query_place_id=ChIJJQi8_2X_kT4R_wLK-5zn2ss","1",,,"I WANNA CRY YOU'RE WORKERS WERE BULLYING US, HAVE BAD BEHAVIOUR AND BAD ATTITUDE WITH MY CHILDREN"
"Cinépolis Cinemas - Oman Avenues Mall سينما سينابولس - مسقط أفينيوز مول","https://www.google.com/maps/search/?api=1&query=Cin%C3%A9polis%20Cinemas%20-%20Oman%20Avenues%20Mall%20%D8%B3%D9%8A%D9%86%D9%85%D8%A7%20%D8%B3%D9%8A%D9%86%D8%A7%D8%A8%D9%88%D9%84%D8%B3%20-%20%D9%85%D8%B3%D9%82%D8%B7%20%D8%A3%D9%81%D9%8A%D9%86%D9%8A%D9%88%D8%B2%20%D9%85%D9%88%D9%84&query_place_id=ChIJJQi8_2X_kT4R_wLK-5zn2ss","5",,,
"Cinépolis Cinemas - Oman Avenues Mall سينما سينابولس - مسقط أفينيوز مول","https://www.google.com/maps/search/?api=1&query=Cin%C3%A9polis%20Cinemas%20-%20Oman%20Avenues%20Mall%20%D8%B3%D9%8A%D9%86%D9%85%D8%A7%20%D8%B3%D9%8A%D9%86%D8%A7%D8%A8%D9%88%D9%84%D8%B3%20-%20%D9%85%D8%B3%D9%82%D8%B7%20%D8%A3%D9%81%D9%8A%D9%86%D9%8A%D9%88%D8%B2%20%D9%85%D9%88%D9%84&query_place_id=ChIJJQi8_2X_kT4R_wLK-5zn2ss","4",,,
"Cinépolis Cinemas - Oman Avenues Mall سينما سينابولس - مسقط أفينيوز مول","https://www.google.com/maps/search/?api=1&query=Cin%C3%A9polis%20Cinemas%20-%20Oman%20Avenues%20Mall%20%D8%B3%D9%8A%D9%86%D9%85%D8%A7%20%D8%B3%D9%8A%D9%86%D8%A7%D8%A8%D9%88%D9%84%D8%B3%20-%20%D9%85%D8%B3%D9%82%D8%B7%20%D8%A3%D9%81%D9%8A%D9%86%D9%8A%D9%88%D8%B2%20%D9%85%D9%88%D9%84&query_place_id=ChIJJQi8_2X_kT4R_wLK-5zn2ss","1",,,"This is the third disappointing time we visited this place. I wouldn’t come again, but kids didn’t get Panda 4 ticket in Vox because it was full.
AC NEVER COOL, VERY VERY HOT INSIDE!!!!
Seats are uncomfortable and to close to each other in 4D.  I think you should take care of temperature inside,  public groups in FB of Oman also had chat about it many times."
"Cinépolis Cinemas - Oman Avenues Mall سينما سينابولس - مسقط أفينيوز مول","https://www.google.com/maps/search/?api=1&query=Cin%C3%A9polis%20Cinemas%20-%20Oman%20Avenues%20Mall%20%D8%B3%D9%8A%D9%86%D9%85%D8%A7%20%D8%B3%D9%8A%D9%86%D8%A7%D8%A8%D9%88%D9%84%D8%B3%20-%20%D9%85%D8%B3%D9%82%D8%B7%20%D8%A3%D9%81%D9%8A%D9%86%D9%8A%D9%88%D8%B2%20%D9%85%D9%88%D9%84&query_place_id=ChIJJQi8_2X_kT4R_wLK-5zn2ss","5",,,"Good ambience"
"Cinépolis Cinemas - Oman Avenues Mall سينما سينابولس - مسقط أفينيوز مول","https://www.google.com/maps/search/?api=1&query=Cin%C3%A9polis%20Cinemas%20-%20Oman%20Avenues%20Mall%20%D8%B3%D9%8A%D9%86%D9%85%D8%A7%20%D8%B3%D9%8A%D9%86%D8%A7%D8%A8%D9%88%D9%84%D8%B3%20-%20%D9%85%D8%B3%D9%82%D8%B7%20%D8%A3%D9%81%D9%8A%D9%86%D9%8A%D9%88%D8%B2%20%D9%85%D9%88%D9%84&query_place_id=ChIJJQi8_2X_kT4R_wLK-5zn2ss","3",,,
"Cinépolis Cinemas - Oman Avenues Mall سينما سينابولس - مسقط أفينيوز مول","https://www.google.com/maps/search/?api=1&query=Cin%C3%A9polis%20Cinemas%20-%20Oman%20Avenues%20Mall%20%D8%B3%D9%8A%D9%86%D9%85%D8%A7%20%D8%B3%D9%8A%D9%86%D8%A7%D8%A8%D9%88%D9%84%D8%B3%20-%20%D9%85%D8%B3%D9%82%D8%B7%20%D8%A3%D9%81%D9%8A%D9%86%D9%8A%D9%88%D8%B2%20%D9%85%D9%88%D9%84&query_place_id=ChIJJQi8_2X_kT4R_wLK-5zn2ss","1",,,"حجزت عن طريق الاونلاين وخصم المبلغ مرتين ولم يتم تاكيد الحجز وعند ارجاع المبلغ تم ارجاعه ناقص

خدمة تقديم الناتشوز غير عمليه"
"Cinépolis Cinemas - Oman Avenues Mall سينما سينابولس - مسقط أفينيوز مول","https://www.google.com/maps/search/?api=1&query=Cin%C3%A9polis%20Cinemas%20-%20Oman%20Avenues%20Mall%20%D8%B3%D9%8A%D9%86%D9%85%D8%A7%20%D8%B3%D9%8A%D9%86%D8%A7%D8%A8%D9%88%D9%84%D8%B3%20-%20%D9%85%D8%B3%D9%82%D8%B7%20%D8%A3%D9%81%D9%8A%D9%86%D9%8A%D9%88%D8%B2%20%D9%85%D9%88%D9%84&query_place_id=ChIJJQi8_2X_kT4R_wLK-5zn2ss","5",,,"Great."
"Cinépolis Cinemas - Oman Avenues Mall سينما سينابولس - مسقط أفينيوز مول","https://www.google.com/maps/search/?api=1&query=Cin%C3%A9polis%20Cinemas%20-%20Oman%20Avenues%20Mall%20%D8%B3%D9%8A%D9%86%D9%85%D8%A7%20%D8%B3%D9%8A%D9%86%D8%A7%D8%A8%D9%88%D9%84%D8%B3%20-%20%D9%85%D8%B3%D9%82%D8%B7%20%D8%A3%D9%81%D9%8A%D9%86%D9%8A%D9%88%D8%B2%20%D9%85%D9%88%D9%84&query_place_id=ChIJJQi8_2X_kT4R_wLK-5zn2ss","4",,,"السينما بصراحه جميله جدا ..والقاعه فيها كراسي مريحه ... انا جربت VIP seat ..كان تجربه فريده جدا ...

المشكله الوحيده ان الممر كان ضيق ويعمل زحمه وقت الخروج  ...

بس التجربه كانت رائعه"
"Cinépolis Cinemas - Oasis Mall Salalah","https://www.google.com/maps/search/?api=1&query=Cin%C3%A9polis%20Cinemas%20-%20Oasis%20Mall%20Salalah&query_place_id=ChIJu1Gus4ph0T0RBXrJE1myh7Y","5",,,"روعه"
"Cinépolis Cinemas - Oasis Mall Salalah","https://www.google.com/maps/search/?api=1&query=Cin%C3%A9polis%20Cinemas%20-%20Oasis%20Mall%20Salalah&query_place_id=ChIJu1Gus4ph0T0RBXrJE1myh7Y","2",,,"Nice Beautiful fantastic everything is good ❤️"
"Cinépolis Cinemas - Oasis Mall Salalah","https://www.google.com/maps/search/?api=1&query=Cin%C3%A9polis%20Cinemas%20-%20Oasis%20Mall%20Salalah&query_place_id=ChIJu1Gus4ph0T0RBXrJE1myh7Y","5",,,"تجربة ممتازه"
"Cinépolis Cinemas - Oasis Mall Salalah","https://www.google.com/maps/search/?api=1&query=Cin%C3%A9polis%20Cinemas%20-%20Oasis%20Mall%20Salalah&query_place_id=ChIJu1Gus4ph0T0RBXrJE1myh7Y","4",,,"I visited during the lockdown, the place looks neat and tidy and the staff is friendly and helpful. The show that was on screen didn't match with the Lockdown timing so didn't watch any shows.

By any chance if anyone is looking for Sign Board Work for your new company. Contact here +96892858586

We do all Kinds of Sign Board Work:
1. 3D Sign Board
2. 3D Letters with LED
3. Digital Printing Sign
4. LED building animation lights indoor and outdoor
5. Custom-designed LED lightings
6. LED RGB animation strip lights
7. DMX controllers and all type of LED dimming systems
8. LED cove lighting and LED strips
9. Hi power LED wall washers
10. Hi resolutions RGB LED displays
11. All type of LED strip lights
12. All type of signs and advertisement

Contact us at +968 92858586 on WhatsApp, message here and I'll send you the works we have done lately."
"Cinépolis Cinemas - Oasis Mall Salalah","https://www.google.com/maps/search/?api=1&query=Cin%C3%A9polis%20Cinemas%20-%20Oasis%20Mall%20Salalah&query_place_id=ChIJu1Gus4ph0T0RBXrJE1myh7Y","4",,,"افضل سبنما في صلاله"
"Cinépolis Cinemas - Oasis Mall Salalah","https://www.google.com/maps/search/?api=1&query=Cin%C3%A9polis%20Cinemas%20-%20Oasis%20Mall%20Salalah&query_place_id=ChIJu1Gus4ph0T0RBXrJE1myh7Y","4",,,"Nice theater to watch movies....Had a good time there with my family by watching Tom and jerry movie"
"Cinépolis Cinemas - Oasis Mall Salalah","https://www.google.com/maps/search/?api=1&query=Cin%C3%A9polis%20Cinemas%20-%20Oasis%20Mall%20Salalah&query_place_id=ChIJu1Gus4ph0T0RBXrJE1myh7Y","5",,,
"Cinépolis Cinemas - Oasis Mall Salalah","https://www.google.com/maps/search/?api=1&query=Cin%C3%A9polis%20Cinemas%20-%20Oasis%20Mall%20Salalah&query_place_id=ChIJu1Gus4ph0T0RBXrJE1myh7Y","5",,,
"Cinépolis Cinemas - Oasis Mall Salalah","https://www.google.com/maps/search/?api=1&query=Cin%C3%A9polis%20Cinemas%20-%20Oasis%20Mall%20Salalah&query_place_id=ChIJu1Gus4ph0T0RBXrJE1myh7Y","5",,,"Nice"
"Cinépolis Cinemas - Oasis Mall Salalah","https://www.google.com/maps/search/?api=1&query=Cin%C3%A9polis%20Cinemas%20-%20Oasis%20Mall%20Salalah&query_place_id=ChIJu1Gus4ph0T0RBXrJE1myh7Y","3",,,"واجد حلو"
"Cinépolis Cinemas - Oasis Mall Salalah","https://www.google.com/maps/search/?api=1&query=Cin%C3%A9polis%20Cinemas%20-%20Oasis%20Mall%20Salalah&query_place_id=ChIJu1Gus4ph0T0RBXrJE1myh7Y","5",,,"Great place"
"Cinépolis Cinemas - Oasis Mall Salalah","https://www.google.com/maps/search/?api=1&query=Cin%C3%A9polis%20Cinemas%20-%20Oasis%20Mall%20Salalah&query_place_id=ChIJu1Gus4ph0T0RBXrJE1myh7Y","4",,,
"Cinépolis Cinemas - Oasis Mall Salalah","https://www.google.com/maps/search/?api=1&query=Cin%C3%A9polis%20Cinemas%20-%20Oasis%20Mall%20Salalah&query_place_id=ChIJu1Gus4ph0T0RBXrJE1myh7Y","5",,,"amazing place"
"Cinépolis Cinemas - Oasis Mall Salalah","https://www.google.com/maps/search/?api=1&query=Cin%C3%A9polis%20Cinemas%20-%20Oasis%20Mall%20Salalah&query_place_id=ChIJu1Gus4ph0T0RBXrJE1myh7Y","4",,,
"Cinépolis Cinemas - Oasis Mall Salalah","https://www.google.com/maps/search/?api=1&query=Cin%C3%A9polis%20Cinemas%20-%20Oasis%20Mall%20Salalah&query_place_id=ChIJu1Gus4ph0T0RBXrJE1myh7Y","5",,,
"Cinépolis Cinemas - Oasis Mall Salalah","https://www.google.com/maps/search/?api=1&query=Cin%C3%A9polis%20Cinemas%20-%20Oasis%20Mall%20Salalah&query_place_id=ChIJu1Gus4ph0T0RBXrJE1myh7Y","5",,,
"Cinépolis Cinemas - Oasis Mall Salalah","https://www.google.com/maps/search/?api=1&query=Cin%C3%A9polis%20Cinemas%20-%20Oasis%20Mall%20Salalah&query_place_id=ChIJu1Gus4ph0T0RBXrJE1myh7Y","4",,,
"Cinépolis Cinemas - Oasis Mall Salalah","https://www.google.com/maps/search/?api=1&query=Cin%C3%A9polis%20Cinemas%20-%20Oasis%20Mall%20Salalah&query_place_id=ChIJu1Gus4ph0T0RBXrJE1myh7Y","4",,,"تجربة جميلة .."
"Cinépolis Cinemas - Oasis Mall Salalah","https://www.google.com/maps/search/?api=1&query=Cin%C3%A9polis%20Cinemas%20-%20Oasis%20Mall%20Salalah&query_place_id=ChIJu1Gus4ph0T0RBXrJE1myh7Y","5",,,"ممتاز ... السينما وخاصة كراسي vip استلقي وانت تشاهد فلمك"
"Cinépolis Cinemas - Oasis Mall Salalah","https://www.google.com/maps/search/?api=1&query=Cin%C3%A9polis%20Cinemas%20-%20Oasis%20Mall%20Salalah&query_place_id=ChIJu1Gus4ph0T0RBXrJE1myh7Y","3",,,
"Cinepolis Cinemas","https://www.google.com/maps/search/?api=1&query=Cinepolis%20Cinemas&query_place_id=ChIJw4-SAAVFiz4RrJvH7oizRpg","5",,,
"Cinepolis Cinemas","https://www.google.com/maps/search/?api=1&query=Cinepolis%20Cinemas&query_place_id=ChIJw4-SAAVFiz4RrJvH7oizRpg","5",,,
"Cinepolis Cinemas","https://www.google.com/maps/search/?api=1&query=Cinepolis%20Cinemas&query_place_id=ChIJw4-SAAVFiz4RrJvH7oizRpg","4",,,
"Cinepolis Cinemas","https://www.google.com/maps/search/?api=1&query=Cinepolis%20Cinemas&query_place_id=ChIJw4-SAAVFiz4RrJvH7oizRpg","5",,,"Amazing"
"Cinepolis Cinemas","https://www.google.com/maps/search/?api=1&query=Cinepolis%20Cinemas&query_place_id=ChIJw4-SAAVFiz4RrJvH7oizRpg","4",,,
"Cinepolis Cinemas","https://www.google.com/maps/search/?api=1&query=Cinepolis%20Cinemas&query_place_id=ChIJw4-SAAVFiz4RrJvH7oizRpg","4",,,
"Cinepolis Cinemas","https://www.google.com/maps/search/?api=1&query=Cinepolis%20Cinemas&query_place_id=ChIJw4-SAAVFiz4RrJvH7oizRpg","5",,,
"Cinepolis Cinemas","https://www.google.com/maps/search/?api=1&query=Cinepolis%20Cinemas&query_place_id=ChIJw4-SAAVFiz4RrJvH7oizRpg","3",,,
"Cinepolis Cinemas","https://www.google.com/maps/search/?api=1&query=Cinepolis%20Cinemas&query_place_id=ChIJw4-SAAVFiz4RrJvH7oizRpg","5",,,
"Cinepolis Cinemas","https://www.google.com/maps/search/?api=1&query=Cinepolis%20Cinemas&query_place_id=ChIJw4-SAAVFiz4RrJvH7oizRpg","5",,,
"Cinepolis Cinemas","https://www.google.com/maps/search/?api=1&query=Cinepolis%20Cinemas&query_place_id=ChIJw4-SAAVFiz4RrJvH7oizRpg","5",,,
"Cinepolis Cinemas","https://www.google.com/maps/search/?api=1&query=Cinepolis%20Cinemas&query_place_id=ChIJw4-SAAVFiz4RrJvH7oizRpg","5",,,"جميل"
"Cinepolis Cinemas","https://www.google.com/maps/search/?api=1&query=Cinepolis%20Cinemas&query_place_id=ChIJw4-SAAVFiz4RrJvH7oizRpg","5",,,"صالة سينما"
"Cinepolis Cinemas","https://www.google.com/maps/search/?api=1&query=Cinepolis%20Cinemas&query_place_id=ChIJw4-SAAVFiz4RrJvH7oizRpg","5",,,
"Cinepolis Cinemas","https://www.google.com/maps/search/?api=1&query=Cinepolis%20Cinemas&query_place_id=ChIJw4-SAAVFiz4RrJvH7oizRpg","4",,,
"Cinepolis Cinemas","https://www.google.com/maps/search/?api=1&query=Cinepolis%20Cinemas&query_place_id=ChIJw4-SAAVFiz4RrJvH7oizRpg","5",,,
"Cinepolis Cinemas","https://www.google.com/maps/search/?api=1&query=Cinepolis%20Cinemas&query_place_id=ChIJw4-SAAVFiz4RrJvH7oizRpg","5",,,"Its good"
"Cinepolis Cinemas","https://www.google.com/maps/search/?api=1&query=Cinepolis%20Cinemas&query_place_id=ChIJw4-SAAVFiz4RrJvH7oizRpg","4",,,
"Cinepolis Cinemas","https://www.google.com/maps/search/?api=1&query=Cinepolis%20Cinemas&query_place_id=ChIJw4-SAAVFiz4RrJvH7oizRpg","1",,,"لم اجربه"
"Cinepolis Cinemas","https://www.google.com/maps/search/?api=1&query=Cinepolis%20Cinemas&query_place_id=ChIJw4-SAAVFiz4RrJvH7oizRpg","5",,,"سينما"
"Cinépolis Cinemas - Oman Avenues Mall سينما سينابولس - مسقط أفينيوز مول","https://www.google.com/maps/search/?api=1&query=Cin%C3%A9polis%20Cinemas%20-%20Oman%20Avenues%20Mall%20%D8%B3%D9%8A%D9%86%D9%85%D8%A7%20%D8%B3%D9%8A%D9%86%D8%A7%D8%A8%D9%88%D9%84%D8%B3%20-%20%D9%85%D8%B3%D9%82%D8%B7%20%D8%A3%D9%81%D9%8A%D9%86%D9%8A%D9%88%D8%B2%20%D9%85%D9%88%D9%84&query_place_id=ChIJJQi8_2X_kT4R_wLK-5zn2ss","5",,,"Friendly staffs
Good atmosphere
Affordable movie ticket price
Ticket purchase offers"
"Cinépolis Cinemas - Oman Avenues Mall سينما سينابولس - مسقط أفينيوز مول","https://www.google.com/maps/search/?api=1&query=Cin%C3%A9polis%20Cinemas%20-%20Oman%20Avenues%20Mall%20%D8%B3%D9%8A%D9%86%D9%85%D8%A7%20%D8%B3%D9%8A%D9%86%D8%A7%D8%A8%D9%88%D9%84%D8%B3%20-%20%D9%85%D8%B3%D9%82%D8%B7%20%D8%A3%D9%81%D9%8A%D9%86%D9%8A%D9%88%D8%B2%20%D9%85%D9%88%D9%84&query_place_id=ChIJJQi8_2X_kT4R_wLK-5zn2ss","5",,,
"Cinépolis Cinemas - Oman Avenues Mall سينما سينابولس - مسقط أفينيوز مول","https://www.google.com/maps/search/?api=1&query=Cin%C3%A9polis%20Cinemas%20-%20Oman%20Avenues%20Mall%20%D8%B3%D9%8A%D9%86%D9%85%D8%A7%20%D8%B3%D9%8A%D9%86%D8%A7%D8%A8%D9%88%D9%84%D8%B3%20-%20%D9%85%D8%B3%D9%82%D8%B7%20%D8%A3%D9%81%D9%8A%D9%86%D9%8A%D9%88%D8%B2%20%D9%85%D9%88%D9%84&query_place_id=ChIJJQi8_2X_kT4R_wLK-5zn2ss","5",,,"4D is amazing here."
"Cinépolis Cinemas - Oman Avenues Mall سينما سينابولس - مسقط أفينيوز مول","https://www.google.com/maps/search/?api=1&query=Cin%C3%A9polis%20Cinemas%20-%20Oman%20Avenues%20Mall%20%D8%B3%D9%8A%D9%86%D9%85%D8%A7%20%D8%B3%D9%8A%D9%86%D8%A7%D8%A8%D9%88%D9%84%D8%B3%20-%20%D9%85%D8%B3%D9%82%D8%B7%20%D8%A3%D9%81%D9%8A%D9%86%D9%8A%D9%88%D8%B2%20%D9%85%D9%88%D9%84&query_place_id=ChIJJQi8_2X_kT4R_wLK-5zn2ss","3",,,
"Cinépolis Cinemas - Oman Avenues Mall سينما سينابولس - مسقط أفينيوز مول","https://www.google.com/maps/search/?api=1&query=Cin%C3%A9polis%20Cinemas%20-%20Oman%20Avenues%20Mall%20%D8%B3%D9%8A%D9%86%D9%85%D8%A7%20%D8%B3%D9%8A%D9%86%D8%A7%D8%A8%D9%88%D9%84%D8%B3%20-%20%D9%85%D8%B3%D9%82%D8%B7%20%D8%A3%D9%81%D9%8A%D9%86%D9%8A%D9%88%D8%B2%20%D9%85%D9%88%D9%84&query_place_id=ChIJJQi8_2X_kT4R_wLK-5zn2ss","5",,,
"Cinépolis Cinemas - Oman Avenues Mall سينما سينابولس - مسقط أفينيوز مول","https://www.google.com/maps/search/?api=1&query=Cin%C3%A9polis%20Cinemas%20-%20Oman%20Avenues%20Mall%20%D8%B3%D9%8A%D9%86%D9%85%D8%A7%20%D8%B3%D9%8A%D9%86%D8%A7%D8%A8%D9%88%D9%84%D8%B3%20-%20%D9%85%D8%B3%D9%82%D8%B7%20%D8%A3%D9%81%D9%8A%D9%86%D9%8A%D9%88%D8%B2%20%D9%85%D9%88%D9%84&query_place_id=ChIJJQi8_2X_kT4R_wLK-5zn2ss","1",,,"Theater is good but the rules and regulations must have change.
There was a bad experience that the theater management is ready to cancel and refund 9 movie tickets because of we have 100 Baisa water bottle. That was really bad, and in cinepolis providing same water bottle 600 Baisa, it’s looting peaples who come to watch movies.

Overpriced tickets and concessions! It's like they're trying to squeeze every last penny out of you. I'll be streaming movies at home from now on."
"Cinépolis Cinemas - Oman Avenues Mall سينما سينابولس - مسقط أفينيوز مول","https://www.google.com/maps/search/?api=1&query=Cin%C3%A9polis%20Cinemas%20-%20Oman%20Avenues%20Mall%20%D8%B3%D9%8A%D9%86%D9%85%D8%A7%20%D8%B3%D9%8A%D9%86%D8%A7%D8%A8%D9%88%D9%84%D8%B3%20-%20%D9%85%D8%B3%D9%82%D8%B7%20%D8%A3%D9%81%D9%8A%D9%86%D9%8A%D9%88%D8%B2%20%D9%85%D9%88%D9%84&query_place_id=ChIJJQi8_2X_kT4R_wLK-5zn2ss","1",,,"Very high price for small water bottle. We can avoid to buy any other foods from the cafe. But water is so essential for us. The cinepolis staff took the water bottles which we bought outside. I bad behaviour from cinepolis staff."
"Cinépolis Cinemas - Oman Avenues Mall سينما سينابولس - مسقط أفينيوز مول","https://www.google.com/maps/search/?api=1&query=Cin%C3%A9polis%20Cinemas%20-%20Oman%20Avenues%20Mall%20%D8%B3%D9%8A%D9%86%D9%85%D8%A7%20%D8%B3%D9%8A%D9%86%D8%A7%D8%A8%D9%88%D9%84%D8%B3%20-%20%D9%85%D8%B3%D9%82%D8%B7%20%D8%A3%D9%81%D9%8A%D9%86%D9%8A%D9%88%D8%B2%20%D9%85%D9%88%D9%84&query_place_id=ChIJJQi8_2X_kT4R_wLK-5zn2ss","5",,,"Loved this screen, sound and seating comfort. Excellent Cinema experience."
"Cinépolis Cinemas - Oman Avenues Mall سينما سينابولس - مسقط أفينيوز مول","https://www.google.com/maps/search/?api=1&query=Cin%C3%A9polis%20Cinemas%20-%20Oman%20Avenues%20Mall%20%D8%B3%D9%8A%D9%86%D9%85%D8%A7%20%D8%B3%D9%8A%D9%86%D8%A7%D8%A8%D9%88%D9%84%D8%B3%20-%20%D9%85%D8%B3%D9%82%D8%B7%20%D8%A3%D9%81%D9%8A%D9%86%D9%8A%D9%88%D8%B2%20%D9%85%D9%88%D9%84&query_place_id=ChIJJQi8_2X_kT4R_wLK-5zn2ss","5",,,"Good sound quality"
"Cinépolis Cinemas - Oman Avenues Mall سينما سينابولس - مسقط أفينيوز مول","https://www.google.com/maps/search/?api=1&query=Cin%C3%A9polis%20Cinemas%20-%20Oman%20Avenues%20Mall%20%D8%B3%D9%8A%D9%86%D9%85%D8%A7%20%D8%B3%D9%8A%D9%86%D8%A7%D8%A8%D9%88%D9%84%D8%B3%20-%20%D9%85%D8%B3%D9%82%D8%B7%20%D8%A3%D9%81%D9%8A%D9%86%D9%8A%D9%88%D8%B2%20%D9%85%D9%88%D9%84&query_place_id=ChIJJQi8_2X_kT4R_wLK-5zn2ss","5",,,
"Cinépolis Cinemas - Oman Avenues Mall سينما سينابولس - مسقط أفينيوز مول","https://www.google.com/maps/search/?api=1&query=Cin%C3%A9polis%20Cinemas%20-%20Oman%20Avenues%20Mall%20%D8%B3%D9%8A%D9%86%D9%85%D8%A7%20%D8%B3%D9%8A%D9%86%D8%A7%D8%A8%D9%88%D9%84%D8%B3%20-%20%D9%85%D8%B3%D9%82%D8%B7%20%D8%A3%D9%81%D9%8A%D9%86%D9%8A%D9%88%D8%B2%20%D9%85%D9%88%D9%84&query_place_id=ChIJJQi8_2X_kT4R_wLK-5zn2ss","4",,,"تجربة رائعة جدا اكل ممتاز"
"Cinépolis Cinemas - Oman Avenues Mall سينما سينابولس - مسقط أفينيوز مول","https://www.google.com/maps/search/?api=1&query=Cin%C3%A9polis%20Cinemas%20-%20Oman%20Avenues%20Mall%20%D8%B3%D9%8A%D9%86%D9%85%D8%A7%20%D8%B3%D9%8A%D9%86%D8%A7%D8%A8%D9%88%D9%84%D8%B3%20-%20%D9%85%D8%B3%D9%82%D8%B7%20%D8%A3%D9%81%D9%8A%D9%86%D9%8A%D9%88%D8%B2%20%D9%85%D9%88%D9%84&query_place_id=ChIJJQi8_2X_kT4R_wLK-5zn2ss","5",,,"Kids cinema are awesome and fun time for the kids"
"Cinépolis Cinemas - Oman Avenues Mall سينما سينابولس - مسقط أفينيوز مول","https://www.google.com/maps/search/?api=1&query=Cin%C3%A9polis%20Cinemas%20-%20Oman%20Avenues%20Mall%20%D8%B3%D9%8A%D9%86%D9%85%D8%A7%20%D8%B3%D9%8A%D9%86%D8%A7%D8%A8%D9%88%D9%84%D8%B3%20-%20%D9%85%D8%B3%D9%82%D8%B7%20%D8%A3%D9%81%D9%8A%D9%86%D9%8A%D9%88%D8%B2%20%D9%85%D9%88%D9%84&query_place_id=ChIJJQi8_2X_kT4R_wLK-5zn2ss","4",,,
"Cinépolis Cinemas - Oman Avenues Mall سينما سينابولس - مسقط أفينيوز مول","https://www.google.com/maps/search/?api=1&query=Cin%C3%A9polis%20Cinemas%20-%20Oman%20Avenues%20Mall%20%D8%B3%D9%8A%D9%86%D9%85%D8%A7%20%D8%B3%D9%8A%D9%86%D8%A7%D8%A8%D9%88%D9%84%D8%B3%20-%20%D9%85%D8%B3%D9%82%D8%B7%20%D8%A3%D9%81%D9%8A%D9%86%D9%8A%D9%88%D8%B2%20%D9%85%D9%88%D9%84&query_place_id=ChIJJQi8_2X_kT4R_wLK-5zn2ss","1",,,"i am writing this letter due to a problem I encountered while attending a movie at your theater. Normally, minor inconveniences do not bother me, but I was surprised and disappointed to complaint reaction
I went to see the 11:10 P.M.15/2/2024  showing of premala at your theater. When I arrived I too hot inside theater. I  complaints to ticket counter no one respond"
"Cinépolis Cinemas - Oman Avenues Mall سينما سينابولس - مسقط أفينيوز مول","https://www.google.com/maps/search/?api=1&query=Cin%C3%A9polis%20Cinemas%20-%20Oman%20Avenues%20Mall%20%D8%B3%D9%8A%D9%86%D9%85%D8%A7%20%D8%B3%D9%8A%D9%86%D8%A7%D8%A8%D9%88%D9%84%D8%B3%20-%20%D9%85%D8%B3%D9%82%D8%B7%20%D8%A3%D9%81%D9%8A%D9%86%D9%8A%D9%88%D8%B2%20%D9%85%D9%88%D9%84&query_place_id=ChIJJQi8_2X_kT4R_wLK-5zn2ss","5",,,
"Cinépolis Cinemas - Oman Avenues Mall سينما سينابولس - مسقط أفينيوز مول","https://www.google.com/maps/search/?api=1&query=Cin%C3%A9polis%20Cinemas%20-%20Oman%20Avenues%20Mall%20%D8%B3%D9%8A%D9%86%D9%85%D8%A7%20%D8%B3%D9%8A%D9%86%D8%A7%D8%A8%D9%88%D9%84%D8%B3%20-%20%D9%85%D8%B3%D9%82%D8%B7%20%D8%A3%D9%81%D9%8A%D9%86%D9%8A%D9%88%D8%B2%20%D9%85%D9%88%D9%84&query_place_id=ChIJJQi8_2X_kT4R_wLK-5zn2ss","5",,,"The best"
"Cinépolis Cinemas - Oman Avenues Mall سينما سينابولس - مسقط أفينيوز مول","https://www.google.com/maps/search/?api=1&query=Cin%C3%A9polis%20Cinemas%20-%20Oman%20Avenues%20Mall%20%D8%B3%D9%8A%D9%86%D9%85%D8%A7%20%D8%B3%D9%8A%D9%86%D8%A7%D8%A8%D9%88%D9%84%D8%B3%20-%20%D9%85%D8%B3%D9%82%D8%B7%20%D8%A3%D9%81%D9%8A%D9%86%D9%8A%D9%88%D8%B2%20%D9%85%D9%88%D9%84&query_place_id=ChIJJQi8_2X_kT4R_wLK-5zn2ss","1",,,"Security service very very very bad... They are behaving very rude with customers.. especially expats... Kindly make them understand.."
"Cinépolis Cinemas - Oman Avenues Mall سينما سينابولس - مسقط أفينيوز مول","https://www.google.com/maps/search/?api=1&query=Cin%C3%A9polis%20Cinemas%20-%20Oman%20Avenues%20Mall%20%D8%B3%D9%8A%D9%86%D9%85%D8%A7%20%D8%B3%D9%8A%D9%86%D8%A7%D8%A8%D9%88%D9%84%D8%B3%20-%20%D9%85%D8%B3%D9%82%D8%B7%20%D8%A3%D9%81%D9%8A%D9%86%D9%8A%D9%88%D8%B2%20%D9%85%D9%88%D9%84&query_place_id=ChIJJQi8_2X_kT4R_wLK-5zn2ss","5",,,"Very nice ceinma for kids imparts with it kids can play like there are in the play ground before the move I like it good job"
"Cinépolis Cinemas - Oman Avenues Mall سينما سينابولس - مسقط أفينيوز مول","https://www.google.com/maps/search/?api=1&query=Cin%C3%A9polis%20Cinemas%20-%20Oman%20Avenues%20Mall%20%D8%B3%D9%8A%D9%86%D9%85%D8%A7%20%D8%B3%D9%8A%D9%86%D8%A7%D8%A8%D9%88%D9%84%D8%B3%20-%20%D9%85%D8%B3%D9%82%D8%B7%20%D8%A3%D9%81%D9%8A%D9%86%D9%8A%D9%88%D8%B2%20%D9%85%D9%88%D9%84&query_place_id=ChIJJQi8_2X_kT4R_wLK-5zn2ss","5",,,"Kids enjoyed a lovely new experience at Cinépolis Junior cinema with the long slide, mini playground and bean seats."
"Cinépolis Cinemas - Oman Avenues Mall سينما سينابولس - مسقط أفينيوز مول","https://www.google.com/maps/search/?api=1&query=Cin%C3%A9polis%20Cinemas%20-%20Oman%20Avenues%20Mall%20%D8%B3%D9%8A%D9%86%D9%85%D8%A7%20%D8%B3%D9%8A%D9%86%D8%A7%D8%A8%D9%88%D9%84%D8%B3%20-%20%D9%85%D8%B3%D9%82%D8%B7%20%D8%A3%D9%81%D9%8A%D9%86%D9%8A%D9%88%D8%B2%20%D9%85%D9%88%D9%84&query_place_id=ChIJJQi8_2X_kT4R_wLK-5zn2ss","5",,,"Amazing"
"Cinépolis Cinemas - Oasis Mall Salalah","https://www.google.com/maps/search/?api=1&query=Cin%C3%A9polis%20Cinemas%20-%20Oasis%20Mall%20Salalah&query_place_id=ChIJu1Gus4ph0T0RBXrJE1myh7Y","5",,,"So perfect & I like it"
"Cinépolis Cinemas - Oasis Mall Salalah","https://www.google.com/maps/search/?api=1&query=Cin%C3%A9polis%20Cinemas%20-%20Oasis%20Mall%20Salalah&query_place_id=ChIJu1Gus4ph0T0RBXrJE1myh7Y","5",,,
"Cinépolis Cinemas - Oasis Mall Salalah","https://www.google.com/maps/search/?api=1&query=Cin%C3%A9polis%20Cinemas%20-%20Oasis%20Mall%20Salalah&query_place_id=ChIJu1Gus4ph0T0RBXrJE1myh7Y","4",,,"Good atmosphere, with all the safety measures. Body temperature Checks for the staffs and the moviegoers. Polite and good responsive staffs. Clean and clear overall. Good sound system but need fine tweeks based on movie and the audience.

Main concern is the kids area. Usually kids love to watch movies along with playing, but the kids play is not allowed/not started. I hope they'll load the kids stuff in the future after pandemic.

Need to add more beverages and snacks items, only few basic items available to choose."
"Cinépolis Cinemas - Oasis Mall Salalah","https://www.google.com/maps/search/?api=1&query=Cin%C3%A9polis%20Cinemas%20-%20Oasis%20Mall%20Salalah&query_place_id=ChIJu1Gus4ph0T0RBXrJE1myh7Y","5",,,
"Cinépolis Cinemas - Oasis Mall Salalah","https://www.google.com/maps/search/?api=1&query=Cin%C3%A9polis%20Cinemas%20-%20Oasis%20Mall%20Salalah&query_place_id=ChIJu1Gus4ph0T0RBXrJE1myh7Y","5",,,
"Cinépolis Cinemas - Oasis Mall Salalah","https://www.google.com/maps/search/?api=1&query=Cin%C3%A9polis%20Cinemas%20-%20Oasis%20Mall%20Salalah&query_place_id=ChIJu1Gus4ph0T0RBXrJE1myh7Y","5",,,"Good"
"Cinépolis Cinemas - Oasis Mall Salalah","https://www.google.com/maps/search/?api=1&query=Cin%C3%A9polis%20Cinemas%20-%20Oasis%20Mall%20Salalah&query_place_id=ChIJu1Gus4ph0T0RBXrJE1myh7Y","5",,,"Good Entertainment place"
"Cinépolis Cinemas - Oasis Mall Salalah","https://www.google.com/maps/search/?api=1&query=Cin%C3%A9polis%20Cinemas%20-%20Oasis%20Mall%20Salalah&query_place_id=ChIJu1Gus4ph0T0RBXrJE1myh7Y","5",,,"القاعات كبيرة والكراسي مريحة"
"Cinépolis Cinemas - Oasis Mall Salalah","https://www.google.com/maps/search/?api=1&query=Cin%C3%A9polis%20Cinemas%20-%20Oasis%20Mall%20Salalah&query_place_id=ChIJu1Gus4ph0T0RBXrJE1myh7Y","3",,,"تطبيق السينما زفت و كذلك أسعار المأكولات عندهم جداً غالية وحاولت أدخل موقعهم الإلكتروني كذلك مش مفهوم بس لا أنكر قاعات السينما جداً ممتازة"
"Cinépolis Cinemas - Oasis Mall Salalah","https://www.google.com/maps/search/?api=1&query=Cin%C3%A9polis%20Cinemas%20-%20Oasis%20Mall%20Salalah&query_place_id=ChIJu1Gus4ph0T0RBXrJE1myh7Y","4",,,"Good movie theater"
"Cinépolis Cinemas - Oasis Mall Salalah","https://www.google.com/maps/search/?api=1&query=Cin%C3%A9polis%20Cinemas%20-%20Oasis%20Mall%20Salalah&query_place_id=ChIJu1Gus4ph0T0RBXrJE1myh7Y","5",,,"Awesome 😍"
"Cinépolis Cinemas - Oasis Mall Salalah","https://www.google.com/maps/search/?api=1&query=Cin%C3%A9polis%20Cinemas%20-%20Oasis%20Mall%20Salalah&query_place_id=ChIJu1Gus4ph0T0RBXrJE1myh7Y","5",,,"سد جوفي لمياه وادي الجبيه او السليف"
"Cinépolis Cinemas - Oasis Mall Salalah","https://www.google.com/maps/search/?api=1&query=Cin%C3%A9polis%20Cinemas%20-%20Oasis%20Mall%20Salalah&query_place_id=ChIJu1Gus4ph0T0RBXrJE1myh7Y","5",,,
"Cinépolis Cinemas - Oasis Mall Salalah","https://www.google.com/maps/search/?api=1&query=Cin%C3%A9polis%20Cinemas%20-%20Oasis%20Mall%20Salalah&query_place_id=ChIJu1Gus4ph0T0RBXrJE1myh7Y","5",,,
"Cinépolis Cinemas - Oasis Mall Salalah","https://www.google.com/maps/search/?api=1&query=Cin%C3%A9polis%20Cinemas%20-%20Oasis%20Mall%20Salalah&query_place_id=ChIJu1Gus4ph0T0RBXrJE1myh7Y","5",,,
"Cinépolis Cinemas - Oasis Mall Salalah","https://www.google.com/maps/search/?api=1&query=Cin%C3%A9polis%20Cinemas%20-%20Oasis%20Mall%20Salalah&query_place_id=ChIJu1Gus4ph0T0RBXrJE1myh7Y","5",,,
"Cinépolis Cinemas - Oasis Mall Salalah","https://www.google.com/maps/search/?api=1&query=Cin%C3%A9polis%20Cinemas%20-%20Oasis%20Mall%20Salalah&query_place_id=ChIJu1Gus4ph0T0RBXrJE1myh7Y","3",,,
"Cinépolis Cinemas - Oasis Mall Salalah","https://www.google.com/maps/search/?api=1&query=Cin%C3%A9polis%20Cinemas%20-%20Oasis%20Mall%20Salalah&query_place_id=ChIJu1Gus4ph0T0RBXrJE1myh7Y","5",,,"افلام حديثة متنوعة
راقية
الخدمات ممتازة"
"Cinépolis Cinemas - Oasis Mall Salalah","https://www.google.com/maps/search/?api=1&query=Cin%C3%A9polis%20Cinemas%20-%20Oasis%20Mall%20Salalah&query_place_id=ChIJu1Gus4ph0T0RBXrJE1myh7Y","5",,,"مناسبة للعوائل بوجود العاب داخل السينما"
"Cinépolis Cinemas - Oasis Mall Salalah","https://www.google.com/maps/search/?api=1&query=Cin%C3%A9polis%20Cinemas%20-%20Oasis%20Mall%20Salalah&query_place_id=ChIJu1Gus4ph0T0RBXrJE1myh7Y","4",,,"Best place to watch a movie in salalah, that to with a reasonable price.."
"Cinepolis Cinemas","https://www.google.com/maps/search/?api=1&query=Cinepolis%20Cinemas&query_place_id=ChIJw4-SAAVFiz4RrJvH7oizRpg","4",,,"جميل"
"Cinepolis Cinemas","https://www.google.com/maps/search/?api=1&query=Cinepolis%20Cinemas&query_place_id=ChIJw4-SAAVFiz4RrJvH7oizRpg","5",,,
"Cinepolis Cinemas","https://www.google.com/maps/search/?api=1&query=Cinepolis%20Cinemas&query_place_id=ChIJw4-SAAVFiz4RrJvH7oizRpg","5",,,
"Cinepolis Cinemas","https://www.google.com/maps/search/?api=1&query=Cinepolis%20Cinemas&query_place_id=ChIJw4-SAAVFiz4RrJvH7oizRpg","4",,,
"Cinepolis Cinemas","https://www.google.com/maps/search/?api=1&query=Cinepolis%20Cinemas&query_place_id=ChIJw4-SAAVFiz4RrJvH7oizRpg","5",,,
"Cinepolis Cinemas","https://www.google.com/maps/search/?api=1&query=Cinepolis%20Cinemas&query_place_id=ChIJw4-SAAVFiz4RrJvH7oizRpg","3",,,
"Cinepolis Cinemas","https://www.google.com/maps/search/?api=1&query=Cinepolis%20Cinemas&query_place_id=ChIJw4-SAAVFiz4RrJvH7oizRpg","5",,,
"Cinepolis Cinemas","https://www.google.com/maps/search/?api=1&query=Cinepolis%20Cinemas&query_place_id=ChIJw4-SAAVFiz4RrJvH7oizRpg","5",,,
"Cinepolis Cinemas","https://www.google.com/maps/search/?api=1&query=Cinepolis%20Cinemas&query_place_id=ChIJw4-SAAVFiz4RrJvH7oizRpg","5",,,"افضل موظف سالم المعمري"
"Cinepolis Cinemas","https://www.google.com/maps/search/?api=1&query=Cinepolis%20Cinemas&query_place_id=ChIJw4-SAAVFiz4RrJvH7oizRpg","5",,,
"Cinepolis Cinemas","https://www.google.com/maps/search/?api=1&query=Cinepolis%20Cinemas&query_place_id=ChIJw4-SAAVFiz4RrJvH7oizRpg","5",,,
"Cinepolis Cinemas","https://www.google.com/maps/search/?api=1&query=Cinepolis%20Cinemas&query_place_id=ChIJw4-SAAVFiz4RrJvH7oizRpg","1",,,"السيكيورتي المصري تعامله سيئ جداً ارجو تبديله ب شخص افضل تركنا السينما بسبب تعامله"
"Cinepolis Cinemas","https://www.google.com/maps/search/?api=1&query=Cinepolis%20Cinemas&query_place_id=ChIJw4-SAAVFiz4RrJvH7oizRpg","1",,,"الاسعار غالية وتعامل الموظف المصري غير محترم"
"Cinepolis Cinemas","https://www.google.com/maps/search/?api=1&query=Cinepolis%20Cinemas&query_place_id=ChIJw4-SAAVFiz4RrJvH7oizRpg","1",,,"السيكيورتي المصري خايس تعامله و الاسعار غاليه و التكييف تعبان"
"Cinepolis Cinemas","https://www.google.com/maps/search/?api=1&query=Cinepolis%20Cinemas&query_place_id=ChIJw4-SAAVFiz4RrJvH7oizRpg","5",,,
"Cinepolis Cinemas","https://www.google.com/maps/search/?api=1&query=Cinepolis%20Cinemas&query_place_id=ChIJw4-SAAVFiz4RrJvH7oizRpg","3",,,"All screens are outdated ... maintenance required...screen quality is poor"
"Cinepolis Cinemas","https://www.google.com/maps/search/?api=1&query=Cinepolis%20Cinemas&query_place_id=ChIJw4-SAAVFiz4RrJvH7oizRpg","5",,,"ما شاء الله سينما جديدة وقاعاتهم كبيرة ومرتبة وخدمة طيبة من قبل الموضفين"
"Cinepolis Cinemas","https://www.google.com/maps/search/?api=1&query=Cinepolis%20Cinemas&query_place_id=ChIJw4-SAAVFiz4RrJvH7oizRpg","5",,,"جميل"
"Cinepolis Cinemas","https://www.google.com/maps/search/?api=1&query=Cinepolis%20Cinemas&query_place_id=ChIJw4-SAAVFiz4RrJvH7oizRpg","5",,,
"Cinepolis Cinemas","https://www.google.com/maps/search/?api=1&query=Cinepolis%20Cinemas&query_place_id=ChIJw4-SAAVFiz4RrJvH7oizRpg","5",,,
"Cinépolis Cinemas - Oasis Mall Salalah","https://www.google.com/maps/search/?api=1&query=Cin%C3%A9polis%20Cinemas%20-%20Oasis%20Mall%20Salalah&query_place_id=ChIJu1Gus4ph0T0RBXrJE1myh7Y","5",,,
"Cinépolis Cinemas - Oasis Mall Salalah","https://www.google.com/maps/search/?api=1&query=Cin%C3%A9polis%20Cinemas%20-%20Oasis%20Mall%20Salalah&query_place_id=ChIJu1Gus4ph0T0RBXrJE1myh7Y","5",,,"اقوى سينماء في محافظة ظفار تجربتي لها كانت ممتعة"
"Cinépolis Cinemas - Oasis Mall Salalah","https://www.google.com/maps/search/?api=1&query=Cin%C3%A9polis%20Cinemas%20-%20Oasis%20Mall%20Salalah&query_place_id=ChIJu1Gus4ph0T0RBXrJE1myh7Y","5",,,
"Cinépolis Cinemas - Oasis Mall Salalah","https://www.google.com/maps/search/?api=1&query=Cin%C3%A9polis%20Cinemas%20-%20Oasis%20Mall%20Salalah&query_place_id=ChIJu1Gus4ph0T0RBXrJE1myh7Y","4",,,
"Cinépolis Cinemas - Oasis Mall Salalah","https://www.google.com/maps/search/?api=1&query=Cin%C3%A9polis%20Cinemas%20-%20Oasis%20Mall%20Salalah&query_place_id=ChIJu1Gus4ph0T0RBXrJE1myh7Y","5",,,"I've been going here for movies a few times now. The theater screen & audio is superb. As well as all the amenities and staff are so good. Well recommended for the movie lovers 👍👍"
"Cinépolis Cinemas - Oasis Mall Salalah","https://www.google.com/maps/search/?api=1&query=Cin%C3%A9polis%20Cinemas%20-%20Oasis%20Mall%20Salalah&query_place_id=ChIJu1Gus4ph0T0RBXrJE1myh7Y","5",,,
"Cinépolis Cinemas - Oasis Mall Salalah","https://www.google.com/maps/search/?api=1&query=Cin%C3%A9polis%20Cinemas%20-%20Oasis%20Mall%20Salalah&query_place_id=ChIJu1Gus4ph0T0RBXrJE1myh7Y","4",,,
"Cinépolis Cinemas - Oasis Mall Salalah","https://www.google.com/maps/search/?api=1&query=Cin%C3%A9polis%20Cinemas%20-%20Oasis%20Mall%20Salalah&query_place_id=ChIJu1Gus4ph0T0RBXrJE1myh7Y","5",,,
"Cinépolis Cinemas - Oasis Mall Salalah","https://www.google.com/maps/search/?api=1&query=Cin%C3%A9polis%20Cinemas%20-%20Oasis%20Mall%20Salalah&query_place_id=ChIJu1Gus4ph0T0RBXrJE1myh7Y","5",,,"NYC Theator.I enjoyed watching street dancer."
"Cinépolis Cinemas - Oasis Mall Salalah","https://www.google.com/maps/search/?api=1&query=Cin%C3%A9polis%20Cinemas%20-%20Oasis%20Mall%20Salalah&query_place_id=ChIJu1Gus4ph0T0RBXrJE1myh7Y","4",,,"جيد جدا باستثناء الاسعار"
"Cinépolis Cinemas - Oasis Mall Salalah","https://www.google.com/maps/search/?api=1&query=Cin%C3%A9polis%20Cinemas%20-%20Oasis%20Mall%20Salalah&query_place_id=ChIJu1Gus4ph0T0RBXrJE1myh7Y","4",,,
"Cinépolis Cinemas - Oasis Mall Salalah","https://www.google.com/maps/search/?api=1&query=Cin%C3%A9polis%20Cinemas%20-%20Oasis%20Mall%20Salalah&query_place_id=ChIJu1Gus4ph0T0RBXrJE1myh7Y","5",,,"Kids friendly. Friendly staffs. The junior cinema has playground in it. My children had lots of fun in the cinema."
"Cinépolis Cinemas - Oasis Mall Salalah","https://www.google.com/maps/search/?api=1&query=Cin%C3%A9polis%20Cinemas%20-%20Oasis%20Mall%20Salalah&query_place_id=ChIJu1Gus4ph0T0RBXrJE1myh7Y","4",,,"Good Cinema Screens with Good Caramel Popcorns"
"Cinépolis Cinemas - Oasis Mall Salalah","https://www.google.com/maps/search/?api=1&query=Cin%C3%A9polis%20Cinemas%20-%20Oasis%20Mall%20Salalah&query_place_id=ChIJu1Gus4ph0T0RBXrJE1myh7Y","5",,,
"Cinépolis Cinemas - Oasis Mall Salalah","https://www.google.com/maps/search/?api=1&query=Cin%C3%A9polis%20Cinemas%20-%20Oasis%20Mall%20Salalah&query_place_id=ChIJu1Gus4ph0T0RBXrJE1myh7Y","5",,,"Very nice parking"
"Cinépolis Cinemas - Oasis Mall Salalah","https://www.google.com/maps/search/?api=1&query=Cin%C3%A9polis%20Cinemas%20-%20Oasis%20Mall%20Salalah&query_place_id=ChIJu1Gus4ph0T0RBXrJE1myh7Y","4",,,
"Cinépolis Cinemas - Oasis Mall Salalah","https://www.google.com/maps/search/?api=1&query=Cin%C3%A9polis%20Cinemas%20-%20Oasis%20Mall%20Salalah&query_place_id=ChIJu1Gus4ph0T0RBXrJE1myh7Y","4",,,"ممتازة"
"Cinépolis Cinemas - Oasis Mall Salalah","https://www.google.com/maps/search/?api=1&query=Cin%C3%A9polis%20Cinemas%20-%20Oasis%20Mall%20Salalah&query_place_id=ChIJu1Gus4ph0T0RBXrJE1myh7Y","5",,,
"Cinépolis Cinemas - Oasis Mall Salalah","https://www.google.com/maps/search/?api=1&query=Cin%C3%A9polis%20Cinemas%20-%20Oasis%20Mall%20Salalah&query_place_id=ChIJu1Gus4ph0T0RBXrJE1myh7Y","5",,,"Loved the late night shows.."
"Cinépolis Cinemas - Oasis Mall Salalah","https://www.google.com/maps/search/?api=1&query=Cin%C3%A9polis%20Cinemas%20-%20Oasis%20Mall%20Salalah&query_place_id=ChIJu1Gus4ph0T0RBXrJE1myh7Y","5",,,
"Cinépolis Cinemas - Oman Avenues Mall سينما سينابولس - مسقط أفينيوز مول","https://www.google.com/maps/search/?api=1&query=Cin%C3%A9polis%20Cinemas%20-%20Oman%20Avenues%20Mall%20%D8%B3%D9%8A%D9%86%D9%85%D8%A7%20%D8%B3%D9%8A%D9%86%D8%A7%D8%A8%D9%88%D9%84%D8%B3%20-%20%D9%85%D8%B3%D9%82%D8%B7%20%D8%A3%D9%81%D9%8A%D9%86%D9%8A%D9%88%D8%B2%20%D9%85%D9%88%D9%84&query_place_id=ChIJJQi8_2X_kT4R_wLK-5zn2ss","5",,,
"Cinépolis Cinemas - Oman Avenues Mall سينما سينابولس - مسقط أفينيوز مول","https://www.google.com/maps/search/?api=1&query=Cin%C3%A9polis%20Cinemas%20-%20Oman%20Avenues%20Mall%20%D8%B3%D9%8A%D9%86%D9%85%D8%A7%20%D8%B3%D9%8A%D9%86%D8%A7%D8%A8%D9%88%D9%84%D8%B3%20-%20%D9%85%D8%B3%D9%82%D8%B7%20%D8%A3%D9%81%D9%8A%D9%86%D9%8A%D9%88%D8%B2%20%D9%85%D9%88%D9%84&query_place_id=ChIJJQi8_2X_kT4R_wLK-5zn2ss","5",,,"Ticket prices are very expensive"
"Cinépolis Cinemas - Oman Avenues Mall سينما سينابولس - مسقط أفينيوز مول","https://www.google.com/maps/search/?api=1&query=Cin%C3%A9polis%20Cinemas%20-%20Oman%20Avenues%20Mall%20%D8%B3%D9%8A%D9%86%D9%85%D8%A7%20%D8%B3%D9%8A%D9%86%D8%A7%D8%A8%D9%88%D9%84%D8%B3%20-%20%D9%85%D8%B3%D9%82%D8%B7%20%D8%A3%D9%81%D9%8A%D9%86%D9%8A%D9%88%D8%B2%20%D9%85%D9%88%D9%84&query_place_id=ChIJJQi8_2X_kT4R_wLK-5zn2ss","1",,,"Worst cinema in oman,
AC don't work all the time, suddenly lights go on.
don't deliver the food as per the order.
very bad experience, and this is not the first time
اسواء دار سينما في عمان
المكيف ما يبرد ( حرررر)
فجأة الاضاءه تشتغل
الاكل ما يجي حسب الطلب
تجربه سيئه جدا  وهذي ليست التجربه الاولى"
"Cinépolis Cinemas - Oman Avenues Mall سينما سينابولس - مسقط أفينيوز مول","https://www.google.com/maps/search/?api=1&query=Cin%C3%A9polis%20Cinemas%20-%20Oman%20Avenues%20Mall%20%D8%B3%D9%8A%D9%86%D9%85%D8%A7%20%D8%B3%D9%8A%D9%86%D8%A7%D8%A8%D9%88%D9%84%D8%B3%20-%20%D9%85%D8%B3%D9%82%D8%B7%20%D8%A3%D9%81%D9%8A%D9%86%D9%8A%D9%88%D8%B2%20%D9%85%D9%88%D9%84&query_place_id=ChIJJQi8_2X_kT4R_wLK-5zn2ss","1",,,"Today we came for movie it was really very bad customer service… No value for customers.. .. Felt really upset from bad experience.. Try to keep good staffs…"
"Cinépolis Cinemas - Oman Avenues Mall سينما سينابولس - مسقط أفينيوز مول","https://www.google.com/maps/search/?api=1&query=Cin%C3%A9polis%20Cinemas%20-%20Oman%20Avenues%20Mall%20%D8%B3%D9%8A%D9%86%D9%85%D8%A7%20%D8%B3%D9%8A%D9%86%D8%A7%D8%A8%D9%88%D9%84%D8%B3%20-%20%D9%85%D8%B3%D9%82%D8%B7%20%D8%A3%D9%81%D9%8A%D9%86%D9%8A%D9%88%D8%B2%20%D9%85%D9%88%D9%84&query_place_id=ChIJJQi8_2X_kT4R_wLK-5zn2ss","4",,,
"Cinépolis Cinemas - Oman Avenues Mall سينما سينابولس - مسقط أفينيوز مول","https://www.google.com/maps/search/?api=1&query=Cin%C3%A9polis%20Cinemas%20-%20Oman%20Avenues%20Mall%20%D8%B3%D9%8A%D9%86%D9%85%D8%A7%20%D8%B3%D9%8A%D9%86%D8%A7%D8%A8%D9%88%D9%84%D8%B3%20-%20%D9%85%D8%B3%D9%82%D8%B7%20%D8%A3%D9%81%D9%8A%D9%86%D9%8A%D9%88%D8%B2%20%D9%85%D9%88%D9%84&query_place_id=ChIJJQi8_2X_kT4R_wLK-5zn2ss","4",,,
"Cinépolis Cinemas - Oman Avenues Mall سينما سينابولس - مسقط أفينيوز مول","https://www.google.com/maps/search/?api=1&query=Cin%C3%A9polis%20Cinemas%20-%20Oman%20Avenues%20Mall%20%D8%B3%D9%8A%D9%86%D9%85%D8%A7%20%D8%B3%D9%8A%D9%86%D8%A7%D8%A8%D9%88%D9%84%D8%B3%20-%20%D9%85%D8%B3%D9%82%D8%B7%20%D8%A3%D9%81%D9%8A%D9%86%D9%8A%D9%88%D8%B2%20%D9%85%D9%88%D9%84&query_place_id=ChIJJQi8_2X_kT4R_wLK-5zn2ss","3",,,
"Cinépolis Cinemas - Oman Avenues Mall سينما سينابولس - مسقط أفينيوز مول","https://www.google.com/maps/search/?api=1&query=Cin%C3%A9polis%20Cinemas%20-%20Oman%20Avenues%20Mall%20%D8%B3%D9%8A%D9%86%D9%85%D8%A7%20%D8%B3%D9%8A%D9%86%D8%A7%D8%A8%D9%88%D9%84%D8%B3%20-%20%D9%85%D8%B3%D9%82%D8%B7%20%D8%A3%D9%81%D9%8A%D9%86%D9%8A%D9%88%D8%B2%20%D9%85%D9%88%D9%84&query_place_id=ChIJJQi8_2X_kT4R_wLK-5zn2ss","5",,,
"Cinépolis Cinemas - Oman Avenues Mall سينما سينابولس - مسقط أفينيوز مول","https://www.google.com/maps/search/?api=1&query=Cin%C3%A9polis%20Cinemas%20-%20Oman%20Avenues%20Mall%20%D8%B3%D9%8A%D9%86%D9%85%D8%A7%20%D8%B3%D9%8A%D9%86%D8%A7%D8%A8%D9%88%D9%84%D8%B3%20-%20%D9%85%D8%B3%D9%82%D8%B7%20%D8%A3%D9%81%D9%8A%D9%86%D9%8A%D9%88%D8%B2%20%D9%85%D9%88%D9%84&query_place_id=ChIJJQi8_2X_kT4R_wLK-5zn2ss","3",,,"Air conditioning is very poor."
"Cinépolis Cinemas - Oman Avenues Mall سينما سينابولس - مسقط أفينيوز مول","https://www.google.com/maps/search/?api=1&query=Cin%C3%A9polis%20Cinemas%20-%20Oman%20Avenues%20Mall%20%D8%B3%D9%8A%D9%86%D9%85%D8%A7%20%D8%B3%D9%8A%D9%86%D8%A7%D8%A8%D9%88%D9%84%D8%B3%20-%20%D9%85%D8%B3%D9%82%D8%B7%20%D8%A3%D9%81%D9%8A%D9%86%D9%8A%D9%88%D8%B2%20%D9%85%D9%88%D9%84&query_place_id=ChIJJQi8_2X_kT4R_wLK-5zn2ss","1",,,"In online show time they mentioned but when we went directly they informed show is cancelled due to manpower availability. We travelled from far for night finally disappointed."
"Cinépolis Cinemas - Oman Avenues Mall سينما سينابولس - مسقط أفينيوز مول","https://www.google.com/maps/search/?api=1&query=Cin%C3%A9polis%20Cinemas%20-%20Oman%20Avenues%20Mall%20%D8%B3%D9%8A%D9%86%D9%85%D8%A7%20%D8%B3%D9%8A%D9%86%D8%A7%D8%A8%D9%88%D9%84%D8%B3%20-%20%D9%85%D8%B3%D9%82%D8%B7%20%D8%A3%D9%81%D9%8A%D9%86%D9%8A%D9%88%D8%B2%20%D9%85%D9%88%D9%84&query_place_id=ChIJJQi8_2X_kT4R_wLK-5zn2ss","5",,,
"Cinépolis Cinemas - Oman Avenues Mall سينما سينابولس - مسقط أفينيوز مول","https://www.google.com/maps/search/?api=1&query=Cin%C3%A9polis%20Cinemas%20-%20Oman%20Avenues%20Mall%20%D8%B3%D9%8A%D9%86%D9%85%D8%A7%20%D8%B3%D9%8A%D9%86%D8%A7%D8%A8%D9%88%D9%84%D8%B3%20-%20%D9%85%D8%B3%D9%82%D8%B7%20%D8%A3%D9%81%D9%8A%D9%86%D9%8A%D9%88%D8%B2%20%D9%85%D9%88%D9%84&query_place_id=ChIJJQi8_2X_kT4R_wLK-5zn2ss","4",,,
"Cinépolis Cinemas - Oman Avenues Mall سينما سينابولس - مسقط أفينيوز مول","https://www.google.com/maps/search/?api=1&query=Cin%C3%A9polis%20Cinemas%20-%20Oman%20Avenues%20Mall%20%D8%B3%D9%8A%D9%86%D9%85%D8%A7%20%D8%B3%D9%8A%D9%86%D8%A7%D8%A8%D9%88%D9%84%D8%B3%20-%20%D9%85%D8%B3%D9%82%D8%B7%20%D8%A3%D9%81%D9%8A%D9%86%D9%8A%D9%88%D8%B2%20%D9%85%D9%88%D9%84&query_place_id=ChIJJQi8_2X_kT4R_wLK-5zn2ss","5",,,
"Cinépolis Cinemas - Oman Avenues Mall سينما سينابولس - مسقط أفينيوز مول","https://www.google.com/maps/search/?api=1&query=Cin%C3%A9polis%20Cinemas%20-%20Oman%20Avenues%20Mall%20%D8%B3%D9%8A%D9%86%D9%85%D8%A7%20%D8%B3%D9%8A%D9%86%D8%A7%D8%A8%D9%88%D9%84%D8%B3%20-%20%D9%85%D8%B3%D9%82%D8%B7%20%D8%A3%D9%81%D9%8A%D9%86%D9%8A%D9%88%D8%B2%20%D9%85%D9%88%D9%84&query_place_id=ChIJJQi8_2X_kT4R_wLK-5zn2ss","4",,,
"Cinépolis Cinemas - Oman Avenues Mall سينما سينابولس - مسقط أفينيوز مول","https://www.google.com/maps/search/?api=1&query=Cin%C3%A9polis%20Cinemas%20-%20Oman%20Avenues%20Mall%20%D8%B3%D9%8A%D9%86%D9%85%D8%A7%20%D8%B3%D9%8A%D9%86%D8%A7%D8%A8%D9%88%D9%84%D8%B3%20-%20%D9%85%D8%B3%D9%82%D8%B7%20%D8%A3%D9%81%D9%8A%D9%86%D9%8A%D9%88%D8%B2%20%D9%85%D9%88%D9%84&query_place_id=ChIJJQi8_2X_kT4R_wLK-5zn2ss","4",,,"Very good"
"Cinépolis Cinemas - Oman Avenues Mall سينما سينابولس - مسقط أفينيوز مول","https://www.google.com/maps/search/?api=1&query=Cin%C3%A9polis%20Cinemas%20-%20Oman%20Avenues%20Mall%20%D8%B3%D9%8A%D9%86%D9%85%D8%A7%20%D8%B3%D9%8A%D9%86%D8%A7%D8%A8%D9%88%D9%84%D8%B3%20-%20%D9%85%D8%B3%D9%82%D8%B7%20%D8%A3%D9%81%D9%8A%D9%86%D9%8A%D9%88%D8%B2%20%D9%85%D9%88%D9%84&query_place_id=ChIJJQi8_2X_kT4R_wLK-5zn2ss","1",,,"Last time we noticed a very unprofessional behavior from the entry staff. Show was late. Upon approaching the counter TWICE we were informed to be seated at the reception as the show is late and they would call us before it starts. No one informed and we kept waiting. Hence we missed the first 10 mins of the movie despite of the fact that we paid extra amount for booking, Never experienced the same from VOX."
"Cinépolis Cinemas - Oman Avenues Mall سينما سينابولس - مسقط أفينيوز مول","https://www.google.com/maps/search/?api=1&query=Cin%C3%A9polis%20Cinemas%20-%20Oman%20Avenues%20Mall%20%D8%B3%D9%8A%D9%86%D9%85%D8%A7%20%D8%B3%D9%8A%D9%86%D8%A7%D8%A8%D9%88%D9%84%D8%B3%20-%20%D9%85%D8%B3%D9%82%D8%B7%20%D8%A3%D9%81%D9%8A%D9%86%D9%8A%D9%88%D8%B2%20%D9%85%D9%88%D9%84&query_place_id=ChIJJQi8_2X_kT4R_wLK-5zn2ss","5",,,"Go for 3 OR seats. It is good."
"Cinépolis Cinemas - Oman Avenues Mall سينما سينابولس - مسقط أفينيوز مول","https://www.google.com/maps/search/?api=1&query=Cin%C3%A9polis%20Cinemas%20-%20Oman%20Avenues%20Mall%20%D8%B3%D9%8A%D9%86%D9%85%D8%A7%20%D8%B3%D9%8A%D9%86%D8%A7%D8%A8%D9%88%D9%84%D8%B3%20-%20%D9%85%D8%B3%D9%82%D8%B7%20%D8%A3%D9%81%D9%8A%D9%86%D9%8A%D9%88%D8%B2%20%D9%85%D9%88%D9%84&query_place_id=ChIJJQi8_2X_kT4R_wLK-5zn2ss","5",,,
"Cinépolis Cinemas - Oman Avenues Mall سينما سينابولس - مسقط أفينيوز مول","https://www.google.com/maps/search/?api=1&query=Cin%C3%A9polis%20Cinemas%20-%20Oman%20Avenues%20Mall%20%D8%B3%D9%8A%D9%86%D9%85%D8%A7%20%D8%B3%D9%8A%D9%86%D8%A7%D8%A8%D9%88%D9%84%D8%B3%20-%20%D9%85%D8%B3%D9%82%D8%B7%20%D8%A3%D9%81%D9%8A%D9%86%D9%8A%D9%88%D8%B2%20%D9%85%D9%88%D9%84&query_place_id=ChIJJQi8_2X_kT4R_wLK-5zn2ss","3",,,
"Cinépolis Cinemas - Oman Avenues Mall سينما سينابولس - مسقط أفينيوز مول","https://www.google.com/maps/search/?api=1&query=Cin%C3%A9polis%20Cinemas%20-%20Oman%20Avenues%20Mall%20%D8%B3%D9%8A%D9%86%D9%85%D8%A7%20%D8%B3%D9%8A%D9%86%D8%A7%D8%A8%D9%88%D9%84%D8%B3%20-%20%D9%85%D8%B3%D9%82%D8%B7%20%D8%A3%D9%81%D9%8A%D9%86%D9%8A%D9%88%D8%B2%20%D9%85%D9%88%D9%84&query_place_id=ChIJJQi8_2X_kT4R_wLK-5zn2ss","5",,,
"Cinépolis Cinemas - Oasis Mall Salalah","https://www.google.com/maps/search/?api=1&query=Cin%C3%A9polis%20Cinemas%20-%20Oasis%20Mall%20Salalah&query_place_id=ChIJu1Gus4ph0T0RBXrJE1myh7Y","5",,,
"Cinépolis Cinemas - Oasis Mall Salalah","https://www.google.com/maps/search/?api=1&query=Cin%C3%A9polis%20Cinemas%20-%20Oasis%20Mall%20Salalah&query_place_id=ChIJu1Gus4ph0T0RBXrJE1myh7Y","2",,,"👎👎"
"Cinépolis Cinemas - Oasis Mall Salalah","https://www.google.com/maps/search/?api=1&query=Cin%C3%A9polis%20Cinemas%20-%20Oasis%20Mall%20Salalah&query_place_id=ChIJu1Gus4ph0T0RBXrJE1myh7Y","5",,,
"Cinépolis Cinemas - Oasis Mall Salalah","https://www.google.com/maps/search/?api=1&query=Cin%C3%A9polis%20Cinemas%20-%20Oasis%20Mall%20Salalah&query_place_id=ChIJu1Gus4ph0T0RBXrJE1myh7Y","3",,,
"Cinépolis Cinemas - Oasis Mall Salalah","https://www.google.com/maps/search/?api=1&query=Cin%C3%A9polis%20Cinemas%20-%20Oasis%20Mall%20Salalah&query_place_id=ChIJu1Gus4ph0T0RBXrJE1myh7Y","4",,,"Good movie theatre. Small but comfortable. Good sound system and seating arrangenent to provide good viewing experience."
"Cinépolis Cinemas - Oasis Mall Salalah","https://www.google.com/maps/search/?api=1&query=Cin%C3%A9polis%20Cinemas%20-%20Oasis%20Mall%20Salalah&query_place_id=ChIJu1Gus4ph0T0RBXrJE1myh7Y","5",,,
"Cinépolis Cinemas - Oasis Mall Salalah","https://www.google.com/maps/search/?api=1&query=Cin%C3%A9polis%20Cinemas%20-%20Oasis%20Mall%20Salalah&query_place_id=ChIJu1Gus4ph0T0RBXrJE1myh7Y","4",,,
"Cinépolis Cinemas - Oasis Mall Salalah","https://www.google.com/maps/search/?api=1&query=Cin%C3%A9polis%20Cinemas%20-%20Oasis%20Mall%20Salalah&query_place_id=ChIJu1Gus4ph0T0RBXrJE1myh7Y","5",,,
"Cinépolis Cinemas - Oasis Mall Salalah","https://www.google.com/maps/search/?api=1&query=Cin%C3%A9polis%20Cinemas%20-%20Oasis%20Mall%20Salalah&query_place_id=ChIJu1Gus4ph0T0RBXrJE1myh7Y","5",,,
"Cinépolis Cinemas - Oasis Mall Salalah","https://www.google.com/maps/search/?api=1&query=Cin%C3%A9polis%20Cinemas%20-%20Oasis%20Mall%20Salalah&query_place_id=ChIJu1Gus4ph0T0RBXrJE1myh7Y","4",,,"Restaurants for dining is required"
"Cinepolis Cinemas","https://www.google.com/maps/search/?api=1&query=Cinepolis%20Cinemas&query_place_id=ChIJw4-SAAVFiz4RrJvH7oizRpg","5",,,
"Cinepolis Cinemas","https://www.google.com/maps/search/?api=1&query=Cinepolis%20Cinemas&query_place_id=ChIJw4-SAAVFiz4RrJvH7oizRpg","5",,,
"Cinepolis Cinemas","https://www.google.com/maps/search/?api=1&query=Cinepolis%20Cinemas&query_place_id=ChIJw4-SAAVFiz4RrJvH7oizRpg","5",,,"Best cinema in Suhar and better than most cinemas in Muscat.
The tickets and confectionary items are a bit expensive. However, you get what you pay. They have an amazing kids cinema with some bean bags and play area including a giant slide. You can order food while in the comfort of your seat. Also the seats are comfortable including the standard ones."
"Cinepolis Cinemas","https://www.google.com/maps/search/?api=1&query=Cinepolis%20Cinemas&query_place_id=ChIJw4-SAAVFiz4RrJvH7oizRpg","5",,,"Good"
"Cinepolis Cinemas","https://www.google.com/maps/search/?api=1&query=Cinepolis%20Cinemas&query_place_id=ChIJw4-SAAVFiz4RrJvH7oizRpg","4",,,"Good theater have offers always"
"Cinepolis Cinemas","https://www.google.com/maps/search/?api=1&query=Cinepolis%20Cinemas&query_place_id=ChIJw4-SAAVFiz4RrJvH7oizRpg","1",,,
"Cinepolis Cinemas","https://www.google.com/maps/search/?api=1&query=Cinepolis%20Cinemas&query_place_id=ChIJw4-SAAVFiz4RrJvH7oizRpg","5",,,"رائعة"
"Cinepolis Cinemas","https://www.google.com/maps/search/?api=1&query=Cinepolis%20Cinemas&query_place_id=ChIJw4-SAAVFiz4RrJvH7oizRpg","5",,,
"Cinepolis Cinemas","https://www.google.com/maps/search/?api=1&query=Cinepolis%20Cinemas&query_place_id=ChIJw4-SAAVFiz4RrJvH7oizRpg","3",,,
"Cinepolis Cinemas","https://www.google.com/maps/search/?api=1&query=Cinepolis%20Cinemas&query_place_id=ChIJw4-SAAVFiz4RrJvH7oizRpg","4",,,
"Cinepolis Cinemas","https://www.google.com/maps/search/?api=1&query=Cinepolis%20Cinemas&query_place_id=ChIJw4-SAAVFiz4RrJvH7oizRpg","5",,,
"Cinepolis Cinemas","https://www.google.com/maps/search/?api=1&query=Cinepolis%20Cinemas&query_place_id=ChIJw4-SAAVFiz4RrJvH7oizRpg","5",,,
"Cinepolis Cinemas","https://www.google.com/maps/search/?api=1&query=Cinepolis%20Cinemas&query_place_id=ChIJw4-SAAVFiz4RrJvH7oizRpg","3",,,
"Cinepolis Cinemas","https://www.google.com/maps/search/?api=1&query=Cinepolis%20Cinemas&query_place_id=ChIJw4-SAAVFiz4RrJvH7oizRpg","5",,,
"Cinepolis Cinemas","https://www.google.com/maps/search/?api=1&query=Cinepolis%20Cinemas&query_place_id=ChIJw4-SAAVFiz4RrJvH7oizRpg","5",,,"Budget friendly cinema in Sohar"
"Cinepolis Cinemas","https://www.google.com/maps/search/?api=1&query=Cinepolis%20Cinemas&query_place_id=ChIJw4-SAAVFiz4RrJvH7oizRpg","4",,,
"Cinepolis Cinemas","https://www.google.com/maps/search/?api=1&query=Cinepolis%20Cinemas&query_place_id=ChIJw4-SAAVFiz4RrJvH7oizRpg","4",,,"Except Annoying ads , ambient ok"
"Cinepolis Cinemas","https://www.google.com/maps/search/?api=1&query=Cinepolis%20Cinemas&query_place_id=ChIJw4-SAAVFiz4RrJvH7oizRpg","4",,,"god"
"Cinepolis Cinemas","https://www.google.com/maps/search/?api=1&query=Cinepolis%20Cinemas&query_place_id=ChIJw4-SAAVFiz4RrJvH7oizRpg","5",,,
"Cinepolis Cinemas","https://www.google.com/maps/search/?api=1&query=Cinepolis%20Cinemas&query_place_id=ChIJw4-SAAVFiz4RrJvH7oizRpg","5",,,
"Cinépolis Cinemas - Oman Avenues Mall سينما سينابولس - مسقط أفينيوز مول","https://www.google.com/maps/search/?api=1&query=Cin%C3%A9polis%20Cinemas%20-%20Oman%20Avenues%20Mall%20%D8%B3%D9%8A%D9%86%D9%85%D8%A7%20%D8%B3%D9%8A%D9%86%D8%A7%D8%A8%D9%88%D9%84%D8%B3%20-%20%D9%85%D8%B3%D9%82%D8%B7%20%D8%A3%D9%81%D9%8A%D9%86%D9%8A%D9%88%D8%B2%20%D9%85%D9%88%D9%84&query_place_id=ChIJJQi8_2X_kT4R_wLK-5zn2ss","5",,,"Indulge in Cinematic Luxury at Cinépolis VIP Muscat

Cinépolis VIP Muscat elevates the movie-going experience to new heights of comfort and sophistication. From the moment you step into the plush lobby, you're enveloped in an atmosphere of elegance and exclusivity.

Unparalleled Comfort

Sink into the plush, fully reclining seats that offer ample legroom and personalized controls. Indulge in the complimentary blankets and pillows, creating a cocoon of comfort while you immerse yourself in the cinematic world.

Gourmet Delights at Your Seat

Cinépolis VIP Muscat takes the concept of in-seat dining to a whole new level. A dedicated waiter is always at your service, ready to take your order from an extensive menu of gourmet treats. From savory snacks to decadent desserts, your culinary cravings are sure to be satisfied.

First-Class Service

The attentive staff at Cinépolis VIP Muscat ensures that your every need is met with professionalism and a genuine smile. They anticipate your desires, whether it's refilling your drink or adjusting the lighting, ensuring an uninterrupted and enjoyable cinematic experience.

Technological Excellence

State-of-the-art projection and sound systems deliver breathtaking visuals and immersive audio, transporting you to the heart of the story. The crystal-clear images and captivating sound effects make every scene come to life.

A Luxurious Escape

Cinépolis VIP Muscat is more than just a movie theater; it's an escape from the ordinary, a sanctuary where you can unwind and indulge in a world of cinematic excellence. Whether you're seeking a romantic evening or a memorable outing with friends, Cinépolis VIP Muscat promises an unforgettable experience.

Key Highlights

Plush, fully reclining seats with ample legroom
Complimentary blankets and pillows for added comfort
In-seat gourmet dining with an extensive menu
Attentive and professional staff
State-of-the-art projection and sound systems"
"Cinépolis Cinemas - Oman Avenues Mall سينما سينابولس - مسقط أفينيوز مول","https://www.google.com/maps/search/?api=1&query=Cin%C3%A9polis%20Cinemas%20-%20Oman%20Avenues%20Mall%20%D8%B3%D9%8A%D9%86%D9%85%D8%A7%20%D8%B3%D9%8A%D9%86%D8%A7%D8%A8%D9%88%D9%84%D8%B3%20-%20%D9%85%D8%B3%D9%82%D8%B7%20%D8%A3%D9%81%D9%8A%D9%86%D9%8A%D9%88%D8%B2%20%D9%85%D9%88%D9%84&query_place_id=ChIJJQi8_2X_kT4R_wLK-5zn2ss","5",,,
"Cinépolis Cinemas - Oman Avenues Mall سينما سينابولس - مسقط أفينيوز مول","https://www.google.com/maps/search/?api=1&query=Cin%C3%A9polis%20Cinemas%20-%20Oman%20Avenues%20Mall%20%D8%B3%D9%8A%D9%86%D9%85%D8%A7%20%D8%B3%D9%8A%D9%86%D8%A7%D8%A8%D9%88%D9%84%D8%B3%20-%20%D9%85%D8%B3%D9%82%D8%B7%20%D8%A3%D9%81%D9%8A%D9%86%D9%8A%D9%88%D8%B2%20%D9%85%D9%88%D9%84&query_place_id=ChIJJQi8_2X_kT4R_wLK-5zn2ss","5",,,
"Cinépolis Cinemas - Oman Avenues Mall سينما سينابولس - مسقط أفينيوز مول","https://www.google.com/maps/search/?api=1&query=Cin%C3%A9polis%20Cinemas%20-%20Oman%20Avenues%20Mall%20%D8%B3%D9%8A%D9%86%D9%85%D8%A7%20%D8%B3%D9%8A%D9%86%D8%A7%D8%A8%D9%88%D9%84%D8%B3%20-%20%D9%85%D8%B3%D9%82%D8%B7%20%D8%A3%D9%81%D9%8A%D9%86%D9%8A%D9%88%D8%B2%20%D9%85%D9%88%D9%84&query_place_id=ChIJJQi8_2X_kT4R_wLK-5zn2ss","5",,,
"Cinépolis Cinemas - Oman Avenues Mall سينما سينابولس - مسقط أفينيوز مول","https://www.google.com/maps/search/?api=1&query=Cin%C3%A9polis%20Cinemas%20-%20Oman%20Avenues%20Mall%20%D8%B3%D9%8A%D9%86%D9%85%D8%A7%20%D8%B3%D9%8A%D9%86%D8%A7%D8%A8%D9%88%D9%84%D8%B3%20-%20%D9%85%D8%B3%D9%82%D8%B7%20%D8%A3%D9%81%D9%8A%D9%86%D9%8A%D9%88%D8%B2%20%D9%85%D9%88%D9%84&query_place_id=ChIJJQi8_2X_kT4R_wLK-5zn2ss","5",,,"Awesome ambience and sound system"
"Cinépolis Cinemas - Oman Avenues Mall سينما سينابولس - مسقط أفينيوز مول","https://www.google.com/maps/search/?api=1&query=Cin%C3%A9polis%20Cinemas%20-%20Oman%20Avenues%20Mall%20%D8%B3%D9%8A%D9%86%D9%85%D8%A7%20%D8%B3%D9%8A%D9%86%D8%A7%D8%A8%D9%88%D9%84%D8%B3%20-%20%D9%85%D8%B3%D9%82%D8%B7%20%D8%A3%D9%81%D9%8A%D9%86%D9%8A%D9%88%D8%B2%20%D9%85%D9%88%D9%84&query_place_id=ChIJJQi8_2X_kT4R_wLK-5zn2ss","4",,,
"Cinépolis Cinemas - Oman Avenues Mall سينما سينابولس - مسقط أفينيوز مول","https://www.google.com/maps/search/?api=1&query=Cin%C3%A9polis%20Cinemas%20-%20Oman%20Avenues%20Mall%20%D8%B3%D9%8A%D9%86%D9%85%D8%A7%20%D8%B3%D9%8A%D9%86%D8%A7%D8%A8%D9%88%D9%84%D8%B3%20-%20%D9%85%D8%B3%D9%82%D8%B7%20%D8%A3%D9%81%D9%8A%D9%86%D9%8A%D9%88%D8%B2%20%D9%85%D9%88%D9%84&query_place_id=ChIJJQi8_2X_kT4R_wLK-5zn2ss","5",,,
"Cinépolis Cinemas - Oman Avenues Mall سينما سينابولس - مسقط أفينيوز مول","https://www.google.com/maps/search/?api=1&query=Cin%C3%A9polis%20Cinemas%20-%20Oman%20Avenues%20Mall%20%D8%B3%D9%8A%D9%86%D9%85%D8%A7%20%D8%B3%D9%8A%D9%86%D8%A7%D8%A8%D9%88%D9%84%D8%B3%20-%20%D9%85%D8%B3%D9%82%D8%B7%20%D8%A3%D9%81%D9%8A%D9%86%D9%8A%D9%88%D8%B2%20%D9%85%D9%88%D9%84&query_place_id=ChIJJQi8_2X_kT4R_wLK-5zn2ss","5",,,
"Cinépolis Cinemas - Oman Avenues Mall سينما سينابولس - مسقط أفينيوز مول","https://www.google.com/maps/search/?api=1&query=Cin%C3%A9polis%20Cinemas%20-%20Oman%20Avenues%20Mall%20%D8%B3%D9%8A%D9%86%D9%85%D8%A7%20%D8%B3%D9%8A%D9%86%D8%A7%D8%A8%D9%88%D9%84%D8%B3%20-%20%D9%85%D8%B3%D9%82%D8%B7%20%D8%A3%D9%81%D9%8A%D9%86%D9%8A%D9%88%D8%B2%20%D9%85%D9%88%D9%84&query_place_id=ChIJJQi8_2X_kT4R_wLK-5zn2ss","5",,,
"Cinépolis Cinemas - Oman Avenues Mall سينما سينابولس - مسقط أفينيوز مول","https://www.google.com/maps/search/?api=1&query=Cin%C3%A9polis%20Cinemas%20-%20Oman%20Avenues%20Mall%20%D8%B3%D9%8A%D9%86%D9%85%D8%A7%20%D8%B3%D9%8A%D9%86%D8%A7%D8%A8%D9%88%D9%84%D8%B3%20-%20%D9%85%D8%B3%D9%82%D8%B7%20%D8%A3%D9%81%D9%8A%D9%86%D9%8A%D9%88%D8%B2%20%D9%85%D9%88%D9%84&query_place_id=ChIJJQi8_2X_kT4R_wLK-5zn2ss","5",,,
"Cinépolis Cinemas - Oman Avenues Mall سينما سينابولس - مسقط أفينيوز مول","https://www.google.com/maps/search/?api=1&query=Cin%C3%A9polis%20Cinemas%20-%20Oman%20Avenues%20Mall%20%D8%B3%D9%8A%D9%86%D9%85%D8%A7%20%D8%B3%D9%8A%D9%86%D8%A7%D8%A8%D9%88%D9%84%D8%B3%20-%20%D9%85%D8%B3%D9%82%D8%B7%20%D8%A3%D9%81%D9%8A%D9%86%D9%8A%D9%88%D8%B2%20%D9%85%D9%88%D9%84&query_place_id=ChIJJQi8_2X_kT4R_wLK-5zn2ss","5",,,"It was an amazing experience."
"Cinépolis Cinemas - Oman Avenues Mall سينما سينابولس - مسقط أفينيوز مول","https://www.google.com/maps/search/?api=1&query=Cin%C3%A9polis%20Cinemas%20-%20Oman%20Avenues%20Mall%20%D8%B3%D9%8A%D9%86%D9%85%D8%A7%20%D8%B3%D9%8A%D9%86%D8%A7%D8%A8%D9%88%D9%84%D8%B3%20-%20%D9%85%D8%B3%D9%82%D8%B7%20%D8%A3%D9%81%D9%8A%D9%86%D9%8A%D9%88%D8%B2%20%D9%85%D9%88%D9%84&query_place_id=ChIJJQi8_2X_kT4R_wLK-5zn2ss","1",,,"Bad management. We arrived 10 min before the movie start. and they did not let us enter. They said we have to enter when the movie start"
"Cinépolis Cinemas - Oman Avenues Mall سينما سينابولس - مسقط أفينيوز مول","https://www.google.com/maps/search/?api=1&query=Cin%C3%A9polis%20Cinemas%20-%20Oman%20Avenues%20Mall%20%D8%B3%D9%8A%D9%86%D9%85%D8%A7%20%D8%B3%D9%8A%D9%86%D8%A7%D8%A8%D9%88%D9%84%D8%B3%20-%20%D9%85%D8%B3%D9%82%D8%B7%20%D8%A3%D9%81%D9%8A%D9%86%D9%8A%D9%88%D8%B2%20%D9%85%D9%88%D9%84&query_place_id=ChIJJQi8_2X_kT4R_wLK-5zn2ss","5",,,
"Cinépolis Cinemas - Oman Avenues Mall سينما سينابولس - مسقط أفينيوز مول","https://www.google.com/maps/search/?api=1&query=Cin%C3%A9polis%20Cinemas%20-%20Oman%20Avenues%20Mall%20%D8%B3%D9%8A%D9%86%D9%85%D8%A7%20%D8%B3%D9%8A%D9%86%D8%A7%D8%A8%D9%88%D9%84%D8%B3%20-%20%D9%85%D8%B3%D9%82%D8%B7%20%D8%A3%D9%81%D9%8A%D9%86%D9%8A%D9%88%D8%B2%20%D9%85%D9%88%D9%84&query_place_id=ChIJJQi8_2X_kT4R_wLK-5zn2ss","5",,,"Very good place. I like it"
"Cinépolis Cinemas - Oman Avenues Mall سينما سينابولس - مسقط أفينيوز مول","https://www.google.com/maps/search/?api=1&query=Cin%C3%A9polis%20Cinemas%20-%20Oman%20Avenues%20Mall%20%D8%B3%D9%8A%D9%86%D9%85%D8%A7%20%D8%B3%D9%8A%D9%86%D8%A7%D8%A8%D9%88%D9%84%D8%B3%20-%20%D9%85%D8%B3%D9%82%D8%B7%20%D8%A3%D9%81%D9%8A%D9%86%D9%8A%D9%88%D8%B2%20%D9%85%D9%88%D9%84&query_place_id=ChIJJQi8_2X_kT4R_wLK-5zn2ss","3",,,
"Cinépolis Cinemas - Oman Avenues Mall سينما سينابولس - مسقط أفينيوز مول","https://www.google.com/maps/search/?api=1&query=Cin%C3%A9polis%20Cinemas%20-%20Oman%20Avenues%20Mall%20%D8%B3%D9%8A%D9%86%D9%85%D8%A7%20%D8%B3%D9%8A%D9%86%D8%A7%D8%A8%D9%88%D9%84%D8%B3%20-%20%D9%85%D8%B3%D9%82%D8%B7%20%D8%A3%D9%81%D9%8A%D9%86%D9%8A%D9%88%D8%B2%20%D9%85%D9%88%D9%84&query_place_id=ChIJJQi8_2X_kT4R_wLK-5zn2ss","5",,,"great customer service and cinema experience"
"Cinépolis Cinemas - Oman Avenues Mall سينما سينابولس - مسقط أفينيوز مول","https://www.google.com/maps/search/?api=1&query=Cin%C3%A9polis%20Cinemas%20-%20Oman%20Avenues%20Mall%20%D8%B3%D9%8A%D9%86%D9%85%D8%A7%20%D8%B3%D9%8A%D9%86%D8%A7%D8%A8%D9%88%D9%84%D8%B3%20-%20%D9%85%D8%B3%D9%82%D8%B7%20%D8%A3%D9%81%D9%8A%D9%86%D9%8A%D9%88%D8%B2%20%D9%85%D9%88%D9%84&query_place_id=ChIJJQi8_2X_kT4R_wLK-5zn2ss","4",,,
"Cinépolis Cinemas - Oman Avenues Mall سينما سينابولس - مسقط أفينيوز مول","https://www.google.com/maps/search/?api=1&query=Cin%C3%A9polis%20Cinemas%20-%20Oman%20Avenues%20Mall%20%D8%B3%D9%8A%D9%86%D9%85%D8%A7%20%D8%B3%D9%8A%D9%86%D8%A7%D8%A8%D9%88%D9%84%D8%B3%20-%20%D9%85%D8%B3%D9%82%D8%B7%20%D8%A3%D9%81%D9%8A%D9%86%D9%8A%D9%88%D8%B2%20%D9%85%D9%88%D9%84&query_place_id=ChIJJQi8_2X_kT4R_wLK-5zn2ss","5",,,"Nice"
"Cinépolis Cinemas - Oman Avenues Mall سينما سينابولس - مسقط أفينيوز مول","https://www.google.com/maps/search/?api=1&query=Cin%C3%A9polis%20Cinemas%20-%20Oman%20Avenues%20Mall%20%D8%B3%D9%8A%D9%86%D9%85%D8%A7%20%D8%B3%D9%8A%D9%86%D8%A7%D8%A8%D9%88%D9%84%D8%B3%20-%20%D9%85%D8%B3%D9%82%D8%B7%20%D8%A3%D9%81%D9%8A%D9%86%D9%8A%D9%88%D8%B2%20%D9%85%D9%88%D9%84&query_place_id=ChIJJQi8_2X_kT4R_wLK-5zn2ss","5",,,"مكان جميل"
"Cinépolis Cinemas - Oman Avenues Mall سينما سينابولس - مسقط أفينيوز مول","https://www.google.com/maps/search/?api=1&query=Cin%C3%A9polis%20Cinemas%20-%20Oman%20Avenues%20Mall%20%D8%B3%D9%8A%D9%86%D9%85%D8%A7%20%D8%B3%D9%8A%D9%86%D8%A7%D8%A8%D9%88%D9%84%D8%B3%20-%20%D9%85%D8%B3%D9%82%D8%B7%20%D8%A3%D9%81%D9%8A%D9%86%D9%8A%D9%88%D8%B2%20%D9%85%D9%88%D9%84&query_place_id=ChIJJQi8_2X_kT4R_wLK-5zn2ss","4",,,
"Cinepolis Cinemas","https://www.google.com/maps/search/?api=1&query=Cinepolis%20Cinemas&query_place_id=ChIJw4-SAAVFiz4RrJvH7oizRpg","5",,,"Sami is the best at cinepolis"
"Cinepolis Cinemas","https://www.google.com/maps/search/?api=1&query=Cinepolis%20Cinemas&query_place_id=ChIJw4-SAAVFiz4RrJvH7oizRpg","3",,,
"Cinepolis Cinemas","https://www.google.com/maps/search/?api=1&query=Cinepolis%20Cinemas&query_place_id=ChIJw4-SAAVFiz4RrJvH7oizRpg","3",,,
"Cinepolis Cinemas","https://www.google.com/maps/search/?api=1&query=Cinepolis%20Cinemas&query_place_id=ChIJw4-SAAVFiz4RrJvH7oizRpg","5",,,
"Cinepolis Cinemas","https://www.google.com/maps/search/?api=1&query=Cinepolis%20Cinemas&query_place_id=ChIJw4-SAAVFiz4RrJvH7oizRpg","5",,,"Very beautiful sound effects."
"Cinepolis Cinemas","https://www.google.com/maps/search/?api=1&query=Cinepolis%20Cinemas&query_place_id=ChIJw4-SAAVFiz4RrJvH7oizRpg","3",,,
"Cinepolis Cinemas","https://www.google.com/maps/search/?api=1&query=Cinepolis%20Cinemas&query_place_id=ChIJw4-SAAVFiz4RrJvH7oizRpg","5",,,"Nice attitude of staff and good services"
"Cinepolis Cinemas","https://www.google.com/maps/search/?api=1&query=Cinepolis%20Cinemas&query_place_id=ChIJw4-SAAVFiz4RrJvH7oizRpg","5",,,"جميييل"
"Cinepolis Cinemas","https://www.google.com/maps/search/?api=1&query=Cinepolis%20Cinemas&query_place_id=ChIJw4-SAAVFiz4RrJvH7oizRpg","1",,,"During the screening, I was very disturbed by the presence of children in the playground area. Their screaming made it impossible to listen to the movie.

Given the significant amount we paid, we expected a high level of service. Unfortunately, this experience has left me reluctant to return to your theater."
"Cinepolis Cinemas","https://www.google.com/maps/search/?api=1&query=Cinepolis%20Cinemas&query_place_id=ChIJw4-SAAVFiz4RrJvH7oizRpg","5",,,"Very friendly behaviour and very helpful @sami"
"Cinepolis Cinemas","https://www.google.com/maps/search/?api=1&query=Cinepolis%20Cinemas&query_place_id=ChIJw4-SAAVFiz4RrJvH7oizRpg","5",,,"سامي موظف ممتاز ومتساعد"
"Cinepolis Cinemas","https://www.google.com/maps/search/?api=1&query=Cinepolis%20Cinemas&query_place_id=ChIJw4-SAAVFiz4RrJvH7oizRpg","5",,,"Better than Vox"
"Cinepolis Cinemas","https://www.google.com/maps/search/?api=1&query=Cinepolis%20Cinemas&query_place_id=ChIJw4-SAAVFiz4RrJvH7oizRpg","5",,,"Very friendly"
"Cinepolis Cinemas","https://www.google.com/maps/search/?api=1&query=Cinepolis%20Cinemas&query_place_id=ChIJw4-SAAVFiz4RrJvH7oizRpg","5",,,"دا باشا قدع"
"Cinepolis Cinemas","https://www.google.com/maps/search/?api=1&query=Cinepolis%20Cinemas&query_place_id=ChIJw4-SAAVFiz4RrJvH7oizRpg","5",,,
"Cinepolis Cinemas","https://www.google.com/maps/search/?api=1&query=Cinepolis%20Cinemas&query_place_id=ChIJw4-SAAVFiz4RrJvH7oizRpg","5",,,"سامي موظف ولا غلطه"
"Cinepolis Cinemas","https://www.google.com/maps/search/?api=1&query=Cinepolis%20Cinemas&query_place_id=ChIJw4-SAAVFiz4RrJvH7oizRpg","5",,,
"Cinepolis Cinemas","https://www.google.com/maps/search/?api=1&query=Cinepolis%20Cinemas&query_place_id=ChIJw4-SAAVFiz4RrJvH7oizRpg","5",,,
"Cinepolis Cinemas","https://www.google.com/maps/search/?api=1&query=Cinepolis%20Cinemas&query_place_id=ChIJw4-SAAVFiz4RrJvH7oizRpg","5",,,
"Cinepolis Cinemas","https://www.google.com/maps/search/?api=1&query=Cinepolis%20Cinemas&query_place_id=ChIJw4-SAAVFiz4RrJvH7oizRpg","5",,,
"Cinépolis Cinemas - Oman Avenues Mall سينما سينابولس - مسقط أفينيوز مول","https://www.google.com/maps/search/?api=1&query=Cin%C3%A9polis%20Cinemas%20-%20Oman%20Avenues%20Mall%20%D8%B3%D9%8A%D9%86%D9%85%D8%A7%20%D8%B3%D9%8A%D9%86%D8%A7%D8%A8%D9%88%D9%84%D8%B3%20-%20%D9%85%D8%B3%D9%82%D8%B7%20%D8%A3%D9%81%D9%8A%D9%86%D9%8A%D9%88%D8%B2%20%D9%85%D9%88%D9%84&query_place_id=ChIJJQi8_2X_kT4R_wLK-5zn2ss","5",,,"Always had a great experience in cinepolis"
"Cinépolis Cinemas - Oman Avenues Mall سينما سينابولس - مسقط أفينيوز مول","https://www.google.com/maps/search/?api=1&query=Cin%C3%A9polis%20Cinemas%20-%20Oman%20Avenues%20Mall%20%D8%B3%D9%8A%D9%86%D9%85%D8%A7%20%D8%B3%D9%8A%D9%86%D8%A7%D8%A8%D9%88%D9%84%D8%B3%20-%20%D9%85%D8%B3%D9%82%D8%B7%20%D8%A3%D9%81%D9%8A%D9%86%D9%8A%D9%88%D8%B2%20%D9%85%D9%88%D9%84&query_place_id=ChIJJQi8_2X_kT4R_wLK-5zn2ss","3",,,
"Cinépolis Cinemas - Oman Avenues Mall سينما سينابولس - مسقط أفينيوز مول","https://www.google.com/maps/search/?api=1&query=Cin%C3%A9polis%20Cinemas%20-%20Oman%20Avenues%20Mall%20%D8%B3%D9%8A%D9%86%D9%85%D8%A7%20%D8%B3%D9%8A%D9%86%D8%A7%D8%A8%D9%88%D9%84%D8%B3%20-%20%D9%85%D8%B3%D9%82%D8%B7%20%D8%A3%D9%81%D9%8A%D9%86%D9%8A%D9%88%D8%B2%20%D9%85%D9%88%D9%84&query_place_id=ChIJJQi8_2X_kT4R_wLK-5zn2ss","5",,,
"Cinépolis Cinemas - Oman Avenues Mall سينما سينابولس - مسقط أفينيوز مول","https://www.google.com/maps/search/?api=1&query=Cin%C3%A9polis%20Cinemas%20-%20Oman%20Avenues%20Mall%20%D8%B3%D9%8A%D9%86%D9%85%D8%A7%20%D8%B3%D9%8A%D9%86%D8%A7%D8%A8%D9%88%D9%84%D8%B3%20-%20%D9%85%D8%B3%D9%82%D8%B7%20%D8%A3%D9%81%D9%8A%D9%86%D9%8A%D9%88%D8%B2%20%D9%85%D9%88%D9%84&query_place_id=ChIJJQi8_2X_kT4R_wLK-5zn2ss","5",,,"الخدمة سريعة و القاعات واسعة و مريحة"
"Cinépolis Cinemas - Oman Avenues Mall سينما سينابولس - مسقط أفينيوز مول","https://www.google.com/maps/search/?api=1&query=Cin%C3%A9polis%20Cinemas%20-%20Oman%20Avenues%20Mall%20%D8%B3%D9%8A%D9%86%D9%85%D8%A7%20%D8%B3%D9%8A%D9%86%D8%A7%D8%A8%D9%88%D9%84%D8%B3%20-%20%D9%85%D8%B3%D9%82%D8%B7%20%D8%A3%D9%81%D9%8A%D9%86%D9%8A%D9%88%D8%B2%20%D9%85%D9%88%D9%84&query_place_id=ChIJJQi8_2X_kT4R_wLK-5zn2ss","5",,,"Really nice movie theater, nice screen and sounds"
"Cinépolis Cinemas - Oman Avenues Mall سينما سينابولس - مسقط أفينيوز مول","https://www.google.com/maps/search/?api=1&query=Cin%C3%A9polis%20Cinemas%20-%20Oman%20Avenues%20Mall%20%D8%B3%D9%8A%D9%86%D9%85%D8%A7%20%D8%B3%D9%8A%D9%86%D8%A7%D8%A8%D9%88%D9%84%D8%B3%20-%20%D9%85%D8%B3%D9%82%D8%B7%20%D8%A3%D9%81%D9%8A%D9%86%D9%8A%D9%88%D8%B2%20%D9%85%D9%88%D9%84&query_place_id=ChIJJQi8_2X_kT4R_wLK-5zn2ss","1",,,"They have made the smallest cup in the world and fill the coffee half the cup and take 1.2 OMR."
"Cinépolis Cinemas - Oman Avenues Mall سينما سينابولس - مسقط أفينيوز مول","https://www.google.com/maps/search/?api=1&query=Cin%C3%A9polis%20Cinemas%20-%20Oman%20Avenues%20Mall%20%D8%B3%D9%8A%D9%86%D9%85%D8%A7%20%D8%B3%D9%8A%D9%86%D8%A7%D8%A8%D9%88%D9%84%D8%B3%20-%20%D9%85%D8%B3%D9%82%D8%B7%20%D8%A3%D9%81%D9%8A%D9%86%D9%8A%D9%88%D8%B2%20%D9%85%D9%88%D9%84&query_place_id=ChIJJQi8_2X_kT4R_wLK-5zn2ss","4",,,
"Cinépolis Cinemas - Oman Avenues Mall سينما سينابولس - مسقط أفينيوز مول","https://www.google.com/maps/search/?api=1&query=Cin%C3%A9polis%20Cinemas%20-%20Oman%20Avenues%20Mall%20%D8%B3%D9%8A%D9%86%D9%85%D8%A7%20%D8%B3%D9%8A%D9%86%D8%A7%D8%A8%D9%88%D9%84%D8%B3%20-%20%D9%85%D8%B3%D9%82%D8%B7%20%D8%A3%D9%81%D9%8A%D9%86%D9%8A%D9%88%D8%B2%20%D9%85%D9%88%D9%84&query_place_id=ChIJJQi8_2X_kT4R_wLK-5zn2ss","5",,,
"Cinépolis Cinemas - Oman Avenues Mall سينما سينابولس - مسقط أفينيوز مول","https://www.google.com/maps/search/?api=1&query=Cin%C3%A9polis%20Cinemas%20-%20Oman%20Avenues%20Mall%20%D8%B3%D9%8A%D9%86%D9%85%D8%A7%20%D8%B3%D9%8A%D9%86%D8%A7%D8%A8%D9%88%D9%84%D8%B3%20-%20%D9%85%D8%B3%D9%82%D8%B7%20%D8%A3%D9%81%D9%8A%D9%86%D9%8A%D9%88%D8%B2%20%D9%85%D9%88%D9%84&query_place_id=ChIJJQi8_2X_kT4R_wLK-5zn2ss","5",,,
"Cinépolis Cinemas - Oman Avenues Mall سينما سينابولس - مسقط أفينيوز مول","https://www.google.com/maps/search/?api=1&query=Cin%C3%A9polis%20Cinemas%20-%20Oman%20Avenues%20Mall%20%D8%B3%D9%8A%D9%86%D9%85%D8%A7%20%D8%B3%D9%8A%D9%86%D8%A7%D8%A8%D9%88%D9%84%D8%B3%20-%20%D9%85%D8%B3%D9%82%D8%B7%20%D8%A3%D9%81%D9%8A%D9%86%D9%8A%D9%88%D8%B2%20%D9%85%D9%88%D9%84&query_place_id=ChIJJQi8_2X_kT4R_wLK-5zn2ss","3",,,"Good"
"Cinépolis Cinemas - Oman Avenues Mall سينما سينابولس - مسقط أفينيوز مول","https://www.google.com/maps/search/?api=1&query=Cin%C3%A9polis%20Cinemas%20-%20Oman%20Avenues%20Mall%20%D8%B3%D9%8A%D9%86%D9%85%D8%A7%20%D8%B3%D9%8A%D9%86%D8%A7%D8%A8%D9%88%D9%84%D8%B3%20-%20%D9%85%D8%B3%D9%82%D8%B7%20%D8%A3%D9%81%D9%8A%D9%86%D9%8A%D9%88%D8%B2%20%D9%85%D9%88%D9%84&query_place_id=ChIJJQi8_2X_kT4R_wLK-5zn2ss","5",,,"Luxury seats are amazing"
"Cinépolis Cinemas - Oman Avenues Mall سينما سينابولس - مسقط أفينيوز مول","https://www.google.com/maps/search/?api=1&query=Cin%C3%A9polis%20Cinemas%20-%20Oman%20Avenues%20Mall%20%D8%B3%D9%8A%D9%86%D9%85%D8%A7%20%D8%B3%D9%8A%D9%86%D8%A7%D8%A8%D9%88%D9%84%D8%B3%20-%20%D9%85%D8%B3%D9%82%D8%B7%20%D8%A3%D9%81%D9%8A%D9%86%D9%8A%D9%88%D8%B2%20%D9%85%D9%88%D9%84&query_place_id=ChIJJQi8_2X_kT4R_wLK-5zn2ss","5",,,"Amazing experience watching cinema"
"Cinépolis Cinemas - Oman Avenues Mall سينما سينابولس - مسقط أفينيوز مول","https://www.google.com/maps/search/?api=1&query=Cin%C3%A9polis%20Cinemas%20-%20Oman%20Avenues%20Mall%20%D8%B3%D9%8A%D9%86%D9%85%D8%A7%20%D8%B3%D9%8A%D9%86%D8%A7%D8%A8%D9%88%D9%84%D8%B3%20-%20%D9%85%D8%B3%D9%82%D8%B7%20%D8%A3%D9%81%D9%8A%D9%86%D9%8A%D9%88%D8%B2%20%D9%85%D9%88%D9%84&query_place_id=ChIJJQi8_2X_kT4R_wLK-5zn2ss","5",,,"👍👍👍👍"
"Cinépolis Cinemas - Oman Avenues Mall سينما سينابولس - مسقط أفينيوز مول","https://www.google.com/maps/search/?api=1&query=Cin%C3%A9polis%20Cinemas%20-%20Oman%20Avenues%20Mall%20%D8%B3%D9%8A%D9%86%D9%85%D8%A7%20%D8%B3%D9%8A%D9%86%D8%A7%D8%A8%D9%88%D9%84%D8%B3%20-%20%D9%85%D8%B3%D9%82%D8%B7%20%D8%A3%D9%81%D9%8A%D9%86%D9%8A%D9%88%D8%B2%20%D9%85%D9%88%D9%84&query_place_id=ChIJJQi8_2X_kT4R_wLK-5zn2ss","5",,,"احلى شي عندهم 4D motion"
"Cinépolis Cinemas - Oman Avenues Mall سينما سينابولس - مسقط أفينيوز مول","https://www.google.com/maps/search/?api=1&query=Cin%C3%A9polis%20Cinemas%20-%20Oman%20Avenues%20Mall%20%D8%B3%D9%8A%D9%86%D9%85%D8%A7%20%D8%B3%D9%8A%D9%86%D8%A7%D8%A8%D9%88%D9%84%D8%B3%20-%20%D9%85%D8%B3%D9%82%D8%B7%20%D8%A3%D9%81%D9%8A%D9%86%D9%8A%D9%88%D8%B2%20%D9%85%D9%88%D9%84&query_place_id=ChIJJQi8_2X_kT4R_wLK-5zn2ss","5",,,"Good arrangement of seats"
"Cinépolis Cinemas - Oman Avenues Mall سينما سينابولس - مسقط أفينيوز مول","https://www.google.com/maps/search/?api=1&query=Cin%C3%A9polis%20Cinemas%20-%20Oman%20Avenues%20Mall%20%D8%B3%D9%8A%D9%86%D9%85%D8%A7%20%D8%B3%D9%8A%D9%86%D8%A7%D8%A8%D9%88%D9%84%D8%B3%20-%20%D9%85%D8%B3%D9%82%D8%B7%20%D8%A3%D9%81%D9%8A%D9%86%D9%8A%D9%88%D8%B2%20%D9%85%D9%88%D9%84&query_place_id=ChIJJQi8_2X_kT4R_wLK-5zn2ss","4",,,"Its a nice movie experience there, friendly staff and if you choose wisely online you will get tickets for best price"
"Cinépolis Cinemas - Oman Avenues Mall سينما سينابولس - مسقط أفينيوز مول","https://www.google.com/maps/search/?api=1&query=Cin%C3%A9polis%20Cinemas%20-%20Oman%20Avenues%20Mall%20%D8%B3%D9%8A%D9%86%D9%85%D8%A7%20%D8%B3%D9%8A%D9%86%D8%A7%D8%A8%D9%88%D9%84%D8%B3%20-%20%D9%85%D8%B3%D9%82%D8%B7%20%D8%A3%D9%81%D9%8A%D9%86%D9%8A%D9%88%D8%B2%20%D9%85%D9%88%D9%84&query_place_id=ChIJJQi8_2X_kT4R_wLK-5zn2ss","5",,,
"Cinépolis Cinemas - Oman Avenues Mall سينما سينابولس - مسقط أفينيوز مول","https://www.google.com/maps/search/?api=1&query=Cin%C3%A9polis%20Cinemas%20-%20Oman%20Avenues%20Mall%20%D8%B3%D9%8A%D9%86%D9%85%D8%A7%20%D8%B3%D9%8A%D9%86%D8%A7%D8%A8%D9%88%D9%84%D8%B3%20-%20%D9%85%D8%B3%D9%82%D8%B7%20%D8%A3%D9%81%D9%8A%D9%86%D9%8A%D9%88%D8%B2%20%D9%85%D9%88%D9%84&query_place_id=ChIJJQi8_2X_kT4R_wLK-5zn2ss","5",,,"Good t see Good picture"
"Cinépolis Cinemas - Oman Avenues Mall سينما سينابولس - مسقط أفينيوز مول","https://www.google.com/maps/search/?api=1&query=Cin%C3%A9polis%20Cinemas%20-%20Oman%20Avenues%20Mall%20%D8%B3%D9%8A%D9%86%D9%85%D8%A7%20%D8%B3%D9%8A%D9%86%D8%A7%D8%A8%D9%88%D9%84%D8%B3%20-%20%D9%85%D8%B3%D9%82%D8%B7%20%D8%A3%D9%81%D9%8A%D9%86%D9%8A%D9%88%D8%B2%20%D9%85%D9%88%D9%84&query_place_id=ChIJJQi8_2X_kT4R_wLK-5zn2ss","5",,,
"Cinépolis Cinemas - Oman Avenues Mall سينما سينابولس - مسقط أفينيوز مول","https://www.google.com/maps/search/?api=1&query=Cin%C3%A9polis%20Cinemas%20-%20Oman%20Avenues%20Mall%20%D8%B3%D9%8A%D9%86%D9%85%D8%A7%20%D8%B3%D9%8A%D9%86%D8%A7%D8%A8%D9%88%D9%84%D8%B3%20-%20%D9%85%D8%B3%D9%82%D8%B7%20%D8%A3%D9%81%D9%8A%D9%86%D9%8A%D9%88%D8%B2%20%D9%85%D9%88%D9%84&query_place_id=ChIJJQi8_2X_kT4R_wLK-5zn2ss","4",,,"Nice entertaining timing location"
"Cinepolis Cinemas","https://www.google.com/maps/search/?api=1&query=Cinepolis%20Cinemas&query_place_id=ChIJw4-SAAVFiz4RrJvH7oizRpg","4",,,"صاله جميله"
"Cinepolis Cinemas","https://www.google.com/maps/search/?api=1&query=Cinepolis%20Cinemas&query_place_id=ChIJw4-SAAVFiz4RrJvH7oizRpg","5",,,
"Cinepolis Cinemas","https://www.google.com/maps/search/?api=1&query=Cinepolis%20Cinemas&query_place_id=ChIJw4-SAAVFiz4RrJvH7oizRpg","5",,,"Best entertainment place and pocket friendly"
"Cinepolis Cinemas","https://www.google.com/maps/search/?api=1&query=Cinepolis%20Cinemas&query_place_id=ChIJw4-SAAVFiz4RrJvH7oizRpg","3",,,"Sound effects below average"
"Cinepolis Cinemas","https://www.google.com/maps/search/?api=1&query=Cinepolis%20Cinemas&query_place_id=ChIJw4-SAAVFiz4RrJvH7oizRpg","4",,,
"Cinepolis Cinemas","https://www.google.com/maps/search/?api=1&query=Cinepolis%20Cinemas&query_place_id=ChIJw4-SAAVFiz4RrJvH7oizRpg","5",,,"ممتازه"
"Cinepolis Cinemas","https://www.google.com/maps/search/?api=1&query=Cinepolis%20Cinemas&query_place_id=ChIJw4-SAAVFiz4RrJvH7oizRpg","5",,,
"Cinepolis Cinemas","https://www.google.com/maps/search/?api=1&query=Cinepolis%20Cinemas&query_place_id=ChIJw4-SAAVFiz4RrJvH7oizRpg","5",,,
"Cinepolis Cinemas","https://www.google.com/maps/search/?api=1&query=Cinepolis%20Cinemas&query_place_id=ChIJw4-SAAVFiz4RrJvH7oizRpg","5",,,"Very nice screen.. comfortable seats"
"Cinepolis Cinemas","https://www.google.com/maps/search/?api=1&query=Cinepolis%20Cinemas&query_place_id=ChIJw4-SAAVFiz4RrJvH7oizRpg","5",,,
"Cinepolis Cinemas","https://www.google.com/maps/search/?api=1&query=Cinepolis%20Cinemas&query_place_id=ChIJw4-SAAVFiz4RrJvH7oizRpg","5",,,
"Cinepolis Cinemas","https://www.google.com/maps/search/?api=1&query=Cinepolis%20Cinemas&query_place_id=ChIJw4-SAAVFiz4RrJvH7oizRpg","5",,,
"Cinepolis Cinemas","https://www.google.com/maps/search/?api=1&query=Cinepolis%20Cinemas&query_place_id=ChIJw4-SAAVFiz4RrJvH7oizRpg","4",,,
"Cinepolis Cinemas","https://www.google.com/maps/search/?api=1&query=Cinepolis%20Cinemas&query_place_id=ChIJw4-SAAVFiz4RrJvH7oizRpg","5",,,
"Cinepolis Cinemas","https://www.google.com/maps/search/?api=1&query=Cinepolis%20Cinemas&query_place_id=ChIJw4-SAAVFiz4RrJvH7oizRpg","4",,,
"Cinepolis Cinemas","https://www.google.com/maps/search/?api=1&query=Cinepolis%20Cinemas&query_place_id=ChIJw4-SAAVFiz4RrJvH7oizRpg","5",,,"Good one, Enjoyed"
"Cinepolis Cinemas","https://www.google.com/maps/search/?api=1&query=Cinepolis%20Cinemas&query_place_id=ChIJw4-SAAVFiz4RrJvH7oizRpg","5",,,
"Cinepolis Cinemas","https://www.google.com/maps/search/?api=1&query=Cinepolis%20Cinemas&query_place_id=ChIJw4-SAAVFiz4RrJvH7oizRpg","5",,,"good"
"Cinepolis Cinemas","https://www.google.com/maps/search/?api=1&query=Cinepolis%20Cinemas&query_place_id=ChIJw4-SAAVFiz4RrJvH7oizRpg","5",,,
"Cinepolis Cinemas","https://www.google.com/maps/search/?api=1&query=Cinepolis%20Cinemas&query_place_id=ChIJw4-SAAVFiz4RrJvH7oizRpg","4",,,
"Cinépolis Cinemas - Oman Avenues Mall سينما سينابولس - مسقط أفينيوز مول","https://www.google.com/maps/search/?api=1&query=Cin%C3%A9polis%20Cinemas%20-%20Oman%20Avenues%20Mall%20%D8%B3%D9%8A%D9%86%D9%85%D8%A7%20%D8%B3%D9%8A%D9%86%D8%A7%D8%A8%D9%88%D9%84%D8%B3%20-%20%D9%85%D8%B3%D9%82%D8%B7%20%D8%A3%D9%81%D9%8A%D9%86%D9%8A%D9%88%D8%B2%20%D9%85%D9%88%D9%84&query_place_id=ChIJJQi8_2X_kT4R_wLK-5zn2ss","5",,,"Excellent 👌"
"Cinépolis Cinemas - Oman Avenues Mall سينما سينابولس - مسقط أفينيوز مول","https://www.google.com/maps/search/?api=1&query=Cin%C3%A9polis%20Cinemas%20-%20Oman%20Avenues%20Mall%20%D8%B3%D9%8A%D9%86%D9%85%D8%A7%20%D8%B3%D9%8A%D9%86%D8%A7%D8%A8%D9%88%D9%84%D8%B3%20-%20%D9%85%D8%B3%D9%82%D8%B7%20%D8%A3%D9%81%D9%8A%D9%86%D9%8A%D9%88%D8%B2%20%D9%85%D9%88%D9%84&query_place_id=ChIJJQi8_2X_kT4R_wLK-5zn2ss","5",,,"Most good viewing experience in oman. Sound quality seating are good. Only the thing is they charge 600 bz for a small bottle water which we can buy for 100 bz from outside."
"Cinépolis Cinemas - Oman Avenues Mall سينما سينابولس - مسقط أفينيوز مول","https://www.google.com/maps/search/?api=1&query=Cin%C3%A9polis%20Cinemas%20-%20Oman%20Avenues%20Mall%20%D8%B3%D9%8A%D9%86%D9%85%D8%A7%20%D8%B3%D9%8A%D9%86%D8%A7%D8%A8%D9%88%D9%84%D8%B3%20-%20%D9%85%D8%B3%D9%82%D8%B7%20%D8%A3%D9%81%D9%8A%D9%86%D9%8A%D9%88%D8%B2%20%D9%85%D9%88%D9%84&query_place_id=ChIJJQi8_2X_kT4R_wLK-5zn2ss","5",,,"No 1"
"Cinépolis Cinemas - Oman Avenues Mall سينما سينابولس - مسقط أفينيوز مول","https://www.google.com/maps/search/?api=1&query=Cin%C3%A9polis%20Cinemas%20-%20Oman%20Avenues%20Mall%20%D8%B3%D9%8A%D9%86%D9%85%D8%A7%20%D8%B3%D9%8A%D9%86%D8%A7%D8%A8%D9%88%D9%84%D8%B3%20-%20%D9%85%D8%B3%D9%82%D8%B7%20%D8%A3%D9%81%D9%8A%D9%86%D9%8A%D9%88%D8%B2%20%D9%85%D9%88%D9%84&query_place_id=ChIJJQi8_2X_kT4R_wLK-5zn2ss","4",,,
"Cinépolis Cinemas - Oman Avenues Mall سينما سينابولس - مسقط أفينيوز مول","https://www.google.com/maps/search/?api=1&query=Cin%C3%A9polis%20Cinemas%20-%20Oman%20Avenues%20Mall%20%D8%B3%D9%8A%D9%86%D9%85%D8%A7%20%D8%B3%D9%8A%D9%86%D8%A7%D8%A8%D9%88%D9%84%D8%B3%20-%20%D9%85%D8%B3%D9%82%D8%B7%20%D8%A3%D9%81%D9%8A%D9%86%D9%8A%D9%88%D8%B2%20%D9%85%D9%88%D9%84&query_place_id=ChIJJQi8_2X_kT4R_wLK-5zn2ss","5",,,"The pricing was at its best till August 2023. The sudden increase in the pricing after September was unexpected and now people making change to vox cinemas in mall of man  but If you are using bank muscat credit cards the pricing can be adjusted but not everyone can enjoy it's benefits"
"Cinépolis Cinemas - Oman Avenues Mall سينما سينابولس - مسقط أفينيوز مول","https://www.google.com/maps/search/?api=1&query=Cin%C3%A9polis%20Cinemas%20-%20Oman%20Avenues%20Mall%20%D8%B3%D9%8A%D9%86%D9%85%D8%A7%20%D8%B3%D9%8A%D9%86%D8%A7%D8%A8%D9%88%D9%84%D8%B3%20-%20%D9%85%D8%B3%D9%82%D8%B7%20%D8%A3%D9%81%D9%8A%D9%86%D9%8A%D9%88%D8%B2%20%D9%85%D9%88%D9%84&query_place_id=ChIJJQi8_2X_kT4R_wLK-5zn2ss","4",,,
"Cinépolis Cinemas - Oman Avenues Mall سينما سينابولس - مسقط أفينيوز مول","https://www.google.com/maps/search/?api=1&query=Cin%C3%A9polis%20Cinemas%20-%20Oman%20Avenues%20Mall%20%D8%B3%D9%8A%D9%86%D9%85%D8%A7%20%D8%B3%D9%8A%D9%86%D8%A7%D8%A8%D9%88%D9%84%D8%B3%20-%20%D9%85%D8%B3%D9%82%D8%B7%20%D8%A3%D9%81%D9%8A%D9%86%D9%8A%D9%88%D8%B2%20%D9%85%D9%88%D9%84&query_place_id=ChIJJQi8_2X_kT4R_wLK-5zn2ss","4",,,
"Cinépolis Cinemas - Oman Avenues Mall سينما سينابولس - مسقط أفينيوز مول","https://www.google.com/maps/search/?api=1&query=Cin%C3%A9polis%20Cinemas%20-%20Oman%20Avenues%20Mall%20%D8%B3%D9%8A%D9%86%D9%85%D8%A7%20%D8%B3%D9%8A%D9%86%D8%A7%D8%A8%D9%88%D9%84%D8%B3%20-%20%D9%85%D8%B3%D9%82%D8%B7%20%D8%A3%D9%81%D9%8A%D9%86%D9%8A%D9%88%D8%B2%20%D9%85%D9%88%D9%84&query_place_id=ChIJJQi8_2X_kT4R_wLK-5zn2ss","4",,,"Visited Here for watching Leo . Overall Good Experience. Good screen good seating. Sound quality is not too good . Still it is good for the price . Show supposed to start at 2'15 but it started at 2'30 because of the rush . Try not to buy snack because it's quite expensive.
Booked in the main screen ie, Macro XE. Other screen is small as compared to this one.
Overall good Experience."
"Cinépolis Cinemas - Oman Avenues Mall سينما سينابولس - مسقط أفينيوز مول","https://www.google.com/maps/search/?api=1&query=Cin%C3%A9polis%20Cinemas%20-%20Oman%20Avenues%20Mall%20%D8%B3%D9%8A%D9%86%D9%85%D8%A7%20%D8%B3%D9%8A%D9%86%D8%A7%D8%A8%D9%88%D9%84%D8%B3%20-%20%D9%85%D8%B3%D9%82%D8%B7%20%D8%A3%D9%81%D9%8A%D9%86%D9%8A%D9%88%D8%B2%20%D9%85%D9%88%D9%84&query_place_id=ChIJJQi8_2X_kT4R_wLK-5zn2ss","5",,,"Good Experience... 😘🤗🎉"
"Cinépolis Cinemas - Oman Avenues Mall سينما سينابولس - مسقط أفينيوز مول","https://www.google.com/maps/search/?api=1&query=Cin%C3%A9polis%20Cinemas%20-%20Oman%20Avenues%20Mall%20%D8%B3%D9%8A%D9%86%D9%85%D8%A7%20%D8%B3%D9%8A%D9%86%D8%A7%D8%A8%D9%88%D9%84%D8%B3%20-%20%D9%85%D8%B3%D9%82%D8%B7%20%D8%A3%D9%81%D9%8A%D9%86%D9%8A%D9%88%D8%B2%20%D9%85%D9%88%D9%84&query_place_id=ChIJJQi8_2X_kT4R_wLK-5zn2ss","4",,,"القاعه اللي دخلتها كانت كبيرة,  الشاشة كبيرة و الأصوات عالية جدا كأنك داخل الفيلم!"
"Cinépolis Cinemas - Oman Avenues Mall سينما سينابولس - مسقط أفينيوز مول","https://www.google.com/maps/search/?api=1&query=Cin%C3%A9polis%20Cinemas%20-%20Oman%20Avenues%20Mall%20%D8%B3%D9%8A%D9%86%D9%85%D8%A7%20%D8%B3%D9%8A%D9%86%D8%A7%D8%A8%D9%88%D9%84%D8%B3%20-%20%D9%85%D8%B3%D9%82%D8%B7%20%D8%A3%D9%81%D9%8A%D9%86%D9%8A%D9%88%D8%B2%20%D9%85%D9%88%D9%84&query_place_id=ChIJJQi8_2X_kT4R_wLK-5zn2ss","5",,,
"Cinépolis Cinemas - Oman Avenues Mall سينما سينابولس - مسقط أفينيوز مول","https://www.google.com/maps/search/?api=1&query=Cin%C3%A9polis%20Cinemas%20-%20Oman%20Avenues%20Mall%20%D8%B3%D9%8A%D9%86%D9%85%D8%A7%20%D8%B3%D9%8A%D9%86%D8%A7%D8%A8%D9%88%D9%84%D8%B3%20-%20%D9%85%D8%B3%D9%82%D8%B7%20%D8%A3%D9%81%D9%8A%D9%86%D9%8A%D9%88%D8%B2%20%D9%85%D9%88%D9%84&query_place_id=ChIJJQi8_2X_kT4R_wLK-5zn2ss","5",,,
"Cinépolis Cinemas - Oman Avenues Mall سينما سينابولس - مسقط أفينيوز مول","https://www.google.com/maps/search/?api=1&query=Cin%C3%A9polis%20Cinemas%20-%20Oman%20Avenues%20Mall%20%D8%B3%D9%8A%D9%86%D9%85%D8%A7%20%D8%B3%D9%8A%D9%86%D8%A7%D8%A8%D9%88%D9%84%D8%B3%20-%20%D9%85%D8%B3%D9%82%D8%B7%20%D8%A3%D9%81%D9%8A%D9%86%D9%8A%D9%88%D8%B2%20%D9%85%D9%88%D9%84&query_place_id=ChIJJQi8_2X_kT4R_wLK-5zn2ss","5",,,
"Cinépolis Cinemas - Oman Avenues Mall سينما سينابولس - مسقط أفينيوز مول","https://www.google.com/maps/search/?api=1&query=Cin%C3%A9polis%20Cinemas%20-%20Oman%20Avenues%20Mall%20%D8%B3%D9%8A%D9%86%D9%85%D8%A7%20%D8%B3%D9%8A%D9%86%D8%A7%D8%A8%D9%88%D9%84%D8%B3%20-%20%D9%85%D8%B3%D9%82%D8%B7%20%D8%A3%D9%81%D9%8A%D9%86%D9%8A%D9%88%D8%B2%20%D9%85%D9%88%D9%84&query_place_id=ChIJJQi8_2X_kT4R_wLK-5zn2ss","4",,,"Big screens, comfortable and clean seats, lot of parking options, but quite expensive snack & drinks options"
"Cinépolis Cinemas - Oman Avenues Mall سينما سينابولس - مسقط أفينيوز مول","https://www.google.com/maps/search/?api=1&query=Cin%C3%A9polis%20Cinemas%20-%20Oman%20Avenues%20Mall%20%D8%B3%D9%8A%D9%86%D9%85%D8%A7%20%D8%B3%D9%8A%D9%86%D8%A7%D8%A8%D9%88%D9%84%D8%B3%20-%20%D9%85%D8%B3%D9%82%D8%B7%20%D8%A3%D9%81%D9%8A%D9%86%D9%8A%D9%88%D8%B2%20%D9%85%D9%88%D9%84&query_place_id=ChIJJQi8_2X_kT4R_wLK-5zn2ss","3",,,"Watched Jawaan. Was a good experience. Felt that the volume was too high. Snacks are good but a pit overpriced. The security staff is bit serious and stern"
"Cinépolis Cinemas - Oman Avenues Mall سينما سينابولس - مسقط أفينيوز مول","https://www.google.com/maps/search/?api=1&query=Cin%C3%A9polis%20Cinemas%20-%20Oman%20Avenues%20Mall%20%D8%B3%D9%8A%D9%86%D9%85%D8%A7%20%D8%B3%D9%8A%D9%86%D8%A7%D8%A8%D9%88%D9%84%D8%B3%20-%20%D9%85%D8%B3%D9%82%D8%B7%20%D8%A3%D9%81%D9%8A%D9%86%D9%8A%D9%88%D8%B2%20%D9%85%D9%88%D9%84&query_place_id=ChIJJQi8_2X_kT4R_wLK-5zn2ss","5",,,"Much better then other cinemas, also food options are many, only downside Vox still serves the best Caramel popcorn :)"
"Cinépolis Cinemas - Oman Avenues Mall سينما سينابولس - مسقط أفينيوز مول","https://www.google.com/maps/search/?api=1&query=Cin%C3%A9polis%20Cinemas%20-%20Oman%20Avenues%20Mall%20%D8%B3%D9%8A%D9%86%D9%85%D8%A7%20%D8%B3%D9%8A%D9%86%D8%A7%D8%A8%D9%88%D9%84%D8%B3%20-%20%D9%85%D8%B3%D9%82%D8%B7%20%D8%A3%D9%81%D9%8A%D9%86%D9%8A%D9%88%D8%B2%20%D9%85%D9%88%D9%84&query_place_id=ChIJJQi8_2X_kT4R_wLK-5zn2ss","5",,,"Good 😊👍"
"Cinépolis Cinemas - Oman Avenues Mall سينما سينابولس - مسقط أفينيوز مول","https://www.google.com/maps/search/?api=1&query=Cin%C3%A9polis%20Cinemas%20-%20Oman%20Avenues%20Mall%20%D8%B3%D9%8A%D9%86%D9%85%D8%A7%20%D8%B3%D9%8A%D9%86%D8%A7%D8%A8%D9%88%D9%84%D8%B3%20-%20%D9%85%D8%B3%D9%82%D8%B7%20%D8%A3%D9%81%D9%8A%D9%86%D9%8A%D9%88%D8%B2%20%D9%85%D9%88%D9%84&query_place_id=ChIJJQi8_2X_kT4R_wLK-5zn2ss","5",,,"Luxurious"
"Cinépolis Cinemas - Oman Avenues Mall سينما سينابولس - مسقط أفينيوز مول","https://www.google.com/maps/search/?api=1&query=Cin%C3%A9polis%20Cinemas%20-%20Oman%20Avenues%20Mall%20%D8%B3%D9%8A%D9%86%D9%85%D8%A7%20%D8%B3%D9%8A%D9%86%D8%A7%D8%A8%D9%88%D9%84%D8%B3%20-%20%D9%85%D8%B3%D9%82%D8%B7%20%D8%A3%D9%81%D9%8A%D9%86%D9%8A%D9%88%D8%B2%20%D9%85%D9%88%D9%84&query_place_id=ChIJJQi8_2X_kT4R_wLK-5zn2ss","4",,,"Quality sound and screen"
"Cinépolis Cinemas - Oman Avenues Mall سينما سينابولس - مسقط أفينيوز مول","https://www.google.com/maps/search/?api=1&query=Cin%C3%A9polis%20Cinemas%20-%20Oman%20Avenues%20Mall%20%D8%B3%D9%8A%D9%86%D9%85%D8%A7%20%D8%B3%D9%8A%D9%86%D8%A7%D8%A8%D9%88%D9%84%D8%B3%20-%20%D9%85%D8%B3%D9%82%D8%B7%20%D8%A3%D9%81%D9%8A%D9%86%D9%8A%D9%88%D8%B2%20%D9%85%D9%88%D9%84&query_place_id=ChIJJQi8_2X_kT4R_wLK-5zn2ss","4",,,"Good"
"Cinépolis Cinemas - Oman Avenues Mall سينما سينابولس - مسقط أفينيوز مول","https://www.google.com/maps/search/?api=1&query=Cin%C3%A9polis%20Cinemas%20-%20Oman%20Avenues%20Mall%20%D8%B3%D9%8A%D9%86%D9%85%D8%A7%20%D8%B3%D9%8A%D9%86%D8%A7%D8%A8%D9%88%D9%84%D8%B3%20-%20%D9%85%D8%B3%D9%82%D8%B7%20%D8%A3%D9%81%D9%8A%D9%86%D9%8A%D9%88%D8%B2%20%D9%85%D9%88%D9%84&query_place_id=ChIJJQi8_2X_kT4R_wLK-5zn2ss","5",,,"Clean n tidy"
"Cinépolis Cinemas - Oman Avenues Mall سينما سينابولس - مسقط أفينيوز مول","https://www.google.com/maps/search/?api=1&query=Cin%C3%A9polis%20Cinemas%20-%20Oman%20Avenues%20Mall%20%D8%B3%D9%8A%D9%86%D9%85%D8%A7%20%D8%B3%D9%8A%D9%86%D8%A7%D8%A8%D9%88%D9%84%D8%B3%20-%20%D9%85%D8%B3%D9%82%D8%B7%20%D8%A3%D9%81%D9%8A%D9%86%D9%8A%D9%88%D8%B2%20%D9%85%D9%88%D9%84&query_place_id=ChIJJQi8_2X_kT4R_wLK-5zn2ss","5",,,"Best theatre experience and variety of snacks"
"Cinépolis Cinemas - Oman Avenues Mall سينما سينابولس - مسقط أفينيوز مول","https://www.google.com/maps/search/?api=1&query=Cin%C3%A9polis%20Cinemas%20-%20Oman%20Avenues%20Mall%20%D8%B3%D9%8A%D9%86%D9%85%D8%A7%20%D8%B3%D9%8A%D9%86%D8%A7%D8%A8%D9%88%D9%84%D8%B3%20-%20%D9%85%D8%B3%D9%82%D8%B7%20%D8%A3%D9%81%D9%8A%D9%86%D9%8A%D9%88%D8%B2%20%D9%85%D9%88%D9%84&query_place_id=ChIJJQi8_2X_kT4R_wLK-5zn2ss","5",,,"Great Experience 👍"
"Cinépolis Cinemas - Oman Avenues Mall سينما سينابولس - مسقط أفينيوز مول","https://www.google.com/maps/search/?api=1&query=Cin%C3%A9polis%20Cinemas%20-%20Oman%20Avenues%20Mall%20%D8%B3%D9%8A%D9%86%D9%85%D8%A7%20%D8%B3%D9%8A%D9%86%D8%A7%D8%A8%D9%88%D9%84%D8%B3%20-%20%D9%85%D8%B3%D9%82%D8%B7%20%D8%A3%D9%81%D9%8A%D9%86%D9%8A%D9%88%D8%B2%20%D9%85%D9%88%D9%84&query_place_id=ChIJJQi8_2X_kT4R_wLK-5zn2ss","4",,,
"Cinépolis Cinemas - Oman Avenues Mall سينما سينابولس - مسقط أفينيوز مول","https://www.google.com/maps/search/?api=1&query=Cin%C3%A9polis%20Cinemas%20-%20Oman%20Avenues%20Mall%20%D8%B3%D9%8A%D9%86%D9%85%D8%A7%20%D8%B3%D9%8A%D9%86%D8%A7%D8%A8%D9%88%D9%84%D8%B3%20-%20%D9%85%D8%B3%D9%82%D8%B7%20%D8%A3%D9%81%D9%8A%D9%86%D9%8A%D9%88%D8%B2%20%D9%85%D9%88%D9%84&query_place_id=ChIJJQi8_2X_kT4R_wLK-5zn2ss","5",,,
"Cinépolis Cinemas - Oman Avenues Mall سينما سينابولس - مسقط أفينيوز مول","https://www.google.com/maps/search/?api=1&query=Cin%C3%A9polis%20Cinemas%20-%20Oman%20Avenues%20Mall%20%D8%B3%D9%8A%D9%86%D9%85%D8%A7%20%D8%B3%D9%8A%D9%86%D8%A7%D8%A8%D9%88%D9%84%D8%B3%20-%20%D9%85%D8%B3%D9%82%D8%B7%20%D8%A3%D9%81%D9%8A%D9%86%D9%8A%D9%88%D8%B2%20%D9%85%D9%88%D9%84&query_place_id=ChIJJQi8_2X_kT4R_wLK-5zn2ss","5",,,
"Cinépolis Cinemas - Oman Avenues Mall سينما سينابولس - مسقط أفينيوز مول","https://www.google.com/maps/search/?api=1&query=Cin%C3%A9polis%20Cinemas%20-%20Oman%20Avenues%20Mall%20%D8%B3%D9%8A%D9%86%D9%85%D8%A7%20%D8%B3%D9%8A%D9%86%D8%A7%D8%A8%D9%88%D9%84%D8%B3%20-%20%D9%85%D8%B3%D9%82%D8%B7%20%D8%A3%D9%81%D9%8A%D9%86%D9%8A%D9%88%D8%B2%20%D9%85%D9%88%D9%84&query_place_id=ChIJJQi8_2X_kT4R_wLK-5zn2ss","5",,,
"Cinépolis Cinemas - Oman Avenues Mall سينما سينابولس - مسقط أفينيوز مول","https://www.google.com/maps/search/?api=1&query=Cin%C3%A9polis%20Cinemas%20-%20Oman%20Avenues%20Mall%20%D8%B3%D9%8A%D9%86%D9%85%D8%A7%20%D8%B3%D9%8A%D9%86%D8%A7%D8%A8%D9%88%D9%84%D8%B3%20-%20%D9%85%D8%B3%D9%82%D8%B7%20%D8%A3%D9%81%D9%8A%D9%86%D9%8A%D9%88%D8%B2%20%D9%85%D9%88%D9%84&query_place_id=ChIJJQi8_2X_kT4R_wLK-5zn2ss","4",,,
"Cinépolis Cinemas - Oman Avenues Mall سينما سينابولس - مسقط أفينيوز مول","https://www.google.com/maps/search/?api=1&query=Cin%C3%A9polis%20Cinemas%20-%20Oman%20Avenues%20Mall%20%D8%B3%D9%8A%D9%86%D9%85%D8%A7%20%D8%B3%D9%8A%D9%86%D8%A7%D8%A8%D9%88%D9%84%D8%B3%20-%20%D9%85%D8%B3%D9%82%D8%B7%20%D8%A3%D9%81%D9%8A%D9%86%D9%8A%D9%88%D8%B2%20%D9%85%D9%88%D9%84&query_place_id=ChIJJQi8_2X_kT4R_wLK-5zn2ss","5",,,
"Cinépolis Cinemas - Oman Avenues Mall سينما سينابولس - مسقط أفينيوز مول","https://www.google.com/maps/search/?api=1&query=Cin%C3%A9polis%20Cinemas%20-%20Oman%20Avenues%20Mall%20%D8%B3%D9%8A%D9%86%D9%85%D8%A7%20%D8%B3%D9%8A%D9%86%D8%A7%D8%A8%D9%88%D9%84%D8%B3%20-%20%D9%85%D8%B3%D9%82%D8%B7%20%D8%A3%D9%81%D9%8A%D9%86%D9%8A%D9%88%D8%B2%20%D9%85%D9%88%D9%84&query_place_id=ChIJJQi8_2X_kT4R_wLK-5zn2ss","5",,,
"Cinépolis Cinemas - Oman Avenues Mall سينما سينابولس - مسقط أفينيوز مول","https://www.google.com/maps/search/?api=1&query=Cin%C3%A9polis%20Cinemas%20-%20Oman%20Avenues%20Mall%20%D8%B3%D9%8A%D9%86%D9%85%D8%A7%20%D8%B3%D9%8A%D9%86%D8%A7%D8%A8%D9%88%D9%84%D8%B3%20-%20%D9%85%D8%B3%D9%82%D8%B7%20%D8%A3%D9%81%D9%8A%D9%86%D9%8A%D9%88%D8%B2%20%D9%85%D9%88%D9%84&query_place_id=ChIJJQi8_2X_kT4R_wLK-5zn2ss","5",,,"Good"
"Cinépolis Cinemas - Oman Avenues Mall سينما سينابولس - مسقط أفينيوز مول","https://www.google.com/maps/search/?api=1&query=Cin%C3%A9polis%20Cinemas%20-%20Oman%20Avenues%20Mall%20%D8%B3%D9%8A%D9%86%D9%85%D8%A7%20%D8%B3%D9%8A%D9%86%D8%A7%D8%A8%D9%88%D9%84%D8%B3%20-%20%D9%85%D8%B3%D9%82%D8%B7%20%D8%A3%D9%81%D9%8A%D9%86%D9%8A%D9%88%D8%B2%20%D9%85%D9%88%D9%84&query_place_id=ChIJJQi8_2X_kT4R_wLK-5zn2ss","4",,,
"Cinépolis Cinemas - Oman Avenues Mall سينما سينابولس - مسقط أفينيوز مول","https://www.google.com/maps/search/?api=1&query=Cin%C3%A9polis%20Cinemas%20-%20Oman%20Avenues%20Mall%20%D8%B3%D9%8A%D9%86%D9%85%D8%A7%20%D8%B3%D9%8A%D9%86%D8%A7%D8%A8%D9%88%D9%84%D8%B3%20-%20%D9%85%D8%B3%D9%82%D8%B7%20%D8%A3%D9%81%D9%8A%D9%86%D9%8A%D9%88%D8%B2%20%D9%85%D9%88%D9%84&query_place_id=ChIJJQi8_2X_kT4R_wLK-5zn2ss","4",,,
"Cinépolis Cinemas - Oman Avenues Mall سينما سينابولس - مسقط أفينيوز مول","https://www.google.com/maps/search/?api=1&query=Cin%C3%A9polis%20Cinemas%20-%20Oman%20Avenues%20Mall%20%D8%B3%D9%8A%D9%86%D9%85%D8%A7%20%D8%B3%D9%8A%D9%86%D8%A7%D8%A8%D9%88%D9%84%D8%B3%20-%20%D9%85%D8%B3%D9%82%D8%B7%20%D8%A3%D9%81%D9%8A%D9%86%D9%8A%D9%88%D8%B2%20%D9%85%D9%88%D9%84&query_place_id=ChIJJQi8_2X_kT4R_wLK-5zn2ss","4",,,"Deluxe seats are comfortable.  Discounted rates for the Indian movies. However, it was very expensive if you wanted to buy snacks"
"Cinépolis Cinemas - Oman Avenues Mall سينما سينابولس - مسقط أفينيوز مول","https://www.google.com/maps/search/?api=1&query=Cin%C3%A9polis%20Cinemas%20-%20Oman%20Avenues%20Mall%20%D8%B3%D9%8A%D9%86%D9%85%D8%A7%20%D8%B3%D9%8A%D9%86%D8%A7%D8%A8%D9%88%D9%84%D8%B3%20-%20%D9%85%D8%B3%D9%82%D8%B7%20%D8%A3%D9%81%D9%8A%D9%86%D9%8A%D9%88%D8%B2%20%D9%85%D9%88%D9%84&query_place_id=ChIJJQi8_2X_kT4R_wLK-5zn2ss","4",,,
"Cinépolis Cinemas - Oman Avenues Mall سينما سينابولس - مسقط أفينيوز مول","https://www.google.com/maps/search/?api=1&query=Cin%C3%A9polis%20Cinemas%20-%20Oman%20Avenues%20Mall%20%D8%B3%D9%8A%D9%86%D9%85%D8%A7%20%D8%B3%D9%8A%D9%86%D8%A7%D8%A8%D9%88%D9%84%D8%B3%20-%20%D9%85%D8%B3%D9%82%D8%B7%20%D8%A3%D9%81%D9%8A%D9%86%D9%8A%D9%88%D8%B2%20%D9%85%D9%88%D9%84&query_place_id=ChIJJQi8_2X_kT4R_wLK-5zn2ss","5",,,"Superb experience, especially the sound system is extraordinary."
"Cinépolis Cinemas - Oman Avenues Mall سينما سينابولس - مسقط أفينيوز مول","https://www.google.com/maps/search/?api=1&query=Cin%C3%A9polis%20Cinemas%20-%20Oman%20Avenues%20Mall%20%D8%B3%D9%8A%D9%86%D9%85%D8%A7%20%D8%B3%D9%8A%D9%86%D8%A7%D8%A8%D9%88%D9%84%D8%B3%20-%20%D9%85%D8%B3%D9%82%D8%B7%20%D8%A3%D9%81%D9%8A%D9%86%D9%8A%D9%88%D8%B2%20%D9%85%D9%88%D9%84&query_place_id=ChIJJQi8_2X_kT4R_wLK-5zn2ss","5",,,
"Cinépolis Cinemas - Oman Avenues Mall سينما سينابولس - مسقط أفينيوز مول","https://www.google.com/maps/search/?api=1&query=Cin%C3%A9polis%20Cinemas%20-%20Oman%20Avenues%20Mall%20%D8%B3%D9%8A%D9%86%D9%85%D8%A7%20%D8%B3%D9%8A%D9%86%D8%A7%D8%A8%D9%88%D9%84%D8%B3%20-%20%D9%85%D8%B3%D9%82%D8%B7%20%D8%A3%D9%81%D9%8A%D9%86%D9%8A%D9%88%D8%B2%20%D9%85%D9%88%D9%84&query_place_id=ChIJJQi8_2X_kT4R_wLK-5zn2ss","5",,,
"Cinépolis Cinemas - Oman Avenues Mall سينما سينابولس - مسقط أفينيوز مول","https://www.google.com/maps/search/?api=1&query=Cin%C3%A9polis%20Cinemas%20-%20Oman%20Avenues%20Mall%20%D8%B3%D9%8A%D9%86%D9%85%D8%A7%20%D8%B3%D9%8A%D9%86%D8%A7%D8%A8%D9%88%D9%84%D8%B3%20-%20%D9%85%D8%B3%D9%82%D8%B7%20%D8%A3%D9%81%D9%8A%D9%86%D9%8A%D9%88%D8%B2%20%D9%85%D9%88%D9%84&query_place_id=ChIJJQi8_2X_kT4R_wLK-5zn2ss","5",,,"Nice place, reasonable price. It's inside the mall and very close to the roof parking lot.
There are junior, regular, and luxury cinema... I believe you should try each of them at least once for the experience. The junior has slide from top to bottom section of the seating, and the luxury has retractable seat, pillow, and so on...
The food is decent, with reasonable price for cinema food.
Last time I visited, it was empty... Junior cinema was only 3 person, and luxury was only 7 person I think..."
"Cinépolis Cinemas - Oman Avenues Mall سينما سينابولس - مسقط أفينيوز مول","https://www.google.com/maps/search/?api=1&query=Cin%C3%A9polis%20Cinemas%20-%20Oman%20Avenues%20Mall%20%D8%B3%D9%8A%D9%86%D9%85%D8%A7%20%D8%B3%D9%8A%D9%86%D8%A7%D8%A8%D9%88%D9%84%D8%B3%20-%20%D9%85%D8%B3%D9%82%D8%B7%20%D8%A3%D9%81%D9%8A%D9%86%D9%8A%D9%88%D8%B2%20%D9%85%D9%88%D9%84&query_place_id=ChIJJQi8_2X_kT4R_wLK-5zn2ss","5",,,
"Cinepolis Cinemas","https://www.google.com/maps/search/?api=1&query=Cinepolis%20Cinemas&query_place_id=ChIJw4-SAAVFiz4RrJvH7oizRpg","5",,,
"Cinepolis Cinemas","https://www.google.com/maps/search/?api=1&query=Cinepolis%20Cinemas&query_place_id=ChIJw4-SAAVFiz4RrJvH7oizRpg","1",,,"الاكل غالي جدا روائح الطبخ في كل مكان السكورتري يحتاج مزيد من التدريب"
"Cinepolis Cinemas","https://www.google.com/maps/search/?api=1&query=Cinepolis%20Cinemas&query_place_id=ChIJw4-SAAVFiz4RrJvH7oizRpg","5",,,
"Cinepolis Cinemas","https://www.google.com/maps/search/?api=1&query=Cinepolis%20Cinemas&query_place_id=ChIJw4-SAAVFiz4RrJvH7oizRpg","5",,,
"Cinepolis Cinemas","https://www.google.com/maps/search/?api=1&query=Cinepolis%20Cinemas&query_place_id=ChIJw4-SAAVFiz4RrJvH7oizRpg","5",,,
"Cinepolis Cinemas","https://www.google.com/maps/search/?api=1&query=Cinepolis%20Cinemas&query_place_id=ChIJw4-SAAVFiz4RrJvH7oizRpg","5",,,
"Cinepolis Cinemas","https://www.google.com/maps/search/?api=1&query=Cinepolis%20Cinemas&query_place_id=ChIJw4-SAAVFiz4RrJvH7oizRpg","5",,,
"Cinepolis Cinemas","https://www.google.com/maps/search/?api=1&query=Cinepolis%20Cinemas&query_place_id=ChIJw4-SAAVFiz4RrJvH7oizRpg","5",,,
"Cinepolis Cinemas","https://www.google.com/maps/search/?api=1&query=Cinepolis%20Cinemas&query_place_id=ChIJw4-SAAVFiz4RrJvH7oizRpg","5",,,"Niice"
"Cinepolis Cinemas","https://www.google.com/maps/search/?api=1&query=Cinepolis%20Cinemas&query_place_id=ChIJw4-SAAVFiz4RrJvH7oizRpg","4",,,
"Cinepolis Cinemas","https://www.google.com/maps/search/?api=1&query=Cinepolis%20Cinemas&query_place_id=ChIJw4-SAAVFiz4RrJvH7oizRpg","5",,,
"Cinepolis Cinemas","https://www.google.com/maps/search/?api=1&query=Cinepolis%20Cinemas&query_place_id=ChIJw4-SAAVFiz4RrJvH7oizRpg","5",,,
"Cinepolis Cinemas","https://www.google.com/maps/search/?api=1&query=Cinepolis%20Cinemas&query_place_id=ChIJw4-SAAVFiz4RrJvH7oizRpg","5",,,
"Cinepolis Cinemas","https://www.google.com/maps/search/?api=1&query=Cinepolis%20Cinemas&query_place_id=ChIJw4-SAAVFiz4RrJvH7oizRpg","5",,,
"Cinepolis Cinemas","https://www.google.com/maps/search/?api=1&query=Cinepolis%20Cinemas&query_place_id=ChIJw4-SAAVFiz4RrJvH7oizRpg","5",,,
"Cinepolis Cinemas","https://www.google.com/maps/search/?api=1&query=Cinepolis%20Cinemas&query_place_id=ChIJw4-SAAVFiz4RrJvH7oizRpg","4",,,"Good"
"Cinepolis Cinemas","https://www.google.com/maps/search/?api=1&query=Cinepolis%20Cinemas&query_place_id=ChIJw4-SAAVFiz4RrJvH7oizRpg","5",,,"His performance well and Anjum serviced us very good and appreciated it that because his well in customer cooperation."
"Cinepolis Cinemas","https://www.google.com/maps/search/?api=1&query=Cinepolis%20Cinemas&query_place_id=ChIJw4-SAAVFiz4RrJvH7oizRpg","5",,,"He is well cooperated and his services very good his anjum"
"Cinepolis Cinemas","https://www.google.com/maps/search/?api=1&query=Cinepolis%20Cinemas&query_place_id=ChIJw4-SAAVFiz4RrJvH7oizRpg","5",,,"Overall ambience, seating, cleanliness and sound quality were amazing"
"Cinepolis Cinemas","https://www.google.com/maps/search/?api=1&query=Cinepolis%20Cinemas&query_place_id=ChIJw4-SAAVFiz4RrJvH7oizRpg","1",,,"سيئ للغاية لا انصح به"
"Cinépolis Cinemas - Oman Avenues Mall سينما سينابولس - مسقط أفينيوز مول","https://www.google.com/maps/search/?api=1&query=Cin%C3%A9polis%20Cinemas%20-%20Oman%20Avenues%20Mall%20%D8%B3%D9%8A%D9%86%D9%85%D8%A7%20%D8%B3%D9%8A%D9%86%D8%A7%D8%A8%D9%88%D9%84%D8%B3%20-%20%D9%85%D8%B3%D9%82%D8%B7%20%D8%A3%D9%81%D9%8A%D9%86%D9%8A%D9%88%D8%B2%20%D9%85%D9%88%D9%84&query_place_id=ChIJJQi8_2X_kT4R_wLK-5zn2ss","3",,,"Sometimes I experience very low sound"
"Cinépolis Cinemas - Oman Avenues Mall سينما سينابولس - مسقط أفينيوز مول","https://www.google.com/maps/search/?api=1&query=Cin%C3%A9polis%20Cinemas%20-%20Oman%20Avenues%20Mall%20%D8%B3%D9%8A%D9%86%D9%85%D8%A7%20%D8%B3%D9%8A%D9%86%D8%A7%D8%A8%D9%88%D9%84%D8%B3%20-%20%D9%85%D8%B3%D9%82%D8%B7%20%D8%A3%D9%81%D9%8A%D9%86%D9%8A%D9%88%D8%B2%20%D9%85%D9%88%D9%84&query_place_id=ChIJJQi8_2X_kT4R_wLK-5zn2ss","3",,,
"Cinépolis Cinemas - Oman Avenues Mall سينما سينابولس - مسقط أفينيوز مول","https://www.google.com/maps/search/?api=1&query=Cin%C3%A9polis%20Cinemas%20-%20Oman%20Avenues%20Mall%20%D8%B3%D9%8A%D9%86%D9%85%D8%A7%20%D8%B3%D9%8A%D9%86%D8%A7%D8%A8%D9%88%D9%84%D8%B3%20-%20%D9%85%D8%B3%D9%82%D8%B7%20%D8%A3%D9%81%D9%8A%D9%86%D9%8A%D9%88%D8%B2%20%D9%85%D9%88%D9%84&query_place_id=ChIJJQi8_2X_kT4R_wLK-5zn2ss","5",,,"قمة الروعة والجمال...."
"Cinépolis Cinemas - Oman Avenues Mall سينما سينابولس - مسقط أفينيوز مول","https://www.google.com/maps/search/?api=1&query=Cin%C3%A9polis%20Cinemas%20-%20Oman%20Avenues%20Mall%20%D8%B3%D9%8A%D9%86%D9%85%D8%A7%20%D8%B3%D9%8A%D9%86%D8%A7%D8%A8%D9%88%D9%84%D8%B3%20-%20%D9%85%D8%B3%D9%82%D8%B7%20%D8%A3%D9%81%D9%8A%D9%86%D9%8A%D9%88%D8%B2%20%D9%85%D9%88%D9%84&query_place_id=ChIJJQi8_2X_kT4R_wLK-5zn2ss","4",,,
"Cinépolis Cinemas - Oman Avenues Mall سينما سينابولس - مسقط أفينيوز مول","https://www.google.com/maps/search/?api=1&query=Cin%C3%A9polis%20Cinemas%20-%20Oman%20Avenues%20Mall%20%D8%B3%D9%8A%D9%86%D9%85%D8%A7%20%D8%B3%D9%8A%D9%86%D8%A7%D8%A8%D9%88%D9%84%D8%B3%20-%20%D9%85%D8%B3%D9%82%D8%B7%20%D8%A3%D9%81%D9%8A%D9%86%D9%8A%D9%88%D8%B2%20%D9%85%D9%88%D9%84&query_place_id=ChIJJQi8_2X_kT4R_wLK-5zn2ss","5",,,"Nice cinema hall, very neat, good service"
"Cinépolis Cinemas - Oman Avenues Mall سينما سينابولس - مسقط أفينيوز مول","https://www.google.com/maps/search/?api=1&query=Cin%C3%A9polis%20Cinemas%20-%20Oman%20Avenues%20Mall%20%D8%B3%D9%8A%D9%86%D9%85%D8%A7%20%D8%B3%D9%8A%D9%86%D8%A7%D8%A8%D9%88%D9%84%D8%B3%20-%20%D9%85%D8%B3%D9%82%D8%B7%20%D8%A3%D9%81%D9%8A%D9%86%D9%8A%D9%88%D8%B2%20%D9%85%D9%88%D9%84&query_place_id=ChIJJQi8_2X_kT4R_wLK-5zn2ss","4",,,"Best theater to watch movies"
"Cinépolis Cinemas - Oman Avenues Mall سينما سينابولس - مسقط أفينيوز مول","https://www.google.com/maps/search/?api=1&query=Cin%C3%A9polis%20Cinemas%20-%20Oman%20Avenues%20Mall%20%D8%B3%D9%8A%D9%86%D9%85%D8%A7%20%D8%B3%D9%8A%D9%86%D8%A7%D8%A8%D9%88%D9%84%D8%B3%20-%20%D9%85%D8%B3%D9%82%D8%B7%20%D8%A3%D9%81%D9%8A%D9%86%D9%8A%D9%88%D8%B2%20%D9%85%D9%88%D9%84&query_place_id=ChIJJQi8_2X_kT4R_wLK-5zn2ss","5",,,"Good Experience 😇😇😇 Luxury Cinema Hall"
"Cinépolis Cinemas - Oman Avenues Mall سينما سينابولس - مسقط أفينيوز مول","https://www.google.com/maps/search/?api=1&query=Cin%C3%A9polis%20Cinemas%20-%20Oman%20Avenues%20Mall%20%D8%B3%D9%8A%D9%86%D9%85%D8%A7%20%D8%B3%D9%8A%D9%86%D8%A7%D8%A8%D9%88%D9%84%D8%B3%20-%20%D9%85%D8%B3%D9%82%D8%B7%20%D8%A3%D9%81%D9%8A%D9%86%D9%8A%D9%88%D8%B2%20%D9%85%D9%88%D9%84&query_place_id=ChIJJQi8_2X_kT4R_wLK-5zn2ss","5",,,"Excellent theatre and very easy to access the location and parking"
"Cinépolis Cinemas - Oman Avenues Mall سينما سينابولس - مسقط أفينيوز مول","https://www.google.com/maps/search/?api=1&query=Cin%C3%A9polis%20Cinemas%20-%20Oman%20Avenues%20Mall%20%D8%B3%D9%8A%D9%86%D9%85%D8%A7%20%D8%B3%D9%8A%D9%86%D8%A7%D8%A8%D9%88%D9%84%D8%B3%20-%20%D9%85%D8%B3%D9%82%D8%B7%20%D8%A3%D9%81%D9%8A%D9%86%D9%8A%D9%88%D8%B2%20%D9%85%D9%88%D9%84&query_place_id=ChIJJQi8_2X_kT4R_wLK-5zn2ss","5",,,
"Cinépolis Cinemas - Oman Avenues Mall سينما سينابولس - مسقط أفينيوز مول","https://www.google.com/maps/search/?api=1&query=Cin%C3%A9polis%20Cinemas%20-%20Oman%20Avenues%20Mall%20%D8%B3%D9%8A%D9%86%D9%85%D8%A7%20%D8%B3%D9%8A%D9%86%D8%A7%D8%A8%D9%88%D9%84%D8%B3%20-%20%D9%85%D8%B3%D9%82%D8%B7%20%D8%A3%D9%81%D9%8A%D9%86%D9%8A%D9%88%D8%B2%20%D9%85%D9%88%D9%84&query_place_id=ChIJJQi8_2X_kT4R_wLK-5zn2ss","5",,,"I loved this place , this is the only cinema I go to, it is more affordable than Vox cinemas for sure!"
"Cinépolis Cinemas - Oman Avenues Mall سينما سينابولس - مسقط أفينيوز مول","https://www.google.com/maps/search/?api=1&query=Cin%C3%A9polis%20Cinemas%20-%20Oman%20Avenues%20Mall%20%D8%B3%D9%8A%D9%86%D9%85%D8%A7%20%D8%B3%D9%8A%D9%86%D8%A7%D8%A8%D9%88%D9%84%D8%B3%20-%20%D9%85%D8%B3%D9%82%D8%B7%20%D8%A3%D9%81%D9%8A%D9%86%D9%8A%D9%88%D8%B2%20%D9%85%D9%88%D9%84&query_place_id=ChIJJQi8_2X_kT4R_wLK-5zn2ss","1",,,"Worst sound quality in screen 10.

Me watched same movie from vox from quram 2 days before.... Wen compared to vox this sound system is very very bad...... Totally dissapointed and Not reccomended👎"
"Cinépolis Cinemas - Oman Avenues Mall سينما سينابولس - مسقط أفينيوز مول","https://www.google.com/maps/search/?api=1&query=Cin%C3%A9polis%20Cinemas%20-%20Oman%20Avenues%20Mall%20%D8%B3%D9%8A%D9%86%D9%85%D8%A7%20%D8%B3%D9%8A%D9%86%D8%A7%D8%A8%D9%88%D9%84%D8%B3%20-%20%D9%85%D8%B3%D9%82%D8%B7%20%D8%A3%D9%81%D9%8A%D9%86%D9%8A%D9%88%D8%B2%20%D9%85%D9%88%D9%84&query_place_id=ChIJJQi8_2X_kT4R_wLK-5zn2ss","2",,,"I had visited here last week for a movie. It was scheduled to start at 8:50pm but however there was almost a 40 minute delay due to a technical error on the projector which was handled by the service team only after several visitors alerted them."
"Cinépolis Cinemas - Oman Avenues Mall سينما سينابولس - مسقط أفينيوز مول","https://www.google.com/maps/search/?api=1&query=Cin%C3%A9polis%20Cinemas%20-%20Oman%20Avenues%20Mall%20%D8%B3%D9%8A%D9%86%D9%85%D8%A7%20%D8%B3%D9%8A%D9%86%D8%A7%D8%A8%D9%88%D9%84%D8%B3%20-%20%D9%85%D8%B3%D9%82%D8%B7%20%D8%A3%D9%81%D9%8A%D9%86%D9%8A%D9%88%D8%B2%20%D9%85%D9%88%D9%84&query_place_id=ChIJJQi8_2X_kT4R_wLK-5zn2ss","5",,,
"Cinépolis Cinemas - Oman Avenues Mall سينما سينابولس - مسقط أفينيوز مول","https://www.google.com/maps/search/?api=1&query=Cin%C3%A9polis%20Cinemas%20-%20Oman%20Avenues%20Mall%20%D8%B3%D9%8A%D9%86%D9%85%D8%A7%20%D8%B3%D9%8A%D9%86%D8%A7%D8%A8%D9%88%D9%84%D8%B3%20-%20%D9%85%D8%B3%D9%82%D8%B7%20%D8%A3%D9%81%D9%8A%D9%86%D9%8A%D9%88%D8%B2%20%D9%85%D9%88%D9%84&query_place_id=ChIJJQi8_2X_kT4R_wLK-5zn2ss","5",,,
"Cinépolis Cinemas - Oman Avenues Mall سينما سينابولس - مسقط أفينيوز مول","https://www.google.com/maps/search/?api=1&query=Cin%C3%A9polis%20Cinemas%20-%20Oman%20Avenues%20Mall%20%D8%B3%D9%8A%D9%86%D9%85%D8%A7%20%D8%B3%D9%8A%D9%86%D8%A7%D8%A8%D9%88%D9%84%D8%B3%20-%20%D9%85%D8%B3%D9%82%D8%B7%20%D8%A3%D9%81%D9%8A%D9%86%D9%8A%D9%88%D8%B2%20%D9%85%D9%88%D9%84&query_place_id=ChIJJQi8_2X_kT4R_wLK-5zn2ss","5",,,
"Cinépolis Cinemas - Oman Avenues Mall سينما سينابولس - مسقط أفينيوز مول","https://www.google.com/maps/search/?api=1&query=Cin%C3%A9polis%20Cinemas%20-%20Oman%20Avenues%20Mall%20%D8%B3%D9%8A%D9%86%D9%85%D8%A7%20%D8%B3%D9%8A%D9%86%D8%A7%D8%A8%D9%88%D9%84%D8%B3%20-%20%D9%85%D8%B3%D9%82%D8%B7%20%D8%A3%D9%81%D9%8A%D9%86%D9%8A%D9%88%D8%B2%20%D9%85%D9%88%D9%84&query_place_id=ChIJJQi8_2X_kT4R_wLK-5zn2ss","5",,,
"Cinépolis Cinemas - Oman Avenues Mall سينما سينابولس - مسقط أفينيوز مول","https://www.google.com/maps/search/?api=1&query=Cin%C3%A9polis%20Cinemas%20-%20Oman%20Avenues%20Mall%20%D8%B3%D9%8A%D9%86%D9%85%D8%A7%20%D8%B3%D9%8A%D9%86%D8%A7%D8%A8%D9%88%D9%84%D8%B3%20-%20%D9%85%D8%B3%D9%82%D8%B7%20%D8%A3%D9%81%D9%8A%D9%86%D9%8A%D9%88%D8%B2%20%D9%85%D9%88%D9%84&query_place_id=ChIJJQi8_2X_kT4R_wLK-5zn2ss","5",,,"Very organize and clean environment!"
"Cinépolis Cinemas - Oman Avenues Mall سينما سينابولس - مسقط أفينيوز مول","https://www.google.com/maps/search/?api=1&query=Cin%C3%A9polis%20Cinemas%20-%20Oman%20Avenues%20Mall%20%D8%B3%D9%8A%D9%86%D9%85%D8%A7%20%D8%B3%D9%8A%D9%86%D8%A7%D8%A8%D9%88%D9%84%D8%B3%20-%20%D9%85%D8%B3%D9%82%D8%B7%20%D8%A3%D9%81%D9%8A%D9%86%D9%8A%D9%88%D8%B2%20%D9%85%D9%88%D9%84&query_place_id=ChIJJQi8_2X_kT4R_wLK-5zn2ss","4",,,
"Cinépolis Cinemas - Oman Avenues Mall سينما سينابولس - مسقط أفينيوز مول","https://www.google.com/maps/search/?api=1&query=Cin%C3%A9polis%20Cinemas%20-%20Oman%20Avenues%20Mall%20%D8%B3%D9%8A%D9%86%D9%85%D8%A7%20%D8%B3%D9%8A%D9%86%D8%A7%D8%A8%D9%88%D9%84%D8%B3%20-%20%D9%85%D8%B3%D9%82%D8%B7%20%D8%A3%D9%81%D9%8A%D9%86%D9%8A%D9%88%D8%B2%20%D9%85%D9%88%D9%84&query_place_id=ChIJJQi8_2X_kT4R_wLK-5zn2ss","5",,,"Cinepolis is a nice place to watch movies with family or alone as it’s usually not as crowded as rest of the cinemas in and around muscat. Clean and excellent cinema experience."
"Cinépolis Cinemas - Oman Avenues Mall سينما سينابولس - مسقط أفينيوز مول","https://www.google.com/maps/search/?api=1&query=Cin%C3%A9polis%20Cinemas%20-%20Oman%20Avenues%20Mall%20%D8%B3%D9%8A%D9%86%D9%85%D8%A7%20%D8%B3%D9%8A%D9%86%D8%A7%D8%A8%D9%88%D9%84%D8%B3%20-%20%D9%85%D8%B3%D9%82%D8%B7%20%D8%A3%D9%81%D9%8A%D9%86%D9%8A%D9%88%D8%B2%20%D9%85%D9%88%D9%84&query_place_id=ChIJJQi8_2X_kT4R_wLK-5zn2ss","5",,,"We tried the “ luxury” , it is Better than the hold in Vox cinema. The loungers a super comfortable. We didn’t try their food but it looked ok on the menu and good choices. It is at Avenues mall, i’ll definitely go again"
"Cinepolis Cinemas","https://www.google.com/maps/search/?api=1&query=Cinepolis%20Cinemas&query_place_id=ChIJw4-SAAVFiz4RrJvH7oizRpg","5",,,
"Cinepolis Cinemas","https://www.google.com/maps/search/?api=1&query=Cinepolis%20Cinemas&query_place_id=ChIJw4-SAAVFiz4RrJvH7oizRpg","5",,,"كان ودود جدا وممتاز"
"Cinepolis Cinemas","https://www.google.com/maps/search/?api=1&query=Cinepolis%20Cinemas&query_place_id=ChIJw4-SAAVFiz4RrJvH7oizRpg","4",,,"Actually this not first time to visit, the movie was amazing we chose land of bad, the hall it's comfortably but the staff was nervous they didn't suggest us for offers also for handling was shay.
Please training them n customer service."
"Cinepolis Cinemas","https://www.google.com/maps/search/?api=1&query=Cinepolis%20Cinemas&query_place_id=ChIJw4-SAAVFiz4RrJvH7oizRpg","5",,,
"Cinepolis Cinemas","https://www.google.com/maps/search/?api=1&query=Cinepolis%20Cinemas&query_place_id=ChIJw4-SAAVFiz4RrJvH7oizRpg","5",,,
"Cinepolis Cinemas","https://www.google.com/maps/search/?api=1&query=Cinepolis%20Cinemas&query_place_id=ChIJw4-SAAVFiz4RrJvH7oizRpg","5",,,
"Cinepolis Cinemas","https://www.google.com/maps/search/?api=1&query=Cinepolis%20Cinemas&query_place_id=ChIJw4-SAAVFiz4RrJvH7oizRpg","5",,,
"Cinepolis Cinemas","https://www.google.com/maps/search/?api=1&query=Cinepolis%20Cinemas&query_place_id=ChIJw4-SAAVFiz4RrJvH7oizRpg","5",,,
"Cinepolis Cinemas","https://www.google.com/maps/search/?api=1&query=Cinepolis%20Cinemas&query_place_id=ChIJw4-SAAVFiz4RrJvH7oizRpg","5",,,"Ok"
"Cinepolis Cinemas","https://www.google.com/maps/search/?api=1&query=Cinepolis%20Cinemas&query_place_id=ChIJw4-SAAVFiz4RrJvH7oizRpg","5",,,
"Cinepolis Cinemas","https://www.google.com/maps/search/?api=1&query=Cinepolis%20Cinemas&query_place_id=ChIJw4-SAAVFiz4RrJvH7oizRpg","5",,,"Great job 👏🏽"
"Cinepolis Cinemas","https://www.google.com/maps/search/?api=1&query=Cinepolis%20Cinemas&query_place_id=ChIJw4-SAAVFiz4RrJvH7oizRpg","5",,,"ممتازين"
"Cinepolis Cinemas","https://www.google.com/maps/search/?api=1&query=Cinepolis%20Cinemas&query_place_id=ChIJw4-SAAVFiz4RrJvH7oizRpg","5",,,
"Cinepolis Cinemas","https://www.google.com/maps/search/?api=1&query=Cinepolis%20Cinemas&query_place_id=ChIJw4-SAAVFiz4RrJvH7oizRpg","5",,,
"Cinepolis Cinemas","https://www.google.com/maps/search/?api=1&query=Cinepolis%20Cinemas&query_place_id=ChIJw4-SAAVFiz4RrJvH7oizRpg","5",,,
"Cinepolis Cinemas","https://www.google.com/maps/search/?api=1&query=Cinepolis%20Cinemas&query_place_id=ChIJw4-SAAVFiz4RrJvH7oizRpg","5",,,
"Cinepolis Cinemas","https://www.google.com/maps/search/?api=1&query=Cinepolis%20Cinemas&query_place_id=ChIJw4-SAAVFiz4RrJvH7oizRpg","5",,,
"Cinepolis Cinemas","https://www.google.com/maps/search/?api=1&query=Cinepolis%20Cinemas&query_place_id=ChIJw4-SAAVFiz4RrJvH7oizRpg","5",,,
"Cinepolis Cinemas","https://www.google.com/maps/search/?api=1&query=Cinepolis%20Cinemas&query_place_id=ChIJw4-SAAVFiz4RrJvH7oizRpg","4",,,
"Cinepolis Cinemas","https://www.google.com/maps/search/?api=1&query=Cinepolis%20Cinemas&query_place_id=ChIJw4-SAAVFiz4RrJvH7oizRpg","5",,,
"Cinépolis Cinemas - Oman Avenues Mall سينما سينابولس - مسقط أفينيوز مول","https://www.google.com/maps/search/?api=1&query=Cin%C3%A9polis%20Cinemas%20-%20Oman%20Avenues%20Mall%20%D8%B3%D9%8A%D9%86%D9%85%D8%A7%20%D8%B3%D9%8A%D9%86%D8%A7%D8%A8%D9%88%D9%84%D8%B3%20-%20%D9%85%D8%B3%D9%82%D8%B7%20%D8%A3%D9%81%D9%8A%D9%86%D9%8A%D9%88%D8%B2%20%D9%85%D9%88%D9%84&query_place_id=ChIJJQi8_2X_kT4R_wLK-5zn2ss","5",,,
"Cinépolis Cinemas - Oman Avenues Mall سينما سينابولس - مسقط أفينيوز مول","https://www.google.com/maps/search/?api=1&query=Cin%C3%A9polis%20Cinemas%20-%20Oman%20Avenues%20Mall%20%D8%B3%D9%8A%D9%86%D9%85%D8%A7%20%D8%B3%D9%8A%D9%86%D8%A7%D8%A8%D9%88%D9%84%D8%B3%20-%20%D9%85%D8%B3%D9%82%D8%B7%20%D8%A3%D9%81%D9%8A%D9%86%D9%8A%D9%88%D8%B2%20%D9%85%D9%88%D9%84&query_place_id=ChIJJQi8_2X_kT4R_wLK-5zn2ss","1",,,"Screen 9: Pathetic sound quality and poor projection quality."
"Cinépolis Cinemas - Oman Avenues Mall سينما سينابولس - مسقط أفينيوز مول","https://www.google.com/maps/search/?api=1&query=Cin%C3%A9polis%20Cinemas%20-%20Oman%20Avenues%20Mall%20%D8%B3%D9%8A%D9%86%D9%85%D8%A7%20%D8%B3%D9%8A%D9%86%D8%A7%D8%A8%D9%88%D9%84%D8%B3%20-%20%D9%85%D8%B3%D9%82%D8%B7%20%D8%A3%D9%81%D9%8A%D9%86%D9%8A%D9%88%D8%B2%20%D9%85%D9%88%D9%84&query_place_id=ChIJJQi8_2X_kT4R_wLK-5zn2ss","5",,,"Thalaivar uh... nirantharam 🔥"
"Cinépolis Cinemas - Oman Avenues Mall سينما سينابولس - مسقط أفينيوز مول","https://www.google.com/maps/search/?api=1&query=Cin%C3%A9polis%20Cinemas%20-%20Oman%20Avenues%20Mall%20%D8%B3%D9%8A%D9%86%D9%85%D8%A7%20%D8%B3%D9%8A%D9%86%D8%A7%D8%A8%D9%88%D9%84%D8%B3%20-%20%D9%85%D8%B3%D9%82%D8%B7%20%D8%A3%D9%81%D9%8A%D9%86%D9%8A%D9%88%D8%B2%20%D9%85%D9%88%D9%84&query_place_id=ChIJJQi8_2X_kT4R_wLK-5zn2ss","2",,,"Ac not working.. and sound system very bad…. Never watch next time 🥵"
"Cinépolis Cinemas - Oman Avenues Mall سينما سينابولس - مسقط أفينيوز مول","https://www.google.com/maps/search/?api=1&query=Cin%C3%A9polis%20Cinemas%20-%20Oman%20Avenues%20Mall%20%D8%B3%D9%8A%D9%86%D9%85%D8%A7%20%D8%B3%D9%8A%D9%86%D8%A7%D8%A8%D9%88%D9%84%D8%B3%20-%20%D9%85%D8%B3%D9%82%D8%B7%20%D8%A3%D9%81%D9%8A%D9%86%D9%8A%D9%88%D8%B2%20%D9%85%D9%88%D9%84&query_place_id=ChIJJQi8_2X_kT4R_wLK-5zn2ss","5",,,"👍👍👍"
"Cinépolis Cinemas - Oman Avenues Mall سينما سينابولس - مسقط أفينيوز مول","https://www.google.com/maps/search/?api=1&query=Cin%C3%A9polis%20Cinemas%20-%20Oman%20Avenues%20Mall%20%D8%B3%D9%8A%D9%86%D9%85%D8%A7%20%D8%B3%D9%8A%D9%86%D8%A7%D8%A8%D9%88%D9%84%D8%B3%20-%20%D9%85%D8%B3%D9%82%D8%B7%20%D8%A3%D9%81%D9%8A%D9%86%D9%8A%D9%88%D8%B2%20%D9%85%D9%88%D9%84&query_place_id=ChIJJQi8_2X_kT4R_wLK-5zn2ss","5",,,
"Cinépolis Cinemas - Oman Avenues Mall سينما سينابولس - مسقط أفينيوز مول","https://www.google.com/maps/search/?api=1&query=Cin%C3%A9polis%20Cinemas%20-%20Oman%20Avenues%20Mall%20%D8%B3%D9%8A%D9%86%D9%85%D8%A7%20%D8%B3%D9%8A%D9%86%D8%A7%D8%A8%D9%88%D9%84%D8%B3%20-%20%D9%85%D8%B3%D9%82%D8%B7%20%D8%A3%D9%81%D9%8A%D9%86%D9%8A%D9%88%D8%B2%20%D9%85%D9%88%D9%84&query_place_id=ChIJJQi8_2X_kT4R_wLK-5zn2ss","5",,,"Good"
"Cinépolis Cinemas - Oman Avenues Mall سينما سينابولس - مسقط أفينيوز مول","https://www.google.com/maps/search/?api=1&query=Cin%C3%A9polis%20Cinemas%20-%20Oman%20Avenues%20Mall%20%D8%B3%D9%8A%D9%86%D9%85%D8%A7%20%D8%B3%D9%8A%D9%86%D8%A7%D8%A8%D9%88%D9%84%D8%B3%20-%20%D9%85%D8%B3%D9%82%D8%B7%20%D8%A3%D9%81%D9%8A%D9%86%D9%8A%D9%88%D8%B2%20%D9%85%D9%88%D9%84&query_place_id=ChIJJQi8_2X_kT4R_wLK-5zn2ss","3",,,"their timing is very confusing.. they have 12pm screening but the cinema will open only at 1pm…

i went there before 12pm but it’s closed"
"Cinépolis Cinemas - Oman Avenues Mall سينما سينابولس - مسقط أفينيوز مول","https://www.google.com/maps/search/?api=1&query=Cin%C3%A9polis%20Cinemas%20-%20Oman%20Avenues%20Mall%20%D8%B3%D9%8A%D9%86%D9%85%D8%A7%20%D8%B3%D9%8A%D9%86%D8%A7%D8%A8%D9%88%D9%84%D8%B3%20-%20%D9%85%D8%B3%D9%82%D8%B7%20%D8%A3%D9%81%D9%8A%D9%86%D9%8A%D9%88%D8%B2%20%D9%85%D9%88%D9%84&query_place_id=ChIJJQi8_2X_kT4R_wLK-5zn2ss","5",,,
"Cinépolis Cinemas - Oman Avenues Mall سينما سينابولس - مسقط أفينيوز مول","https://www.google.com/maps/search/?api=1&query=Cin%C3%A9polis%20Cinemas%20-%20Oman%20Avenues%20Mall%20%D8%B3%D9%8A%D9%86%D9%85%D8%A7%20%D8%B3%D9%8A%D9%86%D8%A7%D8%A8%D9%88%D9%84%D8%B3%20-%20%D9%85%D8%B3%D9%82%D8%B7%20%D8%A3%D9%81%D9%8A%D9%86%D9%8A%D9%88%D8%B2%20%D9%85%D9%88%D9%84&query_place_id=ChIJJQi8_2X_kT4R_wLK-5zn2ss","4",,,"Nestled in the massive Oman Avenues Mall, Cinepolis is a great multiplex, as good as they come. There are ten theatres in the complex with comfortable seating and effective audio system. We sat in the back rows which definitely have a beautiful viewing experience.
Back rows recommended."
"Cinépolis Cinemas - Oman Avenues Mall سينما سينابولس - مسقط أفينيوز مول","https://www.google.com/maps/search/?api=1&query=Cin%C3%A9polis%20Cinemas%20-%20Oman%20Avenues%20Mall%20%D8%B3%D9%8A%D9%86%D9%85%D8%A7%20%D8%B3%D9%8A%D9%86%D8%A7%D8%A8%D9%88%D9%84%D8%B3%20-%20%D9%85%D8%B3%D9%82%D8%B7%20%D8%A3%D9%81%D9%8A%D9%86%D9%8A%D9%88%D8%B2%20%D9%85%D9%88%D9%84&query_place_id=ChIJJQi8_2X_kT4R_wLK-5zn2ss","5",,,
"Cinépolis Cinemas - Oman Avenues Mall سينما سينابولس - مسقط أفينيوز مول","https://www.google.com/maps/search/?api=1&query=Cin%C3%A9polis%20Cinemas%20-%20Oman%20Avenues%20Mall%20%D8%B3%D9%8A%D9%86%D9%85%D8%A7%20%D8%B3%D9%8A%D9%86%D8%A7%D8%A8%D9%88%D9%84%D8%B3%20-%20%D9%85%D8%B3%D9%82%D8%B7%20%D8%A3%D9%81%D9%8A%D9%86%D9%8A%D9%88%D8%B2%20%D9%85%D9%88%D9%84&query_place_id=ChIJJQi8_2X_kT4R_wLK-5zn2ss","5",,,"Having an alternative option for a cinema experience is always welcomed!

Recently, I tried the luxury venue of another competitor's cinema, and to say the least, it was not as comfortable, or grand as I expected.

This place revived my faith in paying a premium for a luxury experience, and actually getting a luxury experience. The seats are relaxing to sit on, considering yet again the movie we watched was exactly 3 hours long. The leg rests could use a bit more cushioning, but the lumbar support is so much better than the competition.

Picture and sound quality is great too. However, I don't know if it's my bad luck again at play, but we had the fire alarm blip light up during the movie, and then randomly turn off after a short while.

Food is great, but the popcorn could certainly be better. I unfortunately could not take photos of the dishes we had cause of the lighting situation during the movie, but I HIGHLY recommend you order their free-range chicken burger, popcorn chicken with honey mustard, and the nachos with cheese.

Price?

I would probably recommend to try the luxury plaza once, or keep it for big blockbuster movies, but generally speaking, I would opt for the regular plazas, which from other reviews, and photos, actually looks very decent as well."
"Cinépolis Cinemas - Oman Avenues Mall سينما سينابولس - مسقط أفينيوز مول","https://www.google.com/maps/search/?api=1&query=Cin%C3%A9polis%20Cinemas%20-%20Oman%20Avenues%20Mall%20%D8%B3%D9%8A%D9%86%D9%85%D8%A7%20%D8%B3%D9%8A%D9%86%D8%A7%D8%A8%D9%88%D9%84%D8%B3%20-%20%D9%85%D8%B3%D9%82%D8%B7%20%D8%A3%D9%81%D9%8A%D9%86%D9%8A%D9%88%D8%B2%20%D9%85%D9%88%D9%84&query_place_id=ChIJJQi8_2X_kT4R_wLK-5zn2ss","4",,,"Awesome"
"Cinépolis Cinemas - Oman Avenues Mall سينما سينابولس - مسقط أفينيوز مول","https://www.google.com/maps/search/?api=1&query=Cin%C3%A9polis%20Cinemas%20-%20Oman%20Avenues%20Mall%20%D8%B3%D9%8A%D9%86%D9%85%D8%A7%20%D8%B3%D9%8A%D9%86%D8%A7%D8%A8%D9%88%D9%84%D8%B3%20-%20%D9%85%D8%B3%D9%82%D8%B7%20%D8%A3%D9%81%D9%8A%D9%86%D9%8A%D9%88%D8%B2%20%D9%85%D9%88%D9%84&query_place_id=ChIJJQi8_2X_kT4R_wLK-5zn2ss","1",,,
"Cinépolis Cinemas - Oman Avenues Mall سينما سينابولس - مسقط أفينيوز مول","https://www.google.com/maps/search/?api=1&query=Cin%C3%A9polis%20Cinemas%20-%20Oman%20Avenues%20Mall%20%D8%B3%D9%8A%D9%86%D9%85%D8%A7%20%D8%B3%D9%8A%D9%86%D8%A7%D8%A8%D9%88%D9%84%D8%B3%20-%20%D9%85%D8%B3%D9%82%D8%B7%20%D8%A3%D9%81%D9%8A%D9%86%D9%8A%D9%88%D8%B2%20%D9%85%D9%88%D9%84&query_place_id=ChIJJQi8_2X_kT4R_wLK-5zn2ss","5",,,"One of the best theatre in Muscat, staffs, sound, seats and environment is really awesome. Theatre ambience and snacks are really good."
"Cinépolis Cinemas - Oman Avenues Mall سينما سينابولس - مسقط أفينيوز مول","https://www.google.com/maps/search/?api=1&query=Cin%C3%A9polis%20Cinemas%20-%20Oman%20Avenues%20Mall%20%D8%B3%D9%8A%D9%86%D9%85%D8%A7%20%D8%B3%D9%8A%D9%86%D8%A7%D8%A8%D9%88%D9%84%D8%B3%20-%20%D9%85%D8%B3%D9%82%D8%B7%20%D8%A3%D9%81%D9%8A%D9%86%D9%8A%D9%88%D8%B2%20%D9%85%D9%88%D9%84&query_place_id=ChIJJQi8_2X_kT4R_wLK-5zn2ss","5",,,
"Cinépolis Cinemas - Oman Avenues Mall سينما سينابولس - مسقط أفينيوز مول","https://www.google.com/maps/search/?api=1&query=Cin%C3%A9polis%20Cinemas%20-%20Oman%20Avenues%20Mall%20%D8%B3%D9%8A%D9%86%D9%85%D8%A7%20%D8%B3%D9%8A%D9%86%D8%A7%D8%A8%D9%88%D9%84%D8%B3%20-%20%D9%85%D8%B3%D9%82%D8%B7%20%D8%A3%D9%81%D9%8A%D9%86%D9%8A%D9%88%D8%B2%20%D9%85%D9%88%D9%84&query_place_id=ChIJJQi8_2X_kT4R_wLK-5zn2ss","1",,,"أسوء سينما قد تجربها ف حياتك …
مستحيل تجرب شي اسوء من سينما ها الشركه"
"Cinépolis Cinemas - Oman Avenues Mall سينما سينابولس - مسقط أفينيوز مول","https://www.google.com/maps/search/?api=1&query=Cin%C3%A9polis%20Cinemas%20-%20Oman%20Avenues%20Mall%20%D8%B3%D9%8A%D9%86%D9%85%D8%A7%20%D8%B3%D9%8A%D9%86%D8%A7%D8%A8%D9%88%D9%84%D8%B3%20-%20%D9%85%D8%B3%D9%82%D8%B7%20%D8%A3%D9%81%D9%8A%D9%86%D9%8A%D9%88%D8%B2%20%D9%85%D9%88%D9%84&query_place_id=ChIJJQi8_2X_kT4R_wLK-5zn2ss","5",,,"Best experience especially in the luxury cinema"
"Cinépolis Cinemas - Oman Avenues Mall سينما سينابولس - مسقط أفينيوز مول","https://www.google.com/maps/search/?api=1&query=Cin%C3%A9polis%20Cinemas%20-%20Oman%20Avenues%20Mall%20%D8%B3%D9%8A%D9%86%D9%85%D8%A7%20%D8%B3%D9%8A%D9%86%D8%A7%D8%A8%D9%88%D9%84%D8%B3%20-%20%D9%85%D8%B3%D9%82%D8%B7%20%D8%A3%D9%81%D9%8A%D9%86%D9%8A%D9%88%D8%B2%20%D9%85%D9%88%D9%84&query_place_id=ChIJJQi8_2X_kT4R_wLK-5zn2ss","1",,,"Very bad service
Purchase online or kiosk only

That also not working hence have to dropped movie plan"
"Cinépolis Cinemas - Oman Avenues Mall سينما سينابولس - مسقط أفينيوز مول","https://www.google.com/maps/search/?api=1&query=Cin%C3%A9polis%20Cinemas%20-%20Oman%20Avenues%20Mall%20%D8%B3%D9%8A%D9%86%D9%85%D8%A7%20%D8%B3%D9%8A%D9%86%D8%A7%D8%A8%D9%88%D9%84%D8%B3%20-%20%D9%85%D8%B3%D9%82%D8%B7%20%D8%A3%D9%81%D9%8A%D9%86%D9%8A%D9%88%D8%B2%20%D9%85%D9%88%D9%84&query_place_id=ChIJJQi8_2X_kT4R_wLK-5zn2ss","5",,,"Good experience"
"Cinepolis Cinemas","https://www.google.com/maps/search/?api=1&query=Cinepolis%20Cinemas&query_place_id=ChIJw4-SAAVFiz4RrJvH7oizRpg","2",,,"قليل خصوصية"
"Cinepolis Cinemas","https://www.google.com/maps/search/?api=1&query=Cinepolis%20Cinemas&query_place_id=ChIJw4-SAAVFiz4RrJvH7oizRpg","5",,,
"Cinepolis Cinemas","https://www.google.com/maps/search/?api=1&query=Cinepolis%20Cinemas&query_place_id=ChIJw4-SAAVFiz4RrJvH7oizRpg","5",,,
"Cinepolis Cinemas","https://www.google.com/maps/search/?api=1&query=Cinepolis%20Cinemas&query_place_id=ChIJw4-SAAVFiz4RrJvH7oizRpg","5",,,
"Cinepolis Cinemas","https://www.google.com/maps/search/?api=1&query=Cinepolis%20Cinemas&query_place_id=ChIJw4-SAAVFiz4RrJvH7oizRpg","1",,,"الاسعار غاليه وخدمة الفي اي بي ناقصه وتخدم نفسك بنفسك(برسوم) مافي خدمات تقدم لك"
"Cinepolis Cinemas","https://www.google.com/maps/search/?api=1&query=Cinepolis%20Cinemas&query_place_id=ChIJw4-SAAVFiz4RrJvH7oizRpg","4",,,
"Cinepolis Cinemas","https://www.google.com/maps/search/?api=1&query=Cinepolis%20Cinemas&query_place_id=ChIJw4-SAAVFiz4RrJvH7oizRpg","5",,,
"Cinepolis Cinemas","https://www.google.com/maps/search/?api=1&query=Cinepolis%20Cinemas&query_place_id=ChIJw4-SAAVFiz4RrJvH7oizRpg","5",,,
"Cinepolis Cinemas","https://www.google.com/maps/search/?api=1&query=Cinepolis%20Cinemas&query_place_id=ChIJw4-SAAVFiz4RrJvH7oizRpg","5",,,"The best cinema in Oman"
"Cinepolis Cinemas","https://www.google.com/maps/search/?api=1&query=Cinepolis%20Cinemas&query_place_id=ChIJw4-SAAVFiz4RrJvH7oizRpg","1",,,"I’m so upset because of the change of Nachos combo, now sauces comes in a small boxes thats not even enough for the half of the nachos shops :("
"Cinepolis Cinemas","https://www.google.com/maps/search/?api=1&query=Cinepolis%20Cinemas&query_place_id=ChIJw4-SAAVFiz4RrJvH7oizRpg","5",,,
"Cinepolis Cinemas","https://www.google.com/maps/search/?api=1&query=Cinepolis%20Cinemas&query_place_id=ChIJw4-SAAVFiz4RrJvH7oizRpg","1",,,"Cheese not enough"
"Cinepolis Cinemas","https://www.google.com/maps/search/?api=1&query=Cinepolis%20Cinemas&query_place_id=ChIJw4-SAAVFiz4RrJvH7oizRpg","5",,,
"Cinepolis Cinemas","https://www.google.com/maps/search/?api=1&query=Cinepolis%20Cinemas&query_place_id=ChIJw4-SAAVFiz4RrJvH7oizRpg","4",,,
"Cinepolis Cinemas","https://www.google.com/maps/search/?api=1&query=Cinepolis%20Cinemas&query_place_id=ChIJw4-SAAVFiz4RrJvH7oizRpg","3",,,
"Cinepolis Cinemas","https://www.google.com/maps/search/?api=1&query=Cinepolis%20Cinemas&query_place_id=ChIJw4-SAAVFiz4RrJvH7oizRpg","3",,,
"Cinepolis Cinemas","https://www.google.com/maps/search/?api=1&query=Cinepolis%20Cinemas&query_place_id=ChIJw4-SAAVFiz4RrJvH7oizRpg","5",,,
"Cinepolis Cinemas","https://www.google.com/maps/search/?api=1&query=Cinepolis%20Cinemas&query_place_id=ChIJw4-SAAVFiz4RrJvH7oizRpg","5",,,
"Cinepolis Cinemas","https://www.google.com/maps/search/?api=1&query=Cinepolis%20Cinemas&query_place_id=ChIJw4-SAAVFiz4RrJvH7oizRpg","4",,,"Good atmosphere to watch movies with friends and family. They maintain the place neat and clean. The show time is from morning to night. English, Malayalam,Hindi tamil and a wide variety of language movies can watch here"
"Cinepolis Cinemas","https://www.google.com/maps/search/?api=1&query=Cinepolis%20Cinemas&query_place_id=ChIJw4-SAAVFiz4RrJvH7oizRpg","5",,,
"Cinépolis Cinemas - Oman Avenues Mall سينما سينابولس - مسقط أفينيوز مول","https://www.google.com/maps/search/?api=1&query=Cin%C3%A9polis%20Cinemas%20-%20Oman%20Avenues%20Mall%20%D8%B3%D9%8A%D9%86%D9%85%D8%A7%20%D8%B3%D9%8A%D9%86%D8%A7%D8%A8%D9%88%D9%84%D8%B3%20-%20%D9%85%D8%B3%D9%82%D8%B7%20%D8%A3%D9%81%D9%8A%D9%86%D9%8A%D9%88%D8%B2%20%D9%85%D9%88%D9%84&query_place_id=ChIJJQi8_2X_kT4R_wLK-5zn2ss","1",,,"In order to view a movie, I should first be able to book online, but unfortunately the website is not working due to popups...so zero points !"
"Cinépolis Cinemas - Oman Avenues Mall سينما سينابولس - مسقط أفينيوز مول","https://www.google.com/maps/search/?api=1&query=Cin%C3%A9polis%20Cinemas%20-%20Oman%20Avenues%20Mall%20%D8%B3%D9%8A%D9%86%D9%85%D8%A7%20%D8%B3%D9%8A%D9%86%D8%A7%D8%A8%D9%88%D9%84%D8%B3%20-%20%D9%85%D8%B3%D9%82%D8%B7%20%D8%A3%D9%81%D9%8A%D9%86%D9%8A%D9%88%D8%B2%20%D9%85%D9%88%D9%84&query_place_id=ChIJJQi8_2X_kT4R_wLK-5zn2ss","5",,,"I absolutely love this cinema, it's clean. Seats are very.comfortable. The sound system is good. The temperature inside the cinema is also good.  Customer care is great. The staff are friendly and helpful. Best of all is that you get good discounts when booking online.

A good range of snacks available that you can order online. Plenty of ticket counters or self service kiosks. I love everything about this cinema. I hope to try the luxury cinema next time. One downside is they should not allow kids below 5. It interrupts having a 5 star experience. One kid can be a disturbance to the entire audience. My recent experience was similar as i explained. The management and staff really should look into it. Its pretty annoying ."
"Cinépolis Cinemas - Oman Avenues Mall سينما سينابولس - مسقط أفينيوز مول","https://www.google.com/maps/search/?api=1&query=Cin%C3%A9polis%20Cinemas%20-%20Oman%20Avenues%20Mall%20%D8%B3%D9%8A%D9%86%D9%85%D8%A7%20%D8%B3%D9%8A%D9%86%D8%A7%D8%A8%D9%88%D9%84%D8%B3%20-%20%D9%85%D8%B3%D9%82%D8%B7%20%D8%A3%D9%81%D9%8A%D9%86%D9%8A%D9%88%D8%B2%20%D9%85%D9%88%D9%84&query_place_id=ChIJJQi8_2X_kT4R_wLK-5zn2ss","5",,,
"Cinépolis Cinemas - Oman Avenues Mall سينما سينابولس - مسقط أفينيوز مول","https://www.google.com/maps/search/?api=1&query=Cin%C3%A9polis%20Cinemas%20-%20Oman%20Avenues%20Mall%20%D8%B3%D9%8A%D9%86%D9%85%D8%A7%20%D8%B3%D9%8A%D9%86%D8%A7%D8%A8%D9%88%D9%84%D8%B3%20-%20%D9%85%D8%B3%D9%82%D8%B7%20%D8%A3%D9%81%D9%8A%D9%86%D9%8A%D9%88%D8%B2%20%D9%85%D9%88%D9%84&query_place_id=ChIJJQi8_2X_kT4R_wLK-5zn2ss","4",,,
"Cinépolis Cinemas - Oman Avenues Mall سينما سينابولس - مسقط أفينيوز مول","https://www.google.com/maps/search/?api=1&query=Cin%C3%A9polis%20Cinemas%20-%20Oman%20Avenues%20Mall%20%D8%B3%D9%8A%D9%86%D9%85%D8%A7%20%D8%B3%D9%8A%D9%86%D8%A7%D8%A8%D9%88%D9%84%D8%B3%20-%20%D9%85%D8%B3%D9%82%D8%B7%20%D8%A3%D9%81%D9%8A%D9%86%D9%8A%D9%88%D8%B2%20%D9%85%D9%88%D9%84&query_place_id=ChIJJQi8_2X_kT4R_wLK-5zn2ss","1",,,"too expensive and very slow service. Very unorganized too"
"Cinépolis Cinemas - Oman Avenues Mall سينما سينابولس - مسقط أفينيوز مول","https://www.google.com/maps/search/?api=1&query=Cin%C3%A9polis%20Cinemas%20-%20Oman%20Avenues%20Mall%20%D8%B3%D9%8A%D9%86%D9%85%D8%A7%20%D8%B3%D9%8A%D9%86%D8%A7%D8%A8%D9%88%D9%84%D8%B3%20-%20%D9%85%D8%B3%D9%82%D8%B7%20%D8%A3%D9%81%D9%8A%D9%86%D9%8A%D9%88%D8%B2%20%D9%85%D9%88%D9%84&query_place_id=ChIJJQi8_2X_kT4R_wLK-5zn2ss","5",,,"The staff are attentive and professional. The luxury cinema is so comfortable and you can order to food drinks from your chair! Highly recommend this cinema."
"Cinépolis Cinemas - Oman Avenues Mall سينما سينابولس - مسقط أفينيوز مول","https://www.google.com/maps/search/?api=1&query=Cin%C3%A9polis%20Cinemas%20-%20Oman%20Avenues%20Mall%20%D8%B3%D9%8A%D9%86%D9%85%D8%A7%20%D8%B3%D9%8A%D9%86%D8%A7%D8%A8%D9%88%D9%84%D8%B3%20-%20%D9%85%D8%B3%D9%82%D8%B7%20%D8%A3%D9%81%D9%8A%D9%86%D9%8A%D9%88%D8%B2%20%D9%85%D9%88%D9%84&query_place_id=ChIJJQi8_2X_kT4R_wLK-5zn2ss","5",,,"Had a great movie experience. The picture & sound qualities were good."
"Cinépolis Cinemas - Oman Avenues Mall سينما سينابولس - مسقط أفينيوز مول","https://www.google.com/maps/search/?api=1&query=Cin%C3%A9polis%20Cinemas%20-%20Oman%20Avenues%20Mall%20%D8%B3%D9%8A%D9%86%D9%85%D8%A7%20%D8%B3%D9%8A%D9%86%D8%A7%D8%A8%D9%88%D9%84%D8%B3%20-%20%D9%85%D8%B3%D9%82%D8%B7%20%D8%A3%D9%81%D9%8A%D9%86%D9%8A%D9%88%D8%B2%20%D9%85%D9%88%D9%84&query_place_id=ChIJJQi8_2X_kT4R_wLK-5zn2ss","4",,,
"Cinépolis Cinemas - Oman Avenues Mall سينما سينابولس - مسقط أفينيوز مول","https://www.google.com/maps/search/?api=1&query=Cin%C3%A9polis%20Cinemas%20-%20Oman%20Avenues%20Mall%20%D8%B3%D9%8A%D9%86%D9%85%D8%A7%20%D8%B3%D9%8A%D9%86%D8%A7%D8%A8%D9%88%D9%84%D8%B3%20-%20%D9%85%D8%B3%D9%82%D8%B7%20%D8%A3%D9%81%D9%8A%D9%86%D9%8A%D9%88%D8%B2%20%D9%85%D9%88%D9%84&query_place_id=ChIJJQi8_2X_kT4R_wLK-5zn2ss","5",,,
"Cinépolis Cinemas - Oman Avenues Mall سينما سينابولس - مسقط أفينيوز مول","https://www.google.com/maps/search/?api=1&query=Cin%C3%A9polis%20Cinemas%20-%20Oman%20Avenues%20Mall%20%D8%B3%D9%8A%D9%86%D9%85%D8%A7%20%D8%B3%D9%8A%D9%86%D8%A7%D8%A8%D9%88%D9%84%D8%B3%20-%20%D9%85%D8%B3%D9%82%D8%B7%20%D8%A3%D9%81%D9%8A%D9%86%D9%8A%D9%88%D8%B2%20%D9%85%D9%88%D9%84&query_place_id=ChIJJQi8_2X_kT4R_wLK-5zn2ss","5",,,
"Cinépolis Cinemas - Oman Avenues Mall سينما سينابولس - مسقط أفينيوز مول","https://www.google.com/maps/search/?api=1&query=Cin%C3%A9polis%20Cinemas%20-%20Oman%20Avenues%20Mall%20%D8%B3%D9%8A%D9%86%D9%85%D8%A7%20%D8%B3%D9%8A%D9%86%D8%A7%D8%A8%D9%88%D9%84%D8%B3%20-%20%D9%85%D8%B3%D9%82%D8%B7%20%D8%A3%D9%81%D9%8A%D9%86%D9%8A%D9%88%D8%B2%20%D9%85%D9%88%D9%84&query_place_id=ChIJJQi8_2X_kT4R_wLK-5zn2ss","5",,,"First time there and all I can say.. Their customer service is excellent.

Cinema wise quite normal"
"Cinépolis Cinemas - Oman Avenues Mall سينما سينابولس - مسقط أفينيوز مول","https://www.google.com/maps/search/?api=1&query=Cin%C3%A9polis%20Cinemas%20-%20Oman%20Avenues%20Mall%20%D8%B3%D9%8A%D9%86%D9%85%D8%A7%20%D8%B3%D9%8A%D9%86%D8%A7%D8%A8%D9%88%D9%84%D8%B3%20-%20%D9%85%D8%B3%D9%82%D8%B7%20%D8%A3%D9%81%D9%8A%D9%86%D9%8A%D9%88%D8%B2%20%D9%85%D9%88%D9%84&query_place_id=ChIJJQi8_2X_kT4R_wLK-5zn2ss","5",,,"Very neat place and family entertainment  place"
"Cinépolis Cinemas - Oman Avenues Mall سينما سينابولس - مسقط أفينيوز مول","https://www.google.com/maps/search/?api=1&query=Cin%C3%A9polis%20Cinemas%20-%20Oman%20Avenues%20Mall%20%D8%B3%D9%8A%D9%86%D9%85%D8%A7%20%D8%B3%D9%8A%D9%86%D8%A7%D8%A8%D9%88%D9%84%D8%B3%20-%20%D9%85%D8%B3%D9%82%D8%B7%20%D8%A3%D9%81%D9%8A%D9%86%D9%8A%D9%88%D8%B2%20%D9%85%D9%88%D9%84&query_place_id=ChIJJQi8_2X_kT4R_wLK-5zn2ss","4",,,
"Cinépolis Cinemas - Oman Avenues Mall سينما سينابولس - مسقط أفينيوز مول","https://www.google.com/maps/search/?api=1&query=Cin%C3%A9polis%20Cinemas%20-%20Oman%20Avenues%20Mall%20%D8%B3%D9%8A%D9%86%D9%85%D8%A7%20%D8%B3%D9%8A%D9%86%D8%A7%D8%A8%D9%88%D9%84%D8%B3%20-%20%D9%85%D8%B3%D9%82%D8%B7%20%D8%A3%D9%81%D9%8A%D9%86%D9%8A%D9%88%D8%B2%20%D9%85%D9%88%D9%84&query_place_id=ChIJJQi8_2X_kT4R_wLK-5zn2ss","5",,,"Good ambiance and reasonable ticket price"
"Cinépolis Cinemas - Oman Avenues Mall سينما سينابولس - مسقط أفينيوز مول","https://www.google.com/maps/search/?api=1&query=Cin%C3%A9polis%20Cinemas%20-%20Oman%20Avenues%20Mall%20%D8%B3%D9%8A%D9%86%D9%85%D8%A7%20%D8%B3%D9%8A%D9%86%D8%A7%D8%A8%D9%88%D9%84%D8%B3%20-%20%D9%85%D8%B3%D9%82%D8%B7%20%D8%A3%D9%81%D9%8A%D9%86%D9%8A%D9%88%D8%B2%20%D9%85%D9%88%D9%84&query_place_id=ChIJJQi8_2X_kT4R_wLK-5zn2ss","4",,,
"Cinépolis Cinemas - Oman Avenues Mall سينما سينابولس - مسقط أفينيوز مول","https://www.google.com/maps/search/?api=1&query=Cin%C3%A9polis%20Cinemas%20-%20Oman%20Avenues%20Mall%20%D8%B3%D9%8A%D9%86%D9%85%D8%A7%20%D8%B3%D9%8A%D9%86%D8%A7%D8%A8%D9%88%D9%84%D8%B3%20-%20%D9%85%D8%B3%D9%82%D8%B7%20%D8%A3%D9%81%D9%8A%D9%86%D9%8A%D9%88%D8%B2%20%D9%85%D9%88%D9%84&query_place_id=ChIJJQi8_2X_kT4R_wLK-5zn2ss","5",,,
"Cinépolis Cinemas - Oman Avenues Mall سينما سينابولس - مسقط أفينيوز مول","https://www.google.com/maps/search/?api=1&query=Cin%C3%A9polis%20Cinemas%20-%20Oman%20Avenues%20Mall%20%D8%B3%D9%8A%D9%86%D9%85%D8%A7%20%D8%B3%D9%8A%D9%86%D8%A7%D8%A8%D9%88%D9%84%D8%B3%20-%20%D9%85%D8%B3%D9%82%D8%B7%20%D8%A3%D9%81%D9%8A%D9%86%D9%8A%D9%88%D8%B2%20%D9%85%D9%88%D9%84&query_place_id=ChIJJQi8_2X_kT4R_wLK-5zn2ss","3",,,"I thought cinepolis had changed but visited last again and noticed the surround speakers are still kept off and only the speakers near the screen works. Sound quality is low which ruins your cinema experience."
"Cinépolis Cinemas - Oman Avenues Mall سينما سينابولس - مسقط أفينيوز مول","https://www.google.com/maps/search/?api=1&query=Cin%C3%A9polis%20Cinemas%20-%20Oman%20Avenues%20Mall%20%D8%B3%D9%8A%D9%86%D9%85%D8%A7%20%D8%B3%D9%8A%D9%86%D8%A7%D8%A8%D9%88%D9%84%D8%B3%20-%20%D9%85%D8%B3%D9%82%D8%B7%20%D8%A3%D9%81%D9%8A%D9%86%D9%8A%D9%88%D8%B2%20%D9%85%D9%88%D9%84&query_place_id=ChIJJQi8_2X_kT4R_wLK-5zn2ss","1",,,"Bad website. There page is very slow to load and I’ve been trying to contact them by phone to create a booking and no one is replying. Didn’t expect an international cinema brand to be such low quality."
"Cinépolis Cinemas - Oman Avenues Mall سينما سينابولس - مسقط أفينيوز مول","https://www.google.com/maps/search/?api=1&query=Cin%C3%A9polis%20Cinemas%20-%20Oman%20Avenues%20Mall%20%D8%B3%D9%8A%D9%86%D9%85%D8%A7%20%D8%B3%D9%8A%D9%86%D8%A7%D8%A8%D9%88%D9%84%D8%B3%20-%20%D9%85%D8%B3%D9%82%D8%B7%20%D8%A3%D9%81%D9%8A%D9%86%D9%8A%D9%88%D8%B2%20%D9%85%D9%88%D9%84&query_place_id=ChIJJQi8_2X_kT4R_wLK-5zn2ss","5",,,
"Cinépolis Cinemas - Oman Avenues Mall سينما سينابولس - مسقط أفينيوز مول","https://www.google.com/maps/search/?api=1&query=Cin%C3%A9polis%20Cinemas%20-%20Oman%20Avenues%20Mall%20%D8%B3%D9%8A%D9%86%D9%85%D8%A7%20%D8%B3%D9%8A%D9%86%D8%A7%D8%A8%D9%88%D9%84%D8%B3%20-%20%D9%85%D8%B3%D9%82%D8%B7%20%D8%A3%D9%81%D9%8A%D9%86%D9%8A%D9%88%D8%B2%20%D9%85%D9%88%D9%84&query_place_id=ChIJJQi8_2X_kT4R_wLK-5zn2ss","3",,,"The seats are not comfortable at all and no ice cream cone. However, the service is fast and the toilet are very clean."
"Cinepolis Cinemas","https://www.google.com/maps/search/?api=1&query=Cinepolis%20Cinemas&query_place_id=ChIJw4-SAAVFiz4RrJvH7oizRpg","4",,,"Not bad"
"Cinepolis Cinemas","https://www.google.com/maps/search/?api=1&query=Cinepolis%20Cinemas&query_place_id=ChIJw4-SAAVFiz4RrJvH7oizRpg","5",,,"Can feel awesome movie experience.and a good food counter.Pretty neat and clean atmosphere and good cushioned seats and recliners are also available."
"Cinepolis Cinemas","https://www.google.com/maps/search/?api=1&query=Cinepolis%20Cinemas&query_place_id=ChIJw4-SAAVFiz4RrJvH7oizRpg","5",,,
"Cinepolis Cinemas","https://www.google.com/maps/search/?api=1&query=Cinepolis%20Cinemas&query_place_id=ChIJw4-SAAVFiz4RrJvH7oizRpg","1",,,"سيئ"
"Cinepolis Cinemas","https://www.google.com/maps/search/?api=1&query=Cinepolis%20Cinemas&query_place_id=ChIJw4-SAAVFiz4RrJvH7oizRpg","5",,,
"Cinepolis Cinemas","https://www.google.com/maps/search/?api=1&query=Cinepolis%20Cinemas&query_place_id=ChIJw4-SAAVFiz4RrJvH7oizRpg","5",,,
"Cinepolis Cinemas","https://www.google.com/maps/search/?api=1&query=Cinepolis%20Cinemas&query_place_id=ChIJw4-SAAVFiz4RrJvH7oizRpg","2",,,
"Cinepolis Cinemas","https://www.google.com/maps/search/?api=1&query=Cinepolis%20Cinemas&query_place_id=ChIJw4-SAAVFiz4RrJvH7oizRpg","5",,,
"Cinepolis Cinemas","https://www.google.com/maps/search/?api=1&query=Cinepolis%20Cinemas&query_place_id=ChIJw4-SAAVFiz4RrJvH7oizRpg","5",,,"Ok"
"Cinepolis Cinemas","https://www.google.com/maps/search/?api=1&query=Cinepolis%20Cinemas&query_place_id=ChIJw4-SAAVFiz4RrJvH7oizRpg","5",,,
"Cinepolis Cinemas","https://www.google.com/maps/search/?api=1&query=Cinepolis%20Cinemas&query_place_id=ChIJw4-SAAVFiz4RrJvH7oizRpg","5",,,"Good"
"Cinepolis Cinemas","https://www.google.com/maps/search/?api=1&query=Cinepolis%20Cinemas&query_place_id=ChIJw4-SAAVFiz4RrJvH7oizRpg","4",,,"Good"
"Cinepolis Cinemas","https://www.google.com/maps/search/?api=1&query=Cinepolis%20Cinemas&query_place_id=ChIJw4-SAAVFiz4RrJvH7oizRpg","5",,,
"Cinepolis Cinemas","https://www.google.com/maps/search/?api=1&query=Cinepolis%20Cinemas&query_place_id=ChIJw4-SAAVFiz4RrJvH7oizRpg","4",,,
"Cinepolis Cinemas","https://www.google.com/maps/search/?api=1&query=Cinepolis%20Cinemas&query_place_id=ChIJw4-SAAVFiz4RrJvH7oizRpg","5",,,"Good"
"Cinepolis Cinemas","https://www.google.com/maps/search/?api=1&query=Cinepolis%20Cinemas&query_place_id=ChIJw4-SAAVFiz4RrJvH7oizRpg","5",,,"جيد"
"Cinepolis Cinemas","https://www.google.com/maps/search/?api=1&query=Cinepolis%20Cinemas&query_place_id=ChIJw4-SAAVFiz4RrJvH7oizRpg","4",,,
"Cinepolis Cinemas","https://www.google.com/maps/search/?api=1&query=Cinepolis%20Cinemas&query_place_id=ChIJw4-SAAVFiz4RrJvH7oizRpg","3",,,
"Cinepolis Cinemas","https://www.google.com/maps/search/?api=1&query=Cinepolis%20Cinemas&query_place_id=ChIJw4-SAAVFiz4RrJvH7oizRpg","5",,,
"Cinepolis Cinemas","https://www.google.com/maps/search/?api=1&query=Cinepolis%20Cinemas&query_place_id=ChIJw4-SAAVFiz4RrJvH7oizRpg","5",,,
"Cinépolis Cinemas - Oman Avenues Mall سينما سينابولس - مسقط أفينيوز مول","https://www.google.com/maps/search/?api=1&query=Cin%C3%A9polis%20Cinemas%20-%20Oman%20Avenues%20Mall%20%D8%B3%D9%8A%D9%86%D9%85%D8%A7%20%D8%B3%D9%8A%D9%86%D8%A7%D8%A8%D9%88%D9%84%D8%B3%20-%20%D9%85%D8%B3%D9%82%D8%B7%20%D8%A3%D9%81%D9%8A%D9%86%D9%8A%D9%88%D8%B2%20%D9%85%D9%88%D9%84&query_place_id=ChIJJQi8_2X_kT4R_wLK-5zn2ss","3",,,
"Cinépolis Cinemas - Oman Avenues Mall سينما سينابولس - مسقط أفينيوز مول","https://www.google.com/maps/search/?api=1&query=Cin%C3%A9polis%20Cinemas%20-%20Oman%20Avenues%20Mall%20%D8%B3%D9%8A%D9%86%D9%85%D8%A7%20%D8%B3%D9%8A%D9%86%D8%A7%D8%A8%D9%88%D9%84%D8%B3%20-%20%D9%85%D8%B3%D9%82%D8%B7%20%D8%A3%D9%81%D9%8A%D9%86%D9%8A%D9%88%D8%B2%20%D9%85%D9%88%D9%84&query_place_id=ChIJJQi8_2X_kT4R_wLK-5zn2ss","2",,,"AC was ineffective."
"Cinépolis Cinemas - Oman Avenues Mall سينما سينابولس - مسقط أفينيوز مول","https://www.google.com/maps/search/?api=1&query=Cin%C3%A9polis%20Cinemas%20-%20Oman%20Avenues%20Mall%20%D8%B3%D9%8A%D9%86%D9%85%D8%A7%20%D8%B3%D9%8A%D9%86%D8%A7%D8%A8%D9%88%D9%84%D8%B3%20-%20%D9%85%D8%B3%D9%82%D8%B7%20%D8%A3%D9%81%D9%8A%D9%86%D9%8A%D9%88%D8%B2%20%D9%85%D9%88%D9%84&query_place_id=ChIJJQi8_2X_kT4R_wLK-5zn2ss","5",,,"Good and more fun"
"Cinépolis Cinemas - Oman Avenues Mall سينما سينابولس - مسقط أفينيوز مول","https://www.google.com/maps/search/?api=1&query=Cin%C3%A9polis%20Cinemas%20-%20Oman%20Avenues%20Mall%20%D8%B3%D9%8A%D9%86%D9%85%D8%A7%20%D8%B3%D9%8A%D9%86%D8%A7%D8%A8%D9%88%D9%84%D8%B3%20-%20%D9%85%D8%B3%D9%82%D8%B7%20%D8%A3%D9%81%D9%8A%D9%86%D9%8A%D9%88%D8%B2%20%D9%85%D9%88%D9%84&query_place_id=ChIJJQi8_2X_kT4R_wLK-5zn2ss","5",,,"Awesome 👍"
"Cinépolis Cinemas - Oman Avenues Mall سينما سينابولس - مسقط أفينيوز مول","https://www.google.com/maps/search/?api=1&query=Cin%C3%A9polis%20Cinemas%20-%20Oman%20Avenues%20Mall%20%D8%B3%D9%8A%D9%86%D9%85%D8%A7%20%D8%B3%D9%8A%D9%86%D8%A7%D8%A8%D9%88%D9%84%D8%B3%20-%20%D9%85%D8%B3%D9%82%D8%B7%20%D8%A3%D9%81%D9%8A%D9%86%D9%8A%D9%88%D8%B2%20%D9%85%D9%88%D9%84&query_place_id=ChIJJQi8_2X_kT4R_wLK-5zn2ss","1",,,
"Cinépolis Cinemas - Oman Avenues Mall سينما سينابولس - مسقط أفينيوز مول","https://www.google.com/maps/search/?api=1&query=Cin%C3%A9polis%20Cinemas%20-%20Oman%20Avenues%20Mall%20%D8%B3%D9%8A%D9%86%D9%85%D8%A7%20%D8%B3%D9%8A%D9%86%D8%A7%D8%A8%D9%88%D9%84%D8%B3%20-%20%D9%85%D8%B3%D9%82%D8%B7%20%D8%A3%D9%81%D9%8A%D9%86%D9%8A%D9%88%D8%B2%20%D9%85%D9%88%D9%84&query_place_id=ChIJJQi8_2X_kT4R_wLK-5zn2ss","5",,,"سينما تستحق التجربه 🤩👌"
"Cinépolis Cinemas - Oman Avenues Mall سينما سينابولس - مسقط أفينيوز مول","https://www.google.com/maps/search/?api=1&query=Cin%C3%A9polis%20Cinemas%20-%20Oman%20Avenues%20Mall%20%D8%B3%D9%8A%D9%86%D9%85%D8%A7%20%D8%B3%D9%8A%D9%86%D8%A7%D8%A8%D9%88%D9%84%D8%B3%20-%20%D9%85%D8%B3%D9%82%D8%B7%20%D8%A3%D9%81%D9%8A%D9%86%D9%8A%D9%88%D8%B2%20%D9%85%D9%88%D9%84&query_place_id=ChIJJQi8_2X_kT4R_wLK-5zn2ss","3",,,"Wanna experience 4D cinema they got one
With the moving chairs, wind and water drizzle to feel the thrill of your next action movie

Also they have kids cinema to have a different experience for your kids"
"Cinépolis Cinemas - Oman Avenues Mall سينما سينابولس - مسقط أفينيوز مول","https://www.google.com/maps/search/?api=1&query=Cin%C3%A9polis%20Cinemas%20-%20Oman%20Avenues%20Mall%20%D8%B3%D9%8A%D9%86%D9%85%D8%A7%20%D8%B3%D9%8A%D9%86%D8%A7%D8%A8%D9%88%D9%84%D8%B3%20-%20%D9%85%D8%B3%D9%82%D8%B7%20%D8%A3%D9%81%D9%8A%D9%86%D9%8A%D9%88%D8%B2%20%D9%85%D9%88%D9%84&query_place_id=ChIJJQi8_2X_kT4R_wLK-5zn2ss","4",,,
"Cinépolis Cinemas - Oman Avenues Mall سينما سينابولس - مسقط أفينيوز مول","https://www.google.com/maps/search/?api=1&query=Cin%C3%A9polis%20Cinemas%20-%20Oman%20Avenues%20Mall%20%D8%B3%D9%8A%D9%86%D9%85%D8%A7%20%D8%B3%D9%8A%D9%86%D8%A7%D8%A8%D9%88%D9%84%D8%B3%20-%20%D9%85%D8%B3%D9%82%D8%B7%20%D8%A3%D9%81%D9%8A%D9%86%D9%8A%D9%88%D8%B2%20%D9%85%D9%88%D9%84&query_place_id=ChIJJQi8_2X_kT4R_wLK-5zn2ss","5",,,
"Cinépolis Cinemas - Oman Avenues Mall سينما سينابولس - مسقط أفينيوز مول","https://www.google.com/maps/search/?api=1&query=Cin%C3%A9polis%20Cinemas%20-%20Oman%20Avenues%20Mall%20%D8%B3%D9%8A%D9%86%D9%85%D8%A7%20%D8%B3%D9%8A%D9%86%D8%A7%D8%A8%D9%88%D9%84%D8%B3%20-%20%D9%85%D8%B3%D9%82%D8%B7%20%D8%A3%D9%81%D9%8A%D9%86%D9%8A%D9%88%D8%B2%20%D9%85%D9%88%D9%84&query_place_id=ChIJJQi8_2X_kT4R_wLK-5zn2ss","5",,,
"Cinépolis Cinemas - Oman Avenues Mall سينما سينابولس - مسقط أفينيوز مول","https://www.google.com/maps/search/?api=1&query=Cin%C3%A9polis%20Cinemas%20-%20Oman%20Avenues%20Mall%20%D8%B3%D9%8A%D9%86%D9%85%D8%A7%20%D8%B3%D9%8A%D9%86%D8%A7%D8%A8%D9%88%D9%84%D8%B3%20-%20%D9%85%D8%B3%D9%82%D8%B7%20%D8%A3%D9%81%D9%8A%D9%86%D9%8A%D9%88%D8%B2%20%D9%85%D9%88%D9%84&query_place_id=ChIJJQi8_2X_kT4R_wLK-5zn2ss","1",,,"Today 19th March 7:35 show we are only family 3 person in screen 7. They didn’t start AC. It was hot. If they want they can cancel the show it’s ok,  but can’t keep customer in this situation. Very bad"
"Cinépolis Cinemas - Oman Avenues Mall سينما سينابولس - مسقط أفينيوز مول","https://www.google.com/maps/search/?api=1&query=Cin%C3%A9polis%20Cinemas%20-%20Oman%20Avenues%20Mall%20%D8%B3%D9%8A%D9%86%D9%85%D8%A7%20%D8%B3%D9%8A%D9%86%D8%A7%D8%A8%D9%88%D9%84%D8%B3%20-%20%D9%85%D8%B3%D9%82%D8%B7%20%D8%A3%D9%81%D9%8A%D9%86%D9%8A%D9%88%D8%B2%20%D9%85%D9%88%D9%84&query_place_id=ChIJJQi8_2X_kT4R_wLK-5zn2ss","3",,,"Alright. Nothing great."
"Cinépolis Cinemas - Oman Avenues Mall سينما سينابولس - مسقط أفينيوز مول","https://www.google.com/maps/search/?api=1&query=Cin%C3%A9polis%20Cinemas%20-%20Oman%20Avenues%20Mall%20%D8%B3%D9%8A%D9%86%D9%85%D8%A7%20%D8%B3%D9%8A%D9%86%D8%A7%D8%A8%D9%88%D9%84%D8%B3%20-%20%D9%85%D8%B3%D9%82%D8%B7%20%D8%A3%D9%81%D9%8A%D9%86%D9%8A%D9%88%D8%B2%20%D9%85%D9%88%D9%84&query_place_id=ChIJJQi8_2X_kT4R_wLK-5zn2ss","2",,,"Uncomfortable seat and screen was not clear"
"Cinépolis Cinemas - Oman Avenues Mall سينما سينابولس - مسقط أفينيوز مول","https://www.google.com/maps/search/?api=1&query=Cin%C3%A9polis%20Cinemas%20-%20Oman%20Avenues%20Mall%20%D8%B3%D9%8A%D9%86%D9%85%D8%A7%20%D8%B3%D9%8A%D9%86%D8%A7%D8%A8%D9%88%D9%84%D8%B3%20-%20%D9%85%D8%B3%D9%82%D8%B7%20%D8%A3%D9%81%D9%8A%D9%86%D9%8A%D9%88%D8%B2%20%D9%85%D9%88%D9%84&query_place_id=ChIJJQi8_2X_kT4R_wLK-5zn2ss","4",,,
"Cinépolis Cinemas - Oman Avenues Mall سينما سينابولس - مسقط أفينيوز مول","https://www.google.com/maps/search/?api=1&query=Cin%C3%A9polis%20Cinemas%20-%20Oman%20Avenues%20Mall%20%D8%B3%D9%8A%D9%86%D9%85%D8%A7%20%D8%B3%D9%8A%D9%86%D8%A7%D8%A8%D9%88%D9%84%D8%B3%20-%20%D9%85%D8%B3%D9%82%D8%B7%20%D8%A3%D9%81%D9%8A%D9%86%D9%8A%D9%88%D8%B2%20%D9%85%D9%88%D9%84&query_place_id=ChIJJQi8_2X_kT4R_wLK-5zn2ss","5",,,"Good and hygienic place"
"Cinépolis Cinemas - Oman Avenues Mall سينما سينابولس - مسقط أفينيوز مول","https://www.google.com/maps/search/?api=1&query=Cin%C3%A9polis%20Cinemas%20-%20Oman%20Avenues%20Mall%20%D8%B3%D9%8A%D9%86%D9%85%D8%A7%20%D8%B3%D9%8A%D9%86%D8%A7%D8%A8%D9%88%D9%84%D8%B3%20-%20%D9%85%D8%B3%D9%82%D8%B7%20%D8%A3%D9%81%D9%8A%D9%86%D9%8A%D9%88%D8%B2%20%D9%85%D9%88%D9%84&query_place_id=ChIJJQi8_2X_kT4R_wLK-5zn2ss","5",,,"Very nicr"
"Cinépolis Cinemas - Oman Avenues Mall سينما سينابولس - مسقط أفينيوز مول","https://www.google.com/maps/search/?api=1&query=Cin%C3%A9polis%20Cinemas%20-%20Oman%20Avenues%20Mall%20%D8%B3%D9%8A%D9%86%D9%85%D8%A7%20%D8%B3%D9%8A%D9%86%D8%A7%D8%A8%D9%88%D9%84%D8%B3%20-%20%D9%85%D8%B3%D9%82%D8%B7%20%D8%A3%D9%81%D9%8A%D9%86%D9%8A%D9%88%D8%B2%20%D9%85%D9%88%D9%84&query_place_id=ChIJJQi8_2X_kT4R_wLK-5zn2ss","4",,,"Nice space and good quality sound effects in the theatre."
"Cinépolis Cinemas - Oman Avenues Mall سينما سينابولس - مسقط أفينيوز مول","https://www.google.com/maps/search/?api=1&query=Cin%C3%A9polis%20Cinemas%20-%20Oman%20Avenues%20Mall%20%D8%B3%D9%8A%D9%86%D9%85%D8%A7%20%D8%B3%D9%8A%D9%86%D8%A7%D8%A8%D9%88%D9%84%D8%B3%20-%20%D9%85%D8%B3%D9%82%D8%B7%20%D8%A3%D9%81%D9%8A%D9%86%D9%8A%D9%88%D8%B2%20%D9%85%D9%88%D9%84&query_place_id=ChIJJQi8_2X_kT4R_wLK-5zn2ss","5",,,
"Cinépolis Cinemas - Oman Avenues Mall سينما سينابولس - مسقط أفينيوز مول","https://www.google.com/maps/search/?api=1&query=Cin%C3%A9polis%20Cinemas%20-%20Oman%20Avenues%20Mall%20%D8%B3%D9%8A%D9%86%D9%85%D8%A7%20%D8%B3%D9%8A%D9%86%D8%A7%D8%A8%D9%88%D9%84%D8%B3%20-%20%D9%85%D8%B3%D9%82%D8%B7%20%D8%A3%D9%81%D9%8A%D9%86%D9%8A%D9%88%D8%B2%20%D9%85%D9%88%D9%84&query_place_id=ChIJJQi8_2X_kT4R_wLK-5zn2ss","1",,,"I am extremely unsatisfied with this service, I found the customer service very poor and would not recommend coming here."
"Cinépolis Cinemas - Oman Avenues Mall سينما سينابولس - مسقط أفينيوز مول","https://www.google.com/maps/search/?api=1&query=Cin%C3%A9polis%20Cinemas%20-%20Oman%20Avenues%20Mall%20%D8%B3%D9%8A%D9%86%D9%85%D8%A7%20%D8%B3%D9%8A%D9%86%D8%A7%D8%A8%D9%88%D9%84%D8%B3%20-%20%D9%85%D8%B3%D9%82%D8%B7%20%D8%A3%D9%81%D9%8A%D9%86%D9%8A%D9%88%D8%B2%20%D9%85%D9%88%D9%84&query_place_id=ChIJJQi8_2X_kT4R_wLK-5zn2ss","4",,,"ممتاز وأسعاره ممتازه.."
"Cinepolis Cinemas","https://www.google.com/maps/search/?api=1&query=Cinepolis%20Cinemas&query_place_id=ChIJw4-SAAVFiz4RrJvH7oizRpg","5",,,
"Cinepolis Cinemas","https://www.google.com/maps/search/?api=1&query=Cinepolis%20Cinemas&query_place_id=ChIJw4-SAAVFiz4RrJvH7oizRpg","2",,,"لابأس"
"Cinepolis Cinemas","https://www.google.com/maps/search/?api=1&query=Cinepolis%20Cinemas&query_place_id=ChIJw4-SAAVFiz4RrJvH7oizRpg","3",,,"جيد"
"Cinepolis Cinemas","https://www.google.com/maps/search/?api=1&query=Cinepolis%20Cinemas&query_place_id=ChIJw4-SAAVFiz4RrJvH7oizRpg","5",,,"اعجبني"
"Cinepolis Cinemas","https://www.google.com/maps/search/?api=1&query=Cinepolis%20Cinemas&query_place_id=ChIJw4-SAAVFiz4RrJvH7oizRpg","4",,,"يعرض افلام هنديه اغلب الوقت"
"Cinepolis Cinemas","https://www.google.com/maps/search/?api=1&query=Cinepolis%20Cinemas&query_place_id=ChIJw4-SAAVFiz4RrJvH7oizRpg","5",,,
"Cinepolis Cinemas","https://www.google.com/maps/search/?api=1&query=Cinepolis%20Cinemas&query_place_id=ChIJw4-SAAVFiz4RrJvH7oizRpg","3",,,"جيدة"
"Cinepolis Cinemas","https://www.google.com/maps/search/?api=1&query=Cinepolis%20Cinemas&query_place_id=ChIJw4-SAAVFiz4RrJvH7oizRpg","5",,,
"Cinepolis Cinemas","https://www.google.com/maps/search/?api=1&query=Cinepolis%20Cinemas&query_place_id=ChIJw4-SAAVFiz4RrJvH7oizRpg","5",,,"مقاعد السينماء مريحه جدا"
"Cinepolis Cinemas","https://www.google.com/maps/search/?api=1&query=Cinepolis%20Cinemas&query_place_id=ChIJw4-SAAVFiz4RrJvH7oizRpg","5",,,
"Cinepolis Cinemas","https://www.google.com/maps/search/?api=1&query=Cinepolis%20Cinemas&query_place_id=ChIJw4-SAAVFiz4RrJvH7oizRpg","1",,,"Cinema is good but they need to change staff.."
"Cinepolis Cinemas","https://www.google.com/maps/search/?api=1&query=Cinepolis%20Cinemas&query_place_id=ChIJw4-SAAVFiz4RrJvH7oizRpg","4",,,
"Cinepolis Cinemas","https://www.google.com/maps/search/?api=1&query=Cinepolis%20Cinemas&query_place_id=ChIJw4-SAAVFiz4RrJvH7oizRpg","2",,,
"Cinepolis Cinemas","https://www.google.com/maps/search/?api=1&query=Cinepolis%20Cinemas&query_place_id=ChIJw4-SAAVFiz4RrJvH7oizRpg","5",,,
"Cinepolis Cinemas","https://www.google.com/maps/search/?api=1&query=Cinepolis%20Cinemas&query_place_id=ChIJw4-SAAVFiz4RrJvH7oizRpg","5",,,
"Cinepolis Cinemas","https://www.google.com/maps/search/?api=1&query=Cinepolis%20Cinemas&query_place_id=ChIJw4-SAAVFiz4RrJvH7oizRpg","4",,,
"Cinepolis Cinemas","https://www.google.com/maps/search/?api=1&query=Cinepolis%20Cinemas&query_place_id=ChIJw4-SAAVFiz4RrJvH7oizRpg","5",,,
"Cinepolis Cinemas","https://www.google.com/maps/search/?api=1&query=Cinepolis%20Cinemas&query_place_id=ChIJw4-SAAVFiz4RrJvH7oizRpg","5",,,"Beautiful cinema. With luxury seating."
"Cinepolis Cinemas","https://www.google.com/maps/search/?api=1&query=Cinepolis%20Cinemas&query_place_id=ChIJw4-SAAVFiz4RrJvH7oizRpg","5",,,
"Cinepolis Cinemas","https://www.google.com/maps/search/?api=1&query=Cinepolis%20Cinemas&query_place_id=ChIJw4-SAAVFiz4RrJvH7oizRpg","1",,,
"Cinépolis Cinemas - Oman Avenues Mall سينما سينابولس - مسقط أفينيوز مول","https://www.google.com/maps/search/?api=1&query=Cin%C3%A9polis%20Cinemas%20-%20Oman%20Avenues%20Mall%20%D8%B3%D9%8A%D9%86%D9%85%D8%A7%20%D8%B3%D9%8A%D9%86%D8%A7%D8%A8%D9%88%D9%84%D8%B3%20-%20%D9%85%D8%B3%D9%82%D8%B7%20%D8%A3%D9%81%D9%8A%D9%86%D9%8A%D9%88%D8%B2%20%D9%85%D9%88%D9%84&query_place_id=ChIJJQi8_2X_kT4R_wLK-5zn2ss","4",,,
"Cinépolis Cinemas - Oman Avenues Mall سينما سينابولس - مسقط أفينيوز مول","https://www.google.com/maps/search/?api=1&query=Cin%C3%A9polis%20Cinemas%20-%20Oman%20Avenues%20Mall%20%D8%B3%D9%8A%D9%86%D9%85%D8%A7%20%D8%B3%D9%8A%D9%86%D8%A7%D8%A8%D9%88%D9%84%D8%B3%20-%20%D9%85%D8%B3%D9%82%D8%B7%20%D8%A3%D9%81%D9%8A%D9%86%D9%8A%D9%88%D8%B2%20%D9%85%D9%88%D9%84&query_place_id=ChIJJQi8_2X_kT4R_wLK-5zn2ss","5",,,"It was a wonderful experience we got from cinepolis cinemas . I really loved it."
"Cinépolis Cinemas - Oman Avenues Mall سينما سينابولس - مسقط أفينيوز مول","https://www.google.com/maps/search/?api=1&query=Cin%C3%A9polis%20Cinemas%20-%20Oman%20Avenues%20Mall%20%D8%B3%D9%8A%D9%86%D9%85%D8%A7%20%D8%B3%D9%8A%D9%86%D8%A7%D8%A8%D9%88%D9%84%D8%B3%20-%20%D9%85%D8%B3%D9%82%D8%B7%20%D8%A3%D9%81%D9%8A%D9%86%D9%8A%D9%88%D8%B2%20%D9%85%D9%88%D9%84&query_place_id=ChIJJQi8_2X_kT4R_wLK-5zn2ss","5",,,"After e di v moovie they didt put on light... This is very bad. I ope. My phone light   d and i step down i was above  to fall"
"Cinépolis Cinemas - Oman Avenues Mall سينما سينابولس - مسقط أفينيوز مول","https://www.google.com/maps/search/?api=1&query=Cin%C3%A9polis%20Cinemas%20-%20Oman%20Avenues%20Mall%20%D8%B3%D9%8A%D9%86%D9%85%D8%A7%20%D8%B3%D9%8A%D9%86%D8%A7%D8%A8%D9%88%D9%84%D8%B3%20-%20%D9%85%D8%B3%D9%82%D8%B7%20%D8%A3%D9%81%D9%8A%D9%86%D9%8A%D9%88%D8%B2%20%D9%85%D9%88%D9%84&query_place_id=ChIJJQi8_2X_kT4R_wLK-5zn2ss","4",,,"Awesome movie experience with friends and family..V watched Jurassic World Dominion,Kaduva,Kantara and PATHAAN movie here.Picture and sound quality were too good..Staffs were very polite and friendly.Neatly maintained quiet place 👍👍Snacks r bit pricey here"
"Cinépolis Cinemas - Oman Avenues Mall سينما سينابولس - مسقط أفينيوز مول","https://www.google.com/maps/search/?api=1&query=Cin%C3%A9polis%20Cinemas%20-%20Oman%20Avenues%20Mall%20%D8%B3%D9%8A%D9%86%D9%85%D8%A7%20%D8%B3%D9%8A%D9%86%D8%A7%D8%A8%D9%88%D9%84%D8%B3%20-%20%D9%85%D8%B3%D9%82%D8%B7%20%D8%A3%D9%81%D9%8A%D9%86%D9%8A%D9%88%D8%B2%20%D9%85%D9%88%D9%84&query_place_id=ChIJJQi8_2X_kT4R_wLK-5zn2ss","5",,,
"Cinépolis Cinemas - Oman Avenues Mall سينما سينابولس - مسقط أفينيوز مول","https://www.google.com/maps/search/?api=1&query=Cin%C3%A9polis%20Cinemas%20-%20Oman%20Avenues%20Mall%20%D8%B3%D9%8A%D9%86%D9%85%D8%A7%20%D8%B3%D9%8A%D9%86%D8%A7%D8%A8%D9%88%D9%84%D8%B3%20-%20%D9%85%D8%B3%D9%82%D8%B7%20%D8%A3%D9%81%D9%8A%D9%86%D9%8A%D9%88%D8%B2%20%D9%85%D9%88%D9%84&query_place_id=ChIJJQi8_2X_kT4R_wLK-5zn2ss","5",,,
"Cinépolis Cinemas - Oman Avenues Mall سينما سينابولس - مسقط أفينيوز مول","https://www.google.com/maps/search/?api=1&query=Cin%C3%A9polis%20Cinemas%20-%20Oman%20Avenues%20Mall%20%D8%B3%D9%8A%D9%86%D9%85%D8%A7%20%D8%B3%D9%8A%D9%86%D8%A7%D8%A8%D9%88%D9%84%D8%B3%20-%20%D9%85%D8%B3%D9%82%D8%B7%20%D8%A3%D9%81%D9%8A%D9%86%D9%8A%D9%88%D8%B2%20%D9%85%D9%88%D9%84&query_place_id=ChIJJQi8_2X_kT4R_wLK-5zn2ss","4",,,
"Cinépolis Cinemas - Oman Avenues Mall سينما سينابولس - مسقط أفينيوز مول","https://www.google.com/maps/search/?api=1&query=Cin%C3%A9polis%20Cinemas%20-%20Oman%20Avenues%20Mall%20%D8%B3%D9%8A%D9%86%D9%85%D8%A7%20%D8%B3%D9%8A%D9%86%D8%A7%D8%A8%D9%88%D9%84%D8%B3%20-%20%D9%85%D8%B3%D9%82%D8%B7%20%D8%A3%D9%81%D9%8A%D9%86%D9%8A%D9%88%D8%B2%20%D9%85%D9%88%D9%84&query_place_id=ChIJJQi8_2X_kT4R_wLK-5zn2ss","5",,,"Best cinema Offers in all of Oman"
"Cinépolis Cinemas - Oman Avenues Mall سينما سينابولس - مسقط أفينيوز مول","https://www.google.com/maps/search/?api=1&query=Cin%C3%A9polis%20Cinemas%20-%20Oman%20Avenues%20Mall%20%D8%B3%D9%8A%D9%86%D9%85%D8%A7%20%D8%B3%D9%8A%D9%86%D8%A7%D8%A8%D9%88%D9%84%D8%B3%20-%20%D9%85%D8%B3%D9%82%D8%B7%20%D8%A3%D9%81%D9%8A%D9%86%D9%8A%D9%88%D8%B2%20%D9%85%D9%88%D9%84&query_place_id=ChIJJQi8_2X_kT4R_wLK-5zn2ss","4",,,
"Cinépolis Cinemas - Oman Avenues Mall سينما سينابولس - مسقط أفينيوز مول","https://www.google.com/maps/search/?api=1&query=Cin%C3%A9polis%20Cinemas%20-%20Oman%20Avenues%20Mall%20%D8%B3%D9%8A%D9%86%D9%85%D8%A7%20%D8%B3%D9%8A%D9%86%D8%A7%D8%A8%D9%88%D9%84%D8%B3%20-%20%D9%85%D8%B3%D9%82%D8%B7%20%D8%A3%D9%81%D9%8A%D9%86%D9%8A%D9%88%D8%B2%20%D9%85%D9%88%D9%84&query_place_id=ChIJJQi8_2X_kT4R_wLK-5zn2ss","4",,,"experience is good"
"Cinépolis Cinemas - Oman Avenues Mall سينما سينابولس - مسقط أفينيوز مول","https://www.google.com/maps/search/?api=1&query=Cin%C3%A9polis%20Cinemas%20-%20Oman%20Avenues%20Mall%20%D8%B3%D9%8A%D9%86%D9%85%D8%A7%20%D8%B3%D9%8A%D9%86%D8%A7%D8%A8%D9%88%D9%84%D8%B3%20-%20%D9%85%D8%B3%D9%82%D8%B7%20%D8%A3%D9%81%D9%8A%D9%86%D9%8A%D9%88%D8%B2%20%D9%85%D9%88%D9%84&query_place_id=ChIJJQi8_2X_kT4R_wLK-5zn2ss","5",,,
"Cinépolis Cinemas - Oman Avenues Mall سينما سينابولس - مسقط أفينيوز مول","https://www.google.com/maps/search/?api=1&query=Cin%C3%A9polis%20Cinemas%20-%20Oman%20Avenues%20Mall%20%D8%B3%D9%8A%D9%86%D9%85%D8%A7%20%D8%B3%D9%8A%D9%86%D8%A7%D8%A8%D9%88%D9%84%D8%B3%20-%20%D9%85%D8%B3%D9%82%D8%B7%20%D8%A3%D9%81%D9%8A%D9%86%D9%8A%D9%88%D8%B2%20%D9%85%D9%88%D9%84&query_place_id=ChIJJQi8_2X_kT4R_wLK-5zn2ss","5",,,
"Cinépolis Cinemas - Oman Avenues Mall سينما سينابولس - مسقط أفينيوز مول","https://www.google.com/maps/search/?api=1&query=Cin%C3%A9polis%20Cinemas%20-%20Oman%20Avenues%20Mall%20%D8%B3%D9%8A%D9%86%D9%85%D8%A7%20%D8%B3%D9%8A%D9%86%D8%A7%D8%A8%D9%88%D9%84%D8%B3%20-%20%D9%85%D8%B3%D9%82%D8%B7%20%D8%A3%D9%81%D9%8A%D9%86%D9%8A%D9%88%D8%B2%20%D9%85%D9%88%D9%84&query_place_id=ChIJJQi8_2X_kT4R_wLK-5zn2ss","3",,,
"Cinépolis Cinemas - Oman Avenues Mall سينما سينابولس - مسقط أفينيوز مول","https://www.google.com/maps/search/?api=1&query=Cin%C3%A9polis%20Cinemas%20-%20Oman%20Avenues%20Mall%20%D8%B3%D9%8A%D9%86%D9%85%D8%A7%20%D8%B3%D9%8A%D9%86%D8%A7%D8%A8%D9%88%D9%84%D8%B3%20-%20%D9%85%D8%B3%D9%82%D8%B7%20%D8%A3%D9%81%D9%8A%D9%86%D9%8A%D9%88%D8%B2%20%D9%85%D9%88%D9%84&query_place_id=ChIJJQi8_2X_kT4R_wLK-5zn2ss","5",,,
"Cinépolis Cinemas - Oman Avenues Mall سينما سينابولس - مسقط أفينيوز مول","https://www.google.com/maps/search/?api=1&query=Cin%C3%A9polis%20Cinemas%20-%20Oman%20Avenues%20Mall%20%D8%B3%D9%8A%D9%86%D9%85%D8%A7%20%D8%B3%D9%8A%D9%86%D8%A7%D8%A8%D9%88%D9%84%D8%B3%20-%20%D9%85%D8%B3%D9%82%D8%B7%20%D8%A3%D9%81%D9%8A%D9%86%D9%8A%D9%88%D8%B2%20%D9%85%D9%88%D9%84&query_place_id=ChIJJQi8_2X_kT4R_wLK-5zn2ss","5",,,"Good cinema"
"Cinépolis Cinemas - Oman Avenues Mall سينما سينابولس - مسقط أفينيوز مول","https://www.google.com/maps/search/?api=1&query=Cin%C3%A9polis%20Cinemas%20-%20Oman%20Avenues%20Mall%20%D8%B3%D9%8A%D9%86%D9%85%D8%A7%20%D8%B3%D9%8A%D9%86%D8%A7%D8%A8%D9%88%D9%84%D8%B3%20-%20%D9%85%D8%B3%D9%82%D8%B7%20%D8%A3%D9%81%D9%8A%D9%86%D9%8A%D9%88%D8%B2%20%D9%85%D9%88%D9%84&query_place_id=ChIJJQi8_2X_kT4R_wLK-5zn2ss","5",,,"[Update]
Excellent service
In the past 2 months service has been excellent.
No shows were canceled , I have removed my 1 star rating"
"Cinépolis Cinemas - Oman Avenues Mall سينما سينابولس - مسقط أفينيوز مول","https://www.google.com/maps/search/?api=1&query=Cin%C3%A9polis%20Cinemas%20-%20Oman%20Avenues%20Mall%20%D8%B3%D9%8A%D9%86%D9%85%D8%A7%20%D8%B3%D9%8A%D9%86%D8%A7%D8%A8%D9%88%D9%84%D8%B3%20-%20%D9%85%D8%B3%D9%82%D8%B7%20%D8%A3%D9%81%D9%8A%D9%86%D9%8A%D9%88%D8%B2%20%D9%85%D9%88%D9%84&query_place_id=ChIJJQi8_2X_kT4R_wLK-5zn2ss","3",,,
"Cinépolis Cinemas - Oman Avenues Mall سينما سينابولس - مسقط أفينيوز مول","https://www.google.com/maps/search/?api=1&query=Cin%C3%A9polis%20Cinemas%20-%20Oman%20Avenues%20Mall%20%D8%B3%D9%8A%D9%86%D9%85%D8%A7%20%D8%B3%D9%8A%D9%86%D8%A7%D8%A8%D9%88%D9%84%D8%B3%20-%20%D9%85%D8%B3%D9%82%D8%B7%20%D8%A3%D9%81%D9%8A%D9%86%D9%8A%D9%88%D8%B2%20%D9%85%D9%88%D9%84&query_place_id=ChIJJQi8_2X_kT4R_wLK-5zn2ss","5",,,"Cinépolis Luxury

The ultimate luxurious theatre experience.

For people who are looking for privacy, luxury, comfort, and great food.

The customer service is outstanding, always welcoming, smiling, very helpful, and super friendly.

The theatres are huge and always maintain high hygiene standards."
"Cinépolis Cinemas - Oman Avenues Mall سينما سينابولس - مسقط أفينيوز مول","https://www.google.com/maps/search/?api=1&query=Cin%C3%A9polis%20Cinemas%20-%20Oman%20Avenues%20Mall%20%D8%B3%D9%8A%D9%86%D9%85%D8%A7%20%D8%B3%D9%8A%D9%86%D8%A7%D8%A8%D9%88%D9%84%D8%B3%20-%20%D9%85%D8%B3%D9%82%D8%B7%20%D8%A3%D9%81%D9%8A%D9%86%D9%8A%D9%88%D8%B2%20%D9%85%D9%88%D9%84&query_place_id=ChIJJQi8_2X_kT4R_wLK-5zn2ss","4",,,
"Cinépolis Cinemas - Oman Avenues Mall سينما سينابولس - مسقط أفينيوز مول","https://www.google.com/maps/search/?api=1&query=Cin%C3%A9polis%20Cinemas%20-%20Oman%20Avenues%20Mall%20%D8%B3%D9%8A%D9%86%D9%85%D8%A7%20%D8%B3%D9%8A%D9%86%D8%A7%D8%A8%D9%88%D9%84%D8%B3%20-%20%D9%85%D8%B3%D9%82%D8%B7%20%D8%A3%D9%81%D9%8A%D9%86%D9%8A%D9%88%D8%B2%20%D9%85%D9%88%D9%84&query_place_id=ChIJJQi8_2X_kT4R_wLK-5zn2ss","1",,,"there is issue in the screen and 3D not clear.. check attached photo lift side"
"Cinepolis Cinemas","https://www.google.com/maps/search/?api=1&query=Cinepolis%20Cinemas&query_place_id=ChIJw4-SAAVFiz4RrJvH7oizRpg","5",,,"Awesome movie experience"
"Cinepolis Cinemas","https://www.google.com/maps/search/?api=1&query=Cinepolis%20Cinemas&query_place_id=ChIJw4-SAAVFiz4RrJvH7oizRpg","4",,,"Great place to watch movie..I watched Animal movie recently and on couch seat and I liked it"
"Cinepolis Cinemas","https://www.google.com/maps/search/?api=1&query=Cinepolis%20Cinemas&query_place_id=ChIJw4-SAAVFiz4RrJvH7oizRpg","5",,,"القاعات كثيرة، واسعة، و مرتبة ونظيفة و في تنوع في الأكل و الشرب
الأكل طعمه ممتاز
و القاعة كبيرة وشاشة كبيرة و الكراسي نوعا ما مريحة"
"Cinepolis Cinemas","https://www.google.com/maps/search/?api=1&query=Cinepolis%20Cinemas&query_place_id=ChIJw4-SAAVFiz4RrJvH7oizRpg","5",,,
"Cinepolis Cinemas","https://www.google.com/maps/search/?api=1&query=Cinepolis%20Cinemas&query_place_id=ChIJw4-SAAVFiz4RrJvH7oizRpg","5",,,"سينما حديثة وممتازة سعر التذكرة 3 ريال"
"Cinepolis Cinemas","https://www.google.com/maps/search/?api=1&query=Cinepolis%20Cinemas&query_place_id=ChIJw4-SAAVFiz4RrJvH7oizRpg","1",,,"المصري اللي بيشتغل ف الواحه مول قليل الاحترام ومزعج .. فوكس سينما افضل"
"Cinepolis Cinemas","https://www.google.com/maps/search/?api=1&query=Cinepolis%20Cinemas&query_place_id=ChIJw4-SAAVFiz4RrJvH7oizRpg","5",,,
"Cinepolis Cinemas","https://www.google.com/maps/search/?api=1&query=Cinepolis%20Cinemas&query_place_id=ChIJw4-SAAVFiz4RrJvH7oizRpg","3",,,
"Cinepolis Cinemas","https://www.google.com/maps/search/?api=1&query=Cinepolis%20Cinemas&query_place_id=ChIJw4-SAAVFiz4RrJvH7oizRpg","5",,,
"Cinepolis Cinemas","https://www.google.com/maps/search/?api=1&query=Cinepolis%20Cinemas&query_place_id=ChIJw4-SAAVFiz4RrJvH7oizRpg","5",,,"احد افضل دور السينما في السلطنة"
"Cinepolis Cinemas","https://www.google.com/maps/search/?api=1&query=Cinepolis%20Cinemas&query_place_id=ChIJw4-SAAVFiz4RrJvH7oizRpg","5",,,"Cinepolis الخيار الأفضل و بدون منازع
أفضل سينما جربتها
مقاعدهم ال VIP أسطورية و مريحة و تقدر تغير وضعيتها للنوم
المقاعد الاقل من VIP تقدر ترجع ظهرك للخلف مريحة
خدمة الموظفين ولا اروع
دايما يسوون خصومات و عروض على التذاكر
تتفوق على المنافس في السعر و الراحة و الهدوء و القرب من مركز المدينة
أعطيها العلامة الكاملة 10/10 و بدون تردد و دائما هي الخيار الأفضل عندي"
"Cinepolis Cinemas","https://www.google.com/maps/search/?api=1&query=Cinepolis%20Cinemas&query_place_id=ChIJw4-SAAVFiz4RrJvH7oizRpg","5",,,
"Cinepolis Cinemas","https://www.google.com/maps/search/?api=1&query=Cinepolis%20Cinemas&query_place_id=ChIJw4-SAAVFiz4RrJvH7oizRpg","3",,,"Good seating..but felt like air conditioning was not good throughout the second half and started to sweat..."
"Cinepolis Cinemas","https://www.google.com/maps/search/?api=1&query=Cinepolis%20Cinemas&query_place_id=ChIJw4-SAAVFiz4RrJvH7oizRpg","5",,,
"Cinepolis Cinemas","https://www.google.com/maps/search/?api=1&query=Cinepolis%20Cinemas&query_place_id=ChIJw4-SAAVFiz4RrJvH7oizRpg","5",,,"Good theater with all required amenities. Seats are comfortable and cozy. Not too rushy."
"Cinepolis Cinemas","https://www.google.com/maps/search/?api=1&query=Cinepolis%20Cinemas&query_place_id=ChIJw4-SAAVFiz4RrJvH7oizRpg","4",,,"Cinepolis offers a top-notch cinematic experience with great comfort, technology, and a wide movie selection. Highly recommended.
The concession options are varied, and the snacks and beverages complement the movie experience nicely."
"Cinepolis Cinemas","https://www.google.com/maps/search/?api=1&query=Cinepolis%20Cinemas&query_place_id=ChIJw4-SAAVFiz4RrJvH7oizRpg","5",,,"Good"
"Cinepolis Cinemas","https://www.google.com/maps/search/?api=1&query=Cinepolis%20Cinemas&query_place_id=ChIJw4-SAAVFiz4RrJvH7oizRpg","5",,,
"Cinepolis Cinemas","https://www.google.com/maps/search/?api=1&query=Cinepolis%20Cinemas&query_place_id=ChIJw4-SAAVFiz4RrJvH7oizRpg","5",,,
"Cinepolis Cinemas","https://www.google.com/maps/search/?api=1&query=Cinepolis%20Cinemas&query_place_id=ChIJw4-SAAVFiz4RrJvH7oizRpg","3",,,"جيد جدا"
"Cinépolis Cinemas - Oman Avenues Mall سينما سينابولس - مسقط أفينيوز مول","https://www.google.com/maps/search/?api=1&query=Cin%C3%A9polis%20Cinemas%20-%20Oman%20Avenues%20Mall%20%D8%B3%D9%8A%D9%86%D9%85%D8%A7%20%D8%B3%D9%8A%D9%86%D8%A7%D8%A8%D9%88%D9%84%D8%B3%20-%20%D9%85%D8%B3%D9%82%D8%B7%20%D8%A3%D9%81%D9%8A%D9%86%D9%8A%D9%88%D8%B2%20%D9%85%D9%88%D9%84&query_place_id=ChIJJQi8_2X_kT4R_wLK-5zn2ss","5",,,"Good cinema"
"Cinépolis Cinemas - Oman Avenues Mall سينما سينابولس - مسقط أفينيوز مول","https://www.google.com/maps/search/?api=1&query=Cin%C3%A9polis%20Cinemas%20-%20Oman%20Avenues%20Mall%20%D8%B3%D9%8A%D9%86%D9%85%D8%A7%20%D8%B3%D9%8A%D9%86%D8%A7%D8%A8%D9%88%D9%84%D8%B3%20-%20%D9%85%D8%B3%D9%82%D8%B7%20%D8%A3%D9%81%D9%8A%D9%86%D9%8A%D9%88%D8%B2%20%D9%85%D9%88%D9%84&query_place_id=ChIJJQi8_2X_kT4R_wLK-5zn2ss","5",,,"Good place"
"Cinépolis Cinemas - Oman Avenues Mall سينما سينابولس - مسقط أفينيوز مول","https://www.google.com/maps/search/?api=1&query=Cin%C3%A9polis%20Cinemas%20-%20Oman%20Avenues%20Mall%20%D8%B3%D9%8A%D9%86%D9%85%D8%A7%20%D8%B3%D9%8A%D9%86%D8%A7%D8%A8%D9%88%D9%84%D8%B3%20-%20%D9%85%D8%B3%D9%82%D8%B7%20%D8%A3%D9%81%D9%8A%D9%86%D9%8A%D9%88%D8%B2%20%D9%85%D9%88%D9%84&query_place_id=ChIJJQi8_2X_kT4R_wLK-5zn2ss","5",,,
"Cinépolis Cinemas - Oman Avenues Mall سينما سينابولس - مسقط أفينيوز مول","https://www.google.com/maps/search/?api=1&query=Cin%C3%A9polis%20Cinemas%20-%20Oman%20Avenues%20Mall%20%D8%B3%D9%8A%D9%86%D9%85%D8%A7%20%D8%B3%D9%8A%D9%86%D8%A7%D8%A8%D9%88%D9%84%D8%B3%20-%20%D9%85%D8%B3%D9%82%D8%B7%20%D8%A3%D9%81%D9%8A%D9%86%D9%8A%D9%88%D8%B2%20%D9%85%D9%88%D9%84&query_place_id=ChIJJQi8_2X_kT4R_wLK-5zn2ss","3",,,"2022.11
Theatre is well-maintained in terms of concessions areas and toilets.
Sound quality in audi 6 was mediocre (watched wakanda forever). Standard Seats were not comfortable. Movie experience was average.

Concession staffs were trying sell upsize portions even after specifically told my preference few times."
"Cinépolis Cinemas - Oman Avenues Mall سينما سينابولس - مسقط أفينيوز مول","https://www.google.com/maps/search/?api=1&query=Cin%C3%A9polis%20Cinemas%20-%20Oman%20Avenues%20Mall%20%D8%B3%D9%8A%D9%86%D9%85%D8%A7%20%D8%B3%D9%8A%D9%86%D8%A7%D8%A8%D9%88%D9%84%D8%B3%20-%20%D9%85%D8%B3%D9%82%D8%B7%20%D8%A3%D9%81%D9%8A%D9%86%D9%8A%D9%88%D8%B2%20%D9%85%D9%88%D9%84&query_place_id=ChIJJQi8_2X_kT4R_wLK-5zn2ss","4",,,"good cinema"
"Cinépolis Cinemas - Oman Avenues Mall سينما سينابولس - مسقط أفينيوز مول","https://www.google.com/maps/search/?api=1&query=Cin%C3%A9polis%20Cinemas%20-%20Oman%20Avenues%20Mall%20%D8%B3%D9%8A%D9%86%D9%85%D8%A7%20%D8%B3%D9%8A%D9%86%D8%A7%D8%A8%D9%88%D9%84%D8%B3%20-%20%D9%85%D8%B3%D9%82%D8%B7%20%D8%A3%D9%81%D9%8A%D9%86%D9%8A%D9%88%D8%B2%20%D9%85%D9%88%D9%84&query_place_id=ChIJJQi8_2X_kT4R_wLK-5zn2ss","5",,,"Nice cinema Hall with very nice food outlet, comfortable, luxurious and pocket friendly"
"Cinépolis Cinemas - Oman Avenues Mall سينما سينابولس - مسقط أفينيوز مول","https://www.google.com/maps/search/?api=1&query=Cin%C3%A9polis%20Cinemas%20-%20Oman%20Avenues%20Mall%20%D8%B3%D9%8A%D9%86%D9%85%D8%A7%20%D8%B3%D9%8A%D9%86%D8%A7%D8%A8%D9%88%D9%84%D8%B3%20-%20%D9%85%D8%B3%D9%82%D8%B7%20%D8%A3%D9%81%D9%8A%D9%86%D9%8A%D9%88%D8%B2%20%D9%85%D9%88%D9%84&query_place_id=ChIJJQi8_2X_kT4R_wLK-5zn2ss","3",,,"بشكل عام أنصح بهذي السينما سواء في القسم العادي أو المميز ولكن من اللازم عليهم الانتباه الى عملية توصيل المأكولات والمشروبات في قاعات القسم المميز لان الحركة الكثيرة من الموظفين مزعجة لحد كبير بحيث لا نتمكن من متابعة الفيلم بأريحية تامة"
"Cinépolis Cinemas - Oman Avenues Mall سينما سينابولس - مسقط أفينيوز مول","https://www.google.com/maps/search/?api=1&query=Cin%C3%A9polis%20Cinemas%20-%20Oman%20Avenues%20Mall%20%D8%B3%D9%8A%D9%86%D9%85%D8%A7%20%D8%B3%D9%8A%D9%86%D8%A7%D8%A8%D9%88%D9%84%D8%B3%20-%20%D9%85%D8%B3%D9%82%D8%B7%20%D8%A3%D9%81%D9%8A%D9%86%D9%8A%D9%88%D8%B2%20%D9%85%D9%88%D9%84&query_place_id=ChIJJQi8_2X_kT4R_wLK-5zn2ss","4",,,"Nice sound system"
"Cinépolis Cinemas - Oman Avenues Mall سينما سينابولس - مسقط أفينيوز مول","https://www.google.com/maps/search/?api=1&query=Cin%C3%A9polis%20Cinemas%20-%20Oman%20Avenues%20Mall%20%D8%B3%D9%8A%D9%86%D9%85%D8%A7%20%D8%B3%D9%8A%D9%86%D8%A7%D8%A8%D9%88%D9%84%D8%B3%20-%20%D9%85%D8%B3%D9%82%D8%B7%20%D8%A3%D9%81%D9%8A%D9%86%D9%8A%D9%88%D8%B2%20%D9%85%D9%88%D9%84&query_place_id=ChIJJQi8_2X_kT4R_wLK-5zn2ss","4",,,
"Cinépolis Cinemas - Oman Avenues Mall سينما سينابولس - مسقط أفينيوز مول","https://www.google.com/maps/search/?api=1&query=Cin%C3%A9polis%20Cinemas%20-%20Oman%20Avenues%20Mall%20%D8%B3%D9%8A%D9%86%D9%85%D8%A7%20%D8%B3%D9%8A%D9%86%D8%A7%D8%A8%D9%88%D9%84%D8%B3%20-%20%D9%85%D8%B3%D9%82%D8%B7%20%D8%A3%D9%81%D9%8A%D9%86%D9%8A%D9%88%D8%B2%20%D9%85%D9%88%D9%84&query_place_id=ChIJJQi8_2X_kT4R_wLK-5zn2ss","5",,,"Good screen , reasonably priced, neat"
"Cinépolis Cinemas - Oman Avenues Mall سينما سينابولس - مسقط أفينيوز مول","https://www.google.com/maps/search/?api=1&query=Cin%C3%A9polis%20Cinemas%20-%20Oman%20Avenues%20Mall%20%D8%B3%D9%8A%D9%86%D9%85%D8%A7%20%D8%B3%D9%8A%D9%86%D8%A7%D8%A8%D9%88%D9%84%D8%B3%20-%20%D9%85%D8%B3%D9%82%D8%B7%20%D8%A3%D9%81%D9%8A%D9%86%D9%8A%D9%88%D8%B2%20%D9%85%D9%88%D9%84&query_place_id=ChIJJQi8_2X_kT4R_wLK-5zn2ss","4",,,
"Cinépolis Cinemas - Oman Avenues Mall سينما سينابولس - مسقط أفينيوز مول","https://www.google.com/maps/search/?api=1&query=Cin%C3%A9polis%20Cinemas%20-%20Oman%20Avenues%20Mall%20%D8%B3%D9%8A%D9%86%D9%85%D8%A7%20%D8%B3%D9%8A%D9%86%D8%A7%D8%A8%D9%88%D9%84%D8%B3%20-%20%D9%85%D8%B3%D9%82%D8%B7%20%D8%A3%D9%81%D9%8A%D9%86%D9%8A%D9%88%D8%B2%20%D9%85%D9%88%D9%84&query_place_id=ChIJJQi8_2X_kT4R_wLK-5zn2ss","5",,,
"Cinépolis Cinemas - Oman Avenues Mall سينما سينابولس - مسقط أفينيوز مول","https://www.google.com/maps/search/?api=1&query=Cin%C3%A9polis%20Cinemas%20-%20Oman%20Avenues%20Mall%20%D8%B3%D9%8A%D9%86%D9%85%D8%A7%20%D8%B3%D9%8A%D9%86%D8%A7%D8%A8%D9%88%D9%84%D8%B3%20-%20%D9%85%D8%B3%D9%82%D8%B7%20%D8%A3%D9%81%D9%8A%D9%86%D9%8A%D9%88%D8%B2%20%D9%85%D9%88%D9%84&query_place_id=ChIJJQi8_2X_kT4R_wLK-5zn2ss","5",,,
"Cinépolis Cinemas - Oman Avenues Mall سينما سينابولس - مسقط أفينيوز مول","https://www.google.com/maps/search/?api=1&query=Cin%C3%A9polis%20Cinemas%20-%20Oman%20Avenues%20Mall%20%D8%B3%D9%8A%D9%86%D9%85%D8%A7%20%D8%B3%D9%8A%D9%86%D8%A7%D8%A8%D9%88%D9%84%D8%B3%20-%20%D9%85%D8%B3%D9%82%D8%B7%20%D8%A3%D9%81%D9%8A%D9%86%D9%8A%D9%88%D8%B2%20%D9%85%D9%88%D9%84&query_place_id=ChIJJQi8_2X_kT4R_wLK-5zn2ss","5",,,"Very nice place. It's our first time there."
"Cinépolis Cinemas - Oman Avenues Mall سينما سينابولس - مسقط أفينيوز مول","https://www.google.com/maps/search/?api=1&query=Cin%C3%A9polis%20Cinemas%20-%20Oman%20Avenues%20Mall%20%D8%B3%D9%8A%D9%86%D9%85%D8%A7%20%D8%B3%D9%8A%D9%86%D8%A7%D8%A8%D9%88%D9%84%D8%B3%20-%20%D9%85%D8%B3%D9%82%D8%B7%20%D8%A3%D9%81%D9%8A%D9%86%D9%8A%D9%88%D8%B2%20%D9%85%D9%88%D9%84&query_place_id=ChIJJQi8_2X_kT4R_wLK-5zn2ss","5",,,"Very good option for enjoying movies with family..."
"Cinépolis Cinemas - Oman Avenues Mall سينما سينابولس - مسقط أفينيوز مول","https://www.google.com/maps/search/?api=1&query=Cin%C3%A9polis%20Cinemas%20-%20Oman%20Avenues%20Mall%20%D8%B3%D9%8A%D9%86%D9%85%D8%A7%20%D8%B3%D9%8A%D9%86%D8%A7%D8%A8%D9%88%D9%84%D8%B3%20-%20%D9%85%D8%B3%D9%82%D8%B7%20%D8%A3%D9%81%D9%8A%D9%86%D9%8A%D9%88%D8%B2%20%D9%85%D9%88%D9%84&query_place_id=ChIJJQi8_2X_kT4R_wLK-5zn2ss","5",,,
"Cinépolis Cinemas - Oman Avenues Mall سينما سينابولس - مسقط أفينيوز مول","https://www.google.com/maps/search/?api=1&query=Cin%C3%A9polis%20Cinemas%20-%20Oman%20Avenues%20Mall%20%D8%B3%D9%8A%D9%86%D9%85%D8%A7%20%D8%B3%D9%8A%D9%86%D8%A7%D8%A8%D9%88%D9%84%D8%B3%20-%20%D9%85%D8%B3%D9%82%D8%B7%20%D8%A3%D9%81%D9%8A%D9%86%D9%8A%D9%88%D8%B2%20%D9%85%D9%88%D9%84&query_place_id=ChIJJQi8_2X_kT4R_wLK-5zn2ss","4",,,"Nachos & salsa souse were really horrible. Not recommended in comparison to Vox cinema"
"Cinépolis Cinemas - Oman Avenues Mall سينما سينابولس - مسقط أفينيوز مول","https://www.google.com/maps/search/?api=1&query=Cin%C3%A9polis%20Cinemas%20-%20Oman%20Avenues%20Mall%20%D8%B3%D9%8A%D9%86%D9%85%D8%A7%20%D8%B3%D9%8A%D9%86%D8%A7%D8%A8%D9%88%D9%84%D8%B3%20-%20%D9%85%D8%B3%D9%82%D8%B7%20%D8%A3%D9%81%D9%8A%D9%86%D9%8A%D9%88%D8%B2%20%D9%85%D9%88%D9%84&query_place_id=ChIJJQi8_2X_kT4R_wLK-5zn2ss","4",,,
"Cinépolis Cinemas - Oman Avenues Mall سينما سينابولس - مسقط أفينيوز مول","https://www.google.com/maps/search/?api=1&query=Cin%C3%A9polis%20Cinemas%20-%20Oman%20Avenues%20Mall%20%D8%B3%D9%8A%D9%86%D9%85%D8%A7%20%D8%B3%D9%8A%D9%86%D8%A7%D8%A8%D9%88%D9%84%D8%B3%20-%20%D9%85%D8%B3%D9%82%D8%B7%20%D8%A3%D9%81%D9%8A%D9%86%D9%8A%D9%88%D8%B2%20%D9%85%D9%88%D9%84&query_place_id=ChIJJQi8_2X_kT4R_wLK-5zn2ss","5",,,"Good place, tickets easily available"
"Cinépolis Cinemas - Oman Avenues Mall سينما سينابولس - مسقط أفينيوز مول","https://www.google.com/maps/search/?api=1&query=Cin%C3%A9polis%20Cinemas%20-%20Oman%20Avenues%20Mall%20%D8%B3%D9%8A%D9%86%D9%85%D8%A7%20%D8%B3%D9%8A%D9%86%D8%A7%D8%A8%D9%88%D9%84%D8%B3%20-%20%D9%85%D8%B3%D9%82%D8%B7%20%D8%A3%D9%81%D9%8A%D9%86%D9%8A%D9%88%D8%B2%20%D9%85%D9%88%D9%84&query_place_id=ChIJJQi8_2X_kT4R_wLK-5zn2ss","5",,,"Best"
"Cinepolis Cinemas","https://www.google.com/maps/search/?api=1&query=Cinepolis%20Cinemas&query_place_id=ChIJw4-SAAVFiz4RrJvH7oizRpg","5",,,"Nice enjoyment place...... Good ambiance"
"Cinepolis Cinemas","https://www.google.com/maps/search/?api=1&query=Cinepolis%20Cinemas&query_place_id=ChIJw4-SAAVFiz4RrJvH7oizRpg","4",,,"ملاحظة

سعر تذاكر مرتفع جدا لديهم"
"Cinepolis Cinemas","https://www.google.com/maps/search/?api=1&query=Cinepolis%20Cinemas&query_place_id=ChIJw4-SAAVFiz4RrJvH7oizRpg","5",,,
"Cinepolis Cinemas","https://www.google.com/maps/search/?api=1&query=Cinepolis%20Cinemas&query_place_id=ChIJw4-SAAVFiz4RrJvH7oizRpg","5",,,"Seats are Comfortable, Recliner also available with little more cost"
"Cinepolis Cinemas","https://www.google.com/maps/search/?api=1&query=Cinepolis%20Cinemas&query_place_id=ChIJw4-SAAVFiz4RrJvH7oizRpg","4",,,"مكان جميل ومرتب لمشاهده فيلم برفقه الاصدقاء. انصحكم بالتجربة"
"Cinepolis Cinemas","https://www.google.com/maps/search/?api=1&query=Cinepolis%20Cinemas&query_place_id=ChIJw4-SAAVFiz4RrJvH7oizRpg","5",,,"Very good atmosphere. Specially recliner seet and kids theater"
"Cinepolis Cinemas","https://www.google.com/maps/search/?api=1&query=Cinepolis%20Cinemas&query_place_id=ChIJw4-SAAVFiz4RrJvH7oizRpg","5",,,"Good"
"Cinepolis Cinemas","https://www.google.com/maps/search/?api=1&query=Cinepolis%20Cinemas&query_place_id=ChIJw4-SAAVFiz4RrJvH7oizRpg","5",,,
"Cinepolis Cinemas","https://www.google.com/maps/search/?api=1&query=Cinepolis%20Cinemas&query_place_id=ChIJw4-SAAVFiz4RrJvH7oizRpg","5",,,
"Cinepolis Cinemas","https://www.google.com/maps/search/?api=1&query=Cinepolis%20Cinemas&query_place_id=ChIJw4-SAAVFiz4RrJvH7oizRpg","5",,,
"Cinepolis Cinemas","https://www.google.com/maps/search/?api=1&query=Cinepolis%20Cinemas&query_place_id=ChIJw4-SAAVFiz4RrJvH7oizRpg","4",,,"سينما ممتازة، لكن يعيبها سعر المأكولات والمشروبات المبالغ فيه"
"Cinepolis Cinemas","https://www.google.com/maps/search/?api=1&query=Cinepolis%20Cinemas&query_place_id=ChIJw4-SAAVFiz4RrJvH7oizRpg","5",,,"ممتاز ورخيص"
"Cinepolis Cinemas","https://www.google.com/maps/search/?api=1&query=Cinepolis%20Cinemas&query_place_id=ChIJw4-SAAVFiz4RrJvH7oizRpg","2",,,
"Cinepolis Cinemas","https://www.google.com/maps/search/?api=1&query=Cinepolis%20Cinemas&query_place_id=ChIJw4-SAAVFiz4RrJvH7oizRpg","5",,,
"Cinepolis Cinemas","https://www.google.com/maps/search/?api=1&query=Cinepolis%20Cinemas&query_place_id=ChIJw4-SAAVFiz4RrJvH7oizRpg","4",,,
"Cinepolis Cinemas","https://www.google.com/maps/search/?api=1&query=Cinepolis%20Cinemas&query_place_id=ChIJw4-SAAVFiz4RrJvH7oizRpg","5",,,
"Cinepolis Cinemas","https://www.google.com/maps/search/?api=1&query=Cinepolis%20Cinemas&query_place_id=ChIJw4-SAAVFiz4RrJvH7oizRpg","5",,,
"Cinepolis Cinemas","https://www.google.com/maps/search/?api=1&query=Cinepolis%20Cinemas&query_place_id=ChIJw4-SAAVFiz4RrJvH7oizRpg","4",,,"Nice experience"
"Cinepolis Cinemas","https://www.google.com/maps/search/?api=1&query=Cinepolis%20Cinemas&query_place_id=ChIJw4-SAAVFiz4RrJvH7oizRpg","5",,,
"Cinepolis Cinemas","https://www.google.com/maps/search/?api=1&query=Cinepolis%20Cinemas&query_place_id=ChIJw4-SAAVFiz4RrJvH7oizRpg","5",,,
"Cinépolis Cinemas - Oman Avenues Mall سينما سينابولس - مسقط أفينيوز مول","https://www.google.com/maps/search/?api=1&query=Cin%C3%A9polis%20Cinemas%20-%20Oman%20Avenues%20Mall%20%D8%B3%D9%8A%D9%86%D9%85%D8%A7%20%D8%B3%D9%8A%D9%86%D8%A7%D8%A8%D9%88%D9%84%D8%B3%20-%20%D9%85%D8%B3%D9%82%D8%B7%20%D8%A3%D9%81%D9%8A%D9%86%D9%8A%D9%88%D8%B2%20%D9%85%D9%88%D9%84&query_place_id=ChIJJQi8_2X_kT4R_wLK-5zn2ss","3",,,"Screen and sound are good. However, the exits from the hall leads to lot of stairs. So if you have have problems accessing stairs, better to avoid it. Also, lighting at staircase is also very poor."
"Cinépolis Cinemas - Oman Avenues Mall سينما سينابولس - مسقط أفينيوز مول","https://www.google.com/maps/search/?api=1&query=Cin%C3%A9polis%20Cinemas%20-%20Oman%20Avenues%20Mall%20%D8%B3%D9%8A%D9%86%D9%85%D8%A7%20%D8%B3%D9%8A%D9%86%D8%A7%D8%A8%D9%88%D9%84%D8%B3%20-%20%D9%85%D8%B3%D9%82%D8%B7%20%D8%A3%D9%81%D9%8A%D9%86%D9%8A%D9%88%D8%B2%20%D9%85%D9%88%D9%84&query_place_id=ChIJJQi8_2X_kT4R_wLK-5zn2ss","4",,,
"Cinépolis Cinemas - Oman Avenues Mall سينما سينابولس - مسقط أفينيوز مول","https://www.google.com/maps/search/?api=1&query=Cin%C3%A9polis%20Cinemas%20-%20Oman%20Avenues%20Mall%20%D8%B3%D9%8A%D9%86%D9%85%D8%A7%20%D8%B3%D9%8A%D9%86%D8%A7%D8%A8%D9%88%D9%84%D8%B3%20-%20%D9%85%D8%B3%D9%82%D8%B7%20%D8%A3%D9%81%D9%8A%D9%86%D9%8A%D9%88%D8%B2%20%D9%85%D9%88%D9%84&query_place_id=ChIJJQi8_2X_kT4R_wLK-5zn2ss","4",,,
"Cinépolis Cinemas - Oman Avenues Mall سينما سينابولس - مسقط أفينيوز مول","https://www.google.com/maps/search/?api=1&query=Cin%C3%A9polis%20Cinemas%20-%20Oman%20Avenues%20Mall%20%D8%B3%D9%8A%D9%86%D9%85%D8%A7%20%D8%B3%D9%8A%D9%86%D8%A7%D8%A8%D9%88%D9%84%D8%B3%20-%20%D9%85%D8%B3%D9%82%D8%B7%20%D8%A3%D9%81%D9%8A%D9%86%D9%8A%D9%88%D8%B2%20%D9%85%D9%88%D9%84&query_place_id=ChIJJQi8_2X_kT4R_wLK-5zn2ss","5",,,
"Cinépolis Cinemas - Oman Avenues Mall سينما سينابولس - مسقط أفينيوز مول","https://www.google.com/maps/search/?api=1&query=Cin%C3%A9polis%20Cinemas%20-%20Oman%20Avenues%20Mall%20%D8%B3%D9%8A%D9%86%D9%85%D8%A7%20%D8%B3%D9%8A%D9%86%D8%A7%D8%A8%D9%88%D9%84%D8%B3%20-%20%D9%85%D8%B3%D9%82%D8%B7%20%D8%A3%D9%81%D9%8A%D9%86%D9%8A%D9%88%D8%B2%20%D9%85%D9%88%D9%84&query_place_id=ChIJJQi8_2X_kT4R_wLK-5zn2ss","5",,,
"Cinépolis Cinemas - Oman Avenues Mall سينما سينابولس - مسقط أفينيوز مول","https://www.google.com/maps/search/?api=1&query=Cin%C3%A9polis%20Cinemas%20-%20Oman%20Avenues%20Mall%20%D8%B3%D9%8A%D9%86%D9%85%D8%A7%20%D8%B3%D9%8A%D9%86%D8%A7%D8%A8%D9%88%D9%84%D8%B3%20-%20%D9%85%D8%B3%D9%82%D8%B7%20%D8%A3%D9%81%D9%8A%D9%86%D9%8A%D9%88%D8%B2%20%D9%85%D9%88%D9%84&query_place_id=ChIJJQi8_2X_kT4R_wLK-5zn2ss","5",,,"Watched wakanda forever 😍"
"Cinépolis Cinemas - Oman Avenues Mall سينما سينابولس - مسقط أفينيوز مول","https://www.google.com/maps/search/?api=1&query=Cin%C3%A9polis%20Cinemas%20-%20Oman%20Avenues%20Mall%20%D8%B3%D9%8A%D9%86%D9%85%D8%A7%20%D8%B3%D9%8A%D9%86%D8%A7%D8%A8%D9%88%D9%84%D8%B3%20-%20%D9%85%D8%B3%D9%82%D8%B7%20%D8%A3%D9%81%D9%8A%D9%86%D9%8A%D9%88%D8%B2%20%D9%85%D9%88%D9%84&query_place_id=ChIJJQi8_2X_kT4R_wLK-5zn2ss","4",,,"Very good experience for movie lovers"
"Cinépolis Cinemas - Oman Avenues Mall سينما سينابولس - مسقط أفينيوز مول","https://www.google.com/maps/search/?api=1&query=Cin%C3%A9polis%20Cinemas%20-%20Oman%20Avenues%20Mall%20%D8%B3%D9%8A%D9%86%D9%85%D8%A7%20%D8%B3%D9%8A%D9%86%D8%A7%D8%A8%D9%88%D9%84%D8%B3%20-%20%D9%85%D8%B3%D9%82%D8%B7%20%D8%A3%D9%81%D9%8A%D9%86%D9%8A%D9%88%D8%B2%20%D9%85%D9%88%D9%84&query_place_id=ChIJJQi8_2X_kT4R_wLK-5zn2ss","5",,,"excellent experience. awesome sounds effects and screen also large. must try for all the movies"
"Cinépolis Cinemas - Oman Avenues Mall سينما سينابولس - مسقط أفينيوز مول","https://www.google.com/maps/search/?api=1&query=Cin%C3%A9polis%20Cinemas%20-%20Oman%20Avenues%20Mall%20%D8%B3%D9%8A%D9%86%D9%85%D8%A7%20%D8%B3%D9%8A%D9%86%D8%A7%D8%A8%D9%88%D9%84%D8%B3%20-%20%D9%85%D8%B3%D9%82%D8%B7%20%D8%A3%D9%81%D9%8A%D9%86%D9%8A%D9%88%D8%B2%20%D9%85%D9%88%D9%84&query_place_id=ChIJJQi8_2X_kT4R_wLK-5zn2ss","5",,,"Superb . Nice seating"
"Cinépolis Cinemas - Oman Avenues Mall سينما سينابولس - مسقط أفينيوز مول","https://www.google.com/maps/search/?api=1&query=Cin%C3%A9polis%20Cinemas%20-%20Oman%20Avenues%20Mall%20%D8%B3%D9%8A%D9%86%D9%85%D8%A7%20%D8%B3%D9%8A%D9%86%D8%A7%D8%A8%D9%88%D9%84%D8%B3%20-%20%D9%85%D8%B3%D9%82%D8%B7%20%D8%A3%D9%81%D9%8A%D9%86%D9%8A%D9%88%D8%B2%20%D9%85%D9%88%D9%84&query_place_id=ChIJJQi8_2X_kT4R_wLK-5zn2ss","3",,,"4D experience was ok."
"Cinépolis Cinemas - Oman Avenues Mall سينما سينابولس - مسقط أفينيوز مول","https://www.google.com/maps/search/?api=1&query=Cin%C3%A9polis%20Cinemas%20-%20Oman%20Avenues%20Mall%20%D8%B3%D9%8A%D9%86%D9%85%D8%A7%20%D8%B3%D9%8A%D9%86%D8%A7%D8%A8%D9%88%D9%84%D8%B3%20-%20%D9%85%D8%B3%D9%82%D8%B7%20%D8%A3%D9%81%D9%8A%D9%86%D9%8A%D9%88%D8%B2%20%D9%85%D9%88%D9%84&query_place_id=ChIJJQi8_2X_kT4R_wLK-5zn2ss","3",,,"Good"
"Cinépolis Cinemas - Oman Avenues Mall سينما سينابولس - مسقط أفينيوز مول","https://www.google.com/maps/search/?api=1&query=Cin%C3%A9polis%20Cinemas%20-%20Oman%20Avenues%20Mall%20%D8%B3%D9%8A%D9%86%D9%85%D8%A7%20%D8%B3%D9%8A%D9%86%D8%A7%D8%A8%D9%88%D9%84%D8%B3%20-%20%D9%85%D8%B3%D9%82%D8%B7%20%D8%A3%D9%81%D9%8A%D9%86%D9%8A%D9%88%D8%B2%20%D9%85%D9%88%D9%84&query_place_id=ChIJJQi8_2X_kT4R_wLK-5zn2ss","5",,,
"Cinépolis Cinemas - Oman Avenues Mall سينما سينابولس - مسقط أفينيوز مول","https://www.google.com/maps/search/?api=1&query=Cin%C3%A9polis%20Cinemas%20-%20Oman%20Avenues%20Mall%20%D8%B3%D9%8A%D9%86%D9%85%D8%A7%20%D8%B3%D9%8A%D9%86%D8%A7%D8%A8%D9%88%D9%84%D8%B3%20-%20%D9%85%D8%B3%D9%82%D8%B7%20%D8%A3%D9%81%D9%8A%D9%86%D9%8A%D9%88%D8%B2%20%D9%85%D9%88%D9%84&query_place_id=ChIJJQi8_2X_kT4R_wLK-5zn2ss","5",,,
"Cinépolis Cinemas - Oman Avenues Mall سينما سينابولس - مسقط أفينيوز مول","https://www.google.com/maps/search/?api=1&query=Cin%C3%A9polis%20Cinemas%20-%20Oman%20Avenues%20Mall%20%D8%B3%D9%8A%D9%86%D9%85%D8%A7%20%D8%B3%D9%8A%D9%86%D8%A7%D8%A8%D9%88%D9%84%D8%B3%20-%20%D9%85%D8%B3%D9%82%D8%B7%20%D8%A3%D9%81%D9%8A%D9%86%D9%8A%D9%88%D8%B2%20%D9%85%D9%88%D9%84&query_place_id=ChIJJQi8_2X_kT4R_wLK-5zn2ss","5",,,
"Cinépolis Cinemas - Oman Avenues Mall سينما سينابولس - مسقط أفينيوز مول","https://www.google.com/maps/search/?api=1&query=Cin%C3%A9polis%20Cinemas%20-%20Oman%20Avenues%20Mall%20%D8%B3%D9%8A%D9%86%D9%85%D8%A7%20%D8%B3%D9%8A%D9%86%D8%A7%D8%A8%D9%88%D9%84%D8%B3%20-%20%D9%85%D8%B3%D9%82%D8%B7%20%D8%A3%D9%81%D9%8A%D9%86%D9%8A%D9%88%D8%B2%20%D9%85%D9%88%D9%84&query_place_id=ChIJJQi8_2X_kT4R_wLK-5zn2ss","4",,,"Good"
"Cinépolis Cinemas - Oman Avenues Mall سينما سينابولس - مسقط أفينيوز مول","https://www.google.com/maps/search/?api=1&query=Cin%C3%A9polis%20Cinemas%20-%20Oman%20Avenues%20Mall%20%D8%B3%D9%8A%D9%86%D9%85%D8%A7%20%D8%B3%D9%8A%D9%86%D8%A7%D8%A8%D9%88%D9%84%D8%B3%20-%20%D9%85%D8%B3%D9%82%D8%B7%20%D8%A3%D9%81%D9%8A%D9%86%D9%8A%D9%88%D8%B2%20%D9%85%D9%88%D9%84&query_place_id=ChIJJQi8_2X_kT4R_wLK-5zn2ss","5",,,
"Cinépolis Cinemas - Oman Avenues Mall سينما سينابولس - مسقط أفينيوز مول","https://www.google.com/maps/search/?api=1&query=Cin%C3%A9polis%20Cinemas%20-%20Oman%20Avenues%20Mall%20%D8%B3%D9%8A%D9%86%D9%85%D8%A7%20%D8%B3%D9%8A%D9%86%D8%A7%D8%A8%D9%88%D9%84%D8%B3%20-%20%D9%85%D8%B3%D9%82%D8%B7%20%D8%A3%D9%81%D9%8A%D9%86%D9%8A%D9%88%D8%B2%20%D9%85%D9%88%D9%84&query_place_id=ChIJJQi8_2X_kT4R_wLK-5zn2ss","1",,,
"Cinépolis Cinemas - Oman Avenues Mall سينما سينابولس - مسقط أفينيوز مول","https://www.google.com/maps/search/?api=1&query=Cin%C3%A9polis%20Cinemas%20-%20Oman%20Avenues%20Mall%20%D8%B3%D9%8A%D9%86%D9%85%D8%A7%20%D8%B3%D9%8A%D9%86%D8%A7%D8%A8%D9%88%D9%84%D8%B3%20-%20%D9%85%D8%B3%D9%82%D8%B7%20%D8%A3%D9%81%D9%8A%D9%86%D9%8A%D9%88%D8%B2%20%D9%85%D9%88%D9%84&query_place_id=ChIJJQi8_2X_kT4R_wLK-5zn2ss","5",,,
"Cinépolis Cinemas - Oman Avenues Mall سينما سينابولس - مسقط أفينيوز مول","https://www.google.com/maps/search/?api=1&query=Cin%C3%A9polis%20Cinemas%20-%20Oman%20Avenues%20Mall%20%D8%B3%D9%8A%D9%86%D9%85%D8%A7%20%D8%B3%D9%8A%D9%86%D8%A7%D8%A8%D9%88%D9%84%D8%B3%20-%20%D9%85%D8%B3%D9%82%D8%B7%20%D8%A3%D9%81%D9%8A%D9%86%D9%8A%D9%88%D8%B2%20%D9%85%D9%88%D9%84&query_place_id=ChIJJQi8_2X_kT4R_wLK-5zn2ss","5",,,"Best movie theater in Oman I can say, if you haven't been there, then you should go try 🥰"
"Cinépolis Cinemas - Oman Avenues Mall سينما سينابولس - مسقط أفينيوز مول","https://www.google.com/maps/search/?api=1&query=Cin%C3%A9polis%20Cinemas%20-%20Oman%20Avenues%20Mall%20%D8%B3%D9%8A%D9%86%D9%85%D8%A7%20%D8%B3%D9%8A%D9%86%D8%A7%D8%A8%D9%88%D9%84%D8%B3%20-%20%D9%85%D8%B3%D9%82%D8%B7%20%D8%A3%D9%81%D9%8A%D9%86%D9%8A%D9%88%D8%B2%20%D9%85%D9%88%D9%84&query_place_id=ChIJJQi8_2X_kT4R_wLK-5zn2ss","5",,,"Good experience."
"Cinepolis Cinemas","https://www.google.com/maps/search/?api=1&query=Cinepolis%20Cinemas&query_place_id=ChIJw4-SAAVFiz4RrJvH7oizRpg","1",,,
"Cinepolis Cinemas","https://www.google.com/maps/search/?api=1&query=Cinepolis%20Cinemas&query_place_id=ChIJw4-SAAVFiz4RrJvH7oizRpg","4",,,
"Cinepolis Cinemas","https://www.google.com/maps/search/?api=1&query=Cinepolis%20Cinemas&query_place_id=ChIJw4-SAAVFiz4RrJvH7oizRpg","1",,,"معامله الموضفين مره سيئه و اصواتهم عاليه و الاكل  بايت من يومين"
"Cinepolis Cinemas","https://www.google.com/maps/search/?api=1&query=Cinepolis%20Cinemas&query_place_id=ChIJw4-SAAVFiz4RrJvH7oizRpg","4",,,
"Cinepolis Cinemas","https://www.google.com/maps/search/?api=1&query=Cinepolis%20Cinemas&query_place_id=ChIJw4-SAAVFiz4RrJvH7oizRpg","5",,,
"Cinepolis Cinemas","https://www.google.com/maps/search/?api=1&query=Cinepolis%20Cinemas&query_place_id=ChIJw4-SAAVFiz4RrJvH7oizRpg","5",,,"Good and comfortable cinema. They can deliver your orders right to your seat and that cool"
"Cinepolis Cinemas","https://www.google.com/maps/search/?api=1&query=Cinepolis%20Cinemas&query_place_id=ChIJw4-SAAVFiz4RrJvH7oizRpg","5",,,
"Cinepolis Cinemas","https://www.google.com/maps/search/?api=1&query=Cinepolis%20Cinemas&query_place_id=ChIJw4-SAAVFiz4RrJvH7oizRpg","5",,,
"Cinepolis Cinemas","https://www.google.com/maps/search/?api=1&query=Cinepolis%20Cinemas&query_place_id=ChIJw4-SAAVFiz4RrJvH7oizRpg","4",,,"Wonderful"
"Cinepolis Cinemas","https://www.google.com/maps/search/?api=1&query=Cinepolis%20Cinemas&query_place_id=ChIJw4-SAAVFiz4RrJvH7oizRpg","5",,,
"Cinepolis Cinemas","https://www.google.com/maps/search/?api=1&query=Cinepolis%20Cinemas&query_place_id=ChIJw4-SAAVFiz4RrJvH7oizRpg","4",,,
"Cinepolis Cinemas","https://www.google.com/maps/search/?api=1&query=Cinepolis%20Cinemas&query_place_id=ChIJw4-SAAVFiz4RrJvH7oizRpg","5",,,
"Cinepolis Cinemas","https://www.google.com/maps/search/?api=1&query=Cinepolis%20Cinemas&query_place_id=ChIJw4-SAAVFiz4RrJvH7oizRpg","1",,,"I received disrespectful treatment from the cinema staff."
"Cinepolis Cinemas","https://www.google.com/maps/search/?api=1&query=Cinepolis%20Cinemas&query_place_id=ChIJw4-SAAVFiz4RrJvH7oizRpg","4",,,
"Cinepolis Cinemas","https://www.google.com/maps/search/?api=1&query=Cinepolis%20Cinemas&query_place_id=ChIJw4-SAAVFiz4RrJvH7oizRpg","4",,,
"Cinepolis Cinemas","https://www.google.com/maps/search/?api=1&query=Cinepolis%20Cinemas&query_place_id=ChIJw4-SAAVFiz4RrJvH7oizRpg","3",,,
"Cinepolis Cinemas","https://www.google.com/maps/search/?api=1&query=Cinepolis%20Cinemas&query_place_id=ChIJw4-SAAVFiz4RrJvH7oizRpg","4",,,"معم المكان رائع ومريح انصح الشباب ومحبيا الافلام ان يزور هذا المكان"
"Cinepolis Cinemas","https://www.google.com/maps/search/?api=1&query=Cinepolis%20Cinemas&query_place_id=ChIJw4-SAAVFiz4RrJvH7oizRpg","5",,,"المكان مرتب وهادي"
"Cinepolis Cinemas","https://www.google.com/maps/search/?api=1&query=Cinepolis%20Cinemas&query_place_id=ChIJw4-SAAVFiz4RrJvH7oizRpg","4",,,
"Cinepolis Cinemas","https://www.google.com/maps/search/?api=1&query=Cinepolis%20Cinemas&query_place_id=ChIJw4-SAAVFiz4RrJvH7oizRpg","3",,,"The theater is a good place to watch a movie, but there is a problem with punctuality. Although the show is scheduled for 7:30 PM according to the booking time, it often starts after 8:00 PM."
"Cinépolis Cinemas - Oman Avenues Mall سينما سينابولس - مسقط أفينيوز مول","https://www.google.com/maps/search/?api=1&query=Cin%C3%A9polis%20Cinemas%20-%20Oman%20Avenues%20Mall%20%D8%B3%D9%8A%D9%86%D9%85%D8%A7%20%D8%B3%D9%8A%D9%86%D8%A7%D8%A8%D9%88%D9%84%D8%B3%20-%20%D9%85%D8%B3%D9%82%D8%B7%20%D8%A3%D9%81%D9%8A%D9%86%D9%8A%D9%88%D8%B2%20%D9%85%D9%88%D9%84&query_place_id=ChIJJQi8_2X_kT4R_wLK-5zn2ss","5",,,"YALL REALLY SHOULD TRY THE LUXURY SEATS AT LEAST FOR ONCE U WONT REGRET IT U DESERVE ITTT, they’re so comfortable and u can call them and to order food and pay them while u r there 🤭"
"Cinépolis Cinemas - Oman Avenues Mall سينما سينابولس - مسقط أفينيوز مول","https://www.google.com/maps/search/?api=1&query=Cin%C3%A9polis%20Cinemas%20-%20Oman%20Avenues%20Mall%20%D8%B3%D9%8A%D9%86%D9%85%D8%A7%20%D8%B3%D9%8A%D9%86%D8%A7%D8%A8%D9%88%D9%84%D8%B3%20-%20%D9%85%D8%B3%D9%82%D8%B7%20%D8%A3%D9%81%D9%8A%D9%86%D9%8A%D9%88%D8%B2%20%D9%85%D9%88%D9%84&query_place_id=ChIJJQi8_2X_kT4R_wLK-5zn2ss","5",,,
"Cinépolis Cinemas - Oman Avenues Mall سينما سينابولس - مسقط أفينيوز مول","https://www.google.com/maps/search/?api=1&query=Cin%C3%A9polis%20Cinemas%20-%20Oman%20Avenues%20Mall%20%D8%B3%D9%8A%D9%86%D9%85%D8%A7%20%D8%B3%D9%8A%D9%86%D8%A7%D8%A8%D9%88%D9%84%D8%B3%20-%20%D9%85%D8%B3%D9%82%D8%B7%20%D8%A3%D9%81%D9%8A%D9%86%D9%8A%D9%88%D8%B2%20%D9%85%D9%88%D9%84&query_place_id=ChIJJQi8_2X_kT4R_wLK-5zn2ss","4",,,
"Cinépolis Cinemas - Oman Avenues Mall سينما سينابولس - مسقط أفينيوز مول","https://www.google.com/maps/search/?api=1&query=Cin%C3%A9polis%20Cinemas%20-%20Oman%20Avenues%20Mall%20%D8%B3%D9%8A%D9%86%D9%85%D8%A7%20%D8%B3%D9%8A%D9%86%D8%A7%D8%A8%D9%88%D9%84%D8%B3%20-%20%D9%85%D8%B3%D9%82%D8%B7%20%D8%A3%D9%81%D9%8A%D9%86%D9%8A%D9%88%D8%B2%20%D9%85%D9%88%D9%84&query_place_id=ChIJJQi8_2X_kT4R_wLK-5zn2ss","4",,,"Good"
"Cinépolis Cinemas - Oman Avenues Mall سينما سينابولس - مسقط أفينيوز مول","https://www.google.com/maps/search/?api=1&query=Cin%C3%A9polis%20Cinemas%20-%20Oman%20Avenues%20Mall%20%D8%B3%D9%8A%D9%86%D9%85%D8%A7%20%D8%B3%D9%8A%D9%86%D8%A7%D8%A8%D9%88%D9%84%D8%B3%20-%20%D9%85%D8%B3%D9%82%D8%B7%20%D8%A3%D9%81%D9%8A%D9%86%D9%8A%D9%88%D8%B2%20%D9%85%D9%88%D9%84&query_place_id=ChIJJQi8_2X_kT4R_wLK-5zn2ss","4",,,"🤗👍👍👍"
"Cinépolis Cinemas - Oman Avenues Mall سينما سينابولس - مسقط أفينيوز مول","https://www.google.com/maps/search/?api=1&query=Cin%C3%A9polis%20Cinemas%20-%20Oman%20Avenues%20Mall%20%D8%B3%D9%8A%D9%86%D9%85%D8%A7%20%D8%B3%D9%8A%D9%86%D8%A7%D8%A8%D9%88%D9%84%D8%B3%20-%20%D9%85%D8%B3%D9%82%D8%B7%20%D8%A3%D9%81%D9%8A%D9%86%D9%8A%D9%88%D8%B2%20%D9%85%D9%88%D9%84&query_place_id=ChIJJQi8_2X_kT4R_wLK-5zn2ss","1",,,"By far the worst cinema experience and single handedly due to the manager Shahrukh. Poor service and short staffed team just made matters worse. Due to the silly attitude of the manager Shahrukh we ended up losing 20-25 minutes of the movie. Nothing much to say apart from a guaranteed terrible experience"
"Cinépolis Cinemas - Oman Avenues Mall سينما سينابولس - مسقط أفينيوز مول","https://www.google.com/maps/search/?api=1&query=Cin%C3%A9polis%20Cinemas%20-%20Oman%20Avenues%20Mall%20%D8%B3%D9%8A%D9%86%D9%85%D8%A7%20%D8%B3%D9%8A%D9%86%D8%A7%D8%A8%D9%88%D9%84%D8%B3%20-%20%D9%85%D8%B3%D9%82%D8%B7%20%D8%A3%D9%81%D9%8A%D9%86%D9%8A%D9%88%D8%B2%20%D9%85%D9%88%D9%84&query_place_id=ChIJJQi8_2X_kT4R_wLK-5zn2ss","5",,,
"Cinépolis Cinemas - Oman Avenues Mall سينما سينابولس - مسقط أفينيوز مول","https://www.google.com/maps/search/?api=1&query=Cin%C3%A9polis%20Cinemas%20-%20Oman%20Avenues%20Mall%20%D8%B3%D9%8A%D9%86%D9%85%D8%A7%20%D8%B3%D9%8A%D9%86%D8%A7%D8%A8%D9%88%D9%84%D8%B3%20-%20%D9%85%D8%B3%D9%82%D8%B7%20%D8%A3%D9%81%D9%8A%D9%86%D9%8A%D9%88%D8%B2%20%D9%85%D9%88%D9%84&query_place_id=ChIJJQi8_2X_kT4R_wLK-5zn2ss","3",,,"يرجاء القائمين على السينما تحديث المؤثرات الصوتية"
"Cinépolis Cinemas - Oman Avenues Mall سينما سينابولس - مسقط أفينيوز مول","https://www.google.com/maps/search/?api=1&query=Cin%C3%A9polis%20Cinemas%20-%20Oman%20Avenues%20Mall%20%D8%B3%D9%8A%D9%86%D9%85%D8%A7%20%D8%B3%D9%8A%D9%86%D8%A7%D8%A8%D9%88%D9%84%D8%B3%20-%20%D9%85%D8%B3%D9%82%D8%B7%20%D8%A3%D9%81%D9%8A%D9%86%D9%8A%D9%88%D8%B2%20%D9%85%D9%88%D9%84&query_place_id=ChIJJQi8_2X_kT4R_wLK-5zn2ss","2",,,"Worst sound system even in this modern time. Watched top gin and ps. Audio experience in both the movies was pathetic"
"Cinépolis Cinemas - Oman Avenues Mall سينما سينابولس - مسقط أفينيوز مول","https://www.google.com/maps/search/?api=1&query=Cin%C3%A9polis%20Cinemas%20-%20Oman%20Avenues%20Mall%20%D8%B3%D9%8A%D9%86%D9%85%D8%A7%20%D8%B3%D9%8A%D9%86%D8%A7%D8%A8%D9%88%D9%84%D8%B3%20-%20%D9%85%D8%B3%D9%82%D8%B7%20%D8%A3%D9%81%D9%8A%D9%86%D9%8A%D9%88%D8%B2%20%D9%85%D9%88%D9%84&query_place_id=ChIJJQi8_2X_kT4R_wLK-5zn2ss","4",,,"Really great cinema, a really bit space everyone was nice and the place is calm their nachos is very big and they have some offers which is nice ,"
"Cinépolis Cinemas - Oman Avenues Mall سينما سينابولس - مسقط أفينيوز مول","https://www.google.com/maps/search/?api=1&query=Cin%C3%A9polis%20Cinemas%20-%20Oman%20Avenues%20Mall%20%D8%B3%D9%8A%D9%86%D9%85%D8%A7%20%D8%B3%D9%8A%D9%86%D8%A7%D8%A8%D9%88%D9%84%D8%B3%20-%20%D9%85%D8%B3%D9%82%D8%B7%20%D8%A3%D9%81%D9%8A%D9%86%D9%8A%D9%88%D8%B2%20%D9%85%D9%88%D9%84&query_place_id=ChIJJQi8_2X_kT4R_wLK-5zn2ss","5",,,"Nice place to watch movies and eat popcorn 🍿"
"Cinépolis Cinemas - Oman Avenues Mall سينما سينابولس - مسقط أفينيوز مول","https://www.google.com/maps/search/?api=1&query=Cin%C3%A9polis%20Cinemas%20-%20Oman%20Avenues%20Mall%20%D8%B3%D9%8A%D9%86%D9%85%D8%A7%20%D8%B3%D9%8A%D9%86%D8%A7%D8%A8%D9%88%D9%84%D8%B3%20-%20%D9%85%D8%B3%D9%82%D8%B7%20%D8%A3%D9%81%D9%8A%D9%86%D9%8A%D9%88%D8%B2%20%D9%85%D9%88%D9%84&query_place_id=ChIJJQi8_2X_kT4R_wLK-5zn2ss","4",,,
"Cinépolis Cinemas - Oman Avenues Mall سينما سينابولس - مسقط أفينيوز مول","https://www.google.com/maps/search/?api=1&query=Cin%C3%A9polis%20Cinemas%20-%20Oman%20Avenues%20Mall%20%D8%B3%D9%8A%D9%86%D9%85%D8%A7%20%D8%B3%D9%8A%D9%86%D8%A7%D8%A8%D9%88%D9%84%D8%B3%20-%20%D9%85%D8%B3%D9%82%D8%B7%20%D8%A3%D9%81%D9%8A%D9%86%D9%8A%D9%88%D8%B2%20%D9%85%D9%88%D9%84&query_place_id=ChIJJQi8_2X_kT4R_wLK-5zn2ss","5",,,
"Cinépolis Cinemas - Oman Avenues Mall سينما سينابولس - مسقط أفينيوز مول","https://www.google.com/maps/search/?api=1&query=Cin%C3%A9polis%20Cinemas%20-%20Oman%20Avenues%20Mall%20%D8%B3%D9%8A%D9%86%D9%85%D8%A7%20%D8%B3%D9%8A%D9%86%D8%A7%D8%A8%D9%88%D9%84%D8%B3%20-%20%D9%85%D8%B3%D9%82%D8%B7%20%D8%A3%D9%81%D9%8A%D9%86%D9%8A%D9%88%D8%B2%20%D9%85%D9%88%D9%84&query_place_id=ChIJJQi8_2X_kT4R_wLK-5zn2ss","4",,,"One of good theatre in Muscat but food section very costly at the same time not an good taste"
"Cinépolis Cinemas - Oman Avenues Mall سينما سينابولس - مسقط أفينيوز مول","https://www.google.com/maps/search/?api=1&query=Cin%C3%A9polis%20Cinemas%20-%20Oman%20Avenues%20Mall%20%D8%B3%D9%8A%D9%86%D9%85%D8%A7%20%D8%B3%D9%8A%D9%86%D8%A7%D8%A8%D9%88%D9%84%D8%B3%20-%20%D9%85%D8%B3%D9%82%D8%B7%20%D8%A3%D9%81%D9%8A%D9%86%D9%8A%D9%88%D8%B2%20%D9%85%D9%88%D9%84&query_place_id=ChIJJQi8_2X_kT4R_wLK-5zn2ss","5",,,
"Cinépolis Cinemas - Oman Avenues Mall سينما سينابولس - مسقط أفينيوز مول","https://www.google.com/maps/search/?api=1&query=Cin%C3%A9polis%20Cinemas%20-%20Oman%20Avenues%20Mall%20%D8%B3%D9%8A%D9%86%D9%85%D8%A7%20%D8%B3%D9%8A%D9%86%D8%A7%D8%A8%D9%88%D9%84%D8%B3%20-%20%D9%85%D8%B3%D9%82%D8%B7%20%D8%A3%D9%81%D9%8A%D9%86%D9%8A%D9%88%D8%B2%20%D9%85%D9%88%D9%84&query_place_id=ChIJJQi8_2X_kT4R_wLK-5zn2ss","5",,,
"Cinépolis Cinemas - Oman Avenues Mall سينما سينابولس - مسقط أفينيوز مول","https://www.google.com/maps/search/?api=1&query=Cin%C3%A9polis%20Cinemas%20-%20Oman%20Avenues%20Mall%20%D8%B3%D9%8A%D9%86%D9%85%D8%A7%20%D8%B3%D9%8A%D9%86%D8%A7%D8%A8%D9%88%D9%84%D8%B3%20-%20%D9%85%D8%B3%D9%82%D8%B7%20%D8%A3%D9%81%D9%8A%D9%86%D9%8A%D9%88%D8%B2%20%D9%85%D9%88%D9%84&query_place_id=ChIJJQi8_2X_kT4R_wLK-5zn2ss","5",,,
"Cinépolis Cinemas - Oman Avenues Mall سينما سينابولس - مسقط أفينيوز مول","https://www.google.com/maps/search/?api=1&query=Cin%C3%A9polis%20Cinemas%20-%20Oman%20Avenues%20Mall%20%D8%B3%D9%8A%D9%86%D9%85%D8%A7%20%D8%B3%D9%8A%D9%86%D8%A7%D8%A8%D9%88%D9%84%D8%B3%20-%20%D9%85%D8%B3%D9%82%D8%B7%20%D8%A3%D9%81%D9%8A%D9%86%D9%8A%D9%88%D8%B2%20%D9%85%D9%88%D9%84&query_place_id=ChIJJQi8_2X_kT4R_wLK-5zn2ss","5",,,"superb 👍🏻"
"Cinépolis Cinemas - Oman Avenues Mall سينما سينابولس - مسقط أفينيوز مول","https://www.google.com/maps/search/?api=1&query=Cin%C3%A9polis%20Cinemas%20-%20Oman%20Avenues%20Mall%20%D8%B3%D9%8A%D9%86%D9%85%D8%A7%20%D8%B3%D9%8A%D9%86%D8%A7%D8%A8%D9%88%D9%84%D8%B3%20-%20%D9%85%D8%B3%D9%82%D8%B7%20%D8%A3%D9%81%D9%8A%D9%86%D9%8A%D9%88%D8%B2%20%D9%85%D9%88%D9%84&query_place_id=ChIJJQi8_2X_kT4R_wLK-5zn2ss","5",,,"My favourite place to watch movie. Have good offers at times but generally bit overpriced."
"Cinépolis Cinemas - Oman Avenues Mall سينما سينابولس - مسقط أفينيوز مول","https://www.google.com/maps/search/?api=1&query=Cin%C3%A9polis%20Cinemas%20-%20Oman%20Avenues%20Mall%20%D8%B3%D9%8A%D9%86%D9%85%D8%A7%20%D8%B3%D9%8A%D9%86%D8%A7%D8%A8%D9%88%D9%84%D8%B3%20-%20%D9%85%D8%B3%D9%82%D8%B7%20%D8%A3%D9%81%D9%8A%D9%86%D9%8A%D9%88%D8%B2%20%D9%85%D9%88%D9%84&query_place_id=ChIJJQi8_2X_kT4R_wLK-5zn2ss","5",,,
"Cinépolis Cinemas - Oman Avenues Mall سينما سينابولس - مسقط أفينيوز مول","https://www.google.com/maps/search/?api=1&query=Cin%C3%A9polis%20Cinemas%20-%20Oman%20Avenues%20Mall%20%D8%B3%D9%8A%D9%86%D9%85%D8%A7%20%D8%B3%D9%8A%D9%86%D8%A7%D8%A8%D9%88%D9%84%D8%B3%20-%20%D9%85%D8%B3%D9%82%D8%B7%20%D8%A3%D9%81%D9%8A%D9%86%D9%8A%D9%88%D8%B2%20%D9%85%D9%88%D9%84&query_place_id=ChIJJQi8_2X_kT4R_wLK-5zn2ss","5",,,"ممتازه 😍"
"Cinépolis Cinemas - Oman Avenues Mall سينما سينابولس - مسقط أفينيوز مول","https://www.google.com/maps/search/?api=1&query=Cin%C3%A9polis%20Cinemas%20-%20Oman%20Avenues%20Mall%20%D8%B3%D9%8A%D9%86%D9%85%D8%A7%20%D8%B3%D9%8A%D9%86%D8%A7%D8%A8%D9%88%D9%84%D8%B3%20-%20%D9%85%D8%B3%D9%82%D8%B7%20%D8%A3%D9%81%D9%8A%D9%86%D9%8A%D9%88%D8%B2%20%D9%85%D9%88%D9%84&query_place_id=ChIJJQi8_2X_kT4R_wLK-5zn2ss","4",,,
"Cinépolis Cinemas - Oman Avenues Mall سينما سينابولس - مسقط أفينيوز مول","https://www.google.com/maps/search/?api=1&query=Cin%C3%A9polis%20Cinemas%20-%20Oman%20Avenues%20Mall%20%D8%B3%D9%8A%D9%86%D9%85%D8%A7%20%D8%B3%D9%8A%D9%86%D8%A7%D8%A8%D9%88%D9%84%D8%B3%20-%20%D9%85%D8%B3%D9%82%D8%B7%20%D8%A3%D9%81%D9%8A%D9%86%D9%8A%D9%88%D8%B2%20%D9%85%D9%88%D9%84&query_place_id=ChIJJQi8_2X_kT4R_wLK-5zn2ss","5",,,
"Cinépolis Cinemas - Oman Avenues Mall سينما سينابولس - مسقط أفينيوز مول","https://www.google.com/maps/search/?api=1&query=Cin%C3%A9polis%20Cinemas%20-%20Oman%20Avenues%20Mall%20%D8%B3%D9%8A%D9%86%D9%85%D8%A7%20%D8%B3%D9%8A%D9%86%D8%A7%D8%A8%D9%88%D9%84%D8%B3%20-%20%D9%85%D8%B3%D9%82%D8%B7%20%D8%A3%D9%81%D9%8A%D9%86%D9%8A%D9%88%D8%B2%20%D9%85%D9%88%D9%84&query_place_id=ChIJJQi8_2X_kT4R_wLK-5zn2ss","5",,,
"Cinépolis Cinemas - Oman Avenues Mall سينما سينابولس - مسقط أفينيوز مول","https://www.google.com/maps/search/?api=1&query=Cin%C3%A9polis%20Cinemas%20-%20Oman%20Avenues%20Mall%20%D8%B3%D9%8A%D9%86%D9%85%D8%A7%20%D8%B3%D9%8A%D9%86%D8%A7%D8%A8%D9%88%D9%84%D8%B3%20-%20%D9%85%D8%B3%D9%82%D8%B7%20%D8%A3%D9%81%D9%8A%D9%86%D9%8A%D9%88%D8%B2%20%D9%85%D9%88%D9%84&query_place_id=ChIJJQi8_2X_kT4R_wLK-5zn2ss","3",,,"It's more expensive than the other theatres in Oman. It could be less expensive. I have experienced cinema in India and the seats in PVR are much more comfortable and the screens are larger. It was an average experience and felt overpriced for the experience that we were getting. We even saw lal singh chadda on the max screen but wasn't anything wow."
"Cinépolis Cinemas - Oman Avenues Mall سينما سينابولس - مسقط أفينيوز مول","https://www.google.com/maps/search/?api=1&query=Cin%C3%A9polis%20Cinemas%20-%20Oman%20Avenues%20Mall%20%D8%B3%D9%8A%D9%86%D9%85%D8%A7%20%D8%B3%D9%8A%D9%86%D8%A7%D8%A8%D9%88%D9%84%D8%B3%20-%20%D9%85%D8%B3%D9%82%D8%B7%20%D8%A3%D9%81%D9%8A%D9%86%D9%8A%D9%88%D8%B2%20%D9%85%D9%88%D9%84&query_place_id=ChIJJQi8_2X_kT4R_wLK-5zn2ss","4",,,
"Cinépolis Cinemas - Oman Avenues Mall سينما سينابولس - مسقط أفينيوز مول","https://www.google.com/maps/search/?api=1&query=Cin%C3%A9polis%20Cinemas%20-%20Oman%20Avenues%20Mall%20%D8%B3%D9%8A%D9%86%D9%85%D8%A7%20%D8%B3%D9%8A%D9%86%D8%A7%D8%A8%D9%88%D9%84%D8%B3%20-%20%D9%85%D8%B3%D9%82%D8%B7%20%D8%A3%D9%81%D9%8A%D9%86%D9%8A%D9%88%D8%B2%20%D9%85%D9%88%D9%84&query_place_id=ChIJJQi8_2X_kT4R_wLK-5zn2ss","1",,,"It was the worse movie experience ever.
During my last two visits to Avenues Mall. Cinepolis Cinema. This is what I have experienced so far:

1- Poor management. (The film did not start on time)

2- Poor management. (We approached staff to play the movie because they forgot to play almost 15 minutes passed)

3- Poor management. (The movie started, but they failed to switch off the lights.

4- Poor management. (We had to go and approach staff to increase the volume.)

5- Poor management. ( The A/C was not working, and we sweated and sweated)

6- Poor management. (4D cinema Row F, The Seat actuators are gone wrong and do not move at all)

Overall experience = Poor management."
"Cinépolis Cinemas - Oman Avenues Mall سينما سينابولس - مسقط أفينيوز مول","https://www.google.com/maps/search/?api=1&query=Cin%C3%A9polis%20Cinemas%20-%20Oman%20Avenues%20Mall%20%D8%B3%D9%8A%D9%86%D9%85%D8%A7%20%D8%B3%D9%8A%D9%86%D8%A7%D8%A8%D9%88%D9%84%D8%B3%20-%20%D9%85%D8%B3%D9%82%D8%B7%20%D8%A3%D9%81%D9%8A%D9%86%D9%8A%D9%88%D8%B2%20%D9%85%D9%88%D9%84&query_place_id=ChIJJQi8_2X_kT4R_wLK-5zn2ss","4",,,
"Cinépolis Cinemas - Oman Avenues Mall سينما سينابولس - مسقط أفينيوز مول","https://www.google.com/maps/search/?api=1&query=Cin%C3%A9polis%20Cinemas%20-%20Oman%20Avenues%20Mall%20%D8%B3%D9%8A%D9%86%D9%85%D8%A7%20%D8%B3%D9%8A%D9%86%D8%A7%D8%A8%D9%88%D9%84%D8%B3%20-%20%D9%85%D8%B3%D9%82%D8%B7%20%D8%A3%D9%81%D9%8A%D9%86%D9%8A%D9%88%D8%B2%20%D9%85%D9%88%D9%84&query_place_id=ChIJJQi8_2X_kT4R_wLK-5zn2ss","3",,,
"Cinépolis Cinemas - Oman Avenues Mall سينما سينابولس - مسقط أفينيوز مول","https://www.google.com/maps/search/?api=1&query=Cin%C3%A9polis%20Cinemas%20-%20Oman%20Avenues%20Mall%20%D8%B3%D9%8A%D9%86%D9%85%D8%A7%20%D8%B3%D9%8A%D9%86%D8%A7%D8%A8%D9%88%D9%84%D8%B3%20-%20%D9%85%D8%B3%D9%82%D8%B7%20%D8%A3%D9%81%D9%8A%D9%86%D9%8A%D9%88%D8%B2%20%D9%85%D9%88%D9%84&query_place_id=ChIJJQi8_2X_kT4R_wLK-5zn2ss","5",,,"Very best theater"
"Cinépolis Cinemas - Oman Avenues Mall سينما سينابولس - مسقط أفينيوز مول","https://www.google.com/maps/search/?api=1&query=Cin%C3%A9polis%20Cinemas%20-%20Oman%20Avenues%20Mall%20%D8%B3%D9%8A%D9%86%D9%85%D8%A7%20%D8%B3%D9%8A%D9%86%D8%A7%D8%A8%D9%88%D9%84%D8%B3%20-%20%D9%85%D8%B3%D9%82%D8%B7%20%D8%A3%D9%81%D9%8A%D9%86%D9%8A%D9%88%D8%B2%20%D9%85%D9%88%D9%84&query_place_id=ChIJJQi8_2X_kT4R_wLK-5zn2ss","5",,,"It was a great experience"
"Cinépolis Cinemas - Oman Avenues Mall سينما سينابولس - مسقط أفينيوز مول","https://www.google.com/maps/search/?api=1&query=Cin%C3%A9polis%20Cinemas%20-%20Oman%20Avenues%20Mall%20%D8%B3%D9%8A%D9%86%D9%85%D8%A7%20%D8%B3%D9%8A%D9%86%D8%A7%D8%A8%D9%88%D9%84%D8%B3%20-%20%D9%85%D8%B3%D9%82%D8%B7%20%D8%A3%D9%81%D9%8A%D9%86%D9%8A%D9%88%D8%B2%20%D9%85%D9%88%D9%84&query_place_id=ChIJJQi8_2X_kT4R_wLK-5zn2ss","5",,,
"Cinépolis Cinemas - Oman Avenues Mall سينما سينابولس - مسقط أفينيوز مول","https://www.google.com/maps/search/?api=1&query=Cin%C3%A9polis%20Cinemas%20-%20Oman%20Avenues%20Mall%20%D8%B3%D9%8A%D9%86%D9%85%D8%A7%20%D8%B3%D9%8A%D9%86%D8%A7%D8%A8%D9%88%D9%84%D8%B3%20-%20%D9%85%D8%B3%D9%82%D8%B7%20%D8%A3%D9%81%D9%8A%D9%86%D9%8A%D9%88%D8%B2%20%D9%85%D9%88%D9%84&query_place_id=ChIJJQi8_2X_kT4R_wLK-5zn2ss","3",,,"average screen experience"
"Cinépolis Cinemas - Oman Avenues Mall سينما سينابولس - مسقط أفينيوز مول","https://www.google.com/maps/search/?api=1&query=Cin%C3%A9polis%20Cinemas%20-%20Oman%20Avenues%20Mall%20%D8%B3%D9%8A%D9%86%D9%85%D8%A7%20%D8%B3%D9%8A%D9%86%D8%A7%D8%A8%D9%88%D9%84%D8%B3%20-%20%D9%85%D8%B3%D9%82%D8%B7%20%D8%A3%D9%81%D9%8A%D9%86%D9%8A%D9%88%D8%B2%20%D9%85%D9%88%D9%84&query_place_id=ChIJJQi8_2X_kT4R_wLK-5zn2ss","4",,,
"Cinépolis Cinemas - Oman Avenues Mall سينما سينابولس - مسقط أفينيوز مول","https://www.google.com/maps/search/?api=1&query=Cin%C3%A9polis%20Cinemas%20-%20Oman%20Avenues%20Mall%20%D8%B3%D9%8A%D9%86%D9%85%D8%A7%20%D8%B3%D9%8A%D9%86%D8%A7%D8%A8%D9%88%D9%84%D8%B3%20-%20%D9%85%D8%B3%D9%82%D8%B7%20%D8%A3%D9%81%D9%8A%D9%86%D9%8A%D9%88%D8%B2%20%D9%85%D9%88%D9%84&query_place_id=ChIJJQi8_2X_kT4R_wLK-5zn2ss","5",,,
"Cinépolis Cinemas - Oman Avenues Mall سينما سينابولس - مسقط أفينيوز مول","https://www.google.com/maps/search/?api=1&query=Cin%C3%A9polis%20Cinemas%20-%20Oman%20Avenues%20Mall%20%D8%B3%D9%8A%D9%86%D9%85%D8%A7%20%D8%B3%D9%8A%D9%86%D8%A7%D8%A8%D9%88%D9%84%D8%B3%20-%20%D9%85%D8%B3%D9%82%D8%B7%20%D8%A3%D9%81%D9%8A%D9%86%D9%8A%D9%88%D8%B2%20%D9%85%D9%88%D9%84&query_place_id=ChIJJQi8_2X_kT4R_wLK-5zn2ss","5",,,
"Cinépolis Cinemas - Oman Avenues Mall سينما سينابولس - مسقط أفينيوز مول","https://www.google.com/maps/search/?api=1&query=Cin%C3%A9polis%20Cinemas%20-%20Oman%20Avenues%20Mall%20%D8%B3%D9%8A%D9%86%D9%85%D8%A7%20%D8%B3%D9%8A%D9%86%D8%A7%D8%A8%D9%88%D9%84%D8%B3%20-%20%D9%85%D8%B3%D9%82%D8%B7%20%D8%A3%D9%81%D9%8A%D9%86%D9%8A%D9%88%D8%B2%20%D9%85%D9%88%D9%84&query_place_id=ChIJJQi8_2X_kT4R_wLK-5zn2ss","5",,,
"Cinépolis Cinemas - Oman Avenues Mall سينما سينابولس - مسقط أفينيوز مول","https://www.google.com/maps/search/?api=1&query=Cin%C3%A9polis%20Cinemas%20-%20Oman%20Avenues%20Mall%20%D8%B3%D9%8A%D9%86%D9%85%D8%A7%20%D8%B3%D9%8A%D9%86%D8%A7%D8%A8%D9%88%D9%84%D8%B3%20-%20%D9%85%D8%B3%D9%82%D8%B7%20%D8%A3%D9%81%D9%8A%D9%86%D9%8A%D9%88%D8%B2%20%D9%85%D9%88%D9%84&query_place_id=ChIJJQi8_2X_kT4R_wLK-5zn2ss","5",,,"معجبه جدا بقاعات السينما والخدمه روووعه"
"Cinépolis Cinemas - Oman Avenues Mall سينما سينابولس - مسقط أفينيوز مول","https://www.google.com/maps/search/?api=1&query=Cin%C3%A9polis%20Cinemas%20-%20Oman%20Avenues%20Mall%20%D8%B3%D9%8A%D9%86%D9%85%D8%A7%20%D8%B3%D9%8A%D9%86%D8%A7%D8%A8%D9%88%D9%84%D8%B3%20-%20%D9%85%D8%B3%D9%82%D8%B7%20%D8%A3%D9%81%D9%8A%D9%86%D9%8A%D9%88%D8%B2%20%D9%85%D9%88%D9%84&query_place_id=ChIJJQi8_2X_kT4R_wLK-5zn2ss","4",,,
"Cinépolis Cinemas - Oman Avenues Mall سينما سينابولس - مسقط أفينيوز مول","https://www.google.com/maps/search/?api=1&query=Cin%C3%A9polis%20Cinemas%20-%20Oman%20Avenues%20Mall%20%D8%B3%D9%8A%D9%86%D9%85%D8%A7%20%D8%B3%D9%8A%D9%86%D8%A7%D8%A8%D9%88%D9%84%D8%B3%20-%20%D9%85%D8%B3%D9%82%D8%B7%20%D8%A3%D9%81%D9%8A%D9%86%D9%8A%D9%88%D8%B2%20%D9%85%D9%88%D9%84&query_place_id=ChIJJQi8_2X_kT4R_wLK-5zn2ss","5",,,
"Cinepolis Cinemas","https://www.google.com/maps/search/?api=1&query=Cinepolis%20Cinemas&query_place_id=ChIJw4-SAAVFiz4RrJvH7oizRpg","5",,,
"Cinepolis Cinemas","https://www.google.com/maps/search/?api=1&query=Cinepolis%20Cinemas&query_place_id=ChIJw4-SAAVFiz4RrJvH7oizRpg","5",,,
"Cinepolis Cinemas","https://www.google.com/maps/search/?api=1&query=Cinepolis%20Cinemas&query_place_id=ChIJw4-SAAVFiz4RrJvH7oizRpg","5",,,"ممتاز"
"Cinepolis Cinemas","https://www.google.com/maps/search/?api=1&query=Cinepolis%20Cinemas&query_place_id=ChIJw4-SAAVFiz4RrJvH7oizRpg","4",,,
"Cinepolis Cinemas","https://www.google.com/maps/search/?api=1&query=Cinepolis%20Cinemas&query_place_id=ChIJw4-SAAVFiz4RrJvH7oizRpg","5",,,
"Cinepolis Cinemas","https://www.google.com/maps/search/?api=1&query=Cinepolis%20Cinemas&query_place_id=ChIJw4-SAAVFiz4RrJvH7oizRpg","5",,,
"Cinepolis Cinemas","https://www.google.com/maps/search/?api=1&query=Cinepolis%20Cinemas&query_place_id=ChIJw4-SAAVFiz4RrJvH7oizRpg","4",,,"Good place with best seating arrangement and sound"
"Cinepolis Cinemas","https://www.google.com/maps/search/?api=1&query=Cinepolis%20Cinemas&query_place_id=ChIJw4-SAAVFiz4RrJvH7oizRpg","5",,,
"Cinepolis Cinemas","https://www.google.com/maps/search/?api=1&query=Cinepolis%20Cinemas&query_place_id=ChIJw4-SAAVFiz4RrJvH7oizRpg","2",,,"caramel Popecorn dont have caramel"
"Cinepolis Cinemas","https://www.google.com/maps/search/?api=1&query=Cinepolis%20Cinemas&query_place_id=ChIJw4-SAAVFiz4RrJvH7oizRpg","1",,,
"Cinepolis Cinemas","https://www.google.com/maps/search/?api=1&query=Cinepolis%20Cinemas&query_place_id=ChIJw4-SAAVFiz4RrJvH7oizRpg","5",,,"Great cinema. Cheaper than other rcompetitors, and movies usually stay longer here compared to vox. Just bring back the African employees cause the new ones aren't as polite."
"Cinepolis Cinemas","https://www.google.com/maps/search/?api=1&query=Cinepolis%20Cinemas&query_place_id=ChIJw4-SAAVFiz4RrJvH7oizRpg","5",,,"সুন্দর সিনেমা হল ছবির প্রতি আগ্রহ কমে গেছে
তবে বসার সিট গুলো খুবেই আরাম দায়ুক তাই গিয়েছি একটু রিলেক্স হওয়ার জ‍ন‍্য"
"Cinepolis Cinemas","https://www.google.com/maps/search/?api=1&query=Cinepolis%20Cinemas&query_place_id=ChIJw4-SAAVFiz4RrJvH7oizRpg","1",,,
"Cinepolis Cinemas","https://www.google.com/maps/search/?api=1&query=Cinepolis%20Cinemas&query_place_id=ChIJw4-SAAVFiz4RrJvH7oizRpg","5",,,"تجرب مميز الي مشاهد فلام في سيما مع صوت مميز و كراسي ممتازة
تكلفه لا تتجوز 3﷼
A unique experience to movie scenes in Sima, with a distinctive sound and excellent chairs, the cost of which does not exceed 3 riyals"
"Cinepolis Cinemas","https://www.google.com/maps/search/?api=1&query=Cinepolis%20Cinemas&query_place_id=ChIJw4-SAAVFiz4RrJvH7oizRpg","4",,,
"Cinepolis Cinemas","https://www.google.com/maps/search/?api=1&query=Cinepolis%20Cinemas&query_place_id=ChIJw4-SAAVFiz4RrJvH7oizRpg","5",,,
"Cinepolis Cinemas","https://www.google.com/maps/search/?api=1&query=Cinepolis%20Cinemas&query_place_id=ChIJw4-SAAVFiz4RrJvH7oizRpg","5",,,
"Cinepolis Cinemas","https://www.google.com/maps/search/?api=1&query=Cinepolis%20Cinemas&query_place_id=ChIJw4-SAAVFiz4RrJvH7oizRpg","4",,,"Good theater, good staff,"
"Cinepolis Cinemas","https://www.google.com/maps/search/?api=1&query=Cinepolis%20Cinemas&query_place_id=ChIJw4-SAAVFiz4RrJvH7oizRpg","5",,,
"Cinepolis Cinemas","https://www.google.com/maps/search/?api=1&query=Cinepolis%20Cinemas&query_place_id=ChIJw4-SAAVFiz4RrJvH7oizRpg","4",,,"Saw Pathan there
Though not many people at that time as it was 5pm show
Theatre is good staff friendly only thing cafeteria prices little high"
"Cinépolis Cinemas - Oman Avenues Mall سينما سينابولس - مسقط أفينيوز مول","https://www.google.com/maps/search/?api=1&query=Cin%C3%A9polis%20Cinemas%20-%20Oman%20Avenues%20Mall%20%D8%B3%D9%8A%D9%86%D9%85%D8%A7%20%D8%B3%D9%8A%D9%86%D8%A7%D8%A8%D9%88%D9%84%D8%B3%20-%20%D9%85%D8%B3%D9%82%D8%B7%20%D8%A3%D9%81%D9%8A%D9%86%D9%8A%D9%88%D8%B2%20%D9%85%D9%88%D9%84&query_place_id=ChIJJQi8_2X_kT4R_wLK-5zn2ss","4",,,
"Cinépolis Cinemas - Oman Avenues Mall سينما سينابولس - مسقط أفينيوز مول","https://www.google.com/maps/search/?api=1&query=Cin%C3%A9polis%20Cinemas%20-%20Oman%20Avenues%20Mall%20%D8%B3%D9%8A%D9%86%D9%85%D8%A7%20%D8%B3%D9%8A%D9%86%D8%A7%D8%A8%D9%88%D9%84%D8%B3%20-%20%D9%85%D8%B3%D9%82%D8%B7%20%D8%A3%D9%81%D9%8A%D9%86%D9%8A%D9%88%D8%B2%20%D9%85%D9%88%D9%84&query_place_id=ChIJJQi8_2X_kT4R_wLK-5zn2ss","4",,,"Discrepancy in movie timing. 2901/2022 cinepolis avenues mall , cinema 1. Movie timing 10pm. And till now the movie didn't start, not even the adds. The time now is 10.21 pm"
"Cinépolis Cinemas - Oman Avenues Mall سينما سينابولس - مسقط أفينيوز مول","https://www.google.com/maps/search/?api=1&query=Cin%C3%A9polis%20Cinemas%20-%20Oman%20Avenues%20Mall%20%D8%B3%D9%8A%D9%86%D9%85%D8%A7%20%D8%B3%D9%8A%D9%86%D8%A7%D8%A8%D9%88%D9%84%D8%B3%20-%20%D9%85%D8%B3%D9%82%D8%B7%20%D8%A3%D9%81%D9%8A%D9%86%D9%8A%D9%88%D8%B2%20%D9%85%D9%88%D9%84&query_place_id=ChIJJQi8_2X_kT4R_wLK-5zn2ss","4",,,
"Cinépolis Cinemas - Oman Avenues Mall سينما سينابولس - مسقط أفينيوز مول","https://www.google.com/maps/search/?api=1&query=Cin%C3%A9polis%20Cinemas%20-%20Oman%20Avenues%20Mall%20%D8%B3%D9%8A%D9%86%D9%85%D8%A7%20%D8%B3%D9%8A%D9%86%D8%A7%D8%A8%D9%88%D9%84%D8%B3%20-%20%D9%85%D8%B3%D9%82%D8%B7%20%D8%A3%D9%81%D9%8A%D9%86%D9%8A%D9%88%D8%B2%20%D9%85%D9%88%D9%84&query_place_id=ChIJJQi8_2X_kT4R_wLK-5zn2ss","4",,,"Awesome place"
"Cinépolis Cinemas - Oman Avenues Mall سينما سينابولس - مسقط أفينيوز مول","https://www.google.com/maps/search/?api=1&query=Cin%C3%A9polis%20Cinemas%20-%20Oman%20Avenues%20Mall%20%D8%B3%D9%8A%D9%86%D9%85%D8%A7%20%D8%B3%D9%8A%D9%86%D8%A7%D8%A8%D9%88%D9%84%D8%B3%20-%20%D9%85%D8%B3%D9%82%D8%B7%20%D8%A3%D9%81%D9%8A%D9%86%D9%8A%D9%88%D8%B2%20%D9%85%D9%88%D9%84&query_place_id=ChIJJQi8_2X_kT4R_wLK-5zn2ss","4",,,
"Cinépolis Cinemas - Oman Avenues Mall سينما سينابولس - مسقط أفينيوز مول","https://www.google.com/maps/search/?api=1&query=Cin%C3%A9polis%20Cinemas%20-%20Oman%20Avenues%20Mall%20%D8%B3%D9%8A%D9%86%D9%85%D8%A7%20%D8%B3%D9%8A%D9%86%D8%A7%D8%A8%D9%88%D9%84%D8%B3%20-%20%D9%85%D8%B3%D9%82%D8%B7%20%D8%A3%D9%81%D9%8A%D9%86%D9%8A%D9%88%D8%B2%20%D9%85%D9%88%D9%84&query_place_id=ChIJJQi8_2X_kT4R_wLK-5zn2ss","5",,,
"Cinépolis Cinemas - Oman Avenues Mall سينما سينابولس - مسقط أفينيوز مول","https://www.google.com/maps/search/?api=1&query=Cin%C3%A9polis%20Cinemas%20-%20Oman%20Avenues%20Mall%20%D8%B3%D9%8A%D9%86%D9%85%D8%A7%20%D8%B3%D9%8A%D9%86%D8%A7%D8%A8%D9%88%D9%84%D8%B3%20-%20%D9%85%D8%B3%D9%82%D8%B7%20%D8%A3%D9%81%D9%8A%D9%86%D9%8A%D9%88%D8%B2%20%D9%85%D9%88%D9%84&query_place_id=ChIJJQi8_2X_kT4R_wLK-5zn2ss","4",,,"Reasonable price"
"Cinépolis Cinemas - Oman Avenues Mall سينما سينابولس - مسقط أفينيوز مول","https://www.google.com/maps/search/?api=1&query=Cin%C3%A9polis%20Cinemas%20-%20Oman%20Avenues%20Mall%20%D8%B3%D9%8A%D9%86%D9%85%D8%A7%20%D8%B3%D9%8A%D9%86%D8%A7%D8%A8%D9%88%D9%84%D8%B3%20-%20%D9%85%D8%B3%D9%82%D8%B7%20%D8%A3%D9%81%D9%8A%D9%86%D9%8A%D9%88%D8%B2%20%D9%85%D9%88%D9%84&query_place_id=ChIJJQi8_2X_kT4R_wLK-5zn2ss","5",,,"Very good"
"Cinépolis Cinemas - Oman Avenues Mall سينما سينابولس - مسقط أفينيوز مول","https://www.google.com/maps/search/?api=1&query=Cin%C3%A9polis%20Cinemas%20-%20Oman%20Avenues%20Mall%20%D8%B3%D9%8A%D9%86%D9%85%D8%A7%20%D8%B3%D9%8A%D9%86%D8%A7%D8%A8%D9%88%D9%84%D8%B3%20-%20%D9%85%D8%B3%D9%82%D8%B7%20%D8%A3%D9%81%D9%8A%D9%86%D9%8A%D9%88%D8%B2%20%D9%85%D9%88%D9%84&query_place_id=ChIJJQi8_2X_kT4R_wLK-5zn2ss","4",,,
"Cinépolis Cinemas - Oman Avenues Mall سينما سينابولس - مسقط أفينيوز مول","https://www.google.com/maps/search/?api=1&query=Cin%C3%A9polis%20Cinemas%20-%20Oman%20Avenues%20Mall%20%D8%B3%D9%8A%D9%86%D9%85%D8%A7%20%D8%B3%D9%8A%D9%86%D8%A7%D8%A8%D9%88%D9%84%D8%B3%20-%20%D9%85%D8%B3%D9%82%D8%B7%20%D8%A3%D9%81%D9%8A%D9%86%D9%8A%D9%88%D8%B2%20%D9%85%D9%88%D9%84&query_place_id=ChIJJQi8_2X_kT4R_wLK-5zn2ss","5",,,
"Cinepolis Cinemas","https://www.google.com/maps/search/?api=1&query=Cinepolis%20Cinemas&query_place_id=ChIJw4-SAAVFiz4RrJvH7oizRpg","5",,,"افضل سنما"
"Cinepolis Cinemas","https://www.google.com/maps/search/?api=1&query=Cinepolis%20Cinemas&query_place_id=ChIJw4-SAAVFiz4RrJvH7oizRpg","4",,,
"Cinepolis Cinemas","https://www.google.com/maps/search/?api=1&query=Cinepolis%20Cinemas&query_place_id=ChIJw4-SAAVFiz4RrJvH7oizRpg","5",,,
"Cinepolis Cinemas","https://www.google.com/maps/search/?api=1&query=Cinepolis%20Cinemas&query_place_id=ChIJw4-SAAVFiz4RrJvH7oizRpg","3",,,"It has a good price but theater was not cold , as if they don't open the AC, the quality of the sound was not as vox cinema.

The food was good actually and the seats was good also."
"Cinepolis Cinemas","https://www.google.com/maps/search/?api=1&query=Cinepolis%20Cinemas&query_place_id=ChIJw4-SAAVFiz4RrJvH7oizRpg","5",,,"Loved it"
"Cinepolis Cinemas","https://www.google.com/maps/search/?api=1&query=Cinepolis%20Cinemas&query_place_id=ChIJw4-SAAVFiz4RrJvH7oizRpg","5",,,
"Cinepolis Cinemas","https://www.google.com/maps/search/?api=1&query=Cinepolis%20Cinemas&query_place_id=ChIJw4-SAAVFiz4RrJvH7oizRpg","5",,,"Theatre"
"Cinepolis Cinemas","https://www.google.com/maps/search/?api=1&query=Cinepolis%20Cinemas&query_place_id=ChIJw4-SAAVFiz4RrJvH7oizRpg","5",,,"مكان جدا رائع والكراسي مريحة"
"Cinepolis Cinemas","https://www.google.com/maps/search/?api=1&query=Cinepolis%20Cinemas&query_place_id=ChIJw4-SAAVFiz4RrJvH7oizRpg","4",,,"😊😊"
"Cinepolis Cinemas","https://www.google.com/maps/search/?api=1&query=Cinepolis%20Cinemas&query_place_id=ChIJw4-SAAVFiz4RrJvH7oizRpg","5",,,"Watching Pathan"
"Cinepolis Cinemas","https://www.google.com/maps/search/?api=1&query=Cinepolis%20Cinemas&query_place_id=ChIJw4-SAAVFiz4RrJvH7oizRpg","4",,,"Nice sound effects and seating, good area for time pass. Comfortable toilets, and snacks available."
"Cinepolis Cinemas","https://www.google.com/maps/search/?api=1&query=Cinepolis%20Cinemas&query_place_id=ChIJw4-SAAVFiz4RrJvH7oizRpg","4",,,"A theatre which comparatively better than their competitors in the country.i had watched many movies over the audio and video effects are really good, especially the comfort of watching movie and the seating was really nice. Also the ticket prices aren't that high and you can also enjoy the movie in recliner for just 4.5 omr"
"Cinepolis Cinemas","https://www.google.com/maps/search/?api=1&query=Cinepolis%20Cinemas&query_place_id=ChIJw4-SAAVFiz4RrJvH7oizRpg","5",,,
"Cinepolis Cinemas","https://www.google.com/maps/search/?api=1&query=Cinepolis%20Cinemas&query_place_id=ChIJw4-SAAVFiz4RrJvH7oizRpg","5",,,
"Cinepolis Cinemas","https://www.google.com/maps/search/?api=1&query=Cinepolis%20Cinemas&query_place_id=ChIJw4-SAAVFiz4RrJvH7oizRpg","5",,,
"Cinepolis Cinemas","https://www.google.com/maps/search/?api=1&query=Cinepolis%20Cinemas&query_place_id=ChIJw4-SAAVFiz4RrJvH7oizRpg","4",,,
"Cinepolis Cinemas","https://www.google.com/maps/search/?api=1&query=Cinepolis%20Cinemas&query_place_id=ChIJw4-SAAVFiz4RrJvH7oizRpg","5",,,"Good sound system"
"Cinepolis Cinemas","https://www.google.com/maps/search/?api=1&query=Cinepolis%20Cinemas&query_place_id=ChIJw4-SAAVFiz4RrJvH7oizRpg","5",,,"Awesome Experience"
"Cinepolis Cinemas","https://www.google.com/maps/search/?api=1&query=Cinepolis%20Cinemas&query_place_id=ChIJw4-SAAVFiz4RrJvH7oizRpg","5",,,
"Cinepolis Cinemas","https://www.google.com/maps/search/?api=1&query=Cinepolis%20Cinemas&query_place_id=ChIJw4-SAAVFiz4RrJvH7oizRpg","4",,,"Nice place"
"Cinepolis Cinemas","https://www.google.com/maps/search/?api=1&query=Cinepolis%20Cinemas&query_place_id=ChIJw4-SAAVFiz4RrJvH7oizRpg","4",,,"It is one of the nearest affordable and hygienic theaters in our locality. Once after you book online ticket🎟, you must show it to the guy at the popcorn counter. Otherwise one can take instantly digitally at the location with swiping machine in built. But for theatre full movies it's better to book online.A theatre which comparatively better than their competitors in the country.i had watched many movies over the audio and video effects are really good, especially the comfort of watching movie and the seating was really nice."
"Cinepolis Cinemas","https://www.google.com/maps/search/?api=1&query=Cinepolis%20Cinemas&query_place_id=ChIJw4-SAAVFiz4RrJvH7oizRpg","4",,,"A good place to watch movies."
"Cinepolis Cinemas","https://www.google.com/maps/search/?api=1&query=Cinepolis%20Cinemas&query_place_id=ChIJw4-SAAVFiz4RrJvH7oizRpg","5",,,"Improved a lot. Especially sound quality.. Good to watch….."
"Cinepolis Cinemas","https://www.google.com/maps/search/?api=1&query=Cinepolis%20Cinemas&query_place_id=ChIJw4-SAAVFiz4RrJvH7oizRpg","4",,,"المكان نظيف ومريح"
"Cinepolis Cinemas","https://www.google.com/maps/search/?api=1&query=Cinepolis%20Cinemas&query_place_id=ChIJw4-SAAVFiz4RrJvH7oizRpg","4",,,
"Cinepolis Cinemas","https://www.google.com/maps/search/?api=1&query=Cinepolis%20Cinemas&query_place_id=ChIJw4-SAAVFiz4RrJvH7oizRpg","4",,,"Nice"
"Cinepolis Cinemas","https://www.google.com/maps/search/?api=1&query=Cinepolis%20Cinemas&query_place_id=ChIJw4-SAAVFiz4RrJvH7oizRpg","4",,,
"Cinepolis Cinemas","https://www.google.com/maps/search/?api=1&query=Cinepolis%20Cinemas&query_place_id=ChIJw4-SAAVFiz4RrJvH7oizRpg","4",,,
"Cinepolis Cinemas","https://www.google.com/maps/search/?api=1&query=Cinepolis%20Cinemas&query_place_id=ChIJw4-SAAVFiz4RrJvH7oizRpg","3",,,
"Cinepolis Cinemas","https://www.google.com/maps/search/?api=1&query=Cinepolis%20Cinemas&query_place_id=ChIJw4-SAAVFiz4RrJvH7oizRpg","2",,,
"Cinepolis Cinemas","https://www.google.com/maps/search/?api=1&query=Cinepolis%20Cinemas&query_place_id=ChIJw4-SAAVFiz4RrJvH7oizRpg","4",,,"Good"
"Cinepolis Cinemas","https://www.google.com/maps/search/?api=1&query=Cinepolis%20Cinemas&query_place_id=ChIJw4-SAAVFiz4RrJvH7oizRpg","4",,,
"Cinepolis Cinemas","https://www.google.com/maps/search/?api=1&query=Cinepolis%20Cinemas&query_place_id=ChIJw4-SAAVFiz4RrJvH7oizRpg","5",,,"Amazing experience
Ambiance was very good"
"Cinepolis Cinemas","https://www.google.com/maps/search/?api=1&query=Cinepolis%20Cinemas&query_place_id=ChIJw4-SAAVFiz4RrJvH7oizRpg","5",,,
"Cinepolis Cinemas","https://www.google.com/maps/search/?api=1&query=Cinepolis%20Cinemas&query_place_id=ChIJw4-SAAVFiz4RrJvH7oizRpg","4",,,
"Cinepolis Cinemas","https://www.google.com/maps/search/?api=1&query=Cinepolis%20Cinemas&query_place_id=ChIJw4-SAAVFiz4RrJvH7oizRpg","4",,,
"Cinepolis Cinemas","https://www.google.com/maps/search/?api=1&query=Cinepolis%20Cinemas&query_place_id=ChIJw4-SAAVFiz4RrJvH7oizRpg","3",,,
"Cinepolis Cinemas","https://www.google.com/maps/search/?api=1&query=Cinepolis%20Cinemas&query_place_id=ChIJw4-SAAVFiz4RrJvH7oizRpg","5",,,
"Cinepolis Cinemas","https://www.google.com/maps/search/?api=1&query=Cinepolis%20Cinemas&query_place_id=ChIJw4-SAAVFiz4RrJvH7oizRpg","4",,,"Clean and neat. But sound effects are little bit low"
"Cinepolis Cinemas","https://www.google.com/maps/search/?api=1&query=Cinepolis%20Cinemas&query_place_id=ChIJw4-SAAVFiz4RrJvH7oizRpg","3",,,"Sound quality could be better
Watched Movie in MAX screen , difficult to follow the screen from the centre seats"
"Cinepolis Cinemas","https://www.google.com/maps/search/?api=1&query=Cinepolis%20Cinemas&query_place_id=ChIJw4-SAAVFiz4RrJvH7oizRpg","4",,,"Neat and perfect place for enjoyment"
"Cinepolis Cinemas","https://www.google.com/maps/search/?api=1&query=Cinepolis%20Cinemas&query_place_id=ChIJw4-SAAVFiz4RrJvH7oizRpg","5",,,
"Cinepolis Cinemas","https://www.google.com/maps/search/?api=1&query=Cinepolis%20Cinemas&query_place_id=ChIJw4-SAAVFiz4RrJvH7oizRpg","4",,,
"Cinepolis Cinemas","https://www.google.com/maps/search/?api=1&query=Cinepolis%20Cinemas&query_place_id=ChIJw4-SAAVFiz4RrJvH7oizRpg","5",,,"Excellent Atmosphere, Excellent Sound, Excellent Seating Arrangement."
"Cinepolis Cinemas","https://www.google.com/maps/search/?api=1&query=Cinepolis%20Cinemas&query_place_id=ChIJw4-SAAVFiz4RrJvH7oizRpg","5",,,"Good sound 🔊 quality theater"
"Cinepolis Cinemas","https://www.google.com/maps/search/?api=1&query=Cinepolis%20Cinemas&query_place_id=ChIJw4-SAAVFiz4RrJvH7oizRpg","3",,,
"Cinepolis Cinemas","https://www.google.com/maps/search/?api=1&query=Cinepolis%20Cinemas&query_place_id=ChIJw4-SAAVFiz4RrJvH7oizRpg","5",,,"Good ambience"
"Cinepolis Cinemas","https://www.google.com/maps/search/?api=1&query=Cinepolis%20Cinemas&query_place_id=ChIJw4-SAAVFiz4RrJvH7oizRpg","4",,,"Gud experience

The rate of popcorn puzzled me as the medium size cost 1.700 and large cost 1.800 😶"
"Cinepolis Cinemas","https://www.google.com/maps/search/?api=1&query=Cinepolis%20Cinemas&query_place_id=ChIJw4-SAAVFiz4RrJvH7oizRpg","5",,,
"Cinepolis Cinemas","https://www.google.com/maps/search/?api=1&query=Cinepolis%20Cinemas&query_place_id=ChIJw4-SAAVFiz4RrJvH7oizRpg","5",,,"I like cinepolis all theatres. clean environment, good sound quality and picture clarity in a reasonable ticket price."
"Cinepolis Cinemas","https://www.google.com/maps/search/?api=1&query=Cinepolis%20Cinemas&query_place_id=ChIJw4-SAAVFiz4RrJvH7oizRpg","3",,,"Good"
"Cinepolis Cinemas","https://www.google.com/maps/search/?api=1&query=Cinepolis%20Cinemas&query_place_id=ChIJw4-SAAVFiz4RrJvH7oizRpg","5",,,"I'm always satisfied ❤️ Reasonable ticket prices ✅ clean (neatness and odor) ✅ comfortable seats ✅
All the best 🙏🌹🍀"
"Cinepolis Cinemas","https://www.google.com/maps/search/?api=1&query=Cinepolis%20Cinemas&query_place_id=ChIJw4-SAAVFiz4RrJvH7oizRpg","5",,,
"Cinepolis Cinemas","https://www.google.com/maps/search/?api=1&query=Cinepolis%20Cinemas&query_place_id=ChIJw4-SAAVFiz4RrJvH7oizRpg","4",,,"روعة 😍

تابعو الانستجرام 😜
@Janain_alraiyan"
"Cinepolis Cinemas","https://www.google.com/maps/search/?api=1&query=Cinepolis%20Cinemas&query_place_id=ChIJw4-SAAVFiz4RrJvH7oizRpg","5",,,
"Cinepolis Cinemas","https://www.google.com/maps/search/?api=1&query=Cinepolis%20Cinemas&query_place_id=ChIJw4-SAAVFiz4RrJvH7oizRpg","4",,,"كراسيهم مريحه"
"Cinepolis Cinemas","https://www.google.com/maps/search/?api=1&query=Cinepolis%20Cinemas&query_place_id=ChIJw4-SAAVFiz4RrJvH7oizRpg","4",,,
"Cinepolis Cinemas","https://www.google.com/maps/search/?api=1&query=Cinepolis%20Cinemas&query_place_id=ChIJw4-SAAVFiz4RrJvH7oizRpg","5",,,
"Cinepolis Cinemas","https://www.google.com/maps/search/?api=1&query=Cinepolis%20Cinemas&query_place_id=ChIJw4-SAAVFiz4RrJvH7oizRpg","4",,,
"Cinepolis Cinemas","https://www.google.com/maps/search/?api=1&query=Cinepolis%20Cinemas&query_place_id=ChIJw4-SAAVFiz4RrJvH7oizRpg","1",,,"Third class online booking system. App for online booking not working up to the mark for customers but working perfect with staff mobile app. So customer has to pay twice for getting online ticket and to wait longer for getting refund till getting approval. So the online booking system is not user friendly. If you don’t wants to engage your money with them, don’t use app for online booking."
"Cinepolis Cinemas","https://www.google.com/maps/search/?api=1&query=Cinepolis%20Cinemas&query_place_id=ChIJw4-SAAVFiz4RrJvH7oizRpg","3",,,"My experience was poor, slef tickets machine not working, refreshments too expensive, screen not clear, sound system very loud and not clear."
"Cinepolis Cinemas","https://www.google.com/maps/search/?api=1&query=Cinepolis%20Cinemas&query_place_id=ChIJw4-SAAVFiz4RrJvH7oizRpg","5",,,
"Cinepolis Cinemas","https://www.google.com/maps/search/?api=1&query=Cinepolis%20Cinemas&query_place_id=ChIJw4-SAAVFiz4RrJvH7oizRpg","4",,,"المكان جميل جدا الاسعار لك عليها الموظف سالم موظف يفتح النفس يشرح لك وخبرك عن كل الخصومات المتوفره عكس الاجانب الي همها تبيع بس  الي يشوف تعليقي نصيه روحو عن العماني مايقصر"
"Cinepolis Cinemas","https://www.google.com/maps/search/?api=1&query=Cinepolis%20Cinemas&query_place_id=ChIJw4-SAAVFiz4RrJvH7oizRpg","5",,,"One of the most comfortable and enjoyable place in sohar for perfect family entertainment…
Mr anjum has always been very helpful in providing all types of information whenever needed"
"Cinepolis Cinemas","https://www.google.com/maps/search/?api=1&query=Cinepolis%20Cinemas&query_place_id=ChIJw4-SAAVFiz4RrJvH7oizRpg","5",,,"سينما حلوه ومريحه واسعارهم حلوه"
"Cinepolis Cinemas","https://www.google.com/maps/search/?api=1&query=Cinepolis%20Cinemas&query_place_id=ChIJw4-SAAVFiz4RrJvH7oizRpg","1",,,"السينماء الواحه مول صحار"
"Cinepolis Cinemas","https://www.google.com/maps/search/?api=1&query=Cinepolis%20Cinemas&query_place_id=ChIJw4-SAAVFiz4RrJvH7oizRpg","5",,,
"Cinepolis Cinemas","https://www.google.com/maps/search/?api=1&query=Cinepolis%20Cinemas&query_place_id=ChIJw4-SAAVFiz4RrJvH7oizRpg","1",,,
"Cinepolis Cinemas","https://www.google.com/maps/search/?api=1&query=Cinepolis%20Cinemas&query_place_id=ChIJw4-SAAVFiz4RrJvH7oizRpg","5",,,"Thanks to Sohar Cinepolis for be an excellent host during my son birthday. I highly recommend this choice for a kids birthday party, they enjoyed a lot. Staff support us in any query and was extremely helpful. They made everything easy for us and we got the perfect memory of our son 9th birthday."
"Cinepolis Cinemas","https://www.google.com/maps/search/?api=1&query=Cinepolis%20Cinemas&query_place_id=ChIJw4-SAAVFiz4RrJvH7oizRpg","5",,,"نظيفة"
"Cinepolis Cinemas","https://www.google.com/maps/search/?api=1&query=Cinepolis%20Cinemas&query_place_id=ChIJw4-SAAVFiz4RrJvH7oizRpg","4",,,
"Cinepolis Cinemas","https://www.google.com/maps/search/?api=1&query=Cinepolis%20Cinemas&query_place_id=ChIJw4-SAAVFiz4RrJvH7oizRpg","4",,,
"Cinepolis Cinemas","https://www.google.com/maps/search/?api=1&query=Cinepolis%20Cinemas&query_place_id=ChIJw4-SAAVFiz4RrJvH7oizRpg","3",,,
"Cinepolis Cinemas","https://www.google.com/maps/search/?api=1&query=Cinepolis%20Cinemas&query_place_id=ChIJw4-SAAVFiz4RrJvH7oizRpg","5",,,"اسعار مناسبة وخاصة وقت العروض
صالة الاطفال ممتازة وبها زحليقة طويلة"
"Cinepolis Cinemas","https://www.google.com/maps/search/?api=1&query=Cinepolis%20Cinemas&query_place_id=ChIJw4-SAAVFiz4RrJvH7oizRpg","4",,,
"Cinepolis Cinemas","https://www.google.com/maps/search/?api=1&query=Cinepolis%20Cinemas&query_place_id=ChIJw4-SAAVFiz4RrJvH7oizRpg","5",,,"Relax , propre et bonne sono 👍"
"Cinepolis Cinemas","https://www.google.com/maps/search/?api=1&query=Cinepolis%20Cinemas&query_place_id=ChIJw4-SAAVFiz4RrJvH7oizRpg","4",,,"Only thing I felt bad about this place is the price of 300ml water bottle , Outside its just 100 baiza but here it's 500 baiza which is too much ., Rest everything great 👍🏻 👌🏻..."
"Cinepolis Cinemas","https://www.google.com/maps/search/?api=1&query=Cinepolis%20Cinemas&query_place_id=ChIJw4-SAAVFiz4RrJvH7oizRpg","5",,,"nice"
"Cinepolis Cinemas","https://www.google.com/maps/search/?api=1&query=Cinepolis%20Cinemas&query_place_id=ChIJw4-SAAVFiz4RrJvH7oizRpg","4",,,"Good staff, good prices
Macro Theatre is the best in Sohar in terms of sound
Note: the prices are based on the seats not on the theatre"
"Cinepolis Cinemas","https://www.google.com/maps/search/?api=1&query=Cinepolis%20Cinemas&query_place_id=ChIJw4-SAAVFiz4RrJvH7oizRpg","4",,,"Fantastic interiors and sound systems"
"Cinepolis Cinemas","https://www.google.com/maps/search/?api=1&query=Cinepolis%20Cinemas&query_place_id=ChIJw4-SAAVFiz4RrJvH7oizRpg","5",,,"Went here for Marathi movie
Screens are good, seating very comfortable.
Lost power during the show but staff was capable of handling the situation and resolved the issue and restarted the show."
"Cinepolis Cinemas","https://www.google.com/maps/search/?api=1&query=Cinepolis%20Cinemas&query_place_id=ChIJw4-SAAVFiz4RrJvH7oizRpg","4",,,
"Cinepolis Cinemas","https://www.google.com/maps/search/?api=1&query=Cinepolis%20Cinemas&query_place_id=ChIJw4-SAAVFiz4RrJvH7oizRpg","4",,,"Best location with good parking ."
"Cinepolis Cinemas","https://www.google.com/maps/search/?api=1&query=Cinepolis%20Cinemas&query_place_id=ChIJw4-SAAVFiz4RrJvH7oizRpg","4",,,
"Cinepolis Cinemas","https://www.google.com/maps/search/?api=1&query=Cinepolis%20Cinemas&query_place_id=ChIJw4-SAAVFiz4RrJvH7oizRpg","2",,,
"Cinepolis Cinemas","https://www.google.com/maps/search/?api=1&query=Cinepolis%20Cinemas&query_place_id=ChIJw4-SAAVFiz4RrJvH7oizRpg","4",,,
"Cinepolis Cinemas","https://www.google.com/maps/search/?api=1&query=Cinepolis%20Cinemas&query_place_id=ChIJw4-SAAVFiz4RrJvH7oizRpg","5",,,"ممتاز"
"Cinepolis Cinemas","https://www.google.com/maps/search/?api=1&query=Cinepolis%20Cinemas&query_place_id=ChIJw4-SAAVFiz4RrJvH7oizRpg","5",,,"Great sound effect and ambient

Family seating and Couple gallery"
"Cinepolis Cinemas","https://www.google.com/maps/search/?api=1&query=Cinepolis%20Cinemas&query_place_id=ChIJw4-SAAVFiz4RrJvH7oizRpg","5",,,"مكان ممتاز جداً جداً"
"Cinepolis Cinemas","https://www.google.com/maps/search/?api=1&query=Cinepolis%20Cinemas&query_place_id=ChIJw4-SAAVFiz4RrJvH7oizRpg","5",,,
"Cinepolis Cinemas","https://www.google.com/maps/search/?api=1&query=Cinepolis%20Cinemas&query_place_id=ChIJw4-SAAVFiz4RrJvH7oizRpg","4",,,"Best sound system with great deals."
"Cinepolis Cinemas","https://www.google.com/maps/search/?api=1&query=Cinepolis%20Cinemas&query_place_id=ChIJw4-SAAVFiz4RrJvH7oizRpg","5",,,"It is one of the nearest affordable and hygienic theaters in our locality. Once after you book online ticket🎟, you must show it to the guy at the popcorn counter. Otherwise one can take instantly digitally at the location with swiping machine in built. But for theatre full movies it's better to book online."
"Cinepolis Cinemas","https://www.google.com/maps/search/?api=1&query=Cinepolis%20Cinemas&query_place_id=ChIJw4-SAAVFiz4RrJvH7oizRpg","2",,,
"Cinepolis Cinemas","https://www.google.com/maps/search/?api=1&query=Cinepolis%20Cinemas&query_place_id=ChIJw4-SAAVFiz4RrJvH7oizRpg","4",,,
"Cinepolis Cinemas","https://www.google.com/maps/search/?api=1&query=Cinepolis%20Cinemas&query_place_id=ChIJw4-SAAVFiz4RrJvH7oizRpg","4",,,"The seats are comfortable but the sound not that great"
"Cinepolis Cinemas","https://www.google.com/maps/search/?api=1&query=Cinepolis%20Cinemas&query_place_id=ChIJw4-SAAVFiz4RrJvH7oizRpg","5",,,"Good"
"Cinepolis Cinemas","https://www.google.com/maps/search/?api=1&query=Cinepolis%20Cinemas&query_place_id=ChIJw4-SAAVFiz4RrJvH7oizRpg","5",,,
"Cinepolis Cinemas","https://www.google.com/maps/search/?api=1&query=Cinepolis%20Cinemas&query_place_id=ChIJw4-SAAVFiz4RrJvH7oizRpg","3",,,"🤍"
"Cinepolis Cinemas","https://www.google.com/maps/search/?api=1&query=Cinepolis%20Cinemas&query_place_id=ChIJw4-SAAVFiz4RrJvH7oizRpg","5",,,
"Cinepolis Cinemas","https://www.google.com/maps/search/?api=1&query=Cinepolis%20Cinemas&query_place_id=ChIJw4-SAAVFiz4RrJvH7oizRpg","4",,,"Good"
"Cinepolis Cinemas","https://www.google.com/maps/search/?api=1&query=Cinepolis%20Cinemas&query_place_id=ChIJw4-SAAVFiz4RrJvH7oizRpg","1",,,
"Cinepolis Cinemas","https://www.google.com/maps/search/?api=1&query=Cinepolis%20Cinemas&query_place_id=ChIJw4-SAAVFiz4RrJvH7oizRpg","5",,,
"Cinepolis Cinemas","https://www.google.com/maps/search/?api=1&query=Cinepolis%20Cinemas&query_place_id=ChIJw4-SAAVFiz4RrJvH7oizRpg","4",,,"المكان نظيف والكراسي مريحه"
"Cinepolis Cinemas","https://www.google.com/maps/search/?api=1&query=Cinepolis%20Cinemas&query_place_id=ChIJw4-SAAVFiz4RrJvH7oizRpg","5",,,
"Cinepolis Cinemas","https://www.google.com/maps/search/?api=1&query=Cinepolis%20Cinemas&query_place_id=ChIJw4-SAAVFiz4RrJvH7oizRpg","5",,,
"Cinepolis Cinemas","https://www.google.com/maps/search/?api=1&query=Cinepolis%20Cinemas&query_place_id=ChIJw4-SAAVFiz4RrJvH7oizRpg","4",,,
"Cinepolis Cinemas","https://www.google.com/maps/search/?api=1&query=Cinepolis%20Cinemas&query_place_id=ChIJw4-SAAVFiz4RrJvH7oizRpg","5",,,
"Cinepolis Cinemas","https://www.google.com/maps/search/?api=1&query=Cinepolis%20Cinemas&query_place_id=ChIJw4-SAAVFiz4RrJvH7oizRpg","4",,,"Gud"
"Cinepolis Cinemas","https://www.google.com/maps/search/?api=1&query=Cinepolis%20Cinemas&query_place_id=ChIJw4-SAAVFiz4RrJvH7oizRpg","4",,,"Very good staff and very nice"
"Cinepolis Cinemas","https://www.google.com/maps/search/?api=1&query=Cinepolis%20Cinemas&query_place_id=ChIJw4-SAAVFiz4RrJvH7oizRpg","4",,,
"Cinepolis Cinemas","https://www.google.com/maps/search/?api=1&query=Cinepolis%20Cinemas&query_place_id=ChIJw4-SAAVFiz4RrJvH7oizRpg","5",,,"تخفيضات تصل الى 50% يوم الاثنين والثلاثاء"
"Cinepolis Cinemas","https://www.google.com/maps/search/?api=1&query=Cinepolis%20Cinemas&query_place_id=ChIJw4-SAAVFiz4RrJvH7oizRpg","5",,,
"Cinepolis Cinemas","https://www.google.com/maps/search/?api=1&query=Cinepolis%20Cinemas&query_place_id=ChIJw4-SAAVFiz4RrJvH7oizRpg","5",,,"Helpful staff"
"Cinepolis Cinemas","https://www.google.com/maps/search/?api=1&query=Cinepolis%20Cinemas&query_place_id=ChIJw4-SAAVFiz4RrJvH7oizRpg","5",,,"بصراحة رائعة"
"Cinepolis Cinemas","https://www.google.com/maps/search/?api=1&query=Cinepolis%20Cinemas&query_place_id=ChIJw4-SAAVFiz4RrJvH7oizRpg","3",,,"مكان جيد لكن التنظيم متوسط معاهم"
"Cinepolis Cinemas","https://www.google.com/maps/search/?api=1&query=Cinepolis%20Cinemas&query_place_id=ChIJw4-SAAVFiz4RrJvH7oizRpg","5",,,"Mr Sami is an asset for Cinepolis Sohar. the way he communicated with us and puzzled out our technical glitch is truly appreciable. Terrific service 👌👍 First occurrence and satisfying experience."
"Cinepolis Cinemas","https://www.google.com/maps/search/?api=1&query=Cinepolis%20Cinemas&query_place_id=ChIJw4-SAAVFiz4RrJvH7oizRpg","4",,,
"Cinepolis Cinemas","https://www.google.com/maps/search/?api=1&query=Cinepolis%20Cinemas&query_place_id=ChIJw4-SAAVFiz4RrJvH7oizRpg","4",,,"Overall more comfort and good offers they r providing. The only one negative thing is beverage and snacks is little costly."
"Cinepolis Cinemas","https://www.google.com/maps/search/?api=1&query=Cinepolis%20Cinemas&query_place_id=ChIJw4-SAAVFiz4RrJvH7oizRpg","5",,,"Best sound system & seating"
"Cinepolis Cinemas","https://www.google.com/maps/search/?api=1&query=Cinepolis%20Cinemas&query_place_id=ChIJw4-SAAVFiz4RrJvH7oizRpg","3",,,
"Cinepolis Cinemas","https://www.google.com/maps/search/?api=1&query=Cinepolis%20Cinemas&query_place_id=ChIJw4-SAAVFiz4RrJvH7oizRpg","2",,,
"Cinepolis Cinemas","https://www.google.com/maps/search/?api=1&query=Cinepolis%20Cinemas&query_place_id=ChIJw4-SAAVFiz4RrJvH7oizRpg","5",,,
"Cinepolis Cinemas","https://www.google.com/maps/search/?api=1&query=Cinepolis%20Cinemas&query_place_id=ChIJw4-SAAVFiz4RrJvH7oizRpg","5",,,
"Cinepolis Cinemas","https://www.google.com/maps/search/?api=1&query=Cinepolis%20Cinemas&query_place_id=ChIJw4-SAAVFiz4RrJvH7oizRpg","5",,,
"Cinepolis Cinemas","https://www.google.com/maps/search/?api=1&query=Cinepolis%20Cinemas&query_place_id=ChIJw4-SAAVFiz4RrJvH7oizRpg","5",,,
"Cinepolis Cinemas","https://www.google.com/maps/search/?api=1&query=Cinepolis%20Cinemas&query_place_id=ChIJw4-SAAVFiz4RrJvH7oizRpg","5",,,
"Cinepolis Cinemas","https://www.google.com/maps/search/?api=1&query=Cinepolis%20Cinemas&query_place_id=ChIJw4-SAAVFiz4RrJvH7oizRpg","4",,,
"Cinepolis Cinemas","https://www.google.com/maps/search/?api=1&query=Cinepolis%20Cinemas&query_place_id=ChIJw4-SAAVFiz4RrJvH7oizRpg","5",,,"جميل وعروض تخفيضية... ومريح انصح بزيارته واحسن من غيرة حتى الاكل أقل عن اللي ما ينطري"
"Cinepolis Cinemas","https://www.google.com/maps/search/?api=1&query=Cinepolis%20Cinemas&query_place_id=ChIJw4-SAAVFiz4RrJvH7oizRpg","5",,,"excellent"
"Cinepolis Cinemas","https://www.google.com/maps/search/?api=1&query=Cinepolis%20Cinemas&query_place_id=ChIJw4-SAAVFiz4RrJvH7oizRpg","1",,,"The staffs are not supportive at all. Yesterday I have ordered one popcorn and coffee during the interval time but they give only popcorn during the payment time and informed coffee will deliver to the seat, but unfortunately no one delivered the coffee and myself collected it  later from the counter . My concern even during non busy times their attitude is something which means grab more money from the customers. Also, the price is too high for all the snaks and drinks. I never prefer cinepolis for movies."
"Cinepolis Cinemas","https://www.google.com/maps/search/?api=1&query=Cinepolis%20Cinemas&query_place_id=ChIJw4-SAAVFiz4RrJvH7oizRpg","5",,,"Good place to watch movies,but sound quality is not good."
"Cinepolis Cinemas","https://www.google.com/maps/search/?api=1&query=Cinepolis%20Cinemas&query_place_id=ChIJw4-SAAVFiz4RrJvH7oizRpg","1",,,"Movie started without video for almost 5 minutes(only audio played) started video only after notifying their staff.not even switched on hall lights after the movie, we came out with mobile torch lights. Bad experience 😔😔😔😔"
"Cinepolis Cinemas","https://www.google.com/maps/search/?api=1&query=Cinepolis%20Cinemas&query_place_id=ChIJw4-SAAVFiz4RrJvH7oizRpg","4",,,
"Cinepolis Cinemas","https://www.google.com/maps/search/?api=1&query=Cinepolis%20Cinemas&query_place_id=ChIJw4-SAAVFiz4RrJvH7oizRpg","5",,,"We love this place. A perfect place for family movies specially with kids."
"Cinepolis Cinemas","https://www.google.com/maps/search/?api=1&query=Cinepolis%20Cinemas&query_place_id=ChIJw4-SAAVFiz4RrJvH7oizRpg","4",,,"Best movies in Sohar"
"Cinepolis Cinemas","https://www.google.com/maps/search/?api=1&query=Cinepolis%20Cinemas&query_place_id=ChIJw4-SAAVFiz4RrJvH7oizRpg","5",,,
"Cinepolis Cinemas","https://www.google.com/maps/search/?api=1&query=Cinepolis%20Cinemas&query_place_id=ChIJw4-SAAVFiz4RrJvH7oizRpg","5",,,"Great movie experience with polite staff service"
"Cinepolis Cinemas","https://www.google.com/maps/search/?api=1&query=Cinepolis%20Cinemas&query_place_id=ChIJw4-SAAVFiz4RrJvH7oizRpg","5",,,
"Cinepolis Cinemas","https://www.google.com/maps/search/?api=1&query=Cinepolis%20Cinemas&query_place_id=ChIJw4-SAAVFiz4RrJvH7oizRpg","5",,,"Good"
"Cinepolis Cinemas","https://www.google.com/maps/search/?api=1&query=Cinepolis%20Cinemas&query_place_id=ChIJw4-SAAVFiz4RrJvH7oizRpg","4",,,
"Cinepolis Cinemas","https://www.google.com/maps/search/?api=1&query=Cinepolis%20Cinemas&query_place_id=ChIJw4-SAAVFiz4RrJvH7oizRpg","5",,,"Best Cinema experience in Sohar Oman 🇴🇲"
"Cinepolis Cinemas","https://www.google.com/maps/search/?api=1&query=Cinepolis%20Cinemas&query_place_id=ChIJw4-SAAVFiz4RrJvH7oizRpg","5",,,
"Cinepolis Cinemas","https://www.google.com/maps/search/?api=1&query=Cinepolis%20Cinemas&query_place_id=ChIJw4-SAAVFiz4RrJvH7oizRpg","4",,,
"Cinepolis Cinemas","https://www.google.com/maps/search/?api=1&query=Cinepolis%20Cinemas&query_place_id=ChIJw4-SAAVFiz4RrJvH7oizRpg","4",,,
"Cinepolis Cinemas","https://www.google.com/maps/search/?api=1&query=Cinepolis%20Cinemas&query_place_id=ChIJw4-SAAVFiz4RrJvH7oizRpg","5",,,"القاعة جداً مريحة 👌🏻🥰 والاهم عندهم عروض هالفترة 20% على التذاكر .."
"Cinepolis Cinemas","https://www.google.com/maps/search/?api=1&query=Cinepolis%20Cinemas&query_place_id=ChIJw4-SAAVFiz4RrJvH7oizRpg","5",,,
"Cinepolis Cinemas","https://www.google.com/maps/search/?api=1&query=Cinepolis%20Cinemas&query_place_id=ChIJw4-SAAVFiz4RrJvH7oizRpg","4",,,"Theatre sound effects very nice and also they are giving some bank offers for TKT Booking.

Need to reduce the popcorn and cooldrinks price less than OMR 1."
"Cinepolis Cinemas","https://www.google.com/maps/search/?api=1&query=Cinepolis%20Cinemas&query_place_id=ChIJw4-SAAVFiz4RrJvH7oizRpg","5",,,"افضل سينما في الواحة مول كلها 😔🤏"
"Cinepolis Cinemas","https://www.google.com/maps/search/?api=1&query=Cinepolis%20Cinemas&query_place_id=ChIJw4-SAAVFiz4RrJvH7oizRpg","5",,,
"Cinepolis Cinemas","https://www.google.com/maps/search/?api=1&query=Cinepolis%20Cinemas&query_place_id=ChIJw4-SAAVFiz4RrJvH7oizRpg","4",,,"لا توجد مقاهي بالطابق الاخير"
"Cinepolis Cinemas","https://www.google.com/maps/search/?api=1&query=Cinepolis%20Cinemas&query_place_id=ChIJw4-SAAVFiz4RrJvH7oizRpg","5",,,"نعم الاختيار والمكان الأمثل لترفيه ومتابعة الافلام الجديدة
أما عن المكان والقاعات والمقاعد ممتازة والخصوصية والتباعد بين المقاعد يزيد من الخصوصية"
"Cinepolis Cinemas","https://www.google.com/maps/search/?api=1&query=Cinepolis%20Cinemas&query_place_id=ChIJw4-SAAVFiz4RrJvH7oizRpg","5",,,
"Cinepolis Cinemas","https://www.google.com/maps/search/?api=1&query=Cinepolis%20Cinemas&query_place_id=ChIJw4-SAAVFiz4RrJvH7oizRpg","5",,,
"Cinepolis Cinemas","https://www.google.com/maps/search/?api=1&query=Cinepolis%20Cinemas&query_place_id=ChIJw4-SAAVFiz4RrJvH7oizRpg","5",,,
"Cinepolis Cinemas","https://www.google.com/maps/search/?api=1&query=Cinepolis%20Cinemas&query_place_id=ChIJw4-SAAVFiz4RrJvH7oizRpg","4",,,"جيد"
"Cinepolis Cinemas","https://www.google.com/maps/search/?api=1&query=Cinepolis%20Cinemas&query_place_id=ChIJw4-SAAVFiz4RrJvH7oizRpg","4",,,
"Cinepolis Cinemas","https://www.google.com/maps/search/?api=1&query=Cinepolis%20Cinemas&query_place_id=ChIJw4-SAAVFiz4RrJvH7oizRpg","5",,,"ممتاز وراقي"
"Cinepolis Cinemas","https://www.google.com/maps/search/?api=1&query=Cinepolis%20Cinemas&query_place_id=ChIJw4-SAAVFiz4RrJvH7oizRpg","5",,,"اكثر من رائع"
"Cinepolis Cinemas","https://www.google.com/maps/search/?api=1&query=Cinepolis%20Cinemas&query_place_id=ChIJw4-SAAVFiz4RrJvH7oizRpg","4",,,
"Cinepolis Cinemas","https://www.google.com/maps/search/?api=1&query=Cinepolis%20Cinemas&query_place_id=ChIJw4-SAAVFiz4RrJvH7oizRpg","5",,,"جميل"
"Cinepolis Cinemas","https://www.google.com/maps/search/?api=1&query=Cinepolis%20Cinemas&query_place_id=ChIJw4-SAAVFiz4RrJvH7oizRpg","5",,,"انا افضل هذا السينما على فوكس لأن هذا اسعاره مغريه ما نفس باقي الأماكن السعر يكون فلكي بس يحتاج شوية شغل من ناحية الأكل وبعض القاعات الكراسي الي فوق اخر شي ضيقات بس مكان حلو وهادي ما تحاتي الزحمه"
"Cinepolis Cinemas","https://www.google.com/maps/search/?api=1&query=Cinepolis%20Cinemas&query_place_id=ChIJw4-SAAVFiz4RrJvH7oizRpg","5",,,"Very good cinemas in sohar"
"Cinepolis Cinemas","https://www.google.com/maps/search/?api=1&query=Cinepolis%20Cinemas&query_place_id=ChIJw4-SAAVFiz4RrJvH7oizRpg","5",,,
"Cinepolis Cinemas","https://www.google.com/maps/search/?api=1&query=Cinepolis%20Cinemas&query_place_id=ChIJw4-SAAVFiz4RrJvH7oizRpg","5",,,"شكرا"
"Cinepolis Cinemas","https://www.google.com/maps/search/?api=1&query=Cinepolis%20Cinemas&query_place_id=ChIJw4-SAAVFiz4RrJvH7oizRpg","5",,,"🥰"
"Cinepolis Cinemas","https://www.google.com/maps/search/?api=1&query=Cinepolis%20Cinemas&query_place_id=ChIJw4-SAAVFiz4RrJvH7oizRpg","3",,,
"Cinepolis Cinemas","https://www.google.com/maps/search/?api=1&query=Cinepolis%20Cinemas&query_place_id=ChIJw4-SAAVFiz4RrJvH7oizRpg","5",,,"Good cinema, brand new, clean and good quality sound"
"Cinepolis Cinemas","https://www.google.com/maps/search/?api=1&query=Cinepolis%20Cinemas&query_place_id=ChIJw4-SAAVFiz4RrJvH7oizRpg","5",,,
"Cinepolis Cinemas","https://www.google.com/maps/search/?api=1&query=Cinepolis%20Cinemas&query_place_id=ChIJw4-SAAVFiz4RrJvH7oizRpg","1",,,
"Cinepolis Cinemas","https://www.google.com/maps/search/?api=1&query=Cinepolis%20Cinemas&query_place_id=ChIJw4-SAAVFiz4RrJvH7oizRpg","5",,,
"Cinepolis Cinemas","https://www.google.com/maps/search/?api=1&query=Cinepolis%20Cinemas&query_place_id=ChIJw4-SAAVFiz4RrJvH7oizRpg","4",,,"جميل"
"Cinepolis Cinemas","https://www.google.com/maps/search/?api=1&query=Cinepolis%20Cinemas&query_place_id=ChIJw4-SAAVFiz4RrJvH7oizRpg","3",,,"Didn't enjoyed the screening quality of the Cinema! Moreover, snacks weren't of the expected quality!"
"Cinepolis Cinemas","https://www.google.com/maps/search/?api=1&query=Cinepolis%20Cinemas&query_place_id=ChIJw4-SAAVFiz4RrJvH7oizRpg","5",,,
"Cinepolis Cinemas","https://www.google.com/maps/search/?api=1&query=Cinepolis%20Cinemas&query_place_id=ChIJw4-SAAVFiz4RrJvH7oizRpg","5",,,
"Cinepolis Cinemas","https://www.google.com/maps/search/?api=1&query=Cinepolis%20Cinemas&query_place_id=ChIJw4-SAAVFiz4RrJvH7oizRpg","5",,,
"Cinepolis Cinemas","https://www.google.com/maps/search/?api=1&query=Cinepolis%20Cinemas&query_place_id=ChIJw4-SAAVFiz4RrJvH7oizRpg","5",,,
"Cinepolis Cinemas","https://www.google.com/maps/search/?api=1&query=Cinepolis%20Cinemas&query_place_id=ChIJw4-SAAVFiz4RrJvH7oizRpg","5",,,
"Cinepolis Cinemas","https://www.google.com/maps/search/?api=1&query=Cinepolis%20Cinemas&query_place_id=ChIJw4-SAAVFiz4RrJvH7oizRpg","5",,,
"Cinepolis Cinemas","https://www.google.com/maps/search/?api=1&query=Cinepolis%20Cinemas&query_place_id=ChIJw4-SAAVFiz4RrJvH7oizRpg","5",,,
"Cinepolis Cinemas","https://www.google.com/maps/search/?api=1&query=Cinepolis%20Cinemas&query_place_id=ChIJw4-SAAVFiz4RrJvH7oizRpg","5",,,"السينما جميلة وتحتوي على مقاعد VIB وباسعار مناسبة وتقع في مول الواحة الذب يحتوي على اشهر الماركات مثل ماكس واكس ماكس وسنتر بوينت ومحلات للعطور كما توجد الكافيهات والمطاعم"
"Cinepolis Cinemas","https://www.google.com/maps/search/?api=1&query=Cinepolis%20Cinemas&query_place_id=ChIJw4-SAAVFiz4RrJvH7oizRpg","5",,,"Nice"
"Cinepolis Cinemas","https://www.google.com/maps/search/?api=1&query=Cinepolis%20Cinemas&query_place_id=ChIJw4-SAAVFiz4RrJvH7oizRpg","3",,,"حلو"
"Cinepolis Cinemas","https://www.google.com/maps/search/?api=1&query=Cinepolis%20Cinemas&query_place_id=ChIJw4-SAAVFiz4RrJvH7oizRpg","4",,,
"Cinepolis Cinemas","https://www.google.com/maps/search/?api=1&query=Cinepolis%20Cinemas&query_place_id=ChIJw4-SAAVFiz4RrJvH7oizRpg","5",,,
"Cinepolis Cinemas","https://www.google.com/maps/search/?api=1&query=Cinepolis%20Cinemas&query_place_id=ChIJw4-SAAVFiz4RrJvH7oizRpg","5",,,"Nice place"
"Cinepolis Cinemas","https://www.google.com/maps/search/?api=1&query=Cinepolis%20Cinemas&query_place_id=ChIJw4-SAAVFiz4RrJvH7oizRpg","4",,,"Very clean, hygienic place."
"Cinepolis Cinemas","https://www.google.com/maps/search/?api=1&query=Cinepolis%20Cinemas&query_place_id=ChIJw4-SAAVFiz4RrJvH7oizRpg","5",,,"ممتاز"
"Cinepolis Cinemas","https://www.google.com/maps/search/?api=1&query=Cinepolis%20Cinemas&query_place_id=ChIJw4-SAAVFiz4RrJvH7oizRpg","5",,,
"Cinepolis Cinemas","https://www.google.com/maps/search/?api=1&query=Cinepolis%20Cinemas&query_place_id=ChIJw4-SAAVFiz4RrJvH7oizRpg","5",,,"مكان هادئ وموقع جميل
افلام جديدة وادارة محترمه
يستحق التجربة بأمانه"
"Cinepolis Cinemas","https://www.google.com/maps/search/?api=1&query=Cinepolis%20Cinemas&query_place_id=ChIJw4-SAAVFiz4RrJvH7oizRpg","5",,,"جميل انصح زيارته"
"Cinepolis Cinemas","https://www.google.com/maps/search/?api=1&query=Cinepolis%20Cinemas&query_place_id=ChIJw4-SAAVFiz4RrJvH7oizRpg","5",,,
"Cinepolis Cinemas","https://www.google.com/maps/search/?api=1&query=Cinepolis%20Cinemas&query_place_id=ChIJw4-SAAVFiz4RrJvH7oizRpg","5",,,
"Cinepolis Cinemas","https://www.google.com/maps/search/?api=1&query=Cinepolis%20Cinemas&query_place_id=ChIJw4-SAAVFiz4RrJvH7oizRpg","5",,,"مريح جدا لمشاهده الأفلام وكذلك للعائلات والاطفال"
"Cinepolis Cinemas","https://www.google.com/maps/search/?api=1&query=Cinepolis%20Cinemas&query_place_id=ChIJw4-SAAVFiz4RrJvH7oizRpg","4",,,
"Cinepolis Cinemas","https://www.google.com/maps/search/?api=1&query=Cinepolis%20Cinemas&query_place_id=ChIJw4-SAAVFiz4RrJvH7oizRpg","5",,,"ممتاز"
"Cinepolis Cinemas","https://www.google.com/maps/search/?api=1&query=Cinepolis%20Cinemas&query_place_id=ChIJw4-SAAVFiz4RrJvH7oizRpg","5",,,"Price seems to be heigh"
"Cinepolis Cinemas","https://www.google.com/maps/search/?api=1&query=Cinepolis%20Cinemas&query_place_id=ChIJw4-SAAVFiz4RrJvH7oizRpg","5",,,
"Cinepolis Cinemas","https://www.google.com/maps/search/?api=1&query=Cinepolis%20Cinemas&query_place_id=ChIJw4-SAAVFiz4RrJvH7oizRpg","5",,,"ممتاز👏"
"Cinepolis Cinemas","https://www.google.com/maps/search/?api=1&query=Cinepolis%20Cinemas&query_place_id=ChIJw4-SAAVFiz4RrJvH7oizRpg","5",,,"جدا رائع ومعاملتهم راقيه والمقاعد بصالة السينما مريحه جدا"
"Cinepolis Cinemas","https://www.google.com/maps/search/?api=1&query=Cinepolis%20Cinemas&query_place_id=ChIJw4-SAAVFiz4RrJvH7oizRpg","4",,,
"Cinepolis Cinemas","https://www.google.com/maps/search/?api=1&query=Cinepolis%20Cinemas&query_place_id=ChIJw4-SAAVFiz4RrJvH7oizRpg","5",,,"جميل جدا"
"Cinepolis Cinemas","https://www.google.com/maps/search/?api=1&query=Cinepolis%20Cinemas&query_place_id=ChIJw4-SAAVFiz4RrJvH7oizRpg","5",,,
"Cinepolis Cinemas","https://www.google.com/maps/search/?api=1&query=Cinepolis%20Cinemas&query_place_id=ChIJw4-SAAVFiz4RrJvH7oizRpg","4",,,
"Cinepolis Cinemas","https://www.google.com/maps/search/?api=1&query=Cinepolis%20Cinemas&query_place_id=ChIJw4-SAAVFiz4RrJvH7oizRpg","4",,,"Lovely cinema with friendly staff and reclining chairs. Luckily I didn't fall asleep haha!"
"Cinepolis Cinemas","https://www.google.com/maps/search/?api=1&query=Cinepolis%20Cinemas&query_place_id=ChIJw4-SAAVFiz4RrJvH7oizRpg","4",,,
"Cinepolis Cinemas","https://www.google.com/maps/search/?api=1&query=Cinepolis%20Cinemas&query_place_id=ChIJw4-SAAVFiz4RrJvH7oizRpg","4",,,
"Cinepolis Cinemas","https://www.google.com/maps/search/?api=1&query=Cinepolis%20Cinemas&query_place_id=ChIJw4-SAAVFiz4RrJvH7oizRpg","5",,,"The reclining seats were amazing and comfortable"
"Cinepolis Cinemas","https://www.google.com/maps/search/?api=1&query=Cinepolis%20Cinemas&query_place_id=ChIJw4-SAAVFiz4RrJvH7oizRpg","5",,,"Best multiple in sohar"
"Cinepolis Cinemas","https://www.google.com/maps/search/?api=1&query=Cinepolis%20Cinemas&query_place_id=ChIJw4-SAAVFiz4RrJvH7oizRpg","5",,,
"Cinepolis Cinemas","https://www.google.com/maps/search/?api=1&query=Cinepolis%20Cinemas&query_place_id=ChIJw4-SAAVFiz4RrJvH7oizRpg","4",,,"Exciting experience"
"Cinepolis Cinemas","https://www.google.com/maps/search/?api=1&query=Cinepolis%20Cinemas&query_place_id=ChIJw4-SAAVFiz4RrJvH7oizRpg","4",,,"اسعار مناسبه ومناسب للعوائل بشكل اكبر"
"Cinepolis Cinemas","https://www.google.com/maps/search/?api=1&query=Cinepolis%20Cinemas&query_place_id=ChIJw4-SAAVFiz4RrJvH7oizRpg","4",,,"ممتاز"
"Cinepolis Cinemas","https://www.google.com/maps/search/?api=1&query=Cinepolis%20Cinemas&query_place_id=ChIJw4-SAAVFiz4RrJvH7oizRpg","5",,,
"Cinepolis Cinemas","https://www.google.com/maps/search/?api=1&query=Cinepolis%20Cinemas&query_place_id=ChIJw4-SAAVFiz4RrJvH7oizRpg","5",,,
"Cinepolis Cinemas","https://www.google.com/maps/search/?api=1&query=Cinepolis%20Cinemas&query_place_id=ChIJw4-SAAVFiz4RrJvH7oizRpg","4",,,
"Cinepolis Cinemas","https://www.google.com/maps/search/?api=1&query=Cinepolis%20Cinemas&query_place_id=ChIJw4-SAAVFiz4RrJvH7oizRpg","4",,,
"Cinepolis Cinemas","https://www.google.com/maps/search/?api=1&query=Cinepolis%20Cinemas&query_place_id=ChIJw4-SAAVFiz4RrJvH7oizRpg","5",,,
"Cinepolis Cinemas","https://www.google.com/maps/search/?api=1&query=Cinepolis%20Cinemas&query_place_id=ChIJw4-SAAVFiz4RrJvH7oizRpg","4",,,
"Cinepolis Cinemas","https://www.google.com/maps/search/?api=1&query=Cinepolis%20Cinemas&query_place_id=ChIJw4-SAAVFiz4RrJvH7oizRpg","4",,,
"Cinepolis Cinemas","https://www.google.com/maps/search/?api=1&query=Cinepolis%20Cinemas&query_place_id=ChIJw4-SAAVFiz4RrJvH7oizRpg","5",,,
"Cinepolis Cinemas","https://www.google.com/maps/search/?api=1&query=Cinepolis%20Cinemas&query_place_id=ChIJw4-SAAVFiz4RrJvH7oizRpg","5",,,
"Cinepolis Cinemas","https://www.google.com/maps/search/?api=1&query=Cinepolis%20Cinemas&query_place_id=ChIJw4-SAAVFiz4RrJvH7oizRpg","4",,,
"Cinepolis Cinemas","https://www.google.com/maps/search/?api=1&query=Cinepolis%20Cinemas&query_place_id=ChIJw4-SAAVFiz4RrJvH7oizRpg","3",,,"New cinema theatre , comfortable seats, nice atmosphere, but the service is very slow , seems that the employees didn't have proper training , also self ticket pickup system is always not working because of the payment via card ( visa or MasterCard) and because of this problem we always book through the cashier.
Another thing they don't have the usual small size for drinks or popcorn so you are forced to take the normal size."
"Cinepolis Cinemas","https://www.google.com/maps/search/?api=1&query=Cinepolis%20Cinemas&query_place_id=ChIJw4-SAAVFiz4RrJvH7oizRpg","5",,,"أفضل سينماء"
"Cinepolis Cinemas","https://www.google.com/maps/search/?api=1&query=Cinepolis%20Cinemas&query_place_id=ChIJw4-SAAVFiz4RrJvH7oizRpg","4",,,"مكان راقي"
"Cinepolis Cinemas","https://www.google.com/maps/search/?api=1&query=Cinepolis%20Cinemas&query_place_id=ChIJw4-SAAVFiz4RrJvH7oizRpg","5",,,"ممتازه من احسن الاماكن"
"Cinepolis Cinemas","https://www.google.com/maps/search/?api=1&query=Cinepolis%20Cinemas&query_place_id=ChIJw4-SAAVFiz4RrJvH7oizRpg","4",,,
"Cinepolis Cinemas","https://www.google.com/maps/search/?api=1&query=Cinepolis%20Cinemas&query_place_id=ChIJw4-SAAVFiz4RrJvH7oizRpg","3",,,
"Cinepolis Cinemas","https://www.google.com/maps/search/?api=1&query=Cinepolis%20Cinemas&query_place_id=ChIJw4-SAAVFiz4RrJvH7oizRpg","5",,,"Very nice"
"Cinepolis Cinemas","https://www.google.com/maps/search/?api=1&query=Cinepolis%20Cinemas&query_place_id=ChIJw4-SAAVFiz4RrJvH7oizRpg","5",,,
"Cinepolis Cinemas","https://www.google.com/maps/search/?api=1&query=Cinepolis%20Cinemas&query_place_id=ChIJw4-SAAVFiz4RrJvH7oizRpg","5",,,"لا يوجد ازدحام في الأوقات العادية"
"Cinepolis Cinemas","https://www.google.com/maps/search/?api=1&query=Cinepolis%20Cinemas&query_place_id=ChIJw4-SAAVFiz4RrJvH7oizRpg","4",,,
"Cinepolis Cinemas","https://www.google.com/maps/search/?api=1&query=Cinepolis%20Cinemas&query_place_id=ChIJw4-SAAVFiz4RrJvH7oizRpg","5",,,"روعه"
"Cinepolis Cinemas","https://www.google.com/maps/search/?api=1&query=Cinepolis%20Cinemas&query_place_id=ChIJw4-SAAVFiz4RrJvH7oizRpg","5",,,"Best theatre in the city with affordable price.  Always shukran offers. Wide parking and can be reach from any corner of the city."
"Cinepolis Cinemas","https://www.google.com/maps/search/?api=1&query=Cinepolis%20Cinemas&query_place_id=ChIJw4-SAAVFiz4RrJvH7oizRpg","4",,,
"Cinepolis Cinemas","https://www.google.com/maps/search/?api=1&query=Cinepolis%20Cinemas&query_place_id=ChIJw4-SAAVFiz4RrJvH7oizRpg","5",,,"Ideal for families"
"Cinepolis Cinemas","https://www.google.com/maps/search/?api=1&query=Cinepolis%20Cinemas&query_place_id=ChIJw4-SAAVFiz4RrJvH7oizRpg","3",,,"Very expensive. Not proper arrangements"
"Cinepolis Cinemas","https://www.google.com/maps/search/?api=1&query=Cinepolis%20Cinemas&query_place_id=ChIJw4-SAAVFiz4RrJvH7oizRpg","4",,,
"Cinepolis Cinemas","https://www.google.com/maps/search/?api=1&query=Cinepolis%20Cinemas&query_place_id=ChIJw4-SAAVFiz4RrJvH7oizRpg","5",,,
"Cinepolis Cinemas","https://www.google.com/maps/search/?api=1&query=Cinepolis%20Cinemas&query_place_id=ChIJw4-SAAVFiz4RrJvH7oizRpg","4",,,
"Cinepolis Cinemas","https://www.google.com/maps/search/?api=1&query=Cinepolis%20Cinemas&query_place_id=ChIJw4-SAAVFiz4RrJvH7oizRpg","4",,,
"Cinepolis Cinemas","https://www.google.com/maps/search/?api=1&query=Cinepolis%20Cinemas&query_place_id=ChIJw4-SAAVFiz4RrJvH7oizRpg","5",,,
"Cinepolis Cinemas","https://www.google.com/maps/search/?api=1&query=Cinepolis%20Cinemas&query_place_id=ChIJw4-SAAVFiz4RrJvH7oizRpg","4",,,
"Cinepolis Cinemas","https://www.google.com/maps/search/?api=1&query=Cinepolis%20Cinemas&query_place_id=ChIJw4-SAAVFiz4RrJvH7oizRpg","5",,,"This cinema is the BEST cinema in Sohar, I absolutely loved it. It feels incredibly luxurious the seats are amazing they recline and there's a side table as well as a little lamp! It's super clean and well maintained their snacks are delicious and their customer service is EXCELLENT everything and MORE you could ever want from a cinema! Love it will keep coming back"
"Cinepolis Cinemas","https://www.google.com/maps/search/?api=1&query=Cinepolis%20Cinemas&query_place_id=ChIJw4-SAAVFiz4RrJvH7oizRpg","3",,,
"Cinepolis Cinemas","https://www.google.com/maps/search/?api=1&query=Cinepolis%20Cinemas&query_place_id=ChIJw4-SAAVFiz4RrJvH7oizRpg","3",,,
"Cinepolis Cinemas","https://www.google.com/maps/search/?api=1&query=Cinepolis%20Cinemas&query_place_id=ChIJw4-SAAVFiz4RrJvH7oizRpg","3",,,
"Cinepolis Cinemas","https://www.google.com/maps/search/?api=1&query=Cinepolis%20Cinemas&query_place_id=ChIJw4-SAAVFiz4RrJvH7oizRpg","3",,,
"Cinepolis Cinemas","https://www.google.com/maps/search/?api=1&query=Cinepolis%20Cinemas&query_place_id=ChIJw4-SAAVFiz4RrJvH7oizRpg","3",,,"Good"
"Cinepolis Cinemas","https://www.google.com/maps/search/?api=1&query=Cinepolis%20Cinemas&query_place_id=ChIJw4-SAAVFiz4RrJvH7oizRpg","5",,,
"Cinepolis Cinemas","https://www.google.com/maps/search/?api=1&query=Cinepolis%20Cinemas&query_place_id=ChIJw4-SAAVFiz4RrJvH7oizRpg","4",,,"Nice place silent area big parking area"
"Cinepolis Cinemas","https://www.google.com/maps/search/?api=1&query=Cinepolis%20Cinemas&query_place_id=ChIJw4-SAAVFiz4RrJvH7oizRpg","5",,,
"Cinepolis Cinemas","https://www.google.com/maps/search/?api=1&query=Cinepolis%20Cinemas&query_place_id=ChIJw4-SAAVFiz4RrJvH7oizRpg","5",,,
"Cinepolis Cinemas","https://www.google.com/maps/search/?api=1&query=Cinepolis%20Cinemas&query_place_id=ChIJw4-SAAVFiz4RrJvH7oizRpg","4",,,
"Cinepolis Cinemas","https://www.google.com/maps/search/?api=1&query=Cinepolis%20Cinemas&query_place_id=ChIJw4-SAAVFiz4RrJvH7oizRpg","3",,,"للأسف هناك مفاجأه في هذا المكان على الزوار الانتباه له وهو أسعار مياه الشرب التي تعتبر خياليه، إذ تبلغ عبوة المياه الصغيرة 700 مية بيسه وهو سعر خيالي إذ أن العبوة خارج هذا المكان هو ١٠٠ بيسه، ولن تستطيع إدخال اي مأكولات أو مشروبات من الخارج وانت ملزم بشراء هذه الأشياء من عندهم، واسعارهم مبالغ فيها"
"Cinepolis Cinemas","https://www.google.com/maps/search/?api=1&query=Cinepolis%20Cinemas&query_place_id=ChIJw4-SAAVFiz4RrJvH7oizRpg","5",,,"افضل سينما في صحار"
"Cinepolis Cinemas","https://www.google.com/maps/search/?api=1&query=Cinepolis%20Cinemas&query_place_id=ChIJw4-SAAVFiz4RrJvH7oizRpg","3",,,
"Cinepolis Cinemas","https://www.google.com/maps/search/?api=1&query=Cinepolis%20Cinemas&query_place_id=ChIJw4-SAAVFiz4RrJvH7oizRpg","2",,,
"Cinepolis Cinemas","https://www.google.com/maps/search/?api=1&query=Cinepolis%20Cinemas&query_place_id=ChIJw4-SAAVFiz4RrJvH7oizRpg","5",,,"Super with bigil"
"Cinepolis Cinemas","https://www.google.com/maps/search/?api=1&query=Cinepolis%20Cinemas&query_place_id=ChIJw4-SAAVFiz4RrJvH7oizRpg","4",,,
"Cinepolis Cinemas","https://www.google.com/maps/search/?api=1&query=Cinepolis%20Cinemas&query_place_id=ChIJw4-SAAVFiz4RrJvH7oizRpg","5",,,
"Cinepolis Cinemas","https://www.google.com/maps/search/?api=1&query=Cinepolis%20Cinemas&query_place_id=ChIJw4-SAAVFiz4RrJvH7oizRpg","4",,,
"Cinepolis Cinemas","https://www.google.com/maps/search/?api=1&query=Cinepolis%20Cinemas&query_place_id=ChIJw4-SAAVFiz4RrJvH7oizRpg","4",,,
"Cinepolis Cinemas","https://www.google.com/maps/search/?api=1&query=Cinepolis%20Cinemas&query_place_id=ChIJw4-SAAVFiz4RrJvH7oizRpg","4",,,"كل شي موجود هناك"
"Cinepolis Cinemas","https://www.google.com/maps/search/?api=1&query=Cinepolis%20Cinemas&query_place_id=ChIJw4-SAAVFiz4RrJvH7oizRpg","1",,,
"Cinepolis Cinemas","https://www.google.com/maps/search/?api=1&query=Cinepolis%20Cinemas&query_place_id=ChIJw4-SAAVFiz4RrJvH7oizRpg","2",,,"Great"
"Cinepolis Cinemas","https://www.google.com/maps/search/?api=1&query=Cinepolis%20Cinemas&query_place_id=ChIJw4-SAAVFiz4RrJvH7oizRpg","4",,,
"Cinepolis Cinemas","https://www.google.com/maps/search/?api=1&query=Cinepolis%20Cinemas&query_place_id=ChIJw4-SAAVFiz4RrJvH7oizRpg","5",,,
"Cinepolis Cinemas","https://www.google.com/maps/search/?api=1&query=Cinepolis%20Cinemas&query_place_id=ChIJw4-SAAVFiz4RrJvH7oizRpg","5",,,"السينما ممتازه جدا و راقيه والاسعار متوسطه"
"Cinepolis Cinemas","https://www.google.com/maps/search/?api=1&query=Cinepolis%20Cinemas&query_place_id=ChIJw4-SAAVFiz4RrJvH7oizRpg","5",,,
"Cinepolis Cinemas","https://www.google.com/maps/search/?api=1&query=Cinepolis%20Cinemas&query_place_id=ChIJw4-SAAVFiz4RrJvH7oizRpg","5",,,"مكان جميل وغير مزدحم خدمه ممتازه واسعار في المتناول"
"Cinepolis Cinemas","https://www.google.com/maps/search/?api=1&query=Cinepolis%20Cinemas&query_place_id=ChIJw4-SAAVFiz4RrJvH7oizRpg","5",,,
"Cinepolis Cinemas","https://www.google.com/maps/search/?api=1&query=Cinepolis%20Cinemas&query_place_id=ChIJw4-SAAVFiz4RrJvH7oizRpg","5",,,"مكان جميل"
"Cinepolis Cinemas","https://www.google.com/maps/search/?api=1&query=Cinepolis%20Cinemas&query_place_id=ChIJw4-SAAVFiz4RrJvH7oizRpg","4",,,
"Cinepolis Cinemas","https://www.google.com/maps/search/?api=1&query=Cinepolis%20Cinemas&query_place_id=ChIJw4-SAAVFiz4RrJvH7oizRpg","5",,,"سينما حميله وهادية وقاعة سينما الاطفال مميزة والوحيدة في عمان"
"Cinepolis Cinemas","https://www.google.com/maps/search/?api=1&query=Cinepolis%20Cinemas&query_place_id=ChIJw4-SAAVFiz4RrJvH7oizRpg","1",,,
"Cinepolis Cinemas","https://www.google.com/maps/search/?api=1&query=Cinepolis%20Cinemas&query_place_id=ChIJw4-SAAVFiz4RrJvH7oizRpg","5",,,"Super VIP chairs, and sound system is realy amazing super quality, valuable place"
"Cinepolis Cinemas","https://www.google.com/maps/search/?api=1&query=Cinepolis%20Cinemas&query_place_id=ChIJw4-SAAVFiz4RrJvH7oizRpg","5",,,"جميل وابداع في عالم السينما"
"Cinepolis Cinemas","https://www.google.com/maps/search/?api=1&query=Cinepolis%20Cinemas&query_place_id=ChIJw4-SAAVFiz4RrJvH7oizRpg","5",,,"Clean. Comfortable chairs."
"Cinepolis Cinemas","https://www.google.com/maps/search/?api=1&query=Cinepolis%20Cinemas&query_place_id=ChIJw4-SAAVFiz4RrJvH7oizRpg","4",,,
"Cinepolis Cinemas","https://www.google.com/maps/search/?api=1&query=Cinepolis%20Cinemas&query_place_id=ChIJw4-SAAVFiz4RrJvH7oizRpg","5",,,
"Cinepolis Cinemas","https://www.google.com/maps/search/?api=1&query=Cinepolis%20Cinemas&query_place_id=ChIJw4-SAAVFiz4RrJvH7oizRpg","4",,,
"Cinepolis Cinemas","https://www.google.com/maps/search/?api=1&query=Cinepolis%20Cinemas&query_place_id=ChIJw4-SAAVFiz4RrJvH7oizRpg","5",,,"Good"
"Cinepolis Cinemas","https://www.google.com/maps/search/?api=1&query=Cinepolis%20Cinemas&query_place_id=ChIJw4-SAAVFiz4RrJvH7oizRpg","5",,,"Great offer s"
"Cinepolis Cinemas","https://www.google.com/maps/search/?api=1&query=Cinepolis%20Cinemas&query_place_id=ChIJw4-SAAVFiz4RrJvH7oizRpg","4",,,"المكان جميل ورائع ولكن هناك تأخير في عرض الافلام نوعا ما"
"Cinepolis Cinemas","https://www.google.com/maps/search/?api=1&query=Cinepolis%20Cinemas&query_place_id=ChIJw4-SAAVFiz4RrJvH7oizRpg","5",,,"ممتازة جدا .. والمكان كان هادي"
"Cinepolis Cinemas","https://www.google.com/maps/search/?api=1&query=Cinepolis%20Cinemas&query_place_id=ChIJw4-SAAVFiz4RrJvH7oizRpg","4",,,"قاعات وكراسي جميلة لمشاهدة ممتعه"
"Cinepolis Cinemas","https://www.google.com/maps/search/?api=1&query=Cinepolis%20Cinemas&query_place_id=ChIJw4-SAAVFiz4RrJvH7oizRpg","3",,,"جيد"
"Cinepolis Cinemas","https://www.google.com/maps/search/?api=1&query=Cinepolis%20Cinemas&query_place_id=ChIJw4-SAAVFiz4RrJvH7oizRpg","4",,,
"Cinepolis Cinemas","https://www.google.com/maps/search/?api=1&query=Cinepolis%20Cinemas&query_place_id=ChIJw4-SAAVFiz4RrJvH7oizRpg","5",,,"Very good ambience with seating options and variety of movies to select and enjoy the digital dolby sound"
"Cinepolis Cinemas","https://www.google.com/maps/search/?api=1&query=Cinepolis%20Cinemas&query_place_id=ChIJw4-SAAVFiz4RrJvH7oizRpg","4",,,"expinsive snaks, good screen and sound"
"Cinepolis Cinemas","https://www.google.com/maps/search/?api=1&query=Cinepolis%20Cinemas&query_place_id=ChIJw4-SAAVFiz4RrJvH7oizRpg","4",,,"Very nice"
"Cinepolis Cinemas","https://www.google.com/maps/search/?api=1&query=Cinepolis%20Cinemas&query_place_id=ChIJw4-SAAVFiz4RrJvH7oizRpg","5",,,
"Cinepolis Cinemas","https://www.google.com/maps/search/?api=1&query=Cinepolis%20Cinemas&query_place_id=ChIJw4-SAAVFiz4RrJvH7oizRpg","5",,,"Good for movies. Good seating arrangement and sound system as well"
"Cinepolis Cinemas","https://www.google.com/maps/search/?api=1&query=Cinepolis%20Cinemas&query_place_id=ChIJw4-SAAVFiz4RrJvH7oizRpg","5",,,"مميز"
"Cinepolis Cinemas","https://www.google.com/maps/search/?api=1&query=Cinepolis%20Cinemas&query_place_id=ChIJw4-SAAVFiz4RrJvH7oizRpg","4",,,"Like"
"Cinepolis Cinemas","https://www.google.com/maps/search/?api=1&query=Cinepolis%20Cinemas&query_place_id=ChIJw4-SAAVFiz4RrJvH7oizRpg","4",,,
"Cinepolis Cinemas","https://www.google.com/maps/search/?api=1&query=Cinepolis%20Cinemas&query_place_id=ChIJw4-SAAVFiz4RrJvH7oizRpg","4",,,
"Cinepolis Cinemas","https://www.google.com/maps/search/?api=1&query=Cinepolis%20Cinemas&query_place_id=ChIJw4-SAAVFiz4RrJvH7oizRpg","4",,,"First branch in Oman, Oasis Mall in Sohar. I guess this is the best cinema in Oman till now from my opinion. Start with the first time in Oman lunch kids theater provide area for game before start the move and get break in the middle for food and play. Also i try the VIP chair in the meddle of the theater, too comfortable and have little bit privacy form the neighbor chair and the price is 4.5 OMR. You can order the food and will deliver to your seat. The negative point i see is the menu of food not enough. I order panini sandwiches but i don't like it also the bread not tasty, and the don't provide any othe sandwich!."
"Cinepolis Cinemas","https://www.google.com/maps/search/?api=1&query=Cinepolis%20Cinemas&query_place_id=ChIJw4-SAAVFiz4RrJvH7oizRpg","5",,,"جميييل"
"Cinepolis Cinemas","https://www.google.com/maps/search/?api=1&query=Cinepolis%20Cinemas&query_place_id=ChIJw4-SAAVFiz4RrJvH7oizRpg","4",,,"متعه"
"Cinepolis Cinemas","https://www.google.com/maps/search/?api=1&query=Cinepolis%20Cinemas&query_place_id=ChIJw4-SAAVFiz4RrJvH7oizRpg","4",,,
"Cinepolis Cinemas","https://www.google.com/maps/search/?api=1&query=Cinepolis%20Cinemas&query_place_id=ChIJw4-SAAVFiz4RrJvH7oizRpg","4",,,"Nice"
"Cinepolis Cinemas","https://www.google.com/maps/search/?api=1&query=Cinepolis%20Cinemas&query_place_id=ChIJw4-SAAVFiz4RrJvH7oizRpg","5",,,"رائع"
"Cinepolis Cinemas","https://www.google.com/maps/search/?api=1&query=Cinepolis%20Cinemas&query_place_id=ChIJw4-SAAVFiz4RrJvH7oizRpg","5",,,"Well controlled well regulated nice place to be.
Number of a screens and choices. Not crowded. Easy to get a ticket and seat of choice. Well mannered staff.  Good food counters and clean washroom facilities"
"Cinepolis Cinemas","https://www.google.com/maps/search/?api=1&query=Cinepolis%20Cinemas&query_place_id=ChIJw4-SAAVFiz4RrJvH7oizRpg","5",,,"Recliner seats is very nice.. prices is good"
"Cinepolis Cinemas","https://www.google.com/maps/search/?api=1&query=Cinepolis%20Cinemas&query_place_id=ChIJw4-SAAVFiz4RrJvH7oizRpg","1",,,"Was in a show today which was cancelled yesterday!! Response from staff leaves much to be desired"
"Cinepolis Cinemas","https://www.google.com/maps/search/?api=1&query=Cinepolis%20Cinemas&query_place_id=ChIJw4-SAAVFiz4RrJvH7oizRpg","5",,,"Newly opened Cenepolis theatres for cinema lovers in Sohar."
"Cinepolis Cinemas","https://www.google.com/maps/search/?api=1&query=Cinepolis%20Cinemas&query_place_id=ChIJw4-SAAVFiz4RrJvH7oizRpg","5",,,
"Cinepolis Cinemas","https://www.google.com/maps/search/?api=1&query=Cinepolis%20Cinemas&query_place_id=ChIJw4-SAAVFiz4RrJvH7oizRpg","3",,,
